,scheme,background,DCRE_total,DCRE_CF,DCRE_A,DCRE_A_Nc,DCRE_A_LWP,DCRE_A_re,DCRE_A_cov,DCRE_sfc,DCRE_lw_toa,DCRE_lw_sfc,frac_Nc,frac_LWP,frac_re,frac_cov,R_Nc,R_LWP,R_tau,R_re,n_any_pix,n_both_pix,pair,Nd,LWP,CF
2017-07-15 09:04:00,ML,org,1.556673526763916,-0.011276707984507,1.5635297298431396,1.6741797924041748,-0.0002590324147604,-0.1164468601346015,0.0060561499558389,1.851218581199646,-0.0136106060817837,-0.337518036365509,1.0707691895752318,-0.0001656715736649,-0.0744769010276963,0.0038733830261294,2.185429354630474,0.999939520038417,1.2755535973161616,0.7846652736723831,74334,73703,org_3aer-org,251.45934842071887,19.544593746768236,0.24672309560850458
2017-07-15 09:06:00,ML,org,5.717046737670898,-0.006647465750575,5.705117225646973,6.069958209991455,-0.023152245208621,-0.3537205755710602,0.0120323272421956,6.302073955535889,-0.0257267393171787,-0.5412812232971191,1.06394969809976,-0.0040581539819596,-0.0620005852497773,0.0021090411319769,2.13726103750161,0.9985525449959468,1.2686555478445494,0.7874901967301392,74396,73663,org_3aer-org,204.22272268893192,20.46289910469043,0.2468527388847949
2017-07-15 09:08:00,ML,org,6.947990894317627,-0.0142313810065388,6.937476634979248,7.648131847381592,-0.0586449243128299,-0.6989959478378296,0.0469854958355426,7.611125946044922,-0.0345486737787723,-0.6889629364013672,1.102437131534574,-0.008453347351139,-0.1007564905730811,0.0067727063896462,2.170937799293972,0.9970325006518788,1.2641215558346923,0.7899686640368448,74883,74083,org_3aer-org,172.83855327129555,21.363119502359243,0.24842551652610606
2017-07-15 09:10:00,ML,org,4.705869674682617,0.0110050197690725,4.70084810256958,5.147997856140137,-0.061973001807928,-0.4077009260654449,0.0225237645208835,5.224571228027344,-0.0328277312219142,-0.6522384285926819,1.0951211631677993,-0.0131833678292083,-0.0867292213688412,0.0047914260302503,2.1216352439427357,0.9954827166266136,1.2572803835161233,0.7926436895330915,75293,74398,org_3aer-org,151.02645116607493,22.32729885516092,0.24943536941510414
2017-07-15 09:12:00,ML,org,1.6809498071670532,0.0145793687552213,1.665220022201538,1.86178457736969,-0.0171202216297388,-0.183777630329132,0.0043327272869646,2.035388231277466,-0.0258891899138689,-0.5422551035881042,1.1180415358416098,-0.0102810581713543,-0.1103623726494179,0.0026018949791624,2.1362436829219864,0.9965161288795,1.2539557571272295,0.7951660668157027,75479,74481,org_3aer-org,134.76752409678485,23.321231993567377,0.24986353339337863
2017-07-15 09:14:00,ML,org,-0.9284964203834534,0.0065027335658669,-0.9374811053276062,-1.0445739030838013,0.0064711063168942,0.1039611771702766,-0.0033398829400539,-0.7100399136543274,-0.0183249562978744,-0.4267689883708954,1.1142341869228265,-0.006902651051877,-0.1108941498165101,0.0035626139455608,2.119536804827213,0.99767588048817,1.2519816496157612,0.7975156486006482,75726,74662,org_3aer-org,122.9380413816241,24.218750729679975,0.25087679794754225
2017-07-15 09:16:00,ML,org,-3.1863107681274414,0.003664682386443,-3.2025725841522217,-3.5093626976013184,-0.0009474134421907,0.3169162273406982,-0.0091783804818987,-3.073187828063965,-0.0099094863981008,-0.3072573840618133,1.0957950131799492,0.0002958288808558,-0.0989567825082539,0.0028659404474488,2.093535428544098,1.0000997382343946,1.252015174861348,0.7993067199161741,76360,75172,org_3aer-org,114.0283746413605,24.958221097670858,0.2527958596031551
2017-07-15 09:18:00,ML,org,-5.0045671463012695,-0.0183968413621187,-5.029619693756104,-5.526678562164307,-0.0760135799646377,0.605261504650116,-0.0321898534893989,-4.981080532073975,-0.0020519902464002,-0.1945704817771911,1.0988261869566047,0.0151131866883951,-0.1203394306516585,0.0064000570066586,2.136433667797996,1.0052342187164989,1.2589619560076992,0.7996404292372838,76978,75747,org_3aer-org,107.18818032616568,25.53009861963605,0.254992971969759
2017-07-15 09:20:00,ML,org,-6.587726593017578,-0.0120756365358829,-6.627708435058594,-7.312128067016602,-0.2145829200744629,0.906446933746338,-0.0074429404921829,-6.644001007080078,0.0048986780457198,-0.0963781923055648,1.1032666227444048,0.0323766447671967,-0.1367662711593512,0.0011230036477496,2.1609047617954475,1.011370160901306,1.2621311621577536,0.8015289024861503,77426,76087,org_3aer-org,102.24027182719163,26.039801316293186,0.25624846475067553
2017-07-15 09:22:00,ML,org,-7.80910062789917,-0.0350232273340225,-7.830524444580078,-8.767290115356445,-0.292086660861969,1.2659693956375122,-0.0371177718043327,-7.9289703369140625,0.0104878237470984,-0.0171883292496204,1.1196298958003037,0.0373010312628647,-0.1616710655558101,0.0047401384926416,2.2038276808603405,1.0132498951005682,1.2652314030692446,0.8017351132972277,77970,76481,org_3aer-org,97.93487683105374,26.353570138527907,0.2580600589535741
2017-07-15 09:24:00,ML,org,-8.722243309020996,-0.0297039896249771,-8.751063346862793,-9.595134735107422,-0.4421554505825043,1.3729207515716553,-0.0866968780755996,-8.892709732055664,0.0156339667737483,0.0524417459964752,1.0964532461747545,0.0505258998471755,-0.1568861546635134,0.0099070086415836,2.198876180993317,1.0183205641167503,1.270669598197215,0.8033088047529319,78843,77314,org_3aer-org,93.91017356481514,26.46088393825867,0.2608576243893119
2017-07-15 09:26:00,ML,org,-9.693724632263184,-0.0190171506255865,-9.704471588134766,-10.626352310180664,-0.5609444379806519,1.5995367765426636,-0.1167120710015297,-9.921222686767578,0.0212789177894592,0.1281448006629943,1.0949954021451271,0.0578026672543614,-0.164824694705856,0.0120266253063673,2.207915135579706,1.0211253988375837,1.2726632163871554,0.8046832044027921,79457,77914,org_3aer-org,90.64908444802292,26.564180965344384,0.2630376784300882
2017-07-15 09:28:00,ML,org,-10.537137031555176,-0.0420205295085907,-10.514776229858398,-11.672504425048828,-0.7543818950653076,1.970596194267273,-0.0584866292774677,-10.813972473144531,0.0259911101311445,0.188028410077095,1.1101048342855284,0.0717449218864881,-0.1874120846130173,0.0055623284410008,2.237705289130624,1.0263694071185736,1.2736086273035696,0.8069598944329147,80198,78489,org_3aer-org,88.02084224936506,26.667579286486976,0.265183615819209
2017-07-15 09:30:00,ML,org,-11.351839065551758,-0.0682278797030448,-11.321768760681152,-12.593076705932615,-0.959360122680664,2.297685146331787,-0.0670167580246925,-11.68048095703125,0.0314250960946083,0.2603738307952881,1.1122888516416902,0.0847358948010399,-0.2029440297432407,0.0059192833005106,2.2751883723281803,1.0318084230892988,1.2793571485409252,0.8076823332990491,81141,79293,org_3aer-org,85.6034589614137,26.680052722846114,0.26805453205600593
2017-07-15 09:32:00,ML,org,-11.404987335205078,-0.0661190077662468,-11.382994651794434,-12.498230934143066,-1.0551233291625977,2.291068315505981,-0.120706170797348,-11.757061004638672,0.0302170477807521,0.2633914947509765,1.0979741043794853,0.0926929390208582,-0.2012711225774682,0.0106040791771247,2.289363776266648,1.0355805472982658,1.285895313296028,0.8074884060382678,81863,79873,org_3aer-org,83.90154548949158,26.70616211022263,0.2703420535494965
2017-07-15 09:34:00,ML,org,-11.705324172973633,-0.0696500316262245,-11.667535781860352,-12.892369270324709,-1.2017298936843872,2.528132438659668,-0.1015691831707954,-12.079374313354492,0.0328421294689178,0.2954585254192352,1.1049778776191257,0.1029977485185433,-0.216680907929927,0.0087052817922579,2.3338919048336826,1.0402910510808343,1.2913296898638005,0.8073918027551237,82696,80669,org_3aer-org,82.16463719729973,26.667660559407913,0.2729383307404678
2017-07-15 09:36:00,ML,org,-12.25113010406494,-0.0854836478829383,-12.212677001953123,-13.4767427444458,-1.394019603729248,2.7695703506469727,-0.1114822030067443,-12.663891792297363,0.036440085619688,0.3408358991146087,1.1035046092748635,0.114145297927995,-0.2267783071319781,0.0091283999291195,2.3689387645804647,1.0456147896527366,1.29759957555645,0.8077255415574198,83408,81262,org_3aer-org,80.65284413651978,26.64681277149737,0.2751542072654821
2017-07-15 09:38:00,ML,org,-12.61546230316162,-0.1153948903083801,-12.593936920166016,-13.900256156921388,-1.5159317255020142,2.990862846374512,-0.168612465262413,-13.057249069213867,0.0394514203071594,0.3796020448207855,1.1037260254643253,0.1203699460661917,-0.2374843568816733,0.0133883853511563,2.3868807036499837,1.0485827176992109,1.300491863153832,0.8091383273236384,83966,81593,org_3aer-org,79.54726964454392,26.67953836139195,0.276619517454079
2017-07-15 09:40:00,ML,org,-12.777836799621582,-0.1234194561839103,-12.75498390197754,-14.078842163085938,-1.6533228158950806,3.1642308235168457,-0.1870499700307846,-13.234294891357422,0.0405033901333808,0.3883761465549469,1.1037913982454557,0.1296217165742572,-0.2480779660550794,0.0146648512353665,2.417407907973672,1.0531955080571254,1.3054722023881684,0.8099143324846699,84590,82129,org_3aer-org,78.31088923706392,26.655020715577116,0.278325350036846
2017-07-15 09:42:00,ML,org,-13.008672714233398,-0.1419374793767929,-12.966120719909668,-14.254721641540527,-1.795285701751709,3.228177070617676,-0.1442909985780716,-13.486368179321287,0.0422162599861621,0.4062993824481964,1.0993821422258727,0.1384597408101511,-0.2489701926121446,0.0111283095761207,2.4376759198613334,1.0577146073252712,1.310181154615002,0.8097348913317127,85196,82659,org_3aer-org,76.57221360617007,26.59352017753477,0.2804081716204045
2017-07-15 09:44:00,ML,org,-13.307332992553713,-0.1346595734357834,-13.271162033081056,-14.517443656921388,-1.8653000593185425,3.255867719650269,-0.1442870944738388,-13.811297416687012,0.044126134365797,0.4233158528804779,1.093908882050035,0.1405528731682252,-0.2453339821956951,0.0108722269774352,2.4454552928297515,1.059130691293266,1.3132277757450137,0.8089023801579827,85856,83217,org_3aer-org,75.36047254694587,26.574787094153216,0.28240058407707636
2017-07-15 09:46:00,ML,org,-13.60281467437744,-0.1438582986593246,-13.568098068237305,-14.830427169799805,-1.99104642868042,3.4556829929351807,-0.2023078352212906,-14.131658554077148,0.0463265590369701,0.4433484673500061,1.0930365341609425,0.1467447029092316,-0.2546917871843374,0.0149105501141633,2.481304251729484,1.0629032071384348,1.3193558530848954,0.8089588531737908,86229,83460,org_3aer-org,74.28991269824682,26.727289131980392,0.2829788613226344
2017-07-15 09:48:00,ML,org,-13.905424118041992,-0.1215545609593391,-13.85544204711914,-14.831368446350098,-2.0386033058166504,3.1458237171173096,-0.1312903612852096,-14.461359977722168,0.0483825542032718,0.4635687172412872,1.070436597076539,0.1471337856339371,-0.2270461101660332,0.0094757274555571,2.4181079924239164,1.062563209105034,1.3164795203928246,0.8092304246992892,86429,83598,org_3aer-org,74.03555479273163,26.8386140390379,0.28383689511176613
2017-07-15 09:50:00,ML,org,-14.223304748535156,-0.1535922139883041,-14.176920890808104,-15.41995334625244,-2.2407515048980717,3.655518054962158,-0.171733096241951,-14.808548927307127,0.0511554069817066,0.4937195777893066,1.0876801105677494,0.1580562946102014,-0.257849972456237,0.0121135672782861,2.4957855550227954,1.068710552910137,1.3235159917458008,0.8102247014273655,86724,83817,org_3aer-org,73.84874030705294,26.936448246226938,0.2848109255165261
2017-07-15 09:52:00,ML,org,-14.738336563110352,-0.1574815809726715,-14.703664779663086,-15.78463649749756,-2.4050185680389404,3.683879852294922,-0.1978915333747863,-15.365275382995604,0.0546848885715007,0.5322058796882629,1.0735170219792811,0.1635659308224425,-0.2505416081125406,0.0134586553108169,2.487743312781625,1.0718977696664345,1.327088698654861,0.8107883215453774,87520,84510,org_3aer-org,73.4764497829612,26.89716531102248,0.2873116760828625
2017-07-15 09:54:00,ML,org,-15.267305374145508,-0.1429509222507476,-15.209251403808594,-16.050506591796875,-2.5742037296295166,3.600504159927368,-0.1850465983152389,-15.941593170166016,0.0592741481959819,0.5824543833732605,1.0553120233254132,0.169252465209024,-0.2367312038143542,0.012166715279917,2.4594041192499816,1.0748328502722209,1.3287658211864144,0.8116979421514817,88310,85131,org_3aer-org,72.61910010856408,26.86614760008898,0.28955314009661837
2017-07-15 09:56:00,ML,org,-15.59445095062256,-0.2138469666242599,-15.543225288391112,-16.508390426635742,-2.746495723724365,3.86566162109375,-0.1540020257234573,-16.304656982421875,0.062705174088478,0.6239906549453735,1.0620953925563188,0.1767004832855644,-0.2487038605365309,0.0099079846946477,2.5056084435010333,1.0794027829028503,1.334126209921179,0.8113851710910054,89172,85958,org_3aer-org,71.55338954076502,26.7433460273945,0.2926151095826851
2017-07-15 09:58:00,ML,org,-16.099838256835938,-0.1997494101524353,-16.029788970947266,-16.7901611328125,-2.975735902786255,3.8697469234466553,-0.1336348801851272,-16.858463287353516,0.0665826573967933,0.6723599433898926,1.0474352156212103,0.1856379235622711,-0.2414098017220367,0.0083366625385552,2.4848573627323893,1.0840013528976848,1.335979559381326,0.8133524166237449,89854,86486,org_3aer-org,70.67612506046294,26.68214533641733,0.29466040284942274
2017-07-15 10:00:00,ML,org,-16.4461669921875,-0.2186491191387176,-16.388042449951172,-16.94727897644043,-3.20453143119812,3.9563024044036874,-0.1925388425588607,-17.24728012084961,0.0702044069766998,0.7176588773727417,1.0341244513966168,0.1955407795069697,-0.241413969816521,0.0117487389129344,2.5073758285511287,1.0907967907312504,1.3448750733604673,0.8139050776162289,90647,86926,org_3aer-org,69.50741139134357,26.62912450727529,0.2965624061792079
2017-07-15 10:02:00,ML,org,-16.730459213256836,-0.2451824396848678,-16.652647018432617,-17.532499313354492,-3.3777554035186768,4.463638782501221,-0.2060342282056808,-17.583446502685547,0.0734598115086555,0.7582516074180603,1.0528353570836144,0.2028359587608151,-0.2680437746230656,0.012372458778636,2.6037075733254835,1.096562388396889,1.3538754912972966,0.8129850728515983,91328,87351,org_3aer-org,68.8902289578018,26.592099846206793,0.29838594121018586
2017-07-15 10:04:00,ML,org,-17.545215606689453,-0.2694376409053802,-17.436567306518555,-18.365766525268555,-3.6478946208953857,4.741183757781982,-0.1640890687704086,-18.448713302612305,0.0788087248802185,0.8192906379699707,1.0532903785655838,0.2092094717916014,-0.2719104825357936,0.0094106321786083,2.638429802798104,1.101145766430809,1.359385506191954,0.8123758731196584,92021,87942,org_3aer-org,68.20552284782411,26.562905808266077,0.3004448811375856
2017-07-15 10:06:00,ML,org,-18.036623001098636,-0.285327136516571,-17.927614212036133,-18.311710357666016,-3.8394217491149902,4.42349100112915,-0.1999786496162414,-18.986534118652344,0.0825848430395126,0.85652095079422,1.0214245719225008,0.214162406779398,-0.2467417616851386,0.0111547829832398,2.605128908833322,1.105588520171007,1.366791829993898,0.8117174399155607,92996,88765,org_3aer-org,67.16053249430128,26.44180839653833,0.30371155053358445
2017-07-15 10:08:00,ML,org,-18.4858512878418,-0.3318568766117096,-18.377666473388672,-18.841968536376957,-4.037051200866699,4.716921329498291,-0.215570792555809,-19.483741760253903,0.0872019007802009,0.9088079929351808,1.0252643247714153,0.2196715883308912,-0.2566659524285293,0.0117300393262227,2.6397467344348176,1.1095877341984772,1.371065093399343,0.812290304950883,93777,89548,org_3aer-org,66.00615723481347,26.354848308390764,0.3066131717568711
2017-07-15 10:10:00,ML,org,-19.05977249145508,-0.3440772593021393,-18.924406051635746,-19.39579963684082,-4.249213218688965,4.941201210021973,-0.220595508813858,-20.1167049407959,0.0911433920264244,0.9533330798149108,1.0249092791675976,0.2245361150984522,-0.2611020622752527,0.0116566680092029,2.667237941111257,1.1134496813935963,1.3758431771535826,0.8123008597674242,94537,90110,org_3aer-org,64.92065388971315,26.3390946082462,0.3086499358606949
2017-07-15 10:12:00,ML,org,-19.812253952026367,-0.3124418556690216,-19.69840431213379,-19.951171875,-4.554512977600098,4.995009422302246,-0.1877325773239135,-20.937349319458008,0.09559977799654,0.9998475313186646,1.0128316691571293,0.2312122367551722,-0.2535742481392224,0.0095303422269208,2.669880380101893,1.118614413674783,1.381538032152139,0.812185575195873,94843,90290,org_3aer-org,64.10670125494784,26.399048745116367,0.3096632004148585
2017-07-15 10:14:00,ML,org,-20.514820098876957,-0.3299645185470581,-20.33454132080078,-20.4610652923584,-4.850647926330566,5.211804389953613,-0.2346332818269729,-21.708131790161133,0.1018098592758178,1.069727897644043,1.0062220497123138,0.238542282163341,-0.256302989660491,0.0115386577848362,2.6841554638739678,1.1241599907315296,1.3869219895072695,0.8136079441508025,94878,90254,org_3aer-org,63.90753202966052,26.542552850009308,0.30935615054996046
2017-07-15 10:16:00,ML,org,-21.13915061950684,-0.3992877602577209,-20.951059341430664,-20.86699867248535,-5.264100551605225,5.399474143981934,-0.2194308191537857,-22.394750595092773,0.1068603917956352,1.1225450038909912,0.9959879044790964,0.2512570411759361,-0.2577184408278222,0.0104734951727897,2.699845100729013,1.1334614302072212,1.3943082506454405,0.815755274092194,95069,90159,org_3aer-org,63.780243788786834,26.614495257858653,0.3097519037091624
2017-07-15 10:18:00,ML,org,-21.547252655029297,-0.4361638724803924,-21.338680267333984,-20.940120697021484,-5.3822021484375,5.199280738830566,-0.2156402766704559,-22.845264434814453,0.1099352240562439,1.1481908559799194,0.98132212699806,0.2522275415653692,-0.2436552748841178,0.0101056063206886,2.660595624945861,1.134007155704202,1.3942989011113889,0.8160536538581173,95395,90216,org_3aer-org,63.49754102801699,26.674487536295963,0.31047347089167276
2017-07-15 10:20:00,ML,org,-22.07804107666016,-0.4380296468734741,-21.872085571289062,-21.79253578186035,-5.60767126083374,5.771623134613037,-0.2435019612312317,-23.425352096557617,0.1130027025938034,1.1744239330291748,0.996362871214352,0.2563848470222674,-0.263880720495373,0.0111330022587536,2.745978392987201,1.1387881430545677,1.4020586443084957,0.8152873530837527,95488,90246,org_3aer-org,63.062570111695265,26.761235646008817,0.3107156991184257
2017-07-15 10:22:00,ML,org,-22.678842544555664,-0.449749231338501,-22.45367431640625,-22.504247665405277,-5.90178108215332,6.225407600402832,-0.2730594873428345,-24.086654663085938,0.1165549755096435,1.2098736763000488,1.00225206573149,0.2628425382390897,-0.2772556203177493,0.0121610163471697,2.813468283533105,1.145268441855746,1.410622667003643,0.8152924555655919,95861,90115,org_3aer-org,62.62860778548885,26.82645921862799,0.3108658123857092
2017-07-15 10:24:00,ML,org,-23.10797691345215,-0.4411077201366424,-22.880603790283203,-22.36123275756836,-6.1852216720581055,5.895393371582031,-0.2295445799827575,-24.569843292236328,0.1212315484881401,1.251211404800415,0.9773006946627972,0.2703259457041615,-0.2576589165001457,0.0100322761331868,2.765135735982713,1.1510400083579246,1.4146814711277755,0.8164755862391274,95886,89886,org_3aer-org,61.884820047785325,26.898813305565163,0.3106542891454461
2017-07-15 10:26:00,ML,org,-23.71947860717773,-0.443819910287857,-23.458646774291992,-22.806013107299805,-6.577967166900635,6.221543312072754,-0.2962084710597992,-25.257753372192383,0.1271299719810485,1.3153653144836426,0.97217942736717,0.2804069579880274,-0.2652132195790424,0.0126268342238448,2.8029105636204736,1.1602518067561192,1.4238780028354894,0.818497482531312,95982,89918,org_3aer-org,61.15741542984797,26.9088785289295,0.3109545156800131
2017-07-15 10:28:00,ML,org,-24.455581665039062,-0.5033464431762695,-24.17865753173828,-23.47537422180176,-6.9926862716674805,6.54496431350708,-0.2555664777755737,-26.076416015625,0.1331410706043243,1.3868390321731567,0.9709128957249936,0.2892089662910353,-0.2706917805692391,0.0105699185532102,2.82491292189728,1.1672695841675176,1.4283638001312111,0.8202929290764046,96240,89775,org_3aer-org,60.147196759880444,26.929874121230263,0.3107310516116706
2017-07-15 10:30:00,ML,org,-24.97023582458496,-0.539063572883606,-24.639738082885746,-23.78685188293457,-7.190568923950195,6.648101806640625,-0.3104174137115478,-26.66035270690918,0.1381119340658188,1.4468761682510376,0.9653858531756164,0.2918281586404487,-0.2698122568504877,0.0125982450344224,2.856077913115475,1.1718924554461507,1.4367149114618485,0.8194071560501499,96431,89699,org_3aer-org,59.21491700396558,26.904876212859858,0.3107958732498157
2017-07-15 10:32:00,ML,org,-25.31119155883789,-0.5105075240135193,-24.997119903564453,-24.04686546325684,-7.518367767333984,6.786128520965576,-0.2180157750844955,-27.055679321289062,0.1422429829835891,1.495078206062317,0.9619854006904796,0.3007693131632653,-0.2714763507630792,0.0087216369093343,2.879206991128989,1.179768855096654,1.442582402205969,0.8204351597008501,96607,89785,org_3aer-org,58.44168280171672,26.82441540556607,0.3114696771200087
2017-07-15 10:34:00,ML,org,-25.747163772583008,-0.5441585183143616,-25.3972282409668,-24.21628761291504,-7.650236129760742,6.715528964996338,-0.2462320923805236,-27.55350685119629,0.1469005942344665,1.5520626306533811,0.9535012855297308,0.3012232512863792,-0.2644197703077,0.00969523349159,2.8922730433371218,1.1826485276274894,1.4495862872354384,0.8187945105237807,97076,90029,org_3aer-org,57.68356233761905,26.709680551727153,0.31264158410436965
2017-07-15 10:36:00,ML,org,-26.036163330078125,-0.5683572292327881,-25.70758056640625,-24.08879280090332,-7.905220031738281,6.454367637634277,-0.1679362654685974,-27.887784957885746,0.1509567499160766,1.5984506607055664,0.937030633428484,0.3075054277889508,-0.2510686187841486,0.0065325575667137,2.8604648431960857,1.188213336347312,1.4533488313034204,0.8195684797990906,97384,90364,org_3aer-org,57.302902249900505,26.568662384574044,0.3140710718087284
2017-07-15 10:38:00,ML,org,-26.54720497131348,-0.6267897486686707,-26.16725349426269,-24.49530792236328,-8.193230628967285,6.73753023147583,-0.2162453383207321,-28.463512420654297,0.1566369086503982,1.664336323738098,0.9361054187543671,0.3131100733979737,-0.2574794596214704,0.0082639674691293,2.916349799357127,1.1960247246331406,1.463937483157966,0.8195689560875882,97597,90241,org_3aer-org,57.41617158437472,26.53459678838648,0.3140642484783973
2017-07-15 10:40:00,ML,org,-27.01885032653809,-0.6725839376449585,-26.588518142700195,-24.750568389892575,-8.48534107208252,6.814151763916016,-0.1667614728212356,-29.00121688842773,0.1608069837093353,1.7178820371627808,0.930874237830907,0.3191355773745227,-0.2562817508344086,0.0062719356289789,2.929285828772941,1.2022947727007325,1.4694032604077134,0.8201971527549143,97799,90417,org_3aer-org,57.491486118066,26.440978925023046,0.31487963645295997
2017-07-15 10:42:00,ML,org,-27.52309226989746,-0.7031320333480835,-27.06437110900879,-24.65880584716797,-8.752089500427246,6.593713760375977,-0.2471825331449508,-29.565723419189453,0.1656294465065002,1.774930477142334,0.9111172122610136,0.3233804415100802,-0.2436307879819723,0.0091331342108784,2.88328914964544,1.206739297165389,1.4731624924968176,0.8220523183903381,97706,90110,org_3aer-org,57.831405167837644,26.47817128830085,0.3142126559130981
2017-07-15 10:44:00,ML,org,-28.02604103088379,-0.7479212880134583,-27.535137176513672,-25.363311767578125,-9.056679725646973,7.071172714233398,-0.1863126307725906,-30.124113082885746,0.1718805283308029,1.8439340591430664,0.9211255246325216,0.3289135269659142,-0.2568054103218187,0.0067663587233828,2.9803689312841457,1.2152780731997372,1.484659968514891,0.8207482272692933,97603,89700,org_3aer-org,58.28097568081453,26.504986631817733,0.3134825595676738
2017-07-15 10:46:00,ML,org,-28.580951690673828,-0.783354640007019,-28.027610778808597,-25.218610763549805,-9.310298919677734,6.710565567016602,-0.2092760354280471,-30.747188568115234,0.1767381131649017,1.9025404453277588,0.899777091545816,0.3321830595588537,-0.2394269328337938,0.0074667817291241,2.9158787635377434,1.2184077733732757,1.4865498685734215,0.8220510811883244,97456,89365,org_3aer-org,58.79820734685714,26.501551535088073,0.3130663364174786
2017-07-15 10:48:00,ML,org,-29.148155212402344,-0.7965311408042908,-28.59836196899414,-25.682615280151367,-9.618877410888672,6.902722835540772,-0.1995910108089447,-31.38364791870117,0.1816296130418777,1.955241560935974,0.8980449948778123,0.3363436834656438,-0.2413677862855319,0.0069791079420757,2.937525900348584,1.2235910877919844,1.491776912969922,0.8225166945967859,97514,89176,org_3aer-org,59.074415423691406,26.512894105914427,0.3122475367777505
2017-07-15 10:50:00,ML,org,-29.46481132507324,-0.8484653830528259,-28.863866806030277,-26.02102851867676,-9.779529571533203,7.158644676208496,-0.2219558358192443,-31.751205444335938,0.1853671818971634,1.9925662279129028,0.9015087320874168,0.3388155257481953,-0.2480140027430588,0.0076897449074468,2.948856069680894,1.22533642034639,1.4916078471929963,0.8240167554643347,97864,89283,org_3aer-org,59.036699119066625,26.364230034949347,0.31300151477933347
2017-07-15 10:52:00,ML,org,-29.644990921020508,-0.8504877686500549,-29.028364181518555,-26.056095123291016,-9.892805099487305,7.083281517028809,-0.1627460420131683,-31.969465255737305,0.1872383654117584,2.009157180786133,0.8976080881083256,0.3407978523805606,-0.244012389276033,0.0056064487871468,2.953164062479142,1.2282246943151571,1.495012187349856,0.823402589815808,98303,89273,org_3aer-org,58.475142300146636,26.202830360978865,0.31369578864051967
2017-07-15 10:54:00,ML,org,-29.953310012817383,-0.8958885073661804,-29.30129814147949,-26.250890731811523,-10.12530517578125,7.222869396209717,-0.147972971200943,-32.32886505126953,0.1901531666517257,2.0428316593170166,0.8958950782233918,0.3455581698713758,-0.2465032952085227,0.0050500471137551,2.961511196660356,1.2329184882851432,1.4977342004008216,0.8248701197739181,98614,89249,org_3aer-org,57.68061591276215,26.053154127135883,0.31428941837932256
2017-07-15 10:56:00,ML,org,-30.209651947021484,-0.7955512404441833,-29.62857818603516,-26.26544189453125,-10.34036350250244,7.132122993469238,-0.1548988968133926,-32.638999938964844,0.1923132538795471,2.058475971221924,0.886490082510138,0.3489995878539476,-0.2407176947745983,0.0052280244105126,2.956008191222792,1.2378138435391624,1.5031151560540743,0.8252554506497929,98853,89438,org_3aer-org,56.975993660188564,25.91741487887411,0.314908635606867
2017-07-15 10:58:00,ML,org,-30.51340675354004,-0.8252035975456238,-29.944459915161133,-26.572378158569336,-10.579378128051758,7.327670574188232,-0.1203709244728088,-32.99359893798828,0.1958532184362411,2.090069532394409,0.8873888983902424,0.3533000484202022,-0.2447087533400519,0.0040198065296073,2.9473146575526536,1.2400734810507608,1.5008334418771987,0.8276062172418636,98788,89006,org_3aer-org,56.343894816438734,25.88509216513524,0.3142501842299189
2017-07-15 11:00:00,ML,org,-30.9574031829834,-0.885429322719574,-30.29734992980957,-27.041383743286133,-10.734705924987791,7.498486995697021,-0.0197387877851724,-33.49811935424805,0.1995963156223297,2.1240639686584477,0.8925332298497876,0.3543117400641556,-0.2474964721629898,0.0006515022490466,2.960422269597755,1.2403874895856613,1.4998087975785457,0.8272488428928331,98680,88734,org_3aer-org,55.52047138687737,25.84380716432142,0.3134501487486012
2017-07-15 11:02:00,ML,org,-31.156482696533203,-0.99638831615448,-30.396629333496094,-26.387582778930664,-10.805779457092283,6.9132843017578125,-0.1165562346577644,-33.74393844604492,0.2029410749673843,2.1564712524414062,0.868108790263627,0.3554925800285605,-0.2274358826932261,0.0038345124010386,2.881552537980671,1.2419641848176417,1.5013632081441488,0.8285143596157166,98666,88572,org_3aer-org,54.60113892901076,25.706339482677564,0.3135900270203881
2017-07-15 11:04:00,ML,org,-31.459177017211918,-1.0650732517242432,-30.655792236328125,-27.06324577331543,-10.92556095123291,7.529677391052246,-0.1966656893491745,-34.10919570922852,0.2070825845003128,2.2052834033966064,0.8828101100530663,0.3563946184847854,-0.245620014351393,0.0064152858135413,2.9273724992220957,1.2421089342194642,1.5001467956132637,0.8301486678526085,98891,88434,org_3aer-org,53.684561650117445,25.571319057968466,0.31365314282595047
2017-07-15 11:06:00,ML,org,-31.802982330322266,-1.1954779624938965,-30.87373352050781,-26.84989547729492,-11.012134552001951,7.168509483337402,-0.1802101731300354,-34.51471710205078,0.2124424278736114,2.2682554721832275,0.8696679973328286,0.3566830051637619,-0.232188009520032,0.0058370070234415,2.876123022259048,1.241900930498791,1.4991856164664064,0.8303439293499634,99126,88367,org_3aer-org,52.66670147210066,25.44018962363289,0.313752081115751
2017-07-15 11:08:00,ML,org,-31.98041343688965,-1.2119375467300415,-31.031618118286133,-27.257814407348636,-11.255575180053713,7.733532905578613,-0.2517604529857635,-34.73184585571289,0.2163442969322204,2.3081929683685303,0.8783884332546854,0.3627130963705987,-0.249214559120856,0.0081130294955719,2.9776035899610456,1.2526708419069783,1.5129492034906575,0.830752279790201,99364,88293,org_3aer-org,52.105745935003185,25.29354765948493,0.31412565845137697
2017-07-15 11:10:00,ML,org,-32.220359802246094,-1.2151719331741333,-31.257556915283203,-26.880319595336918,-11.37149429321289,7.286736965179443,-0.2924841940402984,-35.01996612548828,0.2195002883672714,2.3421506881713867,0.8599621367523327,0.3637998397153075,-0.2331192065831321,0.0093572301154919,2.925534702407364,1.2549087005707558,1.516029551294109,0.830989213816887,99540,88432,org_3aer-org,51.62218760531718,25.170170506170034,0.31457429242064466
2017-07-15 11:12:00,ML,org,-32.36689758300781,-1.1767597198486328,-31.434410095214844,-26.88517951965332,-11.528125762939451,7.241942882537842,-0.2630430459976196,-35.20113754272461,0.2223146855831146,2.3654208183288574,0.8552787372232308,0.3667358801859054,-0.2303826140977537,0.0083679966886175,2.914334438968877,1.257752442663281,1.5172178757459196,0.8318829576087022,100104,88650,org_3aer-org,51.34991099902087,25.017087141931746,0.31574449357242285
2017-07-15 11:14:00,ML,org,-32.6265754699707,-1.1638121604919434,-31.676233291625977,-27.303497314453125,-11.744891166687012,7.639418125152588,-0.267260879278183,-35.51643753051758,0.2261189371347427,2.4041147232055664,0.8619553394534295,0.370779280840818,-0.2411718879909129,0.0084372676966654,2.9794620198930715,1.2646714862443968,1.5253077296369149,0.8320842313717429,100724,89152,org_3aer-org,51.029745112115094,24.801213006195717,0.31797231092551653
2017-07-15 11:16:00,ML,org,-32.93638610839844,-1.1224538087844849,-32.014137268066406,-27.323575973510746,-11.907719612121582,7.44189453125,-0.2247393429279327,-35.88756561279297,0.229979008436203,2.4479358196258545,0.8534846223408744,0.3719518492744788,-0.2324564751939007,0.0070200035785475,2.98462333710335,1.2690517522568423,1.5327482903319696,0.8304442811631819,101735,89755,org_3aer-org,50.53252997889952,24.58811824270708,0.32045429733344255
2017-07-15 11:18:00,ML,org,-33.304237365722656,-1.1173932552337646,-32.37824630737305,-27.27339744567871,-12.091687202453612,7.289866924285889,-0.3030270040035248,-36.31710052490234,0.2343633472919464,2.4951744079589844,0.8423371363890837,0.3734509232358998,-0.2251470282534524,0.0093589686284688,2.9746291086888594,1.273351877498408,1.5393908690792806,0.8305254005236199,102621,90585,org_3aer-org,50.148546596289705,24.37930869231015,0.32347020933977455
2017-07-15 11:20:00,ML,org,-33.609622955322266,-1.1830559968948364,-32.62223815917969,-27.36068153381348,-12.14634609222412,7.2645158767700195,-0.3797240853309631,-36.67990493774414,0.2393015027046203,2.551962375640869,0.8387126941855425,0.3723333205639369,-0.2226860544687329,0.0116400397192535,2.969364366317977,1.2732560982206111,1.541177867692494,0.8303278692360975,103766,91382,org_3aer-org,49.5735074048629,24.200662635648573,0.32662770545047626
2017-07-15 11:22:00,ML,org,-34.40697479248047,-1.285922288894653,-33.336769104003906,-28.440019607543945,-12.389527320861816,7.783830642700195,-0.2910492122173309,-37.58471298217773,0.2463625073432922,2.6322758197784424,0.8531127976869265,0.3716475259614658,-0.2334909018172088,0.0087305781688165,3.022110660651051,1.2723907116263855,1.5405284987941692,0.8290662165604995,104654,91826,org_3aer-org,49.20123446094227,24.107993284628243,0.329009047736019
2017-07-15 11:24:00,ML,org,-34.8251953125,-1.2338522672653198,-33.77310562133789,-28.516033172607425,-12.655323028564451,7.748170375823975,-0.3499175906181335,-38.067291259765625,0.2499439269304275,2.6608712673187256,0.8443415198230291,0.3747160047223056,-0.2294183600432407,0.010360835497906,3.010179644909629,1.2770234553133222,1.5450448380323312,0.8302624070704185,105583,92376,org_3aer-org,48.91834771465813,24.038954238464004,0.33142621250579984
2017-07-15 11:26:00,ML,org,-35.31206512451172,-1.228546977043152,-34.26579666137695,-28.73653793334961,-12.877781867980955,7.73695707321167,-0.388439267873764,-38.62773895263672,0.2534453272819519,2.687781810760498,0.8386360902929507,0.3758202237151457,-0.2257923761197437,0.0113360621116472,3.007072606672613,1.279781867554647,1.5489886312043295,0.8303135416000813,106801,93352,org_3aer-org,48.39785730094275,23.95060031833871,0.33504087174868313
2017-07-15 11:28:00,ML,org,-35.642333984375,-1.3092161417007446,-34.48548126220703,-28.87333869934082,-12.943317413330078,7.7190260887146,-0.3878558576107025,-39.02121353149414,0.2567237615585327,2.7215940952301025,0.8372605152354137,0.3753266087341514,-0.2238340543581208,0.0112469303885557,3.020822632343583,1.2811946451850431,1.552920692741533,0.8291167338072373,108557,94630,org_3aer-org,47.672416397494835,23.85635308630301,0.3398479079669205
2017-07-15 11:30:00,ML,org,-35.85065460205078,-1.3521010875701904,-34.63043212890625,-28.954442977905277,-13.102877616882324,7.896223068237305,-0.4693404138088226,-39.27703857421875,0.2586108744144439,2.7376341819763184,0.8360981628362703,0.3783629744617852,-0.228013969980088,0.0135528326820325,2.9991218540053364,1.2821181943970577,1.5494112691514117,0.832412609835179,110560,96107,org_3aer-org,46.83296358162514,23.741566049127552,0.34575861786620815
2017-07-15 11:32:00,ML,org,-36.07434844970703,-1.3239166736602783,-34.86188125610352,-29.096851348876957,-13.291587829589844,8.005912780761719,-0.4793560206890106,-39.544921875,0.26203054189682,2.7655515670776367,0.8346322739356116,0.3812641798819729,-0.2296465982221911,0.0137501444046066,3.031590705849763,1.2882933263281566,1.5572859905229617,0.8323221902098341,112525,97937,org_3aer-org,46.17080669486681,23.63789217238047,0.352194724200988
2017-07-15 11:34:00,ML,org,-36.32101058959961,-1.2943556308746338,-35.15592575073242,-29.18956184387207,-13.39024829864502,7.933742523193359,-0.509857714176178,-39.83696365356445,0.2652219533920288,2.792664766311645,0.8302885151904302,0.3808817395894292,-0.2256730088222195,0.01450275404236,3.09756422521852,1.2960564189872918,1.5744482555621802,0.8286181080870655,114385,99546,org_3aer-org,45.517953700012605,23.603915730913396,0.35820266655749333
2017-07-15 11:36:00,ML,org,-36.68375778198242,-1.314113974571228,-35.487693786621094,-29.31182861328125,-13.685553550720217,8.116850852966309,-0.6071560978889465,-40.265098571777344,0.2703719735145569,2.845493793487549,0.8259717197202492,0.3856423355575354,-0.2287229776420093,0.0171089223642247,3.104448563879596,1.302724630816744,1.5796022569686632,0.8311928847258135,116359,101389,org_3aer-org,44.90734291649364,23.60185510682453,0.3644289554845929
2017-07-15 11:38:00,ML,org,-37.07078552246094,-1.315111517906189,-35.866939544677734,-29.714344024658203,-13.947769165039062,8.377202987670898,-0.5820314884185791,-40.72597122192383,0.2758162319660187,2.90222692489624,0.8284605610999835,0.3888752615715851,-0.23356334372761,0.0162275210560414,3.135997534106396,1.3076699496399729,1.5838647813702145,0.8318039367215108,118180,103182,org_3aer-org,44.346656152010304,23.625886612150957,0.3706842435655995
2017-07-15 11:40:00,ML,org,-37.43320846557617,-1.2778608798980713,-36.245906829833984,-29.61517906188965,-14.108195304870604,8.117688179016113,-0.6402252912521362,-41.16242218017578,0.2803530097007751,2.954197645187378,0.817062672740511,0.3892354931375922,-0.2239615462609722,0.017663380382869,3.152136848284497,1.314509440828069,1.597399832669325,0.829741949437301,120436,105185,org_3aer-org,43.997749188945164,23.65286116402038,0.37766451049428207
2017-07-15 11:42:00,ML,org,-37.76358413696289,-1.3048946857452393,-36.55763626098633,-29.954444885253903,-14.46337604522705,8.441813468933105,-0.5816322565078735,-41.56376647949219,0.2858359813690185,3.009845972061157,0.8193757567043062,0.395632128367362,-0.2309178909467863,0.0159100058751181,3.159476912367128,1.3201355998040667,1.5967992978434808,0.8329173788663282,122697,107439,org_3aer-org,43.94702883445925,23.711885658400824,0.3853219929583231
2017-07-15 11:44:00,ML,org,-37.99892807006836,-1.3384610414505005,-36.77216720581055,-30.50879669189453,-14.501519203186035,8.866174697875977,-0.6280283331871033,-41.84511947631836,0.2875616252422333,3.02344822883606,0.8296707634250539,0.3943612973293453,-0.2411109605798941,0.0170788998254949,3.178418521558981,1.316303841605034,1.5913702491960429,0.833740589153025,125208,109609,org_3aer-org,44.13661538864406,23.84360942702703,0.3929231829471328
2017-07-15 11:46:00,ML,org,-38.30378341674805,-1.3734917640686035,-37.04142761230469,-30.63315963745117,-14.592336654663086,8.698258399963379,-0.5141843557357788,-42.20035552978516,0.2883872389793396,3.024595022201538,0.8269974461559497,0.3939463684095289,-0.2348251490896251,0.0138813345241465,3.124178851479931,1.3117031310973006,1.5827433084851268,0.8340520474273739,127950,111609,org_3aer-org,44.50260070912707,24.012710451571007,0.4008740686154098
2017-07-15 11:48:00,ML,org,-38.33650207519531,-1.3446019887924194,-37.05780029296875,-30.430044174194336,-14.544601440429688,8.51490306854248,-0.5980538129806519,-42.25081634521485,0.2889939248561859,3.017030000686645,0.8211509515429566,0.3924842470313202,-0.2297736053698571,0.0161384067955803,3.1208101671203434,1.3125688700215223,1.5872307534629384,0.8331439432070912,130988,114108,org_3aer-org,44.6834608785818,24.159990603890016,0.41000539043096157
2017-07-15 11:50:00,ML,org,-38.451637268066406,-1.3324776887893677,-37.17950439453125,-30.503643035888672,-14.470316886901855,8.375090599060059,-0.5806337594985962,-42.39980316162109,0.2902127504348755,3.016134262084961,0.8204425000632303,0.389201419142536,-0.2252609544159615,0.0156170352101952,3.165664362387957,1.3143324581319895,1.597096942980676,0.8289901808737753,134203,117030,org_3aer-org,44.736973700444864,24.279254606022654,0.42051673080597174
2017-07-15 11:52:00,ML,org,-38.676177978515625,-1.328858494758606,-37.413272857666016,-31.05333137512207,-14.512279510498049,8.812527656555176,-0.6601877212524414,-42.66865158081055,0.2928651869297027,3.033205509185791,0.8300084064122466,0.3878912418228568,-0.2355454619866228,0.0176458137515194,3.2331415629936777,1.3154747251917622,1.6020146732747198,0.8279946399577945,137462,120104,org_3aer-org,44.79428517877329,24.461480091155085,0.4309922486967439
2017-07-15 11:54:00,ML,org,-38.98868560791016,-1.2523009777069092,-37.7805290222168,-30.824851989746094,-14.70598316192627,8.499838829040527,-0.7495258450508118,-43.03879165649414,0.2953119277954101,3.046028614044189,0.8158926924881711,0.3892477578452974,-0.2249793991804995,0.019838948847031,3.1453046072023705,1.3143558820961831,1.5970566762588054,0.830665753872814,140635,123147,org_3aer-org,44.61346941494196,24.681921464233625,0.44154794071890613
2017-07-15 11:56:00,ML,org,-39.17991638183594,-1.2071343660354614,-38.01172256469727,-30.59059715270996,-14.913681030273438,8.181767463684082,-0.6892042756080627,-43.26904678344727,0.2960250377655029,3.0442140102386475,0.8047676505070546,0.392344277102085,-0.215243289115283,0.0181313615061434,3.0361136670390776,1.3109044161705528,1.584073290076924,0.8344838825669623,143668,126302,org_3aer-org,44.352395694485786,24.90894739302371,0.4521326318949753
2017-07-15 11:58:00,ML,org,-39.51649475097656,-1.21155846118927,-38.34918975830078,-31.36476325988769,-14.94044017791748,8.677336692810059,-0.7213137149810791,-43.65096664428711,0.2960229814052582,3.03790020942688,0.8178731228238963,0.3895895241873919,-0.2262717450502608,0.0188090980389725,3.102354252796534,1.309505396001775,1.586332862377103,0.8326878113518286,146673,129289,org_3aer-org,43.91411693619577,25.151162772575674,0.46222774911979037
2017-07-15 12:00:00,ML,org,-39.96443176269531,-1.241744041442871,-38.77305603027344,-31.631816864013672,-14.98847770690918,8.560689926147461,-0.71344393491745,-44.14944076538086,0.2965552508831024,3.039504289627075,0.8158196639309989,0.3865694878673139,-0.2207896640916342,0.0184005122933214,3.0929482450314607,1.3067109765005738,1.5862071594012117,0.8308188824140205,149927,132483,org_3aer-org,43.28304657748563,25.359024277272567,0.47311778432817486
2017-07-15 12:02:00,ML,org,-40.32979202270508,-1.2294610738754272,-39.14591598510742,-32.432151794433594,-15.073248863220217,9.071627616882324,-0.7121338248252869,-44.55204772949219,0.2968505322933197,3.042060375213623,0.8284940596977987,0.3850530047705471,-0.2317388473802207,0.0181917829118749,3.13279536096646,1.3039030903369586,1.5831844512571125,0.8305076414507264,153299,135588,org_3aer-org,42.844992507531785,25.596595646113403,0.48391741040967273
2017-07-15 12:04:00,ML,org,-40.63969039916992,-1.24837327003479,-39.411991119384766,-32.20869064331055,-15.194308280944824,8.710814476013184,-0.7197955250740051,-44.91168594360352,0.2983224391937256,3.055892944335937,0.8172309459088257,0.3855251022530478,-0.221019416611216,0.0182633684493424,3.090285843814398,1.3049003690375298,1.5843873086747249,0.8305506846533122,156602,138645,org_3aer-org,42.50218845473373,25.836543738931447,0.4949729113785857
2017-07-15 12:06:00,ML,org,-41.25016021728516,-1.2673754692077637,-40.01226043701172,-32.54343032836914,-15.449198722839355,8.657294273376465,-0.6769323348999023,-45.59447479248047,0.3006908595561981,3.075846910476685,0.8133363138165233,0.3861115813733154,-0.2163660179042749,0.0169181227144362,3.0589772130694004,1.3039403958372655,1.5812696202259844,0.8310336689141121,159347,141587,org_3aer-org,42.36410101508169,26.152829013184622,0.5046159829689675
2017-07-15 12:08:00,ML,org,-41.77120208740234,-1.197277545928955,-40.589115142822266,-33.171424865722656,-15.577969551086426,8.829419136047363,-0.6691339015960693,-46.17344665527344,0.3015421032905578,3.073682308197021,0.8172494131119928,0.3837967401558949,-0.2175317005661323,0.0164855472982445,3.063981134054115,1.3007231120168885,1.578856234437031,0.8300649135951199,161765,143973,org_3aer-org,42.39264981407271,26.556331917723305,0.512541281148503
2017-07-15 12:10:00,ML,org,-42.099422454833984,-1.13570237159729,-40.99626541137695,-33.2386589050293,-15.63108730316162,8.504472732543945,-0.6309785842895508,-46.5390625,0.3008506000041961,3.054638147354126,0.8107731344427688,0.3812807845963586,-0.2074450392069432,0.0153911201678158,3.034939059946584,1.2982845508682637,1.5784339850073494,0.8283128385180256,164337,146492,org_3aer-org,42.323305869510286,26.920796054568285,0.5214013755833947
2017-07-15 12:12:00,ML,org,-42.41014099121094,-1.095103740692139,-41.33456039428711,-33.976932525634766,-15.709546089172363,8.982443809509277,-0.6305322051048279,-46.87837600708008,0.2993007898330688,3.0278542041778564,0.8219980901925723,0.3800582730549957,-0.2173107206614961,0.015254357413928,3.093268669021562,1.2982984026404727,1.5807827002205852,0.8270580927258941,166869,149339,org_3aer-org,42.176823256551806,27.256457276348975,0.5308192772728513
2017-07-15 12:14:00,ML,org,-42.776180267333984,-1.071163535118103,-41.72492599487305,-34.102787017822266,-15.781548500061035,8.856863975524902,-0.697451651096344,-47.27758026123047,0.2973848581314087,2.994884967803955,0.8173240973767948,0.3782284085910136,-0.2122679771444678,0.0167154711766594,3.060413210534981,1.295390879585389,1.5780403009533843,0.827169251487239,169382,151810,org_3aer-org,42.124712996480966,27.610928517462646,0.5393569693496001
2017-07-15 12:16:00,ML,org,-43.349212646484375,-1.078277826309204,-42.2917594909668,-34.7071533203125,-15.986493110656738,9.065875053405762,-0.6639916896820068,-47.89622116088867,0.2967336475849151,2.975609302520752,0.820659840590432,0.3780049161305549,-0.2143650192409643,0.0157002625199774,3.051567589057588,1.2929695594414126,1.573266165888897,0.8277056955005934,171380,153734,org_3aer-org,42.25693989113107,28.020789608660714,0.5459790114359017
2017-07-15 12:18:00,ML,org,-43.866973876953125,-1.1344585418701172,-42.74861145019531,-35.5511589050293,-15.959068298339844,9.41126537322998,-0.6496396660804749,-48.46754837036133,0.2967232167720794,2.961460590362549,0.8316332243733038,0.3733237400655449,-0.2201537086741137,0.015196744235265,3.0865191352075083,1.2878413531073842,1.5710421547930131,0.8253838071803046,173199,155558,org_3aer-org,42.24555698192921,28.435071147423976,0.5521455962226043
2017-07-15 12:20:00,ML,org,-44.45553588867188,-1.118959665298462,-43.344722747802734,-35.78483581542969,-16.223464965820312,9.284686088562012,-0.6211145520210266,-49.121185302734375,0.2969112694263458,2.9495737552642822,0.8255868595629748,0.3742892233362416,-0.2142057309243748,0.0143296480251584,3.004633484406052,1.283234759113269,1.5592287946680194,0.8282483868033143,174904,157060,org_3aer-org,42.30575852855058,28.863063758614487,0.5581671852397718
2017-07-15 12:22:00,ML,org,-44.9514045715332,-1.1293543577194214,-43.828712463378906,-35.93643951416016,-16.38364028930664,9.154133796691896,-0.6627650260925293,-49.67357635498047,0.2976768612861633,2.940765380859375,0.8199291810228915,0.3738106888545266,-0.2088615799338501,0.015121710056432,2.960655552189943,1.2807203145063053,1.5546679361726,0.8293054996038868,176411,158429,org_3aer-org,42.47705764770463,29.3357213138286,0.5631635688746963
2017-07-15 12:24:00,ML,org,-45.37282943725586,-1.1569538116455078,-44.231693267822266,-36.00200653076172,-16.493167877197266,8.936483383178711,-0.672997772693634,-50.13739776611328,0.2986415922641754,2.929931163787842,0.8139415269131768,0.3728812434685347,-0.2020380531535831,0.0152152827718715,2.897445657823471,1.275935604789371,1.545998420953369,0.8308040015876477,177814,159422,org_3aer-org,42.546655346370734,29.823086800018242,0.5671381587925435
2017-07-15 12:26:00,ML,org,-45.78603363037109,-1.184500217437744,-44.61056518554688,-37.037017822265625,-16.627552032470703,9.729609489440918,-0.675599217414856,-50.58498001098633,0.2979378700256347,2.9075939655303955,0.8302298121957788,0.372726848901939,-0.2181010381929161,0.0151443770951983,2.958848357356026,1.27571570127123,1.545800820723845,0.8307397274029691,179204,160872,org_3aer-org,42.50452309090106,30.239394848957225,0.571958841671443
2017-07-15 12:28:00,ML,org,-46.099571228027344,-1.170340657234192,-44.93693161010742,-37.20648956298828,-16.67680549621582,9.627364158630373,-0.6810056567192078,-50.9201545715332,0.2977925837039947,2.892590045928955,0.8279712104252264,0.3711157681159221,-0.214241675680132,0.0151546971389835,2.941634636033128,1.2735503843939182,1.5440073574274502,0.8302821280717224,180384,162088,org_3aer-org,42.51906523407749,30.6728687655922,0.5761603073227981
2017-07-15 12:30:00,ML,org,-46.35295104980469,-1.2006148099899292,-45.15420150756836,-37.46131134033203,-16.6496524810791,9.560016632080078,-0.6032466292381287,-51.193016052246094,0.2977223098278045,2.882702350616455,0.8296308744971059,0.3687287478361137,-0.2117193264189305,0.0133597040857108,2.899609375387353,1.2669025225388906,1.5337731316985697,0.8307374496725594,181520,163016,org_3aer-org,42.51591275620952,31.1099160544068,0.5801246622451486
2017-07-15 12:32:00,ML,org,-46.63865661621094,-1.2900171279907229,-45.36179733276367,-37.58893966674805,-16.554874420166016,9.380146980285645,-0.5981370806694031,-51.496124267578125,0.297126293182373,2.8667476177215576,0.8286474243596442,0.3649518511385648,-0.2067851945076194,0.0131859190094103,2.87036907068524,1.2613690792816616,1.528308158415704,0.8299658814720285,182485,163652,org_3aer-org,42.71350789388286,31.60942942122812,0.5828215835585032
2017-07-15 12:34:00,ML,org,-47.01607131958008,-1.317490577697754,-45.69308853149414,-37.591094970703125,-16.634584426879883,9.133061408996582,-0.6004772782325745,-51.90467834472656,0.2968196272850036,2.85482120513916,0.8226865818456817,0.3640502538697961,-0.199878368382475,0.0131415326669972,2.837353392519927,1.25953501664107,1.5258432245540914,0.8300646785854627,182949,164034,org_3aer-org,43.032032505008814,32.15041954218488,0.584404596195311
2017-07-15 12:36:00,ML,org,-47.14947891235352,-1.364789605140686,-45.777122497558594,-37.56664657592773,-16.60742950439453,8.979328155517578,-0.5823712348937988,-52.04793930053711,0.2965098917484283,2.8396100997924805,0.8206424438147247,0.3627888644871906,-0.1961531915753181,0.0127218832734028,2.778411703028433,1.253419937085881,1.5144812146453075,0.832005129376263,183398,164183,org_3aer-org,43.31139203672453,32.71334665550369,0.5855492098583477
2017-07-15 12:38:00,ML,org,-47.30728149414063,-1.4514230489730835,-45.865482330322266,-37.78630447387695,-16.72056770324707,9.177202224731444,-0.535815417766571,-52.22780990600586,0.2969903945922851,2.8297929763793945,0.8238505007252629,0.3645567303707346,-0.2000895560586519,0.0116823249626544,2.7625256408291072,1.2521022476808663,1.5085314489026784,0.8340101898151376,183760,164076,org_3aer-org,43.54936620761573,33.30803652929025,0.5861581920903954
2017-07-15 12:40:00,ML,org,-47.79036712646485,-1.566173791885376,-46.230430603027344,-37.7098274230957,-16.831151962280273,8.91497802734375,-0.6044268608093262,-52.76007843017578,0.2995304465293884,2.847988605499268,0.8156928600692418,0.3640708216047397,-0.1928379037352895,0.013074222061308,2.7383213327631712,1.2520795227141892,1.509309283407385,0.8340480206536376,184168,164077,org_3aer-org,43.90949633103111,33.89948640730749,0.5869019350964819
2017-07-15 12:42:00,ML,org,-48.37308883666992,-1.741079568862915,-46.64568328857422,-38.48322677612305,-16.853727340698242,9.352346420288086,-0.6610832810401917,-53.40158081054688,0.3018368780612945,2.867818832397461,0.8250114092442139,0.3613137309376201,-0.2004975827896972,0.0141724426078631,2.769692333932627,1.2499177624959223,1.5092380353088928,0.8330232675581373,184092,163491,org_3aer-org,44.2311166921224,34.551322805781524,0.5859910204972842
2017-07-15 12:44:00,ML,org,-48.92983627319336,-1.8880077600479128,-47.05131530761719,-38.72496032714844,-16.828779220581055,9.26193618774414,-0.7595028877258301,-54.02129364013672,0.3048540353775024,2.8965249061584477,0.8230368655934065,0.3576686097636967,-0.1968474834965145,0.0161420081394113,2.747285797236953,1.2455684969077083,1.5057673299845045,0.8326818803416373,183730,162505,org_3aer-org,44.558232962847185,35.22193358906165,0.5836642648543902
2017-07-15 12:46:00,ML,org,-49.214088439941406,-1.9655290842056277,-47.26061248779297,-38.87120056152344,-16.82234001159668,9.07791233062744,-0.6449720859527588,-54.33815383911133,0.3056912124156952,2.9012222290039062,0.8224863444865519,0.3559485017989497,-0.1920819848260899,0.0136471385405883,2.716964906894296,1.241450933311991,1.4994206922346054,0.8325434566079145,183139,161475,org_3aer-org,44.80492506762373,35.87322908855492,0.5812931575643441
2017-07-15 12:48:00,ML,org,-49.4381217956543,-2.0160155296325684,-47.43503189086914,-39.130462646484375,-17.087265014648438,9.35202407836914,-0.5693280100822449,-54.5963134765625,0.3073127269744873,2.9211642742156982,0.8249274919748576,0.3602245949257106,-0.1971543553892966,0.0120022684887284,2.7576816624801213,1.2479211329101745,1.5066531159657233,0.8323585181217024,182812,160691,org_3aer-org,44.961064297632106,36.49402648664369,0.579507150850187
2017-07-15 12:50:00,ML,org,-49.79654693603516,-2.153973340988159,-47.67143249511719,-39.0822868347168,-17.114662170410156,9.045629501342772,-0.5201070308685303,-55.00005340576172,0.3103757500648498,2.954148530960083,0.8198262528762745,0.3590129933748618,-0.1897494933494636,0.0109102470983272,2.73003237727192,1.2459536479739686,1.5043246055227757,0.8319460557537844,182269,159492,org_3aer-org,45.19391298142219,37.160222704203655,0.5765970004639864
2017-07-15 12:52:00,ML,org,-50.282169342041016,-2.211989402770996,-48.08019256591797,-39.38525390625,-17.300323486328125,9.149880409240724,-0.5444958209991455,-55.54268646240234,0.313954621553421,2.9879844188690186,0.8191576397189506,0.359822242126437,-0.1903046243544852,0.0113247425090975,2.7545777917568417,1.2492490723119412,1.510317012401431,0.8310149207084757,181130,157772,org_3aer-org,45.39291213293763,37.86310569850704,0.5718274925625699
2017-07-15 12:54:00,ML,org,-50.79167556762695,-2.284357786178589,-48.52889633178711,-39.03378677368164,-17.564382553100586,8.760937690734863,-0.6916511654853821,-56.11512756347656,0.3179794549942016,3.0293519496917725,0.8043413396177078,0.3619366646256434,-0.1805303622400331,0.0142523579966819,2.702535146613641,1.250673672275535,1.5098496909638717,0.8332216014764552,179854,155686,org_3aer-org,45.5262519239694,38.52625610516594,0.5661641283877835
2017-07-15 12:56:00,ML,org,-51.07594680786133,-2.335617780685425,-48.74861907958984,-38.77879333496094,-17.645231246948242,8.347966194152832,-0.6725541949272156,-56.43391418457031,0.3212209939956665,3.05850887298584,0.7954850669416931,0.3619637462097872,-0.1712451886749406,0.0137963755234603,2.6850918777320385,1.2519675457740411,1.512681215834579,0.8323874426731609,178597,153750,org_3aer-org,45.647298204538714,39.095979441098194,0.5609203990283578
2017-07-15 12:58:00,ML,org,-51.41891479492188,-2.40234899520874,-49.03798675537109,-39.224063873291016,-17.844493865966797,8.727323532104492,-0.6967506408691406,-56.82225036621094,0.3251495361328125,3.090163230895996,0.7998710536982276,0.3638912210544773,-0.1779706620759368,0.0142083873232318,2.74876781582352,1.2586070294213492,1.5240656944779616,0.8307811856635104,177716,152222,org_3aer-org,45.60704997265073,39.5253824230669,0.5567888725128961
2017-07-15 13:00:00,ML,org,-52.07173156738281,-2.449021577835083,-49.62652969360352,-39.7174186706543,-18.14294815063477,8.841998100280762,-0.6081721782684326,-57.54964828491211,0.3299376964569092,3.131296157836914,0.8003261963391921,0.365589586699851,-0.1781707606233296,0.0122549775842864,2.774328207133692,1.2624593720048345,1.5295857881991548,0.8296702530116543,176426,150637,org_3aer-org,45.64271317930641,39.91977774392119,0.5518828980048582
2017-07-15 09:04:00,ARG,org,1.1649078130722046,-0.0102919973433017,1.1693533658981323,1.2413313388824463,0.0019358054269105,-0.075178250670433,0.001264552003704,1.452366828918457,-0.0085594207048416,-0.2979823052883148,1.061553595935217,0.0016554494955823,-0.0642904566499478,0.0010814112191485,2.167704354476541,1.000603434374864,1.2749870036296194,0.7850012104352793,74310,73674,ARG_org_3aer-ARG_org,246.33927386640048,19.41197182636057,0.24675038892982887
2017-07-15 09:06:00,ARG,org,5.312273979187012,-0.0027891821227967,5.294755935668945,5.620510101318359,0.0049675311893224,-0.3238521814346313,-0.0068691661581397,5.8918633460998535,-0.0189803671091794,-0.495026022195816,1.0615238611844269,0.0009381983526784,-0.061164706859122,-0.0012973526779831,2.128304672961703,1.0003338425386703,1.2676728787897276,0.7888676125396346,74475,73705,ARG_org_3aer-ARG_org,196.82295045921092,20.2314367483391,0.24715808291711017
2017-07-15 09:08:00,ARG,org,7.146280288696289,-0.0059873857535421,7.136162757873535,7.932466506958008,-0.0164355896413326,-0.7650850415229797,-0.0147833647206425,7.855825424194336,-0.0279537923634052,-0.6819366216659546,1.1115871486866082,-0.0023031411010885,-0.1072123950538624,-0.0020716125316572,2.179191701862338,0.9991933527812312,1.2631216190618135,0.7906680916968981,74914,74116,ARG_org_3aer-ARG_org,164.4337742204828,21.135917238963238,0.24859098228663445
2017-07-15 09:10:00,ARG,org,5.000164031982422,-0.0004907227121293,5.008757591247559,5.46863317489624,-0.0479614995419979,-0.4067685604095459,-0.0051448559388518,5.584333419799805,-0.026738591492176,-0.6841558814048767,1.0918141829709846,-0.0095755273148834,-0.0812114836242562,-0.0010271720318449,2.096525775053529,0.9967590211667736,1.2535877461922378,0.794940483958048,75427,74402,ARG_org_3aer-ARG_org,141.63973284954326,22.125976204165703,0.24984988673271652
2017-07-15 09:12:00,ARG,org,1.2095741033554075,0.0001845167134888,1.1903579235076904,1.2778880596160889,-0.0189487840980291,-0.0701052248477935,0.0015238511841744,1.581239938735962,-0.0173645820468664,-0.5497199296951294,1.0735326431304808,-0.0159185586657742,-0.0588942468529704,0.0012801623882639,2.0414760798828357,0.9947227294958794,1.2480676366529886,0.7972364018657683,75610,74453,ARG_org_3aer-ARG_org,125.16811609914608,23.209946961037566,0.2502678157154944
2017-07-15 09:14:00,ARG,org,-2.4436826705932617,0.0174094680696725,-2.452458381652832,-2.6771724224090576,0.0366330072283744,0.1936267614364624,-0.0055458997376263,-2.2796592712402344,-0.0059054032899439,-0.3740384876728058,1.0916280035451804,-0.0149372598311444,-0.0789521074657726,0.0022613637517366,2.04657541539211,0.995112153566815,1.244439162369595,0.800042633210576,75902,74696,ARG_org_3aer-ARG_org,112.2879376682234,24.208881575767663,0.25151648516607983
2017-07-15 09:16:00,ARG,org,-5.228898525238037,-0.0032741941977292,-5.224648952484131,-5.554152011871338,0.0491824820637702,0.3098424971103668,-0.0295211151242256,-5.2209062576293945,0.005010399967432,-0.2120382487773895,1.063067179290984,-0.0094135479733211,-0.0593039858913937,0.0056503545737308,1.9987178422209069,0.9969385971294606,1.2425190843441871,0.8033377732414935,76588,75248,ARG_org_3aer-ARG_org,102.22314919092523,25.082711064753347,0.2535720134283141
2017-07-15 09:18:00,ARG,org,-7.340665817260742,-0.0299098007380962,-7.338705062866211,-8.088215827941895,-0.0764744952321052,0.8502108454704285,-0.0242252498865127,-7.449581623077393,0.0145072480663657,-0.0713883116841316,1.1021312503298588,0.0104207067662812,-0.1158529820429501,0.0033010249468099,2.065453435981104,1.0034349955854536,1.245301812269699,0.806360280200987,77314,75937,ARG_org_3aer-ARG_org,94.19766864154613,25.776690707313712,0.25623481809001336
2017-07-15 09:20:00,ARG,org,-9.00944709777832,-0.0137417502701282,-9.016319274902344,-9.805237770080566,-0.1933356374502182,1.0240436792373655,-0.0417883396148681,-9.215699195861816,0.0224666316062212,0.0462455675005912,1.0874990986529454,0.0214428636102044,-0.1135767079506293,0.0046347456874794,2.0434737276465773,1.0070704787319755,1.2448939527877254,0.8097825654621372,77871,76456,ARG_org_3aer-ARG_org,87.9322166656888,26.41550698988261,0.25808223477715003
2017-07-15 09:22:00,ARG,org,-10.183600425720217,-0.0171114783734083,-10.193768501281738,-11.338302612304688,-0.3480302691459656,1.5199545621871948,-0.0273872334510087,-10.46405029296875,0.0280784107744693,0.1323857009410858,1.1122781048988344,0.0341414755865504,-0.1491062449775428,0.002686664492158,2.0770645039907385,1.0112815355879368,1.244901743965599,0.8128166634931896,78639,77008,ARG_org_3aer-ARG_org,82.69054686810036,26.900392473941757,0.2601855263517018
2017-07-15 09:24:00,ARG,org,-11.024942398071287,-0.0393433049321174,-11.022814750671388,-12.060033798217772,-0.5080648064613342,1.5614722967147827,-0.016188969835639,-11.363591194152832,0.0332508571445941,0.2099083065986633,1.0940974454258063,0.0460921149573063,-0.1416582390261734,0.0014686786430606,2.05865822171904,1.0153255977460731,1.246057789895868,0.8150935674557999,79486,77822,ARG_org_3aer-ARG_org,77.99672323175022,27.23265283813182,0.2628995059908841
2017-07-15 09:26:00,ARG,org,-11.712014198303224,-0.0275278948247432,-11.68613052368164,-13.0416898727417,-0.6379885077476501,2.1104516983032227,-0.1169017255306243,-12.101754188537598,0.0378960184752941,0.2771956026554107,1.1159974519646554,0.0545936576258327,-0.1805945679780126,0.0100034583875245,2.1140623705635617,1.0184793892480228,1.2505708030815623,0.8162353101900987,80272,78520,ARG_org_3aer-ARG_org,73.89329499509623,27.508947743502638,0.2656612489423838
2017-07-15 09:28:00,ARG,org,-12.294268608093262,-0.0388107784092426,-12.272017478942873,-13.561389923095703,-0.872962474822998,2.29707932472229,-0.134744718670845,-12.729662895202637,0.041793942451477,0.3345456421375274,1.1050660452654877,0.0711343890308508,-0.187180271416688,0.0109798371203495,2.1100935743957328,1.0243251586650262,1.2526297581641492,0.8197646608041713,81045,79192,ARG_org_3aer-ARG_org,70.43602575169625,27.801856865553226,0.2682507028030241
2017-07-15 09:30:00,ARG,org,-12.904929161071776,-0.0818446576595306,-12.85865879058838,-14.6345853805542,-1.0516639947891235,2.981349229812622,-0.1537595242261886,-13.389190673828123,0.0462731085717678,0.3998671174049377,1.1381112590988487,0.0817864525664592,-0.2318553763042693,0.0119576646389613,2.185383372719867,1.0284886255811752,1.2573084675013293,0.8202509552791902,82026,80066,ARG_org_3aer-ARG_org,67.50962323776149,28.027690367940398,0.27120520483637656
2017-07-15 09:32:00,ARG,org,-12.617738723754885,-0.0832381695508956,-12.554616928100586,-14.13998317718506,-1.1817030906677246,2.875339984893799,-0.108272947371006,-13.112712860107422,0.0443998202681541,0.3942399322986603,1.1262774097333903,0.094124991424219,-0.2290265565058807,0.0086241553482714,2.1588852211122704,1.0326807390783808,1.255794738323904,0.8239493352961188,82737,80703,ARG_org_3aer-ARG_org,65.15187598962024,28.26115785850259,0.2735746062938399
2017-07-15 09:34:00,ARG,org,-12.91330337524414,-0.086038552224636,-12.837353706359863,-14.479988098144531,-1.3396021127700806,3.0956060886383057,-0.1133719459176063,-13.437925338745115,0.0471659041941165,0.4338354766368866,1.1279571934470805,0.1043518850127352,-0.2411404876639506,0.0088314092041349,2.1851582967597616,1.0368202450308035,1.2598644287185463,0.8246423893015399,83817,81646,ARG_org_3aer-ARG_org,62.94734139393608,28.349994608742684,0.276926567318977
2017-07-15 09:36:00,ARG,org,-13.236554145812988,-0.0971705988049507,-13.16816234588623,-15.066040992736816,-1.547582507133484,3.5809922218322754,-0.135528489947319,-13.791664123535156,0.0500206872820854,0.472738653421402,1.1441264503844275,0.1175245615479977,-0.2719431473617352,0.0102921354293099,2.2335678767939973,1.0421364357668557,1.2638004090098058,0.8265946259870511,84561,82294,ARG_org_3aer-ARG_org,61.18272483600731,28.50614343745569,0.27935055541908893
2017-07-15 09:38:00,ARG,org,-13.467733383178713,-0.1048943176865577,-13.413260459899902,-15.490435600280762,-1.6400749683380127,3.881092071533203,-0.1638406664133072,-14.047842979431152,0.0522782430052757,0.5044847130775452,1.154859909684557,0.1222726668326931,-0.2893474048609223,0.0122148283436721,2.270220377217952,1.044358581185046,1.2669917823739898,0.8266681507416036,85399,82777,ARG_org_3aer-ARG_org,59.60831885487295,28.68135480534552,0.2814248478397336
2017-07-15 09:40:00,ARG,org,-13.595440864562988,-0.0653065294027328,-13.523494720458984,-14.964362144470217,-1.7201462984085083,3.3353376388549805,-0.174326404929161,-14.197800636291504,0.0536819286644458,0.523338258266449,1.1065452759234082,0.1271968993703034,-0.246632808219873,0.0128906329261612,2.1817193962798567,1.045857205519105,1.2649083344610044,0.8293329957529189,86345,83635,ARG_org_3aer-ARG_org,58.06706888489319,28.752626371909276,0.28420364911706103
2017-07-15 09:42:00,ARG,org,-13.845308303833008,-0.1322833150625229,-13.756597518920898,-15.648859024047852,-1.8749688863754272,3.983489990234375,-0.216259092092514,-14.478835105895996,0.0566006712615489,0.5610584020614624,1.1375530380332668,0.1362959715110527,-0.2895694002647104,0.0157203907203908,2.259679880388896,1.0500502296053031,1.2698288081110645,0.8300338681586951,87036,84318,ARG_org_3aer-ARG_org,56.64469370249216,28.8469029404108,0.28686474794617756
2017-07-15 09:44:00,ARG,org,-14.067010879516602,-0.1512413322925567,-13.96835708618164,-15.859910011291504,-2.0178003311157227,4.129963397979736,-0.2206106930971145,-14.727277755737305,0.0587216429412364,0.5850194692611694,1.1354169824963023,0.1444550772468601,-0.2956656616311561,0.0157936018879937,2.274969234221879,1.0536790990539977,1.2729171149167309,0.8309280331276009,87801,84983,ARG_org_3aer-ARG_org,55.54911300386355,29.025181700395517,0.2891471519419198
2017-07-15 09:46:00,ARG,org,-14.276695251464844,-0.1251179426908493,-14.182353019714355,-15.770305633544922,-2.088181972503662,3.8227038383483887,-0.1465681791305542,-14.964032173156738,0.0605021603405475,0.6054534316062927,1.111966949687899,0.1472380159354833,-0.2695395109830072,0.0103345453596249,2.216672144418368,1.0541139231281953,1.269493896390204,0.8323920195918044,88367,85508,ARG_org_3aer-ARG_org,54.656564887263556,29.31568515562394,0.2908018095472038
2017-07-15 09:48:00,ARG,org,-14.522052764892578,-0.1250012069940567,-14.416790008544922,-16.103984832763672,-2.1787807941436768,4.122711181640625,-0.2567322254180908,-15.237504005432127,0.0629587098956108,0.6326474547386169,1.1170301417114832,0.1511280174122523,-0.2859660237609049,0.0178078646371694,2.244767150423016,1.0562233638339502,1.2728966486706412,0.8333525505785843,88729,85792,ARG_org_3aer-ARG_org,54.079047390910034,29.64129417048928,0.2920573023281203
2017-07-15 09:50:00,ARG,org,-14.759264945983888,-0.1301129609346389,-14.661340713500977,-15.698720932006836,-2.2529540061950684,3.4652905464172363,-0.1749549210071563,-15.504209518432615,0.0656730756163597,0.6617938280105591,1.0707562921671685,0.1536662872546224,-0.2363556587103818,0.0119330792885911,2.145813918263987,1.0563156296155,1.2683138771894653,0.8352159404773085,89164,86021,ARG_org_3aer-ARG_org,53.63796872793922,29.979551595288648,0.2932769726247987
2017-07-15 09:52:00,ARG,org,-14.88113784790039,-0.1194290295243263,-14.7772798538208,-16.163055419921875,-2.4002530574798584,3.9877641201019287,-0.2017359733581543,-15.647622108459473,0.0671630799770355,0.6793453097343445,1.093777454546533,0.1624286131581359,-0.2698578346921837,0.0136517669875147,2.2061536878398584,1.0605114784699328,1.2726953610438474,0.8360275444539792,90012,86816,ARG_org_3aer-ARG_org,52.97194476140858,30.1624071779256,0.2962144163323235
2017-07-15 09:54:00,ARG,org,-15.035333633422852,-0.129042699933052,-14.964500427246094,-16.233915328979492,-2.5588696002960205,4.000377178192139,-0.1720930337905883,-15.827640533447266,0.0695350989699363,0.7042190432548523,1.0848283717792009,0.1709959536419878,-0.2673244093275851,0.0115000839063964,2.1991387163218508,1.0640787402081628,1.2739822309344049,0.8375674345764675,91083,87727,ARG_org_3aer-ARG_org,52.28827422511043,30.300979800915165,0.29952373154289147
2017-07-15 09:56:00,ARG,org,-15.134870529174805,-0.1296589821577072,-15.0534086227417,-16.161163330078125,-2.648478984832764,4.038541793823242,-0.2823069393634796,-15.949838638305664,0.0710676908493042,0.7216455936431885,1.0735883433953295,0.1759388411979028,-0.2682808737903733,0.0187536891971409,2.1981580717584226,1.0666653261545596,1.277039249590849,0.8391037341575192,92412,88894,ARG_org_3aer-ARG_org,51.61273497291255,30.32865511097193,0.30373031469199485
2017-07-15 09:58:00,ARG,org,-15.39869499206543,-0.1365486681461334,-15.286127090454102,-16.254152297973633,-2.84304428100586,4.095666885375977,-0.2845980823040008,-16.250316619873047,0.0743317827582359,0.762940526008606,1.0633269660768967,0.185988558373675,-0.2679335906778691,0.0186180662272974,2.2015738051067277,1.0714553183421998,1.2806797230139553,0.8404925464635742,93347,89717,ARG_org_3aer-ARG_org,50.94585900915411,30.441899467260903,0.3067479325309097
2017-07-15 10:00:00,ARG,org,-15.700016021728516,-0.1520244181156158,-15.58355712890625,-16.58036231994629,-3.1347382068634038,4.36173152923584,-0.2301895916461944,-16.59052085876465,0.0781717598438263,0.811262845993042,1.0639651330035491,0.2011567582979179,-0.2798932045381352,0.0147713132366679,2.241097116063085,1.079268808541925,1.2876476604675116,0.8413068583358375,94320,90505,ARG_org_3aer-ARG_org,50.35083121901422,30.574354768487538,0.30954038046889926
2017-07-15 10:02:00,ARG,org,-15.896204948425291,-0.191404178738594,-15.76637077331543,-16.401412963867188,-3.254779100418091,4.09949254989624,-0.2096687853336334,-16.820531845092773,0.0814388990402221,0.8497738838195801,1.0402784569859935,0.2064380578396119,-0.2600149962893937,0.013298481463788,2.203077358272693,1.0815242682568318,1.288000412397416,0.8425234216313908,95050,91074,ARG_org_3aer-ARG_org,49.867397495718606,30.759213396188304,0.311826196129807
2017-07-15 10:04:00,ARG,org,-16.17265510559082,-0.1850878596305847,-16.0441837310791,-16.79584503173828,-3.3550474643707275,4.312682628631592,-0.2059801965951919,-17.134016036987305,0.0839097797870636,0.88182532787323,1.0468491146376755,0.2091129415339032,-0.2688003629231796,0.0128383067516009,2.2373266620783414,1.0837522960443575,1.2922881970973683,0.8413957589931962,95865,91726,ARG_org_3aer-ARG_org,49.41839051532331,30.92338960545996,0.3142757717186604
2017-07-15 10:06:00,ARG,org,-16.398305892944336,-0.1896502375602722,-16.254125595092773,-16.78022575378418,-3.496455669403076,4.271199703216553,-0.248644158244133,-17.394182205200195,0.0867316499352455,0.912742793560028,1.0323672092806964,0.215111876627451,-0.2627763839801604,0.015297298072013,2.222361291215649,1.0867570579648291,1.2941374202700475,0.8430727880905466,97057,92867,ARG_org_3aer-ARG_org,48.85921616036985,30.931683006009138,0.3182827724555801
2017-07-15 10:08:00,ARG,org,-16.558622360229492,-0.2156044989824295,-16.387062072753906,-16.899215698242188,-3.5734639167785645,4.358341693878174,-0.2727205157279968,-17.586654663085938,0.0890380293130874,0.9414081573486328,1.0312537304224847,0.2180661979105926,-0.2659623571679402,0.0166424288348628,2.2345584580459854,1.088728472604933,1.2967899700757046,0.8431956608708224,98300,93905,ARG_org_3aer-ARG_org,48.277586749698045,30.95379522316349,0.3220543682960779
2017-07-15 10:10:00,ARG,org,-16.95458984375,-0.2069136798381805,-16.786996841430664,-17.184104919433594,-3.7934978008270255,4.453890323638916,-0.2632837295532226,-18.02945899963379,0.093066468834877,0.9881556034088136,1.0236557121432186,0.2259783740393856,-0.2653178768986715,0.0156837907160673,2.224717732762508,1.0922738851622602,1.297427924207164,0.845321438369478,99128,94652,ARG_org_3aer-ARG_org,47.890779850885195,31.102732145662245,0.32464041049155273
2017-07-15 10:12:00,ARG,org,-17.29485511779785,-0.2171105295419693,-17.120960235595703,-17.38701629638672,-3.9536094665527344,4.46390438079834,-0.2442452013492584,-18.41095924377441,0.0963884145021438,1.022658109664917,1.0155394163384623,0.2309221625939136,-0.260727436688176,0.0142658577558,2.2068200838000385,1.0941688663962907,1.2966882542325802,0.8469513654870441,99737,95211,ARG_org_3aer-ARG_org,47.5197361932066,31.29795961142314,0.32673858456835614
2017-07-15 10:14:00,ARG,org,-17.752761840820312,-0.2235963940620422,-17.59235382080078,-17.824878692626953,-4.189343929290772,4.684420108795166,-0.2625516951084137,-18.92070770263672,0.100696787238121,1.06811261177063,1.0132173269522582,0.2381343637000068,-0.2662758838973793,0.0149241932451142,2.2271401255109358,1.0986647515832508,1.301378824873588,0.8475568511953491,99979,95243,ARG_org_3aer-ARG_org,47.30370083697778,31.61457353493628,0.3273663309588144
2017-07-15 10:16:00,ARG,org,-18.06596565246582,-0.1973631680011749,-17.912811279296875,-17.892227172851562,-4.302282810211182,4.55772876739502,-0.2760313749313354,-19.270809173583984,0.1035497337579727,1.0935523509979248,0.9988508305975512,0.2401790915794268,-0.2544396413659654,0.0154097191889873,2.208411725752282,1.0999373642495975,1.3026426754675704,0.847836440451823,100182,95274,ARG_org_3aer-ARG_org,47.04967843638852,31.93485490422586,0.3279429023717896
2017-07-15 10:18:00,ARG,org,-18.363832473754883,-0.2215063720941543,-18.21511459350586,-18.014162063598633,-4.466830730438232,4.5791916847229,-0.3133155107498169,-19.608057022094727,0.1061847880482673,1.121753215789795,0.988967727813186,0.2452265986820151,-0.2513951755733197,0.0172008490781186,2.206301626932592,1.103082381144262,1.3056683038767414,0.8487260067785765,100406,95432,ARG_org_3aer-ARG_org,46.75615662023118,32.25461759221966,0.3287292911924452
2017-07-15 10:20:00,ARG,org,-18.59543228149414,-0.2054473459720611,-18.458532333374023,-18.41647148132324,-4.6370768547058105,4.809911251068115,-0.214895099401474,-19.8729190826416,0.108579121530056,1.1439573764801023,0.9977212966387424,0.2512159421448474,-0.2605792866752736,0.0116420478916836,2.2256228031686613,1.105967491583744,1.3064166393536254,0.8492041095757825,100800,95595,ARG_org_3aer-ARG_org,46.489511629117935,32.57215726891506,0.3293450967548241
2017-07-15 10:22:00,ARG,org,-18.8444938659668,-0.222393125295639,-18.70313262939453,-18.52040100097656,-4.890445232391357,4.8798112869262695,-0.172094464302063,-20.15982437133789,0.111306220293045,1.170462727546692,0.9902300339352816,0.2614773489595077,-0.260908755028843,0.0092013721340536,2.229510139100351,1.1116641560188916,1.3098302131649406,0.8508189176476086,101100,95751,ARG_org_3aer-ARG_org,46.19201346078469,32.832894808238784,0.3301280739103142
2017-07-15 10:24:00,ARG,org,-19.14097595214844,-0.2316619455814361,-18.99437522888184,-18.68038558959961,-5.158609390258789,4.980420112609863,-0.1358008831739425,-20.5001277923584,0.1149578243494033,1.2088408470153809,0.9834693684657192,0.2715861368072408,-0.2622050372457062,0.0071495319727462,2.242969751706719,1.1179957027352798,1.3149424398499376,0.851889998154132,101444,95921,ARG_org_3aer-ARG_org,45.94731876524198,33.052457186840726,0.33099634269494255
2017-07-15 10:26:00,ARG,org,-19.466028213500977,-0.2977930009365082,-19.29839515686035,-18.619043350219727,-5.255209445953369,4.828463554382324,-0.25260791182518,-20.872907638549805,0.1179322823882103,1.24055278301239,0.9647973218122072,0.2723133350804761,-0.2502002373051145,0.0130895804124311,2.208366181689551,1.118296345981781,1.3148465886675826,0.8535674530679999,101785,96190,ARG_org_3aer-ARG_org,45.661175315062735,33.22616286896988,0.3322126013264554
2017-07-15 10:28:00,ARG,org,-19.740463256835938,-0.3005802035331726,-19.526708602905277,-18.92452812194824,-5.38154935836792,5.058435916900635,-0.2790643870830536,-21.19251823425293,0.1214368343353271,1.2779593467712402,0.9691613429915614,0.2755994298690454,-0.2590521940630936,0.0142914212024867,2.236785439359055,1.1212724665318434,1.319015151102588,0.8534535988651166,102488,96666,ARG_org_3aer-ARG_org,45.328855586615745,33.331210479832976,0.33383484811266684
2017-07-15 10:30:00,ARG,org,-19.93438148498535,-0.305788904428482,-19.695955276489254,-19.235313415527344,-5.581847667694092,5.298096656799316,-0.1768896281719207,-21.42576026916504,0.1241743341088295,1.3107730150222778,0.9766125076538564,0.2834007022262879,-0.2689942242566264,0.0089810143764821,2.264259577133566,1.125894164073792,1.3217275547979404,0.8539719414116904,103172,97056,ARG_org_3aer-ARG_org,44.93031131340227,33.387138962259485,0.3357214989492071
2017-07-15 10:32:00,ARG,org,-20.133468627929688,-0.2978899478912353,-19.910118103027344,-18.92844009399414,-5.658789157867432,4.939844131469727,-0.2627297341823578,-21.66923141479492,0.1276149898767471,1.3503477573394775,0.9506946474962658,0.284216779267221,-0.2481072183588483,0.0131957915953616,2.229432134528128,1.1273208716859413,1.3245981815316272,0.8542291558976614,103787,97549,ARG_org_3aer-ARG_org,44.527075348423594,33.41541133914752,0.33785037801250034
2017-07-15 10:34:00,ARG,org,-20.34671401977539,-0.3021230399608612,-20.112943649291992,-19.03703498840332,-5.850409030914307,4.996726512908936,-0.2222276329994201,-21.9250602722168,0.1311586797237396,1.3880813121795654,0.946506589576572,0.2908778165035516,-0.2484333912962309,0.0110489852161073,2.2422113148740164,1.132099184556194,1.3289190832140452,0.8545755696526354,104685,98190,ARG_org_3aer-ARG_org,44.09112567959941,33.425980510550914,0.34021295613963265
2017-07-15 10:36:00,ARG,org,-20.623220443725582,-0.3220929205417633,-20.3823356628418,-18.93490982055664,-6.149188041687012,4.9065351486206055,-0.2047745436429977,-22.25416755676269,0.1361440420150756,1.4478007555007937,0.9289861832998504,0.3016920326437077,-0.2407248843655603,0.0100466684220021,2.2283038319910693,1.1389457814731765,1.333085856451499,0.8568392211159043,105338,98983,ARG_org_3aer-ARG_org,43.59046142908112,33.37273494600582,0.34307704904609837
2017-07-15 10:38:00,ARG,org,-20.934913635253903,-0.3455266654491424,-20.652711868286133,-19.090879440307617,-6.35415506362915,5.043138980865479,-0.2508149743080139,-22.62194061279297,0.1420813053846359,1.51944899559021,0.924376422369978,0.3076669343551136,-0.2441877646538431,0.0121444079287517,2.2560793248445585,1.1449980657051102,1.3409753841483665,0.8569024756239958,105783,99337,ARG_org_3aer-ARG_org,43.231773090806996,33.45050542490966,0.3443632468135047
2017-07-15 10:40:00,ARG,org,-21.201868057250977,-0.4107475578784942,-20.897584915161133,-19.481639862060547,-6.532644271850586,5.343442916870117,-0.2267464995384216,-22.938655853271484,0.1473898887634277,1.5788705348968506,0.9322435223381594,0.3126027932810267,-0.255696685674998,0.0108503700558118,2.280410800203192,1.148219797056041,1.3427998700431762,0.8578329223981058,106390,99777,ARG_org_3aer-ARG_org,42.83164252317584,33.45942048378526,0.34624819181746225
2017-07-15 10:42:00,ARG,org,-21.519027709960938,-0.4306049942970276,-21.18104553222656,-19.10501289367676,-6.736652374267578,4.859437942504883,-0.1988131999969482,-23.31045913696289,0.1519684791564941,1.6320031881332395,0.9019864888259896,0.3180510636278389,-0.2294239275902657,0.0093863751364372,2.217527944314432,1.1507441086766503,1.3422009658977174,0.8597277730106266,106617,99883,ARG_org_3aer-ARG_org,42.47402442873049,33.55328726759554,0.3470277573077868
2017-07-15 10:44:00,ARG,org,-21.75053024291992,-0.4755968451499939,-21.371675491333008,-19.45054817199707,-6.861066818237305,5.085766315460205,-0.1458282470703125,-23.588890075683597,0.1555068343877792,1.6725668907165527,0.910108721094562,0.3210355096727278,-0.2379676664529155,0.0068234356856256,2.239545589709797,1.1528118342963605,1.3435331300589284,0.8597756488343462,106954,99934,ARG_org_3aer-ARG_org,42.14678980004556,33.650909696752066,0.3474780971096373
2017-07-15 10:46:00,ARG,org,-22.021818161010746,-0.4735806286334991,-21.62969017028809,-19.530418395996094,-6.989856719970703,5.148548603057861,-0.2579622864723205,-23.91158103942871,0.1593936383724212,1.715995192527771,0.902944903440967,0.3231603104849264,-0.2380315181706429,0.0119263042447494,2.2658113433241893,1.1576214555644913,1.3524937316443766,0.8590041569905281,107034,99926,ARG_org_3aer-ARG_org,41.88397431499151,33.78026829050516,0.3475053904309615
2017-07-15 10:48:00,ARG,org,-22.166732788085938,-0.4816872477531433,-21.787256240844727,-19.711536407470703,-7.109518051147461,5.208712100982666,-0.174915999174118,-24.09137916564941,0.161417469382286,1.735911846160889,0.9047277092746728,0.3263154462458515,-0.2390715185485106,0.0080283630279863,2.2636848537936576,1.1587431216323207,1.351221702943103,0.859627059283182,107303,99789,ARG_org_3aer-ARG_org,41.62149071456681,33.898702924842866,0.34765379786566225
2017-07-15 10:50:00,ARG,org,-22.26803398132324,-0.4395014643669128,-21.904447555541992,-19.46567916870117,-7.283803462982178,5.035916805267334,-0.1908813416957855,-24.2241268157959,0.1633272022008896,1.7496006488800049,0.8886633603718447,0.3325262292440452,-0.2299038653284681,0.0087142757125782,2.2434378541908035,1.1631982154122842,1.3540233771167147,0.8613399512275609,107841,100105,ARG_org_3aer-ARG_org,41.318168638970924,33.872453741195294,0.34910716722617974
2017-07-15 10:52:00,ARG,org,-22.548200607299805,-0.4787981808185577,-22.13045310974121,-19.685834884643555,-7.420177459716797,5.146368026733398,-0.1708115041255951,-24.55777359008789,0.1674047261476516,1.7937902212142944,0.8895358790963138,0.3352925983863725,-0.2325468684728259,0.0077183909901396,2.254522532643833,1.1655701040609596,1.3561232812029744,0.861510082659639,108083,100129,ARG_org_3aer-ARG_org,41.07640210509172,33.9041803012439,0.3497297961188897
2017-07-15 10:54:00,ARG,org,-22.848217010498047,-0.5147545337677002,-22.420833587646484,-19.523073196411133,-7.593239784240723,4.924170970916748,-0.2286945432424545,-24.91384506225586,0.1718771308660507,1.8431363105773928,0.8707558001993612,0.3386689313326645,-0.2196248224715172,0.0102000909394915,2.24565494550762,1.1703751912921452,1.3630046688764466,0.8613896496475247,108290,100143,ARG_org_3aer-ARG_org,40.895242388297916,33.97239973130557,0.3500214934905429
2017-07-15 10:56:00,ARG,org,-23.066648483276367,-0.5336795449256897,-22.61819267272949,-19.888214111328125,-7.817904949188232,5.280857563018799,-0.1929355263710022,-25.17864418029785,0.1757849305868148,1.8865700960159304,0.8793014368890204,0.3456466917401372,-0.233478230641421,0.0085301020122634,2.277759124654158,1.1756195361192094,1.3662406530119195,0.8627712237573631,108797,100374,ARG_org_3aer-ARG_org,40.61188545421702,33.957158873986685,0.3513332787466907
2017-07-15 10:58:00,ARG,org,-23.29916381835937,-0.5546550750732422,-22.823205947875977,-19.792560577392575,-7.930675506591797,5.154410362243652,-0.2543770670890808,-25.461427688598636,0.1799268275499344,1.9366347789764404,0.86721223006385,0.3474830090006988,-0.2258407878824337,0.0111455488178849,2.2698263721547463,1.1784774905584146,1.370358218254898,0.8630029381251134,109145,100584,ARG_org_3aer-ARG_org,40.353663256469936,33.981514040213,0.35226125167171596
2017-07-15 11:00:00,ARG,org,-23.55875396728516,-0.602716863155365,-23.038026809692383,-19.79302978515625,-8.065262794494629,5.052606582641602,-0.2323398292064666,-25.771146774291992,0.1838069409132003,1.979169487953186,0.8591461493917908,0.3500847852452924,-0.219315993383167,0.0100850587460838,2.2579901853679383,1.1805035906739942,1.371632687364806,0.8634029689075433,109370,100612,ARG_org_3aer-ARG_org,40.095835539110944,34.01808301766337,0.3529128797183329
2017-07-15 11:02:00,ARG,org,-23.78782844543457,-0.5891685485839844,-23.251781463623047,-19.605663299560547,-8.2070894241333,4.771761894226074,-0.2107930779457092,-26.050323486328125,0.1871626824140548,2.015160322189331,0.8431896155743701,0.3529660651175216,-0.2052213545850873,0.0090656738931955,2.220271345214092,1.1816917481271871,1.3707009892001647,0.8645755601489211,109442,100617,ARG_org_3aer-ARG_org,39.834061666856876,34.10013647238101,0.3529623488632332
2017-07-15 11:04:00,ARG,org,-24.078533172607425,-0.6288499236106873,-23.53850555419922,-20.105545043945312,-8.468317031860352,5.257350444793701,-0.2219929844141006,-26.400129318237305,0.1919465661048889,2.0651965141296387,0.8541555559490844,0.3597644294862056,-0.22335103902491,0.00943105358962,2.269038972895284,1.1883355477766675,1.376787643666873,0.8657286515423323,109699,100659,ARG_org_3aer-ARG_org,39.47777551133477,34.13706729688239,0.353402453669587
2017-07-15 11:06:00,ARG,org,-24.37246322631836,-0.6502456665039062,-23.808874130249023,-20.046056747436523,-8.755873680114746,5.193679332733154,-0.2006210535764694,-26.754175186157227,0.1965130716562271,2.1137940883636475,0.8419574338811527,0.3677567641628177,-0.2181405126161836,0.0084263145722131,2.274674597256128,1.1966000017757998,1.384539508789791,0.8666312182286968,110115,100857,ARG_org_3aer-ARG_org,39.113903963268996,34.1383402504316,0.3542775457845465
2017-07-15 11:08:00,ARG,org,-24.63345718383789,-0.6707190275192261,-24.05252456665039,-20.19106674194336,-8.969644546508789,5.367694854736328,-0.2595149278640747,-27.072948455810547,0.2014083266258239,2.161232709884644,0.8394570361760554,0.3729190022112199,-0.2231655447193395,0.0107895063320642,2.300299663580908,1.2032593764032002,1.3920604758801591,0.8674633831913544,110829,101261,ARG_org_3aer-ARG_org,38.61799203748425,34.052204314854066,0.3561283741368487
2017-07-15 11:10:00,ARG,org,-24.87021255493164,-0.7133638858795166,-24.267671585083008,-19.92543601989746,-9.110426902770996,5.032205104827881,-0.2640196681022644,-27.367870330810547,0.2068133205175399,2.221518516540528,0.821068977454427,0.3754140389958729,-0.2073624944777123,0.0108794780274124,2.268302817132368,1.2059182571196356,1.394458724436905,0.8679271315429159,111851,101809,ARG_org_3aer-ARG_org,38.06198842206884,33.91739122179037,0.358717827997489
2017-07-15 11:12:00,ARG,org,-24.973316192626957,-0.6846661567687988,-24.364578247070312,-19.911136627197266,-9.233824729919434,4.97057056427002,-0.1901930719614029,-27.507776260375977,0.2093810737133026,2.2465341091156006,0.8172164310397535,0.3789854746258794,-0.2040080333825535,0.0078061277169205,2.2660317603450872,1.2088644231584549,1.396075731412899,0.868160049519905,112978,102481,ARG_org_3aer-ARG_org,37.46976692411679,33.74591729207346,0.36191626409017713
2017-07-15 11:14:00,ARG,org,-25.23604393005371,-0.7072504758834839,-24.593713760375977,-20.224170684814453,-9.31496524810791,5.153595924377441,-0.2081833332777023,-27.82725715637207,0.2141418159008026,2.2949883937835693,0.8223306119762935,0.3787537620028997,-0.2095492713320117,0.0084648973528184,2.2773642184381377,1.2086878498753009,1.3960017573731374,0.8682696811292105,113766,103289,ARG_org_3aer-ARG_org,36.911756661683114,33.617384968104254,0.3648247086437949
2017-07-15 11:16:00,ARG,org,-25.437664031982425,-0.7287285327911377,-24.763681411743164,-20.26541519165039,-9.424749374389648,5.108615875244141,-0.182131141424179,-28.08081817626953,0.2179157733917236,2.3334009647369385,0.818352343692397,0.3805875695927258,-0.206294681336887,0.0073547680517642,2.27349887013378,1.2104399174627525,1.3973004504326114,0.868404391454015,114833,103993,ARG_org_3aer-ARG_org,36.36715883306769,33.52206311554109,0.367627391577281
2017-07-15 11:18:00,ARG,org,-25.581262588500977,-0.7286481857299805,-24.91041755676269,-20.338605880737305,-9.458783149719238,5.135756969451904,-0.2487822473049163,-28.26941680908203,0.2200894653797149,2.354931116104126,0.8164700116367671,0.3797119734333355,-0.206169063351492,0.0099870782813893,2.283339102548522,1.2116560387248496,1.4008464123253777,0.8678623390198039,116209,105195,ARG_org_3aer-ARG_org,35.744035553492644,33.32127371851959,0.3720693796228063
2017-07-15 11:20:00,ARG,org,-25.73830223083496,-0.7558733820915222,-25.0578727722168,-20.318580627441406,-9.623602867126465,5.108602046966553,-0.2242892235517501,-28.470094680786133,0.2224637866020202,2.377460241317749,0.8108661659539464,0.3840551554500371,-0.2038721715068993,0.0089508501029158,2.274406026811967,1.2148221727431674,1.4018527031230414,0.8692074452395492,117581,106487,ARG_org_3aer-ARG_org,35.203330228245335,33.1689010641897,0.3764550751931003
2017-07-15 11:22:00,ARG,org,-25.95844268798828,-0.7468813061714172,-25.268199920654297,-20.239660263061523,-9.75632095336914,4.986056804656982,-0.2582794427871704,-28.745119094848636,0.2266612201929092,2.421901226043701,0.8009933198115712,0.3861104881774272,-0.1973253270896886,0.0102215191006902,2.2699339319978438,1.2184458464513743,1.4065490570495671,0.8692920660826207,119056,107691,ARG_org_3aer-ARG_org,34.67104690783065,33.02514631664724,0.3809891781980949
2017-07-15 11:24:00,ARG,org,-26.23397254943848,-0.7856858372688293,-25.512561798095703,-20.348487854003903,-9.909045219421388,5.021340847015381,-0.2763702273368835,-29.083295822143555,0.2317093163728714,2.474125385284424,0.7975869842273232,0.3883986443513832,-0.1968183378567368,0.0108327092780303,2.268705888265123,1.2207483444896794,1.408281270072502,0.8700564878029944,120560,108758,ARG_org_3aer-ARG_org,34.20786755581493,32.90838722027054,0.38550451704467914
2017-07-15 11:26:00,ARG,org,-26.507408142089844,-0.7962047457695007,-25.778888702392575,-20.386001586914062,-10.205747604370115,5.077479362487793,-0.2646158933639526,-29.41727066040039,0.2366456389427185,2.5215861797332764,0.7908023000673166,0.3958955754364869,-0.1969627052683326,0.0102648297645291,2.28312176499979,1.2295447742242729,1.4162000741822909,0.8713066003825697,122140,109966,ARG_org_3aer-ARG_org,33.7854671632142,32.86992393699509,0.3898868009498076
2017-07-15 11:28:00,ARG,org,-26.85264587402344,-0.8047456741333008,-26.105287551879883,-20.96576499938965,-10.44492530822754,5.6058735847473145,-0.3004744052886963,-29.83328056335449,0.24277164041996,2.5863139629364014,0.8031231568141187,0.4001076571916792,-0.2147409109859757,0.0115100969801777,2.3395304666631054,1.2357996081200806,1.423002034736243,0.8719788325663511,123726,111371,ARG_org_3aer-ARG_org,33.387958431689505,32.854897479482204,0.39516635279347145
2017-07-15 11:30:00,ARG,org,-27.11854362487793,-0.8257296085357666,-26.34980583190918,-20.48049736022949,-10.547500610351562,4.985722064971924,-0.3075272738933563,-30.15496063232422,0.2472485452890396,2.6306231021881104,0.7772542885774945,0.4002876181607204,-0.189212857596826,0.011670950858611,2.2585684438753457,1.233424131987674,1.4182244134434827,0.8732497943035982,125557,112978,ARG_org_3aer-ARG_org,33.01801401800931,32.87212654021958,0.40089283277382026
2017-07-15 11:32:00,ARG,org,-27.16405868530273,-0.8198540806770325,-26.40589714050293,-20.83390045166016,-10.614053726196287,5.418983459472656,-0.3769285380840301,-30.229888916015625,0.2493266314268112,2.645451307296753,0.788986620666364,0.4019576033472929,-0.2052186274419533,0.0142744034282964,2.3049894367280466,1.2370372265042904,1.4230541136531183,0.873672162974084,127668,114669,ARG_org_3aer-ARG_org,32.60807402439822,32.909778438287546,0.4070406534021125
2017-07-15 11:34:00,ARG,org,-27.317459106445312,-0.7506979703903198,-26.582077026367188,-20.52231979370117,-10.7564115524292,5.048954010009766,-0.3522930741310119,-30.42469787597656,0.2521530985832214,2.6651716232299805,0.7720361905644609,0.4046490738181841,-0.1899382934458892,0.0132530290632441,2.2619629071317227,1.2385074909122955,1.4224997067757894,0.8747316832889297,129596,116870,ARG_org_3aer-ARG_org,32.10659028212994,32.92213183672433,0.4141522694396681
2017-07-15 11:36:00,ARG,org,-27.508399963378903,-0.7284432053565979,-26.78962135314941,-20.72685432434082,-10.893462181091309,5.199416160583496,-0.3687213957309723,-30.662492752075195,0.2551215887069702,2.687546491622925,0.7736896420709624,0.4066299473556957,-0.1940831812020491,0.013763591775391,2.273004037482372,1.240822383414773,1.42441388633619,0.8753626380197735,131839,118850,ARG_org_3aer-ARG_org,31.607014048450147,32.98788333171194,0.4213747645951036
2017-07-15 11:38:00,ARG,org,-27.742921829223636,-0.7859933972358704,-26.99842071533203,-20.88168716430664,-10.868844032287598,5.2223639488220215,-0.4702562689781189,-30.94674301147461,0.2579006254673004,2.708235025405884,0.7734409726799921,0.4025733133929788,-0.1934322091344022,0.0174179230614313,2.2868190457680053,1.2401934864622253,1.4283010128875095,0.8737080563492423,134385,120949,ARG_org_3aer-ARG_org,31.08800490109013,33.040477173843925,0.42930518027238734
2017-07-15 11:40:00,ARG,org,-27.91662979125977,-0.7244722247123718,-27.20522689819336,-20.88443374633789,-11.081360816955566,5.179413795471191,-0.4188461303710937,-31.16381072998047,0.2596875131130218,2.715396881103516,0.7676626014593192,0.4073246485645739,-0.190383044933644,0.0153957949097509,2.270761298419409,1.2430624881106298,1.4277634542446105,0.8754226029727616,137097,123606,ARG_org_3aer-ARG_org,30.570882241872674,33.09063296869301,0.43803733726357164
2017-07-15 11:42:00,ARG,org,-28.042081832885746,-0.7339231371879578,-27.321651458740234,-21.086057662963867,-11.112900733947754,5.310143947601318,-0.4328396022319793,-31.32199478149414,0.2609929144382477,2.714486122131348,0.7717708935373842,0.4067433446099608,-0.1943566042325468,0.0158423660852018,2.281006900787013,1.2427135068138773,1.427833026279755,0.8752740481997859,139925,126246,ARG_org_3aer-ARG_org,30.096513773733918,33.15948009413529,0.44761729304839104
2017-07-15 11:44:00,ARG,org,-28.312833786010746,-0.7512532472610474,-27.590721130371094,-21.553884506225582,-11.271793365478516,5.659854888916016,-0.4248990416526794,-31.648122787475582,0.2634801566600799,2.7312450408935547,0.78120046827735,0.4085355884599269,-0.2051361248365247,0.0154000680992478,2.31444996977371,1.2453618994818525,1.430564969285236,0.8753521768586255,142938,129316,ARG_org_3aer-ARG_org,29.625648676904937,33.26808188511873,0.4576578236305576
2017-07-15 11:46:00,ARG,org,-28.485576629638672,-0.7134178876876831,-27.78755569458008,-21.602230072021484,-11.362245559692385,5.671177387237549,-0.4942566454410553,-31.86488342285156,0.265453040599823,2.742189407348633,0.777406637654455,0.4088969120026084,-0.2040905273433279,0.0177869776862645,2.3075984004329264,1.2459674798370757,1.4312463827380073,0.8761167708030445,146233,132427,ARG_org_3aer-ARG_org,29.175409929928737,33.37904571960007,0.46843186222331396
2017-07-15 11:48:00,ARG,org,-28.73713111877441,-0.7200525999069214,-28.041099548339844,-21.69619369506836,-11.474494934082031,5.638258457183838,-0.5086668729782104,-32.168609619140625,0.2679110169410705,2.76054310798645,0.7737283660515111,0.4092028228652237,-0.2010712413601925,0.0181400524434577,2.3040216035871746,1.2469653570288832,1.432730247202059,0.8760376862301519,149268,135234,ARG_org_3aer-ARG_org,28.763460801342532,33.584490412555155,0.4783717486830973
2017-07-15 11:50:00,ARG,org,-28.86436080932617,-0.7003136277198792,-28.173337936401367,-21.792442321777344,-11.637411117553713,5.745529174804688,-0.4890144169330597,-32.33405303955078,0.2692603468894958,2.769005298614502,0.773512998367982,0.4130646721492784,-0.2039350147629942,0.0173573442457337,2.3115155239655585,1.2507269364981182,1.4348802005231758,0.8771396907515405,152659,138451,ARG_org_3aer-ARG_org,28.365540847463862,33.7518156157068,0.4894477196430034
2017-07-15 11:52:00,ARG,org,-29.07681655883789,-0.6746161580085754,-28.432361602783203,-21.94517707824707,-11.83315372467041,5.758327484130859,-0.4123592674732208,-32.59362030029297,0.2713220119476318,2.78470230102539,0.7718379888824792,0.4161860504341661,-0.202527204918313,0.0145031656016676,2.306467794154369,1.2527176764040704,1.434649898769273,0.8777697010472132,155961,141913,ARG_org_3aer-ARG_org,27.992888118365308,33.95843136675522,0.5006755097027757
2017-07-15 11:54:00,ARG,org,-29.32223129272461,-0.6569092273712158,-28.68277359008789,-21.794490814208984,-11.988333702087402,5.46854829788208,-0.3685015439987182,-32.88639450073242,0.2726658880710602,2.791988611221313,0.7598458930201946,0.4179627669765856,-0.1906561439127585,0.0128474839159783,2.272937246035787,1.2533509632992528,1.4336057095892552,0.878319865387375,159569,145515,ARG_org_3aer-ARG_org,27.600174779658296,34.12220008470404,0.5131434400502197
2017-07-15 11:56:00,ARG,org,-29.62200355529785,-0.650397777557373,-28.976852416992188,-21.861064910888672,-11.984292984008787,5.279966354370117,-0.4114603996276855,-33.23948669433594,0.2751928567886352,2.810293436050415,0.7544320094802911,0.4135816148862593,-0.182213248609225,0.0141996242426745,2.248419875902132,1.2486768585628951,1.4304452149469296,0.8773774474025353,162889,148843,ARG_org_3aer-ARG_org,27.259069418799246,34.39143401505697,0.5243678184448266
2017-07-15 11:58:00,ARG,org,-29.786346435546875,-0.6724596619606018,-29.1156005859375,-22.04847526550293,-11.98798942565918,5.317422866821289,-0.3965508639812469,-33.43893051147461,0.2754786610603332,2.8036396503448486,0.7572737303166993,0.4117378221665512,-0.1826314331597291,0.0136198806764786,2.2321028512018426,1.2439411071002764,1.4239523082338574,0.8777987648168726,166244,152043,ARG_org_3aer-ARG_org,26.934896300865873,34.67473548199578,0.5355495510248642
2017-07-15 12:00:00,ARG,org,-30.01672744750977,-0.6952140927314758,-29.33450126647949,-22.542150497436523,-11.919822692871094,5.513401031494141,-0.3859317600727081,-33.708984375,0.2749117910861969,2.791289091110229,0.7684517408500754,0.4063413574539851,-0.1879493377335568,0.0131562394294962,2.241576852455568,1.23789197844738,1.4192554537471334,0.8762392889642673,169274,155245,ARG_org_3aer-ARG_org,26.682131128814447,35.02207210871878,0.5463986462512623
2017-07-15 12:02:00,ARG,org,-30.253387451171875,-0.6870654225349426,-29.58465576171875,-22.863399505615234,-11.974140167236328,5.650449752807617,-0.3975668847560882,-33.98159408569336,0.2732800543308258,2.7661843299865723,0.7728127768769837,0.4047415403201491,-0.1909925946608427,0.0134382774637099,2.238345193093741,1.234902909468227,1.4155728623695474,0.8764534496507769,172392,158618,ARG_org_3aer-ARG_org,26.44928930275312,35.41325696994241,0.5574302655640164
2017-07-15 12:04:00,ARG,org,-30.569772720336918,-0.6431471109390259,-29.943099975585938,-23.08956527709961,-12.052704811096191,5.6031880378723145,-0.404011607170105,-34.3414192199707,0.2714718282222748,2.736973285675049,0.771114896650541,0.402520338790527,-0.1871278828657707,0.0134926474247027,2.2335755984064973,1.233356993677526,1.4153508055313142,0.8755082854994864,175177,161744,ARG_org_3aer-ARG_org,26.270812937225415,35.8914974328451,0.5677471410245913
2017-07-15 12:06:00,ARG,org,-30.947559356689453,-0.6400129795074463,-30.31643867492676,-23.283891677856445,-12.072053909301758,5.382587432861328,-0.3430759608745575,-34.77552795410156,0.2702970206737518,2.716585397720337,0.7680286783190436,0.3982016974974813,-0.1775468760723746,0.0113165002558496,2.20428787725836,1.227404125005213,1.409231750695412,0.8743616855328445,177703,164336,ARG_org_3aer-ARG_org,26.116086718797895,36.46874136103544,0.5766703512650455
2017-07-15 12:08:00,ARG,org,-31.353286743164062,-0.6026455163955688,-30.759286880493164,-23.880931854248047,-12.204277992248535,5.67864990234375,-0.3527281582355499,-35.238037109375,0.2695427536964416,2.6976938247680664,0.7763811415655409,0.3967672836147381,-0.184615795605043,0.0114673704247639,2.2300683434391653,1.2274490820259591,1.4110673923906063,0.8733144554916736,179967,166594,ARG_org_3aer-ARG_org,25.95716331457761,37.108924520125825,0.5844830644941182
2017-07-15 12:10:00,ARG,org,-31.651744842529297,-0.5931352972984314,-31.07198715209961,-23.88580894470215,-12.328033447265623,5.544296741485596,-0.4024398922920227,-35.581932067871094,0.2688932418823242,2.677273988723755,0.7687249457319364,0.3967571107337487,-0.1784339115743036,0.0129518551086185,2.20420602542725,1.2262535628188225,1.4087712717209986,0.8743142482146297,182322,169052,ARG_org_3aer-ARG_org,25.79065593369291,37.73135696936661,0.5928723491361664
2017-07-15 12:12:00,ARG,org,-31.95271873474121,-0.5887752771377563,-31.374305725097656,-24.195707321166992,-12.406654357910156,5.581678867340088,-0.3536229133605957,-35.926761627197266,0.2683178782463074,2.65930724143982,0.7711949616877167,0.3954399382262439,-0.1779059982590883,0.0112710983451276,2.193999883651291,1.223169615101794,1.4044056839003474,0.8742920091935575,184373,171207,ARG_org_3aer-ARG_org,25.64592839786305,38.43662024348001,0.6003302491880237
2017-07-15 12:14:00,ARG,org,-32.19801712036133,-0.641356885433197,-31.580760955810547,-24.32009506225586,-12.368422508239746,5.458214282989502,-0.3504542410373688,-36.21217727661133,0.2676879167556762,2.644411325454712,0.770092253661995,0.3916441958562545,-0.1728335284739982,0.0110970789557487,2.173641570130564,1.218264188477218,1.399430435645156,0.8737954850849674,186307,173119,ARG_org_3aer-ARG_org,25.485825220850657,39.18854396113095,0.6069591146046562
2017-07-15 12:16:00,ARG,org,-32.47127151489258,-0.6788017153739929,-31.80337905883789,-24.417558670043945,-12.368398666381836,5.35254430770874,-0.3699655830860138,-36.52635192871094,0.2681077718734741,2.6404762268066406,0.7677661916257265,0.3889020171966387,-0.1683011113018524,0.0116329024794872,2.16179521053814,1.2156204187577786,1.3975362102019666,0.8732244984945009,187928,174663,ARG_org_3aer-ARG_org,25.33999338230874,39.98862814871376,0.612480894675073
2017-07-15 12:18:00,ARG,org,-32.699710845947266,-0.7382808327674866,-31.97369384765625,-24.558103561401367,-12.36418914794922,5.285466194152832,-0.3368724286556244,-36.79341125488281,0.2687755227088928,2.641163825988769,0.768072033740511,0.3866987386133058,-0.1653066957666399,0.0105359234128231,2.149590045169446,1.212453270258601,1.3939206507710966,0.8728641128230651,189535,176073,ARG_org_3aer-ARG_org,25.226859884507817,40.8124826967822,0.6175045716313219
2017-07-15 12:20:00,ARG,org,-32.89750289916992,-0.7901941537857056,-32.13289260864258,-24.298004150390625,-12.2858304977417,4.888776779174805,-0.4378232061862945,-37.02238845825195,0.2691281735897064,2.633847713470459,0.7561725516518373,0.3823444983427792,-0.1521424438043542,0.0136253938097377,2.1190972072709435,1.2090828023295557,1.392427805516557,0.8722526875262628,191249,177296,ARG_org_3aer-ARG_org,25.122299384366954,41.62945350872084,0.6226084227189607
2017-07-15 12:22:00,ARG,org,-33.15293502807617,-0.7982026934623718,-32.36661529541016,-24.80768775939941,-12.430910110473633,5.297403335571289,-0.4254222810268402,-37.31401824951172,0.2699188590049743,2.631292819976806,0.7664591330305435,0.384065782962053,-0.1636687731043482,0.0131438571117517,2.137031873946097,1.209574615134848,1.3913452641381674,0.8731382978584982,192582,178359,ARG_org_3aer-ARG_org,25.02574898405872,42.467478862059004,0.6270401757689894
2017-07-15 12:24:00,ARG,org,-33.39591979980469,-0.8011369705200195,-32.60868835449219,-24.79908943176269,-12.55837059020996,5.131835460662842,-0.3830607831478119,-37.58745193481445,0.2706407904624939,2.625607490539551,0.7605056006109593,0.3851235179342683,-0.1573763167960822,0.0117471982508546,2.1245841728699766,1.2102260901499282,1.3913800539766867,0.8731841099973883,193432,179190,ARG_org_3aer-ARG_org,24.968317070763057,43.3736614718734,0.6298667403586342
2017-07-15 12:26:00,ARG,org,-33.60801315307617,-0.7696722149848938,-32.84564208984375,-24.81915855407715,-12.543645858764648,4.879124164581299,-0.3619557023048401,-37.825225830078125,0.2701953649520874,2.604976177215576,0.7556303362310642,0.3818968926935651,-0.1485471295059512,0.0110199005813218,2.0999877220106486,1.2062142524611257,1.3872041606528829,0.8726708028090564,193958,179685,ARG_org_3aer-ARG_org,24.94523545935759,44.29502329923888,0.6320450885668276
2017-07-15 12:28:00,ARG,org,-33.81764221191406,-0.7617738842964172,-33.06378936767578,-25.10295295715332,-12.497838020324709,4.853930950164795,-0.3169291913509369,-38.0572395324707,0.2689754664897918,2.573700428009033,0.7592279908175822,0.3779916537142904,-0.1468050319502174,0.0095853874183447,2.090531528621712,1.2014951256435855,1.3823127141848608,0.8718935734065562,194493,180060,ARG_org_3aer-ARG_org,24.9666314188385,45.23449289637511,0.6337202161631048
2017-07-15 12:30:00,ARG,org,-34.00796890258789,-0.739273726940155,-33.27944564819336,-25.42397117614746,-12.496843338012695,4.880856037139893,-0.2394895553588867,-38.27254104614258,0.2682114243507385,2.5481762886047363,0.7639541054383353,0.3755123524446908,-0.1466627788689537,0.0071963209859276,2.0885541046662746,1.1984174939491576,1.378977345184382,0.8710745126411171,194900,180358,ARG_org_3aer-ARG_org,25.005699653901697,46.19470842929938,0.6349228281339556
2017-07-15 12:32:00,ARG,org,-34.289520263671875,-0.7562903165817261,-33.53804397583008,-25.41988182067871,-12.54587173461914,4.692091941833496,-0.264384001493454,-38.58818817138672,0.2688744664192199,2.540966272354126,0.7579417114177869,0.3740787446070435,-0.1399035618319579,0.0078831058071276,2.0718972276941163,1.1969363544289844,1.3776370107786808,0.8710299144282038,195081,180440,ARG_org_3aer-ARG_org,25.015769103032795,47.157122506080064,0.6357501569365975
2017-07-15 12:34:00,ARG,org,-34.5154914855957,-0.777449369430542,-33.7525634765625,-25.21327209472656,-12.69440460205078,4.449894428253174,-0.2947837710380554,-38.85079193115234,0.2697650790214538,2.5398006439208984,0.7470031246489862,0.3761018966722135,-0.1318386914047817,0.008733670083582,2.0525050382614967,1.1984352983202302,1.378319214904293,0.8719303941544333,195417,180674,ARG_org_3aer-ARG_org,24.996237823890915,48.05197194238821,0.636845301454734
2017-07-15 12:36:00,ARG,org,-34.796119689941406,-0.7909342050552368,-34.00028991699219,-25.3751163482666,-12.852062225341797,4.523156642913818,-0.2962729036808014,-39.18160629272461,0.2725446224212646,2.5645713806152344,0.7463204372585047,0.3779985690172052,-0.1330328379832303,0.0087138317075204,2.065754217120201,1.2016859402322904,1.3826917293283234,0.8715491265874724,195523,180384,ARG_org_3aer-ARG_org,25.015451055098772,49.02083423310032,0.6364700182865253
2017-07-15 12:38:00,ARG,org,-35.13886642456055,-0.8790746331214905,-34.2775993347168,-25.590970993041992,-13.048818588256836,4.668502330780029,-0.3063153922557831,-39.58588790893555,0.2759191691875458,2.598715305328369,0.7465799330826796,0.3806806280671362,-0.1361968760518373,0.0089363149020215,2.0805468946637005,1.2053668787591303,1.3869475338431918,0.8716230652498984,195270,179658,ARG_org_3aer-ARG_org,25.065458453360733,50.064433639084726,0.6347078932285269
2017-07-15 12:40:00,ARG,org,-35.49539566040039,-0.9647909998893738,-34.54196548461914,-25.97391700744629,-13.219053268432615,4.940915584564209,-0.2899051010608673,-40.00123596191406,0.2794781625270843,2.632901191711426,0.7519526700823717,0.382695441613497,-0.1430409505924384,0.0083928388965696,2.09912510915706,1.207670269056733,1.3891734318245637,0.8717461500830513,194988,178915,ARG_org_3aer-ARG_org,25.12548623150875,51.07655297134401,0.633017413139005
2017-07-15 12:42:00,ARG,org,-35.79292678833008,-1.0207825899124146,-34.78660583496094,-25.84421730041504,-13.281645774841309,4.625083923339844,-0.2858322262763977,-40.34940719604492,0.2829448282718658,2.666741847991944,0.7429357789131208,0.381803385531707,-0.1329558978701126,0.0082167334252848,2.081356715206212,1.2072605227496425,1.389417219913652,0.8712482935244353,194299,178015,ARG_org_3aer-ARG_org,25.168882529875333,52.11274889118731,0.6304552525996889
2017-07-15 12:44:00,ARG,org,-36.08234786987305,-1.0817471742630005,-35.00797653198242,-25.75826835632324,-13.432686805725098,4.466310977935791,-0.2833313345909118,-40.68472671508789,0.285228431224823,2.6842153072357178,0.7357828715934365,0.383703584874987,-0.1275797922131858,0.0080933357447623,2.0630732335811954,1.2078365246777882,1.3883061945815018,0.8723204985259175,193403,176641,ARG_org_3aer-ARG_org,25.21009308585488,53.18211603925764,0.6265915417997217
2017-07-15 12:46:00,ARG,org,-36.38509368896485,-1.1993669271469116,-35.20619201660156,-25.96721839904785,-13.50171947479248,4.569899559020996,-0.3071537911891937,-41.042598724365234,0.2893611490726471,2.725451231002808,0.7375752926697904,0.3835041374312311,-0.1298038548772341,0.0087244247762126,2.071392813262852,1.2084278731720492,1.3897250800463077,0.8720448290357076,192354,175081,ARG_org_3aer-ARG_org,25.26496083204512,54.26991856686354,0.6220949671115479
2017-07-15 12:48:00,ARG,org,-36.69971466064453,-1.2694895267486572,-35.44670104980469,-25.89073371887207,-13.676384925842283,4.4373040199279785,-0.3168870210647583,-41.416446685791016,0.294296383857727,2.7699379920959477,0.7304131000942369,0.3858295246607464,-0.1251824411001583,0.008939816345175,2.066434244857849,1.2113105137320583,1.3926930003184763,0.8723406985661101,191459,173406,ARG_org_3aer-ARG_org,25.337514216525847,55.35085141596156,0.6177485056906575
2017-07-15 12:50:00,ARG,org,-37.02814865112305,-1.3577394485473633,-35.68891143798828,-25.896636962890625,-13.704113960266112,4.244190692901611,-0.332358717918396,-41.80569076538086,0.2992912828922272,2.809633493423462,0.7256212617148747,0.3839879171754057,-0.1189218377282537,0.0093126588379732,2.0560093638204164,1.2101079025661263,1.3925037066633046,0.8716996340270545,190563,171842,ARG_org_3aer-ARG_org,25.38433888183898,56.376354622340955,0.6136988591391687
2017-07-15 12:52:00,ARG,org,-37.39778518676758,-1.4100505113601685,-36.0020866394043,-26.308612823486328,-14.062901496887209,4.69921350479126,-0.3297827839851379,-42.24346923828125,0.30489382147789,2.8507721424102783,0.7307524848132103,0.390613549798635,-0.130526136409926,0.0091601017980806,2.084611700172755,1.2169289645896448,1.398052846798441,0.8731214360575363,189451,169985,ARG_org_3aer-ARG_org,25.431149009526237,57.41189153791587,0.608571126395371
2017-07-15 12:54:00,ARG,org,-37.69206237792969,-1.4771744012832642,-36.23111724853516,-26.31794166564941,-14.24195384979248,4.64213228225708,-0.3133530020713806,-42.59941864013672,0.3101390600204468,2.8882720470428467,0.7263906210737983,0.3930862210470969,-0.1281255684250706,0.0086487263041754,2.081822483026241,1.219446885126918,1.4000082702573386,0.8735668217642598,188285,168259,ARG_org_3aer-ARG_org,25.432847270193058,58.34973144101389,0.6034706869728977
2017-07-15 12:56:00,ARG,org,-37.99103546142578,-1.5256022214889526,-36.48423767089844,-26.261817932128903,-14.390076637268066,4.465225696563721,-0.29756960272789,-42.96158218383789,0.3148301839828491,2.9143731594085693,0.7198126076799062,0.3944190959778019,-0.1223878170121337,0.0081561133544255,2.070914936801424,1.2207312636659595,1.4009077004293882,0.8737851858768724,187144,166328,ARG_org_3aer-ARG_org,25.45157195966491,59.2605447221633,0.5983122492426103
2017-07-15 12:58:00,ARG,org,-38.367431640625,-1.6162009239196775,-36.77318572998047,-26.55781936645508,-14.618410110473633,4.622380256652832,-0.2193384766578674,-43.416015625,0.3212160766124725,2.959223508834839,0.7222060312104781,0.397529130526396,-0.1256997938835288,0.0059646321466547,2.0973316892349065,1.2261081763439774,1.4075540329613647,0.8728693675411755,186219,164629,ARG_org_3aer-ARG_org,25.469113017010272,60.117062504251166,0.5935495646715249
2017-07-15 13:00:00,ARG,org,-38.724979400634766,-1.7831366062164309,-36.97851943969727,-26.637460708618164,-14.611745834350586,4.544332027435303,-0.273642897605896,-43.85094451904297,0.3284490704536438,3.015420913696289,0.7203496284943443,0.3951414561780101,-0.1228911349608569,0.0074000502885024,2.087334358742222,1.2236429068706969,1.4056832050934926,0.8726932476708184,185172,162761,ARG_org_3aer-ARG_org,25.489128172741832,60.94084818061754,0.5885736510275936
2017-07-15 09:04:00,ML,mid,0.999970018863678,-0.0017982132267206,0.9950522780418396,0.9994137287139891,0.0065721748396754,-0.0102304415777325,-0.000703087716829,1.017185091972351,0.0052934172563254,0.0199970882385969,1.0043830422002649,0.0066048533442581,-0.0102813118481345,-0.0007065836963884,0.91477780869536,0.9997071659743028,0.9708708877692204,1.0297229637301435,278254,277894,mid_3aer-mid,285.0789686714561,116.59961062519835,0.9453758290346352
2017-07-15 09:06:00,ML,mid,0.6007794141769409,0.0004809672827832,0.6020092368125916,0.4974429905414581,0.011596743017435,0.0919573530554771,0.0010119798826053,0.5948620438575745,0.0034774697851389,0.0110001256689429,0.8263048161873277,0.0192633999036663,0.1527507798111465,0.0016810040978595,0.9639463038888932,0.9995720739792772,0.9852963605435616,1.0144634899492897,278377,277988,mid_3aer-mid,233.2029760061563,125.57945211205103,0.9457732880264199
2017-07-15 09:08:00,ML,mid,0.5334650278091431,-0.000576481455937,0.5369738936424255,0.1789913177490234,0.3579826354980469,0.0,0.0,0.5178033113479614,0.0006708513246849,-0.0051234662532806,0.3333333333333333,0.6666666666666666,0.0,0.0,1.0030082515283396,0.9990596534584548,0.9967564690297798,1.0022920431835636,278801,278406,mid_3aer-mid,198.71357262186586,133.89223202380703,0.9473392423374001
2017-07-15 09:10:00,ML,mid,0.3793631792068481,0.0012087675277143,0.380418062210083,0.1268060207366943,0.2536120414733886,0.0,0.0,0.3639570474624634,-0.0014489297755062,-0.0170193817466497,0.3333333333333333,0.6666666666666666,0.0,0.0,1.0430040083338052,0.9986635379278488,1.007103070606063,0.9915000781590888,279028,278593,mid_3aer-mid,174.14378440950037,141.3094098474831,0.9482092169546112
2017-07-15 09:12:00,ML,mid,0.0628944635391235,0.0060858526267111,0.0597188360989093,0.0915367752313613,-0.0040226341225206,-0.027762547135353,-3.277684663771652e-05,0.0528925620019435,-0.0024712651502341,-0.0216913688927888,1.5327961306885578,-0.0673595715643104,-0.4648877062514137,-0.0005488528728336,1.080104087445886,0.998308267316683,1.0168986768592316,0.9817094940169044,279472,279034,mid_3aer-mid,155.39198282288623,147.46369341056993,0.9498843445508884
2017-07-15 09:14:00,ML,mid,-0.3661190867424011,0.0025869745295494,-0.3703111112117767,-0.5465224385261536,0.0163447577506303,0.158351257443428,0.0015153076965361,-0.3706438243389129,-0.0032523036934435,-0.0213000178337097,1.4758466704027513,-0.0441379140807236,-0.4276167711593893,-0.0040919851626383,1.1223570060139278,0.9982754013003364,1.0264139483160368,0.9724818236849024,280040,279629,mid_3aer-mid,140.9382651486286,152.7051624741798,0.9520115177815989
2017-07-15 09:16:00,ML,mid,-0.9148301482200624,0.0091783301904797,-0.9229050874710084,-1.3027225732803345,0.0193254966288805,0.3553047478199005,0.0051871808245778,-0.904551923274994,-0.0035162169951945,-0.0172443743795156,1.4115455533284986,-0.020939848776217,-0.3849852132399187,-0.0056204913123628,1.157958964626181,0.9989127710718736,1.03523989450371,0.9647216567236432,280383,279941,mid_3aer-mid,128.97753775005603,157.9306624084922,0.9532090122547012
2017-07-15 09:18:00,ML,mid,-1.6631722450256348,0.0023901015520095,-1.6688134670257568,-2.3096277713775635,0.0056202826090157,0.6298403739929199,0.0053533446043729,-1.6379796266555786,-0.0020200568251311,-0.0082266516983509,1.3839937494689802,-0.0033678315765196,-0.3774180431824405,-0.00320787471002,1.1967628787432665,0.9997814784724838,1.0442107628408992,0.957318940783132,280827,280385,mid_3aer-mid,118.92985854578768,162.3961121004664,0.954865375692568
2017-07-15 09:20:00,ML,mid,-2.4509437084198,0.006790499202907,-2.456447124481201,-3.379760503768921,-0.018032131716609,0.940468966960907,0.0008759190677665,-2.4193239212036133,-0.0004107115091755,0.0073156175203621,1.3758732125473594,0.0073407375860955,-0.3828573705401625,-0.0003565795932924,1.233588547141402,1.0005601729185525,1.0521747384384674,0.9509276273403052,281282,280773,mid_3aer-mid,110.81817745135089,166.02893290858918,0.9563392150440787
2017-07-15 09:22:00,ML,mid,-3.3781466484069824,0.0017596748657524,-3.3822546005249023,-4.632754802703857,-0.0888005271553993,1.3262501955032349,0.0130513394251465,-3.334764242172241,0.0021112298127263,0.0307830274105072,1.3697240770606909,0.0262548371320812,-0.3921201449965786,-0.0038587691961932,1.273538827222202,1.0023200906979337,1.0606096108224232,0.9448269322407647,281584,281058,mid_3aer-mid,104.092530908242,169.34913855412276,0.9574684762138704
2017-07-15 09:24:00,ML,mid,-4.185300827026367,0.0025312439538538,-4.191686630249023,-5.671979427337647,-0.1752115041017532,1.6429768800735474,0.0125270634889602,-4.134520530700684,0.0041227131150662,0.0496264025568962,1.3531495967415084,0.0417997669748668,-0.3919608138590553,-0.0029885498573198,1.3093377107193331,1.0041715326324732,1.0686472607597295,0.9394796028055632,282136,281552,mid_3aer-mid,98.38196686307255,172.35724646122353,0.9592084254482929
2017-07-15 09:26:00,ML,mid,-5.087559223175049,0.0057668914087116,-5.096037864685059,-6.810569763183594,-0.2894479036331177,1.984047532081604,0.0199341773986816,-5.029377937316895,0.0068660513497889,0.0715355798602104,1.3364445323260936,0.0567986253751795,-0.3893314567154642,-0.003911700985809,1.343994675014435,1.006302229896593,1.0765263406431116,0.9344982737685626,282519,281918,mid_3aer-mid,93.2964266537157,175.04527386324116,0.9605065640437784
2017-07-15 09:28:00,ML,mid,-5.953501224517822,0.0084031866863369,-5.9599690437316895,-7.929373264312744,-0.4153373539447784,2.3567323684692383,0.0280091241002082,-5.892087936401367,0.0097591113299131,0.0933995470404625,1.3304386854426375,0.0696878412603132,-0.395426984934794,-0.0046995417681567,1.378949276405234,1.008450862107567,1.083834514575486,0.9300953104445576,282447,281833,mid_3aer-mid,88.89017106548022,177.60968129873174,0.9603240399574224
2017-07-15 09:30:00,ML,mid,-6.783078670501709,0.0033544467296451,-6.78555154800415,-8.868093490600586,-0.542057454586029,2.610361337661743,0.0142371756955981,-6.721527099609375,0.012962938286364,0.1177014485001564,1.3069080982549257,0.0798840778077934,-0.384694015654377,-0.0020981604083418,1.4120119683798713,1.0106002386497912,1.0919858597169876,0.925299220637331,282576,281890,mid_3aer-mid,84.8916366749896,180.19902595568198,0.960576503179672
2017-07-15 09:32:00,ML,mid,-6.306110382080078,0.0050519243814051,-6.309526920318604,-8.11861515045166,-0.584113597869873,2.3941478729248047,-0.0009451218065805,-6.204139232635498,0.0056837075389921,0.0656480342149734,1.2867234830482068,0.0925764466767285,-0.3794497225781474,0.0001497928532121,1.4469177990462532,1.013378676412306,1.1004338250419796,0.9209033574743564,282814,282052,mid_3aer-mid,81.88717818074628,182.4879235570393,0.9613731269958241
2017-07-15 09:34:00,ML,mid,-7.1227240562438965,-0.0020551984198391,-7.123047828674316,-9.084161758422852,-0.7594442367553711,2.7273027896881104,-0.0067464234307408,-7.043959617614746,0.0088653704151511,0.0921306163072586,1.2753192275853764,0.1066178775153895,-0.382884231122349,0.0009471260215829,1.4837475802411153,1.016630017976866,1.1086355282021636,0.91709971261638,283179,282303,mid_3aer-mid,78.97357548729879,184.37281048167756,0.9624256256993913
2017-07-15 09:36:00,ML,mid,-7.873037338256836,-0.0100265135988593,-7.870839595794678,-9.903178215026855,-0.9239470958709716,2.9528369903564453,0.0034501424524933,-7.817800998687744,0.0114605743438005,0.1134090051054954,1.2582114068473629,0.1173886702241755,-0.375161732127021,-0.0004383449445172,1.5091639120692522,1.019384156248931,1.1151980002191473,0.91403987198877,283388,282361,mid_3aer-mid,76.37200552825661,186.02082560527023,0.9628640246731626
2017-07-15 09:38:00,ML,mid,-8.60304069519043,-0.017788503319025,-8.591185569763184,-10.779828071594238,-1.1035813093185425,3.291853427886963,0.000369418063201,-8.572171211242676,0.0139151411131024,0.1296114027500152,1.254754308643775,0.1284550402040401,-0.3831663491890568,-4.299965875814715e-05,1.5490636486409797,1.022654980193081,1.1232930941626382,0.9104034137846084,283280,282232,mid_3aer-mid,74.12772505100936,187.45939971382722,0.9624955648352849
2017-07-15 09:40:00,ML,mid,-9.48580837249756,-0.0168519001454114,-9.480731964111328,-11.72758674621582,-1.3174623250961304,3.561229467391968,0.0030886144377291,-9.467303276062012,0.0174291785806417,0.1534543186426162,1.236991792668302,0.1389621030872762,-0.3756281176461101,-0.0003257781094681,1.5832301718309183,1.0261438917758252,1.131804258155176,0.9066077416719824,283341,282203,mid_3aer-mid,72.00971392543414,188.54736577242886,0.9625757389666749
2017-07-15 09:42:00,ML,mid,-10.459716796875,-0.0249635521322488,-10.450721740722656,-12.709346771240234,-1.584073543548584,3.848222494125366,-0.00552110793069,-10.456901550292969,0.0218616798520088,0.1866127699613571,1.2161216737917997,0.1515755028299003,-0.3682254757396891,0.000528299117989,1.6091089678497428,1.0300878009543324,1.1392633307003135,0.9042323479758796,283600,282435,mid_3aer-mid,70.06644340627732,189.51642515537543,0.9633314228008406
2017-07-15 09:44:00,ML,mid,-11.209650039672852,-0.0241121631115674,-11.193724632263184,-13.378724098205566,-1.8348199129104612,4.052920818328857,-0.03310277312994,-11.229606628417969,0.0250955242663621,0.2125764191150665,1.1951984857682652,0.1639150496539699,-0.3620707976010379,0.0029572621788028,1.6357282356521097,1.034319393841764,1.1471037366103922,0.9020450637599128,283915,282602,mid_3aer-mid,68.09996452259911,190.7019805222708,0.9640427549878545
2017-07-15 09:46:00,ML,mid,-11.99520778656006,-0.0290767084807157,-11.978160858154297,-14.124591827392578,-2.0725371837615967,4.253112316131592,-0.0341430455446243,-12.03842544555664,0.0288448370993137,0.2401102483272552,1.1791954803431208,0.1730263560266411,-0.3550722782284189,0.002850441858657,1.6628286961035357,1.0380129192904255,1.154592856629729,0.8993978446577936,284134,282675,mid_3aer-mid,66.7089705905531,192.03291660366784,0.96458862141434
2017-07-15 09:48:00,ML,mid,-12.804854393005373,-0.0402495600283145,-12.779717445373535,-14.9490385055542,-2.3287224769592285,4.5494065284729,-0.0513655841350555,-12.873273849487305,0.0318780504167079,0.265399307012558,1.1697469969946197,0.1822201806764692,-0.3559864832429184,0.0040193055718296,1.6961898095193693,1.042013798483847,1.1624960247856782,0.8969016476598747,284067,282545,mid_3aer-mid,65.6234937977013,193.361469637695,0.9640256966620269
2017-07-15 09:50:00,ML,mid,-13.47459602355957,-0.0419814176857471,-13.450617790222168,-15.486939430236816,-2.5182790756225586,4.615362644195557,-0.0607638210058212,-13.57562255859375,0.0336837023496627,0.2838524580001831,1.1513923260517718,0.1872240365869416,-0.3431339116753852,0.0045175490366718,1.716492091025157,1.0449058432254903,1.1693105657727856,0.8942401402844042,284093,282523,mid_3aer-mid,64.72482013314686,194.30233078065527,0.9641570457708999
2017-07-15 09:52:00,ML,mid,-14.424349784851074,-0.0576989389955997,-14.394865036010742,-16.446979522705078,-2.798568725585937,4.91515588760376,-0.0644726380705833,-14.545370101928713,0.0382342301309108,0.3184901475906372,1.142558810414798,0.1944143977716429,-0.3414520716021759,0.004478863415735,1.7538566606272838,1.048959338512334,1.1781037180240768,0.8910333275640376,284228,282577,mid_3aer-mid,63.6023406258217,195.2843272469065,0.9645186822784465
2017-07-15 09:54:00,ML,mid,-15.34483814239502,-0.0607405342161655,-15.3071870803833,-17.350032806396484,-3.0885531902313232,5.177133560180664,-0.0457359477877616,-15.496251106262209,0.0423855222761631,0.3514250814914703,1.133456516546878,0.2017714370291907,-0.3382158277503203,0.0029878741742515,1.7862984923369705,1.052993539908337,1.186031089551446,0.8882823302054855,284348,282658,mid_3aer-mid,62.483523177949515,196.11259474225704,0.9649161412702312
2017-07-15 09:56:00,ML,mid,-16.04994773864746,-0.0735663846135139,-16.00763511657715,-17.862194061279297,-3.335719108581543,5.254246711730957,-0.0639671385288238,-16.251296997070312,0.0456560887396335,0.3709193766117096,1.115854796502476,0.2083830050611088,-0.328233841811019,0.0039960402474341,1.7991531749288747,1.0563714581043164,1.1917773866777182,0.8870048546275383,284388,282618,mid_3aer-mid,61.2559619564699,196.72871802984247,0.9649775512432108
2017-07-15 09:58:00,ML,mid,-16.889812469482422,-0.07276002317667,-16.84375,-18.69824981689453,-3.6509971618652335,5.591009616851807,-0.0855126902461052,-17.125093460083008,0.0502165518701076,0.4027113318443298,1.1101001978583105,0.2167567982454527,-0.3319338173307734,0.0050768212270103,1.8355163873483489,1.0610859333620457,1.200050541765118,0.8850200338428097,284255,282482,mid_3aer-mid,60.20315046217462,197.27512739966767,0.9644521548077185
2017-07-15 10:00:00,ML,mid,-17.678333282470703,-0.0787897855043411,-17.62852668762207,-19.308124542236328,-3.9788448810577393,5.74917459487915,-0.0907301530241966,-17.967628479003906,0.0539581254124641,0.433909147977829,1.0952773676659069,0.2257048917077183,-0.3261290391574343,0.0051467797838093,1.8667590541727863,1.066428428273433,1.2092112144379863,0.8827834202408539,284333,282391,mid_3aer-mid,59.20682810823169,197.52888743262798,0.9644811539616256
2017-07-15 10:02:00,ML,mid,-18.265867233276367,-0.0923842266201973,-18.210006713867188,-19.637142181396484,-4.2616400718688965,5.760755062103272,-0.0719761922955513,-18.592191696166992,0.0584343746304512,0.4706819653511047,1.0783712040300306,0.2340273919723685,-0.3163511590585861,0.0039525630561869,1.8943980085248997,1.0717865667545587,1.2183403268494453,0.8803972875871688,284424,282269,mid_3aer-mid,58.49034707067008,197.70505029318986,0.9643088648707661
2017-07-15 10:04:00,ML,mid,-18.94769859313965,-0.1149073243141174,-18.87445068359375,-20.06224250793457,-4.567226409912109,5.846221923828125,-0.0911988615989685,-19.32414054870605,0.0623796246945858,0.5105029940605164,1.0629314492712796,0.2419792539349484,-0.3097425702907154,0.0048318670844874,1.9015489362618088,1.0758947638820544,1.2232848493956805,0.8803697644772938,284529,282219,mid_3aer-mid,57.43930755029646,197.73544154418107,0.9645101531155327
2017-07-15 10:06:00,ML,mid,-19.730722427368164,-0.1150768175721168,-19.6494197845459,-20.756515502929688,-4.8761091232299805,6.076204299926758,-0.0929957702755928,-20.179075241088867,0.0670264810323715,0.5550896525382996,1.0563425881903106,0.2481553643132674,-0.3092307018641579,0.0047327493605799,1.934779353732616,1.0806066680577375,1.2315378223571738,0.8783102588582645,284525,282215,mid_3aer-mid,57.415794885971806,197.78443361545098,0.9645374464368569
2017-07-15 10:08:00,ML,mid,-20.39158058166504,-0.1195303574204444,-20.296531677246094,-21.57114601135254,-5.0595784187316895,6.441180229187012,-0.1069872602820396,-20.886669158935547,0.0687315538525581,0.5725194811820984,1.062799597445905,0.2492828895527293,-0.3173536961536327,0.0052712091549984,1.9969748548773028,1.0844927540569569,1.242247055052301,0.8740077200625814,284763,282219,mid_3aer-mid,58.67145361352627,197.577684945633,0.9648547312972515
2017-07-15 10:10:00,ML,mid,-21.315378189086918,-0.1291047930717468,-21.218982696533203,-22.58396339416504,-5.380579948425293,6.851905345916748,-0.1063462048768997,-21.8373966217041,0.0723983645439148,0.5932469964027405,1.064328248421876,0.2535738566331943,-0.3229139476333901,0.0050118425783196,2.036151441220688,1.0883953047429666,1.2494393347746693,0.8720797588990096,284840,282205,mid_3aer-mid,58.655885741713675,197.3040311611723,0.9650321378858593
2017-07-15 10:12:00,ML,mid,-22.209041595458984,-0.1514295786619186,-22.09733390808105,-22.83980369567871,-5.766057968139648,6.623366832733154,-0.1148414835333824,-22.80067443847656,0.0784317329525947,0.6287490725517273,1.0335998875605237,0.2609390632647198,-0.2997360239612701,0.0051970731360269,2.029738730635831,1.093471929180862,1.256459986085163,0.8713131310975355,284969,282083,mid_3aer-mid,57.43715286765591,196.8865511941221,0.9650321378858593
2017-07-15 10:14:00,ML,mid,-23.084667205810547,-0.186411052942276,-22.942480087280277,-23.416072845458984,-6.116822719573975,6.7557783126831055,-0.1653597056865692,-23.757383346557617,0.0844785645604133,0.6642743349075317,1.0206427847359263,0.2666155985589817,-0.2944659619575264,0.0072075786626181,2.0386949993298646,1.0975011829289203,1.2619200499651733,0.8711668703915677,284873,281877,mid_3aer-mid,56.51354875869151,196.4931211687812,0.9646227380659953
2017-07-15 10:16:00,ML,mid,-24.124818801879883,-0.1911137104034423,-23.98111343383789,-24.2269229888916,-6.602136135101318,6.989483833312988,-0.1415376812219619,-24.89192771911621,0.0905357375741005,0.6920894384384155,1.010250149850358,0.27530562963449,-0.2914578265631176,0.0059020470782695,2.059948384300838,1.1034810061446014,1.26927960454253,0.8706001960711107,284754,281545,mid_3aer-mid,55.67211240847081,196.01458215593468,0.9639114058789814
2017-07-15 10:18:00,ML,mid,-25.12974548339844,-0.1864922791719436,-24.991634368896484,-24.925189971923828,-7.032010078430176,7.154098033905029,-0.1885267943143844,-25.99933624267578,0.0972801074385643,0.7279267311096191,0.9973415854429498,0.2813745613660466,-0.2862597428826929,0.0075435960736964,2.085390411996312,1.109239430961227,1.2784371693607377,0.8692619239009984,284678,281294,mid_3aer-mid,54.71689432880503,195.28804995107845,0.9632836594885231
2017-07-15 10:20:00,ML,mid,-26.096824645996094,-0.1956431269645691,-25.95584487915039,-25.90084648132324,-7.513833522796631,7.608873844146728,-0.150036945939064,-27.065994262695312,0.1029338389635086,0.7638947367668152,0.9978812261549412,0.289485193122831,-0.2931468873624444,0.005780468084672,2.1115573060534474,1.1145091084250671,1.283602923532575,0.8695202582936058,284579,281100,mid_3aer-mid,54.3586624273551,194.45705828863703,0.9627974972024346
2017-07-15 10:22:00,ML,mid,-26.8989200592041,-0.2290538698434829,-26.72559928894043,-26.20443344116211,-7.89928674697876,7.539075374603271,-0.1609599292278289,-27.939472198486328,0.107031263411045,0.7724807262420654,0.980499195021192,0.2955700404832873,-0.2820919226136417,0.0060226871091624,2.124979691050964,1.120315408270805,1.2920772390661337,0.8684045467368348,284794,280986,mid_3aer-mid,54.16294813813538,193.45181952135968,0.9628111438630967
2017-07-15 10:24:00,ML,mid,-27.59641456604004,-0.2402626425027847,-27.410024642944336,-26.477622985839844,-8.353168487548828,7.572530269622803,-0.1517626643180847,-28.75443458557129,0.1124782934784889,0.8053771257400513,0.9659832035612074,0.3047486558371244,-0.2762686170205682,0.0055367576222364,2.1312885327965105,1.1267824523190038,1.2983897970876388,0.8690862470000318,284612,280765,mid_3aer-mid,53.62370311042125,192.63060246655363,0.9622021616310489
2017-07-15 10:26:00,ML,mid,-28.6248836517334,-0.2545797526836395,-28.42682456970215,-26.81885528564453,-8.862812995910645,7.403310298919678,-0.1484636664390564,-29.88825416564941,0.1195224151015281,0.8520523309707642,0.9434348494279337,0.3117764809830268,-0.2604339925247513,0.0052226621137909,2.13271357607749,1.1333161864471977,1.306826915019485,0.8684403401676138,284630,280805,mid_3aer-mid,53.41577849948019,191.63439266150255,0.962362509893829
2017-07-15 10:28:00,ML,mid,-29.240589141845703,-0.2713794410228729,-29.022573471069336,-26.73296546936035,-9.206729888916016,7.092613220214844,-0.1754959672689438,-30.654542922973636,0.1243461146950721,0.8932793736457825,0.9211092943097562,0.3172264571605917,-0.2443826293319471,0.0060468778615992,2.119009172398346,1.1380450130075008,1.312265665407179,0.868663027593689,284525,280587,mid_3aer-mid,52.78970214203626,190.70538896398136,0.9617091760146292
2017-07-15 10:30:00,ML,mid,-30.50324821472168,-0.2851849198341369,-30.28129005432129,-27.88974952697754,-9.726243019104004,7.494265079498291,-0.15956412255764,-32.023345947265625,0.1324349194765091,0.9323430061340332,0.921022399856628,0.3211964787013797,-0.2474882742795902,0.0052693957215823,2.147428117514062,1.142553368699578,1.3186419188665417,0.8677260060021273,284396,280331,mid_3aer-mid,52.22846037458708,189.6172898837358,0.9611923087420509
2017-07-15 10:32:00,ML,mid,-31.41844940185547,-0.2787241637706756,-31.19379425048828,-28.688196182250977,-10.172675132751465,7.805136203765869,-0.138062909245491,-33.041847229003906,0.1394492536783218,0.9628250002861024,0.9196762104085856,0.3261121304132866,-0.2502143136892686,0.0044259728673964,2.1801442630854364,1.1481866729450023,1.3264251705803645,0.866707865089034,284410,280278,mid_3aer-mid,51.67055816326588,188.5050293914303,0.9610711946286743
2017-07-15 10:34:00,ML,mid,-32.500667572021484,-0.2907894849777221,-32.26261138916016,-29.13361930847168,-10.720040321350098,7.753747463226318,-0.1626950800418853,-34.266441345214844,0.1467426866292953,1.0193909406661987,0.903015097164152,0.3322744049055481,-0.2403323393879126,0.0050428373182125,2.1738703836030497,1.1535712592417162,1.33193893528981,0.867336986976468,284441,280288,mid_3aer-mid,51.53244059126067,187.57683084652615,0.9613799503261552
2017-07-15 10:36:00,ML,mid,-33.08259963989258,-0.2872627079486847,-32.836708068847656,-29.54924964904785,-10.979168891906738,7.854921340942383,-0.1632126271724701,-34.934940338134766,0.1494459509849548,1.0286617279052734,0.8998845525910824,0.3343565813556718,-0.2392115654135382,0.004970431466784,2.1870029616690903,1.1564753014771667,1.3362455918413054,0.8667139480535286,284222,279947,mid_3aer-mid,51.56245217465948,187.14598362392223,0.9602455716586151
2017-07-15 10:38:00,ML,mid,-33.83395767211914,-0.2700599730014801,-33.61295700073242,-30.26730155944824,-11.240419387817385,8.041084289550781,-0.1463130265474319,-35.76268005371094,0.1523200720548629,1.0400649309158323,0.9004654999573621,0.33440736072464,-0.2392257360556934,0.0043528753736912,2.208007390507172,1.1584466054124607,1.340731265191509,0.8651443720863211,284083,279636,mid_3aer-mid,50.95345033210798,186.51704243256165,0.9595734736210049
2017-07-15 10:40:00,ML,mid,-34.630882263183594,-0.3155646622180938,-34.367431640625,-30.665021896362305,-11.708171844482422,8.160256385803223,-0.1545037478208542,-36.653114318847656,0.1571612805128097,1.0768942832946775,0.8922695790261905,0.3406763128330222,-0.2374415347856439,0.0044956429264312,2.2012032596478885,1.1625598427770985,1.3427980291909252,0.8669221764913502,284227,279400,mid_3aer-mid,50.39744661684293,185.6881596840687,0.9591674854663064
2017-07-15 10:42:00,ML,mid,-35.27993392944336,-0.3302841484546661,-35.01140213012695,-30.78765296936035,-12.143841743469238,8.093042373657227,-0.1729494333267212,-37.3860969543457,0.1638696491718292,1.1050949096679688,0.8793607900872685,0.3468538993825535,-0.2311544926028754,0.0049398031330533,2.187509190789946,1.1669296917329968,1.345434311188929,0.8685978436133486,284369,279496,mid_3aer-mid,49.95020875170295,184.707773163931,0.9596570594175605
2017-07-15 10:44:00,ML,mid,-35.62373733520508,-0.2895736396312713,-35.3839111328125,-30.90380096435547,-12.416632652282717,8.097790718078613,-0.1612741351127624,-37.79662322998047,0.1670295447111129,1.0994458198547363,0.8733854687420683,0.3509117987050707,-0.2288551043110134,0.0045578368638743,2.2105644243417117,1.1727564544641218,1.3535737171531932,0.8676112845865112,284389,279550,mid_3aer-mid,49.791483229839336,183.92460874551807,0.9598259368432545
2017-07-15 10:46:00,ML,mid,-36.55582809448242,-0.2854707241058349,-36.33311080932617,-31.529312133789062,-12.87022876739502,8.211564064025879,-0.1451309770345688,-38.85608673095703,0.1770711094141006,1.1538716554641724,0.8677846103049763,0.3542286725775867,-0.2260077386762271,0.003994455793664,2.2473520199081527,1.1797116514047046,1.3648466802827175,0.8654292859076547,284588,279870,mid_3aer-mid,49.451041630608444,182.983331385678,0.9607061464559622
2017-07-15 10:48:00,ML,mid,-37.83787155151367,-0.3235836625099182,-37.56793212890625,-32.571319580078125,-13.443666458129885,8.58698558807373,-0.1399320214986801,-40.262603759765625,0.1884074062108993,1.211255431175232,0.8669979673407312,0.3578495069405307,-0.2285722471504427,0.0037247728691807,2.254723977285003,1.182684355396462,1.366951963040378,0.8662061223640745,284971,280068,mid_3aer-mid,48.97899121512358,182.03330198000023,0.9617245285078742
2017-07-15 10:50:00,ML,mid,-38.87586212158203,-0.311682790517807,-38.61587905883789,-33.311668395996094,-14.130885124206545,8.96480655670166,-0.1381303369998932,-41.4391975402832,0.1930046379566192,1.2152214050292969,0.8626418279813861,0.3659345373054962,-0.2321533998775978,0.0035770345907155,2.2772279380646907,1.1907108404381956,1.3743755085540763,0.8673510487595942,285246,280389,mid_3aer-mid,48.417609085970284,181.05497587115053,0.9626405606048201
2017-07-15 10:52:00,ML,mid,-39.74778366088867,-0.3290063738822937,-39.470359802246094,-33.41011047363281,-14.652106285095217,8.783329010009766,-0.1914772540330886,-42.46260070800781,0.1999067813158035,1.2516262531280518,0.8464606712024033,0.3712179040936106,-0.2225297406338273,0.0048511653378134,2.2599620681448944,1.195765636355902,1.3786176313574912,0.8687177698658128,285716,280776,mid_3aer-mid,47.85403804029794,179.87611543215638,0.9641348699473239
2017-07-15 10:54:00,ML,mid,-40.23943710327149,-0.3733879327774048,-39.90280532836914,-33.64897537231445,-14.924132347106934,8.885994911193848,-0.2156970351934433,-43.09762191772461,0.2037428021430969,1.271890640258789,0.8432733672602106,0.3740120267126534,-0.222690954332769,0.0054055603599049,2.2688208327741544,1.1992313542439728,1.3824279033610951,0.8690019181241742,286235,281132,mid_3aer-mid,47.32994367294125,178.68504503505312,0.9655865334752587
2017-07-15 10:56:00,ML,mid,-41.00578308105469,-0.3525726795196533,-40.67960357666016,-34.15044021606445,-15.34233856201172,9.01901912689209,-0.2058449685573578,-43.98171615600586,0.2108716368675232,1.312450885772705,0.8394978535287653,0.3771506567967556,-0.2217086621854306,0.0050601518599097,2.2867453059319667,1.2041778483993304,1.388775380747453,0.8685210813816302,286608,281444,mid_3aer-mid,46.77283468802227,177.73355911312916,0.9665417997216081
2017-07-15 10:58:00,ML,mid,-41.660621643066406,-0.3791005611419678,-41.3299446105957,-34.377254486083984,-15.818657875061035,9.056904792785645,-0.1909346282482147,-44.74526596069336,0.2195392251014709,1.3547219038009644,0.8317759872516045,0.3827408592852392,-0.2191366111121242,0.0046197645752804,2.278934609910218,1.2086622927458266,1.3911073979319477,0.8701750075865714,287004,281882,mid_3aer-mid,46.12156584237955,176.708526123139,0.9681981631594749
2017-07-15 11:00:00,ML,mid,-42.27805709838867,-0.4137724637985229,-41.91286087036133,-34.7276611328125,-16.041778564453125,9.038865089416504,-0.1822956502437591,-45.451881408691406,0.2255643308162689,1.3955011367797852,0.8285679267993531,0.3827411487089664,-0.2156584713487633,0.0043493958404438,2.282437089664369,1.2099787641806907,1.393747306481278,0.8694023718025828,287262,282131,mid_3aer-mid,45.655333604639196,176.14991388483003,0.9689060836813232
2017-07-15 11:02:00,ML,mid,-42.92787170410156,-0.3871743381023407,-42.57735824584961,-35.24767303466797,-16.36214256286621,9.179601669311523,-0.1471372246742248,-46.199588775634766,0.2298692464828491,1.4158577919006348,0.8278503354510081,0.3842920974914666,-0.2155981956155504,0.0034557626730757,2.294551041998559,1.212603470213243,1.397123105009112,0.8689324746737261,287520,282274,mid_3aer-mid,45.23462380466114,175.74761824435433,0.9695457708998607
2017-07-15 11:04:00,ML,mid,-43.7459831237793,-0.4263324439525604,-43.36674118041992,-35.30799865722656,-16.776126861572266,8.875960350036621,-0.1585752815008163,-47.12639617919922,0.2367710322141647,1.4461811780929563,0.8141722955552086,0.3868431698633501,-0.2046720753810755,0.0036566099625167,2.2799781980915537,1.2162784485897993,1.401334286460064,0.8690146731183753,287845,282619,mid_3aer-mid,44.83273099628514,175.211084426299,0.9706016812685936
2017-07-15 11:06:00,ML,mid,-44.482418060302734,-0.4328984022140503,-44.101898193359375,-35.95498275756836,-17.181663513183594,9.200600624084473,-0.1658546328544616,-47.961692810058594,0.2423543930053711,1.4799789190292358,0.8152705871538614,0.3895901618499887,-0.2086214637820026,0.0037607147781525,2.300538519065244,1.22026182558366,1.4058481460306047,0.8691024351436175,288087,282882,mid_3aer-mid,44.937915194609005,174.80772499915452,0.9714443625644804
2017-07-15 11:08:00,ML,mid,-45.07447052001953,-0.4293767809867859,-44.70159149169922,-36.54470443725586,-17.582942962646484,9.56530475616455,-0.1392512172460556,-48.63042068481445,0.2425122112035751,1.4838112592697144,0.8175257310435002,0.3933404495512635,-0.2139813093435013,0.0031151287487375,2.316804213046015,1.2239975854985667,1.4085683325142893,0.8698935348753369,288165,283153,mid_3aer-mid,45.12507442783442,174.44139239688144,0.9719322306831518
2017-07-15 11:10:00,ML,mid,-45.62091064453125,-0.445406436920166,-45.231689453125,-36.62125778198242,-17.811601638793945,9.34176254272461,-0.1406012773513794,-49.236427307128906,0.2413524240255355,1.4739532470703125,0.8096370447000217,0.3937858542067423,-0.2065313666844463,0.0031084677776823,2.2980202672512373,1.2242678258942503,1.408548980509146,0.8700955258480447,288297,283201,mid_3aer-mid,44.81836293254457,174.0777815553298,0.9723638063265918
2017-07-15 11:12:00,ML,mid,-45.90284729003906,-0.408204585313797,-45.5527458190918,-36.60689926147461,-17.97186279296875,9.164137840270996,-0.1381274759769439,-49.56875228881836,0.2392551749944687,1.4543533325195312,0.8036155655770038,0.3945285885997429,-0.2011764071767555,0.0030322530000089,2.2831967488797416,1.2246499854189712,1.4083834708583949,0.8704463763744881,288362,283395,mid_3aer-mid,44.66616541812741,173.78184518193189,0.9727493244902972
2017-07-15 11:14:00,ML,mid,-46.41885757446289,-0.3971259295940399,-46.07078552246094,-37.1550407409668,-18.29310417175293,9.488199234008787,-0.1108434945344924,-50.08319854736328,0.2395657002925872,1.433139681816101,0.806477211609439,0.3970650797210796,-0.2059482297471004,0.0024059384165819,2.2883853178620144,1.226044414181806,1.4079935527879663,0.871491309962677,288531,283653,mid_3aer-mid,44.391384682487285,173.46037613642278,0.9735152433199596
2017-07-15 11:16:00,ML,mid,-47.00423049926758,-0.3976574540138244,-46.64878845214844,-37.71945571899414,-18.442502975463867,9.61672592163086,-0.1035477295517921,-50.69799423217773,0.2441801130771637,1.4145053625106812,0.808583969563987,0.39534804390341,-0.2061517441448697,0.0022197306774726,2.3031736071943145,1.2262464913422368,1.410479402533472,0.8700467382889361,288651,283672,mid_3aer-mid,44.01570794313857,173.23890998107237,0.9738274106826059
2017-07-15 11:18:00,ML,mid,-47.52018737792969,-0.3798208832740783,-47.16995620727539,-37.64705657958984,-18.8173942565918,9.370879173278809,-0.0763723105192184,-51.29561996459961,0.2484692186117172,1.3865948915481567,0.7981153788576123,0.3989275988494042,-0.1986620661774372,0.0016190884704206,2.256507930387313,1.2255482423049318,1.4047954875653414,0.8728835450325025,288695,283569,mid_3aer-mid,44.03389619323282,173.21229742157772,0.9736602390894948
2017-07-15 11:20:00,ML,mid,-47.6047248840332,-0.3938250243663788,-47.25348281860352,-38.02672576904297,-18.90269470214844,9.78034210205078,-0.1044061034917831,-51.42433166503906,0.2451647818088531,1.3317641019821167,0.8047390279753047,0.4000276056939308,-0.2069761238143351,0.0022094901450996,2.277098723569845,1.2269459974998436,1.406151768385182,0.8732132691597779,288671,283418,mid_3aer-mid,44.08407384207035,173.22852662474224,0.9734777150031387
2017-07-15 11:22:00,ML,mid,-48.02793884277344,-0.3990437388420105,-47.671024322509766,-37.99678802490234,-19.019699096679688,9.41910171508789,-0.073634497821331,-51.958229064941406,0.2464258074760437,1.336090922355652,0.7970626365831258,0.3989782009175583,-0.1975854762015203,0.0015446387008361,2.2679177962720547,1.227457660261333,1.4083938382518189,0.8719912544380963,288804,283528,mid_3aer-mid,43.71071917818787,173.08934819492413,0.9738239990174404
2017-07-15 11:24:00,ML,mid,-48.619625091552734,-0.4002829492092132,-48.239166259765625,-38.199615478515625,-19.28670883178711,9.344074249267578,-0.0969133153557777,-52.67130279541016,0.2492554187774658,1.3543826341629028,0.7918797720950815,0.3998142788765144,-0.193703068461871,0.002009017490275,2.2693860387778844,1.2298375889706092,1.4119386647697576,0.8716314946297293,288859,283522,mid_3aer-mid,43.8673203485622,173.1405391917729,0.9739826414476378
2017-07-15 11:26:00,ML,mid,-48.88655090332031,-0.4010851085186004,-48.50156021118164,-38.6990966796875,-19.287389755249023,9.565671920776367,-0.0807446241378784,-53.02121353149414,0.2489708662033081,1.3649005889892578,0.7978938973427571,0.3976653388033374,-0.1972240200214736,0.0016647838753791,2.3105266340285766,1.2320707321829785,1.4188819348440074,0.8688450664278491,289079,283550,mid_3aer-mid,44.543940746174655,173.29810405472608,0.9744483337427332
2017-07-15 11:28:00,ML,mid,-49.45970916748047,-0.4499614536762237,-49.02924728393555,-39.63121032714844,-19.38988876342773,10.086322784423828,-0.0944707617163658,-53.63059616088867,0.2519395649433136,1.3930174112319946,0.8083177089845829,0.3954760255852976,-0.2057205589808519,0.0019268244109715,2.3495849345153004,1.2324100217519651,1.4222927553248532,0.8670836683696667,289371,283610,mid_3aer-mid,45.2627527991519,173.70715794866334,0.9750453751467016
2017-07-15 11:30:00,ML,mid,-50.23198699951172,-0.4383770525455475,-49.81925964355469,-40.31576919555664,-19.672765731811523,10.273601531982422,-0.1043247580528259,-54.42689895629883,0.2542001903057098,1.4182535409927368,0.8092406739586396,0.3948827330397932,-0.2062174719594229,0.00209406496099,2.3494964269995084,1.2317192387495377,1.4216993675850886,0.8670096755169907,289596,283963,mid_3aer-mid,45.062314978761705,174.17298477788796,0.9762019296378176
2017-07-15 11:32:00,ML,mid,-50.55004501342773,-0.4267913103103637,-50.14860916137695,-40.21744537353516,-19.743391036987305,9.872393608093262,-0.0601479262113571,-54.77637100219727,0.2558325827121734,1.4440691471099854,0.8019655521783181,0.3936978237751932,-0.1968627697254389,0.0011993937719276,2.3544501271244447,1.2339094081946582,1.427493623416709,0.8647578119335553,289742,284153,mid_3aer-mid,44.31416045751898,174.72624682758823,0.9767477960643031
2017-07-15 11:34:00,ML,mid,-50.58422470092773,-0.4393325448036194,-50.17735290527344,-39.77138137817383,-19.75489997863769,9.390557289123535,-0.0416234768927097,-54.80986022949219,0.259134441614151,1.4987685680389404,0.7926162958154734,0.3937015197377026,-0.1871473426263708,0.0008295270731947,2.3208710057922595,1.2325697467699364,1.4248654650565162,0.8652970098620683,289764,284299,mid_3aer-mid,43.68560971191294,175.25542195085268,0.9769593193045663
2017-07-15 11:36:00,ML,mid,-50.42262268066406,-0.4447901248931885,-50.0050048828125,-40.19765090942383,-19.35247611999512,9.597978591918944,-0.0528573803603649,-54.59642791748047,0.2568433582782745,1.5090861320495603,0.803872563145891,0.3870107683584253,-0.1919403732562782,0.0010570417519619,2.3337329066078323,1.2262978929525516,1.421071329571059,0.8632596182380672,289872,284301,mid_3aer-mid,43.26268308627529,175.7797637991044,0.9771861950380742
2017-07-15 11:38:00,ML,mid,-50.59891128540039,-0.4361633062362671,-50.18965148925781,-40.68743896484375,-19.32186508178711,9.89488697052002,-0.0752376317977905,-54.76564407348633,0.2561881244182586,1.5101447105407717,0.8106738630218568,0.3849769872300392,-0.1971499167613599,0.0014990665094638,2.35250573088383,1.2252288251635652,1.421563281842034,0.862342945549178,290067,284311,mid_3aer-mid,42.81919885179442,176.15508492502676,0.9776297115095935
2017-07-15 11:40:00,ML,mid,-51.167022705078125,-0.4386714398860931,-50.74797439575195,-41.18039321899414,-19.6633415222168,10.144890785217283,-0.0491337440907955,-55.309547424316406,0.2611449062824249,1.5349363088607788,0.8114686463055699,0.3874704375580237,-0.1999072750148517,0.0009681911512581,2.3549080885588487,1.226895135470418,1.4216695394582035,0.8632900282548713,290287,284474,mid_3aer-mid,42.69718407151257,176.40363681504618,0.9782728103932967
2017-07-15 11:42:00,ML,mid,-51.27963638305664,-0.4709440767765045,-50.83649063110352,-40.800289154052734,-19.719383239746094,9.772521018981934,-0.0893426537513732,-55.42229843139648,0.2648241519927978,1.5793613195419312,0.8025787379966307,0.3878981605248605,-0.1922343494290294,0.0017574509075382,2.338147841199313,1.227836772038658,1.4229931713318789,0.8633901032965849,290506,284758,mid_3aer-mid,42.5685189422757,176.72186889177573,0.9792502524632223
2017-07-15 11:44:00,ML,mid,-51.60122299194336,-0.5564864873886108,-51.09028625488281,-41.03532409667969,-19.902278900146484,9.910937309265137,-0.0636220723390579,-55.78059005737305,0.2699807286262512,1.6271722316741943,0.8031922162214559,0.3895511665368607,-0.1939886698605433,0.0012452871022267,2.347687935001366,1.2299316233132416,1.425015881545764,0.8634810544129871,290635,284926,mid_3aer-mid,42.410280712488884,177.19698984483932,0.97969888643249
2017-07-15 11:46:00,ML,mid,-52.11559295654297,-0.5957874059677124,-51.55857467651367,-41.18049240112305,-20.040679931640625,9.79107666015625,-0.1284859478473663,-56.31663131713867,0.2771527171134949,1.6824893951416016,0.7987126443262919,0.3886972854725135,-0.1899019675958168,0.0024920377970115,2.342077454917196,1.2300821005486162,1.4264243323358532,0.8631171659471042,290562,284584,mid_3aer-mid,42.26428624726664,178.01237225082406,0.9790643167117006
2017-07-15 11:48:00,ML,mid,-51.95893096923828,-0.5853719711303711,-51.39802169799805,-40.89643478393555,-20.1779842376709,9.814557075500488,-0.1381541192531585,-56.167724609375,0.2809115052223205,1.702890157699585,0.7956812058725866,0.3925828822008519,-0.1909520150435748,0.0026879269701363,2.3445852911867755,1.2339394340132976,1.4289963386514335,0.8643297067419744,290429,284483,mid_3aer-mid,42.08006861855456,178.9521472416539,0.9787606785119681
2017-07-15 11:50:00,ML,mid,-52.53752136230469,-0.5883150100708008,-51.97177505493164,-41.08552551269531,-20.551671981811523,9.759482383728027,-0.0940561741590499,-56.76187515258789,0.2861115932464599,1.7148165702819824,0.7905353515514588,0.3954391396318523,-0.1877842462394141,0.0018097550561029,2.324539771814359,1.234877773292382,1.4271443061259204,0.865835989209325,290394,284377,mid_3aer-mid,41.78759274243943,179.81703824969077,0.9785969185840225
2017-07-15 11:52:00,ML,mid,-52.41286087036133,-0.6142086982727051,-51.82343673706055,-40.682952880859375,-20.799488067626957,9.740673065185549,-0.0816760659217834,-56.67612457275391,0.2868184149265289,1.7170463800430298,0.7850298743562225,0.4013529124163889,-0.1879588315289819,0.0015760447563705,2.311357912380623,1.2388394706205454,1.4272579992642556,0.8684724597514658,290408,284363,mid_3aer-mid,41.577020592537686,180.5725196334162,0.9785099211223014
2017-07-15 11:54:00,ML,mid,-53.26050567626953,-0.6113271713256836,-52.66221618652344,-40.96792984008789,-21.19090843200684,9.636383056640623,-0.1397592723369598,-57.60964584350586,0.2949321866035461,1.7486622333526611,0.7779378572914432,0.4023930141252824,-0.182984752145954,0.0026538807292283,2.334026428852072,1.245094906563861,1.4378949306539863,0.866750085100671,290365,284084,mid_3aer-mid,41.372482443293535,181.4902204084803,0.9781022271350202
2017-07-15 11:56:00,ML,mid,-54.151798248291016,-0.6369393467903137,-53.54594802856445,-41.65911483764648,-21.683151245117188,9.89125156402588,-0.0949302017688751,-58.62675094604492,0.3043765723705292,1.787144899368286,0.778006972271444,0.4049447425106775,-0.1847245883664913,0.0017728735843698,2.36037779790272,1.250450632017256,1.4447813702367058,0.8660594929291883,290338,283881,mid_3aer-mid,40.89244654782347,182.292867611129,0.9777508256229701
2017-07-15 11:58:00,ML,mid,-54.801979064941406,-0.6439376473426819,-54.1761474609375,-41.76488494873047,-22.13210868835449,9.814278602600098,-0.0934160500764846,-59.38086318969727,0.3095608651638031,1.8120548725128172,0.7709093004037002,0.4085213801429903,-0.181154983184852,0.0017243026381615,2.3327246399000034,1.2516110101590547,1.4423160034874738,0.8683268311563068,290381,283961,mid_3aer-mid,40.376986100091145,182.69238648185927,0.9779248205464123
2017-07-15 12:00:00,ML,mid,-55.05612182617188,-0.7282880544662476,-54.36035919189453,-42.09016036987305,-22.11491203308105,9.916424751281738,-0.0717093795537948,-59.70018005371094,0.3114294409751892,1.799310326576233,0.7742804912365577,0.4068205218631652,-0.1824201617066412,0.0013191486069183,2.339547060900963,1.2501846159665595,1.4418294595567436,0.8675008053814032,290408,283662,mid_3aer-mid,39.86328825047909,183.0299251534173,0.9776177706815142
2017-07-15 12:02:00,ML,mid,-55.49751281738281,-0.8210747241973877,-54.71221923828125,-42.162105560302734,-22.35480690002441,9.894737243652344,-0.0900399982929229,-60.26952362060547,0.3143911957740783,1.8086918592453003,0.7706159639348993,0.4085889290811441,-0.1808505948785024,0.001645701862459,2.3353875467157708,1.2521430715633717,1.443229151419901,0.8681222366825295,290251,283336,mid_3aer-mid,39.5059516156233,183.63093225775492,0.9767017385845684
2017-07-15 12:04:00,ML,mid,-56.14643096923828,-0.8703292012214661,-55.30454635620117,-42.3354377746582,-22.55435943603516,9.696619987487791,-0.1113559156656265,-61.037376403808594,0.3199273645877838,1.812552809715271,0.7654966762311963,0.4078211546612061,-0.1753313349041463,0.0020135040117437,2.323185668647887,1.2517461773220693,1.4434780809012886,0.8678148017140932,290053,283039,mid_3aer-mid,39.257321284108386,184.26042277829367,0.9760654630311962
2017-07-15 12:06:00,ML,mid,-56.5093002319336,-0.8301683664321899,-55.69542694091797,-42.735008239746094,-22.656469345092773,9.819177627563477,-0.1231218054890632,-61.42276763916016,0.3213507235050201,1.7915730476379397,0.7672984215198994,0.4067922920113728,-0.1763013410812855,0.0022106275500133,2.326980422785016,1.250920592866509,1.4432574103049118,0.8674375053015237,289908,282925,mid_3aer-mid,39.1692096368168,184.8942747354111,0.9756082998990148
2017-07-15 12:08:00,ML,mid,-56.80393981933594,-0.8249117732048035,-55.996917724609375,-42.577598571777344,-22.83343505859375,9.504820823669434,-0.0907131880521774,-61.75893020629883,0.3208708763122558,1.7825214862823486,0.7603559499983691,0.4077623580155574,-0.1697382753809937,0.0016199673670672,2.3324204375396427,1.2549412756912228,1.4495836087735656,0.866246201007509,289875,282734,mid_3aer-mid,39.09022337721139,185.38031035791005,0.9752705450476269
2017-07-15 12:10:00,ML,mid,-56.7885856628418,-0.859696090221405,-55.94782257080078,-42.495513916015625,-22.956506729125977,9.539484024047852,-0.0352867357432842,-61.761226654052734,0.3213938176631927,1.7705447673797607,0.7595561786851277,0.4103198956007315,-0.1705067819979316,0.0006307077120723,2.309154129908088,1.2536331392028457,1.4437843226178997,0.8684978379098076,289905,282294,mid_3aer-mid,38.961824830638065,185.7836712800879,0.9744909795573022
2017-07-15 12:12:00,ML,mid,-56.45346450805664,-0.7571191787719727,-55.719234466552734,-42.299129486083984,-22.966402053833008,9.61042308807373,-0.0641348361968994,-61.45745086669922,0.3198534548282623,1.7332509756088257,0.7591475856233517,0.4121808053054888,-0.1724794269182412,0.0011510359894006,2.3010830980751447,1.2538799527635025,1.4418513313846226,0.8699982905289575,289887,282229,mid_3aer-mid,38.84401040647508,186.06437525506357,0.974441510412402
2017-07-15 12:14:00,ML,mid,-57.13327407836914,-0.7702906727790833,-56.38785934448242,-43.284305572509766,-23.038911819458008,9.997916221618652,-0.0625664815306663,-62.19224548339844,0.3243140876293182,1.7182799577713013,0.7676174078777869,0.4085792167613877,-0.1773061982572144,0.0011095736180398,2.324963783785138,1.251745543138197,1.442494184691894,0.8681175409165629,289859,282311,mid_3aer-mid,38.67294744161692,186.18615047743162,0.9746001528425994
2017-07-15 12:16:00,ML,mid,-56.85074234008789,-0.7845177054405212,-56.08750915527344,-43.27727127075195,-22.897275924682617,10.14447021484375,-0.0574182793498039,-61.85326766967773,0.3250177204608917,1.712637424468994,0.7716028694031125,0.4082420665082779,-0.1808686627672605,0.00102372685587,2.3269008110118845,1.250339620539585,1.440285090852883,0.8684438341824066,289902,282396,mid_3aer-mid,38.47190183369726,186.25519123021644,0.9748236169109419
2017-07-15 12:18:00,ML,mid,-56.94579315185547,-0.7613235712051392,-56.18526458740234,-42.56840896606445,-23.283042907714844,9.829082489013672,-0.1629014462232589,-61.8759765625,0.3293512463569641,1.7140254974365234,0.7576435707862111,0.4143976452332777,-0.174940578182949,0.0028993621634601,2.270032566824298,1.251315808236463,1.4343003263808185,0.8733352511516261,289783,282317,mid_3aer-mid,38.15733839441781,186.47301910913853,0.974434687082071
2017-07-15 12:20:00,ML,mid,-56.68196868896485,-0.857459306716919,-55.84345245361328,-42.88307571411133,-23.06074333190918,10.260154724121094,-0.1597798466682434,-61.58286285400391,0.331415444612503,1.715360164642334,0.7679160446163579,0.4129534218464732,-0.1837306766115058,0.0028612101486747,2.287417366833324,1.2491670933889347,1.4321316512705922,0.8731400152824239,289665,282090,mid_3aer-mid,37.783217370367176,186.57389034229294,0.9739417014656513
2017-07-15 12:22:00,ML,mid,-57.20849990844727,-0.8543879985809326,-56.37430191040039,-42.738311767578125,-23.394268035888672,9.91285228729248,-0.1545685827732086,-62.16226577758789,0.3340701162815094,1.725305438041687,0.758116985739719,0.414981127743142,-0.1758399408097649,0.002741827326904,2.262148162200436,1.2503441852684145,1.431785295387921,0.8741361304480649,289758,282032,mid_3aer-mid,37.402260156645816,186.60646844521602,0.9739127023117443
2017-07-15 12:24:00,ML,mid,-56.553592681884766,-0.8871129155158997,-55.689002990722656,-42.23002243041992,-23.141576766967773,9.87248706817627,-0.1898993551731109,-61.5277214050293,0.3302721381187439,1.6807363033294678,0.7583187184052264,0.4155501887348666,-0.1772789037258317,0.0034099965857387,2.249673545419976,1.2487594193760332,1.4281728929054656,0.8754388047808296,289774,281774,mid_3aer-mid,36.91829879245175,186.62510512129433,0.9734828325008871
2017-07-15 12:26:00,ML,mid,-56.18482971191406,-0.8991044163703918,-55.30520248413086,-42.0792121887207,-23.11411666870117,10.102645874023438,-0.2145234942436218,-61.16071701049805,0.324963241815567,1.6588596105575562,0.7608544627437723,0.4179374160638016,-0.1826707812905847,0.0038789024830107,2.250960382304174,1.2496196454346915,1.4268349603276829,0.8770066833770207,289673,281186,mid_3aer-mid,36.79983322588913,186.60249325764903,0.9723331013401021
2017-07-15 12:28:00,ML,mid,-56.23213577270508,-0.9309094548225404,-55.32950973510742,-42.02348327636719,-23.00395965576172,9.870893478393556,-0.1729521453380584,-61.175289154052734,0.3233141899108886,1.6509188413619995,0.7595131451024804,0.4157629587985026,-0.1784019612507973,0.0031258573498142,2.2365028128767435,1.246460198524196,1.423699108657125,0.8764754693809672,289592,280815,mid_3aer-mid,36.67658983066487,186.37051519953937,0.9714665383880564
2017-07-15 12:30:00,ML,mid,-57.03035736083984,-0.9721872806549072,-56.07821273803711,-43.09467697143555,-22.855587005615234,9.999335289001465,-0.12727752327919,-62.08615112304688,0.3279747366905212,1.6780297756195068,0.768474615267114,0.4075662804581479,-0.1783105388519877,0.0022696431267257,2.272831034065608,1.2432373026558947,1.4277904316221974,0.8714462359153768,289537,280723,mid_3aer-mid,36.591938640168856,185.8123678948245,0.9712243101613035
2017-07-15 12:32:00,ML,mid,-58.14583206176758,-1.089349389076233,-57.09004974365234,-44.35782623291016,-22.83420753479004,10.28166389465332,-0.1796716749668121,-63.25594329833984,0.3298571705818176,1.6739031076431274,0.7769801030800286,0.3999682840895685,-0.1800955494366497,0.0031471622670525,2.3093995484924594,1.240394217493776,1.432007370030713,0.8671720365378092,289486,280319,mid_3aer-mid,36.44383459328849,185.3696103779621,0.9704515680013102
2017-07-15 12:34:00,ML,mid,-58.34849166870117,-1.1556289196014404,-57.22483444213867,-43.93820190429688,-22.92358016967773,9.810038566589355,-0.1730945408344268,-63.474220275878906,0.3282732367515564,1.680343508720398,0.7678169985907598,0.4005879578033494,-0.1714297712161744,0.0030248148220652,2.2559486210626503,1.2364313988898843,1.4236106882419792,0.8694463036731721,289166,279617,mid_3aer-mid,36.00271264592914,185.14673460084748,0.9686826196129807
2017-07-15 12:36:00,ML,mid,-57.98295211791992,-1.1325955390930176,-56.862037658691406,-43.71686553955078,-22.719083786010746,9.725762367248535,-0.1518464535474777,-63.06874847412109,0.3220201432704925,1.649857997894287,0.7688234743312363,0.3995474830444259,-0.171041393883683,0.0026704365080208,2.245045067211002,1.233853311700035,1.4199666885914075,0.869745166664483,288721,279064,mid_3aer-mid,35.58461356191776,184.8352208283813,0.9670194328447829
2017-07-15 12:38:00,ML,mid,-56.97885513305664,-1.160358190536499,-55.814090728759766,-43.30339431762695,-22.493526458740234,10.162856101989746,-0.1800289005041122,-62.01011657714844,0.3147838115692138,1.5962315797805786,0.7758504702996472,0.4030080684368373,-0.1820840485035503,0.0032255097670659,2.219320035368113,1.2300430406810887,1.408473128249908,0.8742819907449817,288251,278439,mid_3aer-mid,35.232275487381656,184.58310118318596,0.9650184912251971
2017-07-15 12:40:00,ML,mid,-56.55385208129883,-1.1771788597106934,-55.38405990600586,-43.39659118652344,-22.0423583984375,10.234196662902832,-0.1793086975812912,-61.52107620239258,0.3133699595928192,1.5655022859573364,0.7835574002724904,0.3979909900259821,-0.1847859401628827,0.0032375498644101,2.229601302927794,1.2258497134671764,1.406498965419548,0.8725240801718415,287757,277912,mid_3aer-mid,34.999810222776006,184.55150791387024,0.9633160703075958
2017-07-15 12:42:00,ML,mid,-56.43841552734375,-1.139023780822754,-55.31120300292969,-43.14508056640625,-22.062524795532227,10.08346462249756,-0.1870588809251785,-61.44205093383789,0.3147947788238525,1.5612714290618896,0.7800423272030212,0.398879922672741,-0.1823041843907652,0.0033819345150029,2.22590365672336,1.2270149808965007,1.4076637741988232,0.8726762254139657,287094,277302,mid_3aer-mid,34.65985110907121,184.67038491058085,0.9610285488141053
2017-07-15 12:44:00,ML,mid,-56.76383209228516,-1.102467656135559,-55.662479400634766,-43.44251251220703,-22.3942813873291,10.276175498962402,-0.1018659025430679,-61.87724685668945,0.3210409879684448,1.580223798751831,0.7804630626972738,0.4023227104878906,-0.1846158375928215,0.001830064407657,2.236658519652954,1.2305746802285733,1.4103046294961852,0.8731086598171717,286674,276755,mid_3aer-mid,34.451487414832926,184.63156996163963,0.9594643003357078
2017-07-15 12:46:00,ML,mid,-57.02885437011719,-1.0666242837905884,-55.970340728759766,-43.9185676574707,-22.66988945007324,10.727216720581056,-0.1091023683547973,-62.19658279418945,0.3253132998943329,1.578559637069702,0.7846756922621719,0.4050339400315951,-0.1916589215426067,0.0019492892488396,2.2506543665973244,1.2328986835175408,1.4114391906384456,0.8740916099327471,286167,276160,mid_3aer-mid,34.64575803055775,184.43664624072701,0.9574974753677775
2017-07-15 12:48:00,ML,mid,-57.53487014770508,-0.9825752377510072,-56.54340362548828,-44.234169006347656,-22.703428268432617,10.544184684753418,-0.1499892622232437,-62.76213836669922,0.3296501636505127,1.5649642944335938,0.7823047114627193,0.4015221928502344,-0.1864795443638037,0.00265264005085,2.2895942632593123,1.2368699004051342,1.4232789485055026,0.8698424903481538,285838,275509,mid_3aer-mid,34.413714523749626,184.28119653593967,0.955934932721963
2017-07-15 12:50:00,ML,mid,-58.68719482421875,-0.964056134223938,-57.71746063232422,-45.40658187866211,-22.734176635742188,10.642053604125977,-0.2187448292970657,-64.0633316040039,0.3409754633903503,1.572434425354004,0.7867044913349299,0.393887439613607,-0.1843818557141786,0.0037899247656416,2.325853213005831,1.2352938189170364,1.4299604167935307,0.8650374681907108,285498,275058,mid_3aer-mid,34.02286420803026,184.25136284225934,0.954536150004094
2017-07-15 12:52:00,ML,mid,-59.09177017211914,-0.9930021166801452,-58.093143463134766,-45.30028533935547,-22.957035064697266,10.293733596801758,-0.1295536607503891,-64.53191375732422,0.3467675149440765,1.5734376907348633,0.7797871511166938,0.3951763514356219,-0.1771936051794639,0.0022301026271481,2.304281996718457,1.2355545676045478,1.42880198293235,0.8654370621710696,285221,274317,mid_3aer-mid,33.727762899254145,183.91418090890454,0.9527620841180163
2017-07-15 12:54:00,ML,mid,-58.87762069702149,-1.0193043947219849,-57.856231689453125,-44.436744689941406,-23.213735580444336,9.90156078338623,-0.1073187887668609,-64.39616394042969,0.3483376801013946,1.583918213844299,0.768054516550159,0.4012313676909855,-0.1711408063659984,0.0018549221248539,2.2648649553860536,1.2380465658128728,1.4258941516974195,0.8688314076608036,284804,273683,mid_3aer-mid,33.40656228430266,183.3827737423369,0.9510289582139251
2017-07-15 12:56:00,ML,mid,-58.2031478881836,-1.0538603067398071,-57.1373176574707,-42.974365234375,-23.52020263671875,9.425459861755373,-0.0682033598423004,-63.76984405517578,0.3452987372875213,1.5997899770736694,0.7521243401778175,0.4116435198115825,-0.1649615346886057,0.0011936746992057,2.202731242699994,1.2412314058742693,1.4190471134834528,0.8750590803890762,284493,273038,mid_3aer-mid,33.44646621161615,182.8273112560837,0.9493896531018859
2017-07-15 12:58:00,ML,mid,-57.741188049316406,-0.9918742775917052,-56.74102020263672,-43.32090377807617,-23.144695281982425,9.807979583740234,-0.0834038481116294,-63.3029899597168,0.3399092853069305,1.582176923751831,0.7634846878699789,0.4079005978714331,-0.1728551894741504,0.0014699037327383,2.235650750252553,1.2397570026186109,1.4208489183391904,0.8729972984701619,284260,272889,mid_3aer-mid,33.36676274950837,182.1868688456965,0.948709025901362
2017-07-15 13:00:00,ML,mid,-58.72405242919922,-1.0130455493927002,-57.712345123291016,-44.4802131652832,-23.42148971557617,10.264055252075195,-0.0746945738792419,-64.30210876464844,0.3427891433238983,1.582321047782898,0.7707227611115794,0.4058314976760317,-0.1778485152170913,0.0012942564294801,2.28103422863053,1.2424784816626864,1.4285321687023684,0.870160407297129,283967,272532,mid_3aer-mid,33.35203646609075,181.77378616153874,0.9475473539124977
2017-07-15 09:04:00,ARG,mid,0.5338322520256042,-0.0019118647323921,0.5321709513664246,0.1773903220891952,0.3547806441783905,0.0,0.0,0.5930665731430054,-0.0014246897771954,-0.0505396649241447,0.3333333333333333,0.6666666666666666,0.0,0.0,1.0076976758884917,0.9990459329514184,0.9957075828325358,1.0034824416710977,278279,277909,ARG_mid_3aer-ARG_mid,272.3904340475525,116.51095575316265,0.9455122956412566
2017-07-15 09:06:00,ARG,mid,0.7423385381698608,-0.0014337757602334,0.7446146011352539,0.2482048720121383,0.4964097440242767,0.0,0.0,0.7915811538696289,-0.0040848664939403,-0.0507158860564231,0.3333333333333333,0.6666666666666666,0.0,0.0,1.0616695467824002,0.998754367885144,1.0059282726376162,0.993121058912603,278392,278015,ARG_mid_3aer-ARG_mid,223.20988257729257,125.06277569412347,0.9460359862441661
2017-07-15 09:08:00,ARG,mid,0.6669911742210388,-0.0041016591712832,0.668980062007904,1.4764888286590576,-0.0440160781145095,-0.7598724961280823,-0.0036202589981257,0.7280039191246033,-0.0046792305074632,-0.0563506074249744,2.207074673886266,-0.0657958114334041,-1.1358672520574742,-0.0054116103953876,1.1016619710345288,0.9985578759729068,1.0147300963605792,0.983984672030434,278845,278444,ARG_mid_3aer-ARG_mid,189.74340263642472,132.7181185462119,0.9477349954966019
2017-07-15 09:10:00,ARG,mid,0.2627997696399688,-0.0001665259769652,0.264246791601181,0.4822458028793335,-0.0097733726724982,-0.2087095826864242,0.0004838992026634,0.3271688818931579,-0.0036238508764654,-0.0564557835459709,1.824982866453128,-0.0369857901437266,-0.78982831608156,0.0018312397721591,1.136821069710084,0.9987014060698192,1.02369874565719,0.9756231971121522,279088,278665,ARG_mid_3aer-ARG_mid,165.10211883497755,139.54830554922256,0.948620322607058
2017-07-15 09:12:00,ARG,mid,-0.4602048397064209,0.0017031444003805,-0.4604528248310089,-0.7744317054748535,0.0098592275753617,0.3014191091060638,0.0027007353492081,-0.4174136221408844,-0.0016527824336662,-0.042050052434206,1.6818920622442466,-0.02141202698956,-0.6546146450917562,-0.0058653901629304,1.1706067295200715,0.998997801653588,1.0317116737685237,0.968114362060506,279565,279135,ARG_mid_3aer-ARG_mid,145.7437240910945,145.31599320441757,0.9504199759818772
2017-07-15 09:14:00,ARG,mid,-1.3185536861419678,0.0023942771367728,-1.32010817527771,-2.0479605197906494,0.0074323848821222,0.7094459533691406,0.0109735010191798,-1.303803563117981,0.0011094892397522,-0.0177646055817604,1.5513576988971736,-0.0056301324932527,-0.5374149897436903,-0.0083125766602305,1.2000107010039305,0.9996692010717302,1.0399540594653778,0.9609498561270752,280229,279786,ARG_mid_3aer-ARG_mid,130.22495602786347,150.32299738299062,0.9526580283304675
2017-07-15 09:16:00,ARG,mid,-2.1774613857269287,0.0003414208476897,-2.184956789016724,-3.234493494033813,-0.025570586323738,1.0640915632247925,0.0110154822468757,-2.191359519958496,0.0039629312232136,0.0076890680938959,1.4803465457279128,0.0117030162400772,-0.4870080509945805,-0.0050415109734094,1.2297119889247476,1.0008176932630946,1.047662159087152,0.9550624517445926,280582,280166,ARG_mid_3aer-ARG_mid,117.54548475973846,155.19999635131933,0.9541250443516471
2017-07-15 09:18:00,ARG,mid,-2.982320785522461,0.0062380782328546,-2.988581657409668,-4.161932468414307,-0.0867936536669731,1.2429475784301758,0.0171971693634986,-3.021327018737793,0.0072543583810329,0.0315640084445476,1.392611373448724,0.0290417547718522,-0.4158988360517924,-0.0057542921687837,1.2531692739225315,1.0023559111935991,1.0555029740345516,0.9493525077924826,281029,280604,ARG_mid_3aer-ARG_mid,106.78511188739657,159.76515874433107,0.9557012336581239
2017-07-15 09:20:00,ARG,mid,-3.769705295562744,0.0072251274250447,-3.773881196975708,-5.037927627563477,-0.1627423912286758,1.4038866758346558,0.0229026451706886,-3.837698221206665,0.0109615419059991,0.0562649108469486,1.3349461730041514,0.0431233540304305,-0.3720008018866212,-0.0060687251479606,1.2743587925697746,1.0039235508732365,1.0624074987738727,0.9446043938096128,281525,281055,ARG_mid_3aer-ARG_mid,97.65364548465432,163.59500463581372,0.9573115396162559
2017-07-15 09:22:00,ARG,mid,-4.549376487731934,0.0043129087425768,-4.555859565734863,-5.944005012512207,-0.2850998938083648,1.6470152139663696,0.0262302532792091,-4.649755954742432,0.0141824521124362,0.0788737908005714,1.30469454929649,0.0625787211851298,-0.3615157937284327,-0.0057574767531869,1.3050445387520304,1.00640536284981,1.0703870441021557,0.9398575138996004,281871,281361,ARG_mid_3aer-ARG_mid,89.91812405397434,167.2072591283057,0.9586267365375694
2017-07-15 09:24:00,ARG,mid,-5.291038990020752,0.0018726664129644,-5.296232223510742,-6.674915790557861,-0.4159264862537384,1.769256353378296,0.0253529790788888,-5.426862716674805,0.0175757482647895,0.1040790677070617,1.2603139397059178,0.0785325213714725,-0.3340594761230069,-0.0047869849543833,1.3255546773770708,1.0088193720391696,1.077388322244465,0.9360222745586892,282418,281866,ARG_mid_3aer-ARG_mid,83.25647852296754,170.69420669137247,0.9602728649799395
2017-07-15 09:26:00,ARG,mid,-5.969954967498779,0.0028481939807534,-5.970903396606445,-7.320494174957275,-0.5306879281997681,1.8589447736740112,0.0213336069136858,-6.137747287750244,0.0203608814626932,0.1226718947291374,1.226027862693724,0.0888790002030593,-0.3113339349677529,-0.0035729279290303,1.3453792590421454,1.010811559918272,1.0840027824284095,0.93221189871369,282836,282273,ARG_mid_3aer-ARG_mid,77.45387083895278,173.94742240693714,0.9619514042413821
2017-07-15 09:28:00,ARG,mid,-6.657878875732422,0.0053506842814385,-6.659562110900879,-8.086236953735352,-0.679323136806488,2.091674566268921,0.0143236210569739,-6.851777076721191,0.0239148736000061,0.144986554980278,1.2142295884230063,0.1020071551953736,-0.314085908293814,-0.002150835324566,1.3729808874955391,1.013403923850808,1.090917728227707,0.9287723927072828,282782,282213,ARG_mid_3aer-ARG_mid,72.44289573981526,177.41155414839977,0.961704058516881
2017-07-15 09:30:00,ARG,mid,-7.367254734039307,-0.0072409892454743,-7.358218193054199,-8.699033737182617,-0.8252663016319275,2.1731715202331543,-0.0070893974043428,-7.595810413360596,0.0275417268276214,0.1727807819843292,1.1822201544386095,0.1121557467260928,-0.2953393677488781,0.0009634665841757,1.3918998903788782,1.0158087645369176,1.0977186641711254,0.925464829730234,282853,282278,ARG_mid_3aer-ARG_mid,68.00911375756046,180.8995372223052,0.9619855208930375
2017-07-15 09:32:00,ARG,mid,-6.70350456237793,-0.0030168888624757,-6.704432010650635,-7.851993560791016,-0.8367915749549866,1.9811441898345947,0.0032085122074931,-6.917747974395752,0.0205243341624736,0.1152045205235481,1.1711645322987485,0.1248117063248177,-0.2954976728507843,-0.0004785657727819,1.4204434843288145,1.0188774638161848,1.1050513249470704,0.9219741515700904,283158,282569,ARG_mid_3aer-ARG_mid,63.89180680600452,184.241637153691,0.9631164878954119
2017-07-15 09:34:00,ARG,mid,-7.449229717254639,-0.0110926749184727,-7.439448356628418,-8.486822128295898,-1.0268927812576294,2.078681468963623,-0.0044135390780866,-7.701039791107178,0.024745687842369,0.1439709365367889,1.1407866622132194,0.1380334334987981,-0.2794133573366902,0.0005932616246726,1.4428059795199129,1.0224261712490226,1.1130634605923335,0.9186278972532518,283679,282965,ARG_mid_3aer-ARG_mid,60.13052420008816,187.2335580819576,0.9646380905592402
2017-07-15 09:36:00,ARG,mid,-8.169222831726074,-0.0112863089889287,-8.157546997070312,-9.143746376037598,-1.2258713245391846,2.2196710109710693,-0.0075987614691257,-8.459938049316406,0.0289742313325405,0.1667909473180771,1.1208942215845437,0.1502745249749145,-0.2721002473914767,0.0009315008320184,1.4659239808886897,1.0259708037811852,1.1204655057361506,0.9157618050816948,284061,283264,ARG_mid_3aer-ARG_mid,56.777506888266835,189.87025898490947,0.9659225824940637
2017-07-15 09:38:00,ARG,mid,-8.867477416992188,-0.0171865485608577,-8.85583782196045,-9.789119720458984,-1.4223787784576416,2.349926710128784,0.0057349945418536,-9.201346397399902,0.032062467187643,0.1851063817739486,1.1053861867121708,0.1606148358418762,-0.2653534277777857,-0.0006475947762613,1.4881999050606642,1.0293048403197742,1.1273704616239777,0.9129429628414152,284176,283242,ARG_mid_3aer-ARG_mid,53.7698629876557,192.43588981833676,0.965985698299626
2017-07-15 09:40:00,ARG,mid,-9.582480430603027,-0.0199638232588768,-9.569482803344728,-10.390612602233888,-1.6485921144485474,2.481647729873657,-0.0119247734546661,-9.96329116821289,0.0354624614119529,0.2084391862154007,1.085807233174727,0.1722759815904747,-0.2593293398921132,0.0012461251269114,1.5118026539966056,1.0333310889363931,1.1352811537668308,0.9103423210471888,284378,283388,ARG_mid_3aer-ARG_mid,51.0426802414608,194.51260597187024,0.9666339146810776
2017-07-15 09:42:00,ARG,mid,-10.36483097076416,-0.0315170958638191,-10.345209121704102,-10.960861206054688,-1.8742444515228271,2.5122313499450684,-0.0223347004503011,-10.792388916015623,0.0404186211526393,0.2364021241664886,1.0595107977169511,0.181170275649968,-0.2428400145732236,0.0021589412063045,1.5271718612592564,1.036864223892075,1.14249178958884,0.9078073683964498,284651,283712,ARG_mid_3aer-ARG_mid,48.606419084353945,196.20573729790542,0.9677290591992139
2017-07-15 09:44:00,ARG,mid,-11.121685028076172,-0.0444763787090778,-11.095871925354004,-11.630630493164062,-2.130147933959961,2.704535484313965,-0.0396285243332386,-11.59479808807373,0.0452656745910644,0.2653886079788208,1.04819439932575,0.191976646233906,-0.2437425112391492,0.0035714656794932,1.555753473500102,1.0413026230835492,1.150902527478012,0.9052247417467316,284978,283930,ARG_mid_3aer-ARG_mid,46.49971369489361,197.9540313778575,0.9685427413411938
2017-07-15 09:46:00,ARG,mid,-11.879061698913574,-0.0499380938708782,-11.850536346435549,-12.27233600616455,-2.38759994506836,2.862590789794922,-0.0531909503042697,-12.403298377990724,0.0499865338206291,0.2909372448921203,1.0355933100696877,0.2014761099409376,-0.2415579048105207,0.0044884847998953,1.5780250165160237,1.045373929287806,1.158159139151091,0.9032118964304928,285256,284107,ARG_mid_3aer-ARG_mid,44.609144581021184,199.65072966158118,0.9692608968585388
2017-07-15 09:48:00,ARG,mid,-12.642491340637209,-0.0491590462625026,-12.612975120544434,-12.836604118347168,-2.660145998001098,2.9342141151428223,-0.0504389107227325,-13.219616889953612,0.0555797442793846,0.3130761981010437,1.017730087393962,0.2109055308079801,-0.2326345881642244,0.0039989699622823,1.5976731633879857,1.0497467418557829,1.165863336022795,0.9009556485637809,285170,283909,ARG_mid_3aer-ARG_mid,42.81248016013621,201.58275770336004,0.9687559704140397
2017-07-15 09:50:00,ARG,mid,-13.409539222717283,-0.050605684518814,-13.377975463867188,-13.290430068969728,-2.9711174964904785,2.9377989768981934,-0.0542287118732929,-14.0535306930542,0.0607742555439472,0.3379963934421539,0.993455825356773,0.2220901899488878,-0.2195995961830033,0.0040535808773424,1.612290626789834,1.054841738815146,1.1738247770947043,0.8992204522225129,285230,283881,ARG_mid_3aer-ARG_mid,41.113911621529255,203.19443195635557,0.9687252654275499
2017-07-15 09:52:00,ARG,mid,-14.225104331970217,-0.059914730489254,-14.182241439819336,-13.834369659423828,-3.283064603805542,2.9891929626464844,-0.0540005415678024,-14.940788269042969,0.0665479823946952,0.3688629269599914,0.9754712726681118,0.231491246722962,-0.2107701360336459,0.003807616642572,1.6305097148721976,1.0597257002828944,1.1818275885144032,0.8972544094102296,285199,283896,ARG_mid_3aer-ARG_mid,39.627699570405724,204.8043842853517,0.9689384945003958
2017-07-15 09:54:00,ARG,mid,-15.076634407043455,-0.0713187381625175,-15.021355628967283,-14.370850563049316,-3.606834650039673,3.0307655334472656,-0.0744418427348136,-15.86643409729004,0.072775550186634,0.4034793972969055,0.9566942955073536,0.2401137389652236,-0.2017637669934486,0.0049557325208714,1.6482663858056694,1.0647191469471091,1.1901922552927229,0.8953496792788259,285282,283885,ARG_mid_3aer-ARG_mid,38.27648425508991,206.36656840931732,0.9690715494418516
2017-07-15 09:56:00,ARG,mid,-15.915578842163086,-0.084052562713623,-15.852408409118652,-14.924468994140623,-3.9740395545959473,3.1143829822540283,-0.0682813823223114,-16.7796688079834,0.078793428838253,0.4317420423030853,0.9414638920420048,0.2506899792120024,-0.1964611910224649,0.0043073197684578,1.6648453669202956,1.0702207462686435,1.197786243733113,0.8941937897201618,285439,283915,ARG_mid_3aer-ARG_mid,36.95292008020226,207.6038471274051,0.9694297742842326
2017-07-15 09:58:00,ARG,mid,-16.75420379638672,-0.0845350921154022,-16.688413619995117,-15.520282745361328,-4.368129730224609,3.282655715942383,-0.0826555341482162,-17.696605682373047,0.0848231092095375,0.4581665992736816,0.930003573573802,0.2617462230366253,-0.1967026653538218,0.0049528687433945,1.6903219826238216,1.0766650042134227,1.2070052595582623,0.8928451199570238,285569,283994,ARG_mid_3aer-ARG_mid,35.6237562416568,208.3766930963377,0.9696958841671444
2017-07-15 10:00:00,ARG,mid,-17.624788284301758,-0.104850098490715,-17.54275131225586,-16.044492721557617,-4.746174335479736,3.340963363647461,-0.0930480062961578,-18.649362564086918,0.0922014191746711,0.4846083223819732,0.9145938541884442,0.2705490248790418,-0.1904469509737851,0.005304071906299,1.7085549054800462,1.0824488091834663,1.2155814377194862,0.8914007765535495,285669,283971,ARG_mid_3aer-ARG_mid,34.35128412523997,208.72961991968538,0.9697982341221103
2017-07-15 10:02:00,ARG,mid,-18.2649040222168,-0.109995037317276,-18.189912796020508,-16.370376586914062,-5.100098133087158,3.365943193435669,-0.0853750929236412,-19.37322807312012,0.0981875509023666,0.5065857768058777,0.8999703225948937,0.2803806479511855,-0.185044511065919,0.0046935405198398,1.7250959323867856,1.0886515930132397,1.2238029727593158,0.8904080671774359,285803,284001,ARG_mid_3aer-ARG_mid,33.1118021594184,208.70530953632442,0.970093343158929
2017-07-15 10:04:00,ARG,mid,-19.15494537353516,-0.1297071427106857,-19.055551528930664,-16.8048152923584,-5.523589134216309,3.375373125076294,-0.10252146422863,-20.36655044555664,0.1047791168093681,0.5371498465538025,0.881885403461145,0.2898677396605063,-0.1771332771794831,0.0053801340578318,1.740476706957454,1.0953495410843688,1.233012004889777,0.8893543669852986,286023,284094,ARG_mid_3aer-ARG_mid,31.965097001211802,208.41515557702797,0.9706221512595867
2017-07-15 10:06:00,ARG,mid,-20.085124969482425,-0.1288193166255951,-19.9874324798584,-17.24498748779297,-6.0077338218688965,3.3534862995147705,-0.0881970077753067,-21.40863037109375,0.1125483214855194,0.5751211047172546,0.8627915657299159,0.3005755473189243,-0.1677797363939046,0.0044126233450643,1.7530616202908562,1.1027231633644552,1.24219361516533,0.8885724143947945,286115,284041,ARG_mid_3aer-ARG_mid,30.92712718925779,208.24209710952795,0.9707978520156118
2017-07-15 10:08:00,ARG,mid,-21.053028106689453,-0.1247168853878974,-20.95103073120117,-17.77542495727539,-6.507452487945557,3.4301905632019043,-0.0983431637287139,-22.495555877685547,0.1209769397974014,0.6195014119148254,0.8484272600057908,0.3106029847113458,-0.163724197943745,0.0046939532266083,1.7699380529734512,1.110165720006465,1.251465004244735,0.8880274329850213,286114,284031,ARG_mid_3aer-ARG_mid,29.922845394728313,208.01994031666473,0.9707773820246186
2017-07-15 10:10:00,ARG,mid,-22.013771057128903,-0.1347807347774505,-21.91356658935547,-18.344331741333008,-6.997922897338867,3.524980068206787,-0.0962934866547584,-23.57747459411621,0.1302484422922134,0.6653791666030884,0.8371221226241234,0.3193419804561496,-0.1608583434634509,0.0043942403831778,1.7903571120847448,1.1174940081886613,1.2610083066842577,0.8870943938298325,286180,284050,ARG_mid_3aer-ARG_mid,29.009985904884836,207.55367361356554,0.9710707852288545
2017-07-15 10:12:00,ARG,mid,-23.068735122680664,-0.1538573503494262,-22.94307518005371,-18.94368553161621,-7.476117134094238,3.6183969974517822,-0.1416688114404678,-24.74898910522461,0.1389197409152984,0.703799307346344,0.8256821143742146,0.3258550514533854,-0.1577119631857786,0.0061747973581786,1.8122323557973483,1.124480664511449,1.2712842076420985,0.8858353706832087,286411,284033,ARG_mid_3aer-ARG_mid,28.129707190864046,207.0101521091394,0.9712038401703104
2017-07-15 10:14:00,ARG,mid,-24.080890655517575,-0.1787817925214767,-23.94031524658203,-19.409896850585938,-7.976494312286377,3.59585952758789,-0.1497850567102432,-25.88790702819824,0.1476675122976303,0.738765299320221,0.8107618846240646,0.3331825177976203,-0.1502010056272167,0.0062566032055317,1.8238659687827483,1.131429524916497,1.280275881988345,0.8851060292411618,286359,283851,ARG_mid_3aer-ARG_mid,27.216306731262517,206.34678760465889,0.970891672807664
2017-07-15 10:16:00,ARG,mid,-25.09747695922852,-0.1843370795249939,-24.952054977416992,-19.778133392333984,-8.52794075012207,3.4967989921569824,-0.142777532339096,-27.045351028442383,0.1564778238534927,0.7756718993186951,0.7926455174275905,0.3417731378788134,-0.140140730988779,0.0057220756823751,1.8307515268538528,1.1392533486522831,1.28956798901736,0.8847244714891507,286083,283493,ARG_mid_3aer-ARG_mid,26.354705838199855,205.5354245631293,0.969888643248997
2017-07-15 10:18:00,ARG,mid,-26.11507225036621,-0.1946937143802642,-25.965740203857425,-20.36630249023437,-9.032304763793944,3.5641098022460938,-0.1312418729066848,-28.214189529418945,0.165517047047615,0.8105730414390564,0.7843529106822099,0.3478546814851785,-0.1372620158725689,0.0050544237051804,1.849912079744888,1.1461455174608175,1.2987738633710215,0.883649562118191,286007,283212,ARG_mid_3aer-ARG_mid,25.62943899897867,204.52683789230372,0.969208016048473
2017-07-15 10:20:00,ARG,mid,-27.241846084594727,-0.1803826987743377,-27.10296630859375,-21.05838966369629,-9.641221046447754,3.699764013290405,-0.103118285536766,-29.49298477172852,0.1756174862384796,0.849570095539093,0.7769773068518543,0.3557257062783738,-0.1365076996977881,0.00380468656756,1.8749789605800011,1.1547643149349414,1.3095406762540107,0.8827138948793887,285918,282968,ARG_mid_3aer-ARG_mid,24.92283958559442,203.34540222240528,0.9685905046535113
2017-07-15 10:22:00,ARG,mid,-28.26695442199707,-0.1969675570726394,-28.116926193237305,-21.530128479003903,-10.146793365478516,3.702527523040772,-0.1425322741270065,-30.674392700195312,0.1851250231266021,0.8935765027999878,0.7657355131701973,0.3608784383608036,-0.131683222024353,0.0050692704933522,1.8898906216059204,1.161823100341295,1.3192770584214502,0.8818891768657746,285863,282769,ARG_mid_3aer-ARG_mid,24.132821228656454,202.19139583856852,0.9681452823494091
2017-07-15 10:24:00,ARG,mid,-29.18192481994629,-0.2115598171949386,-29.017297744750977,-21.770288467407227,-10.676277160644531,3.5775516033172607,-0.1482831239700317,-31.730188369750977,0.1939082443714141,0.9392048120498656,0.7502520588392798,0.3679280983916745,-0.1232903207515669,0.0051101635206125,1.8942438859284243,1.1695750933034066,1.3281998157750965,0.8818497410880218,285995,282729,ARG_mid_3aer-ARG_mid,23.372495718598685,201.07469363573946,0.9682288681459648
2017-07-15 10:26:00,ARG,mid,-30.012598037719727,-0.2346533685922622,-29.82625961303711,-22.094594955444336,-11.125049591064451,3.586841821670532,-0.1934545189142227,-32.70329284667969,0.2021078169345855,0.9815332889556884,0.7407766851012502,0.3729951094848976,-0.1202578411844533,0.0064860465983055,1.902687675591035,1.1757998987538276,1.3357010804309477,0.8819409283225735,286013,282545,ARG_mid_3aer-ARG_mid,22.693182464354887,200.08315675188962,0.9679149949507355
2017-07-15 10:28:00,ARG,mid,-30.877918243408203,-0.2467474192380905,-30.679763793945312,-22.559450149536133,-11.60136604309082,3.6245663166046143,-0.1435077488422393,-33.70088195800781,0.2096887528896331,1.011654257774353,0.7353203412419889,0.3781439972448181,-0.1181419419028499,0.0046776034160429,1.9171013934941823,1.1821597711699627,1.3431603655463735,0.8813484388998684,285833,282278,ARG_mid_3aer-ARG_mid,22.034914634221792,199.07350599013373,0.9672224269221321
2017-07-15 10:30:00,ARG,mid,-31.87870216369629,-0.2337939292192459,-31.680713653564453,-23.021045684814453,-12.146867752075195,3.6355679035186768,-0.1483655869960785,-34.84838104248047,0.219115525484085,1.0442547798156738,0.7266580589411062,0.383415279788753,-0.1147564915500213,0.004683152820162,1.9313270492691332,1.1896378210430936,1.3524713611922932,0.8808476054444128,285906,282072,ARG_mid_3aer-ARG_mid,21.430976457079698,197.913350358171,0.96704843199869
2017-07-15 10:32:00,ARG,mid,-32.901554107666016,-0.250418096780777,-32.69593811035156,-23.615388870239254,-12.640853881835938,3.68537187576294,-0.1250737458467483,-36.0164680480957,0.2296199202537536,1.0794386863708496,0.7222726980328585,0.3866184208833481,-0.1127164788297502,0.0038253599135436,1.952756617711899,1.19615957467612,1.361870807583722,0.8793592340527823,285920,281914,ARG_mid_3aer-ARG_mid,20.887978656894763,196.68961659087012,0.9668181446000164
2017-07-15 10:34:00,ARG,mid,-34.02970886230469,-0.2529217004776001,-33.824005126953125,-24.144962310791016,-13.285439491271973,3.723906993865967,-0.1175116971135139,-37.30280685424805,0.2401486933231353,1.1122660636901855,0.7138410175080869,0.3927813440068471,-0.110096571385417,0.003474209870483,1.966161231569869,1.2044255859433144,1.3712215179386829,0.879323527811909,285757,281564,ARG_mid_3aer-ARG_mid,20.348914519921657,195.5736667795606,0.9659515816479708
2017-07-15 10:36:00,ARG,mid,-35.074092864990234,-0.2519833445549011,-34.86221694946289,-24.533035278320312,-13.762614250183104,3.5750887393951416,-0.1416647434234619,-38.50967788696289,0.2499314099550247,1.1391091346740725,0.7037139816182024,0.3947715620105393,-0.1025491032004157,0.0040635595716739,1.9701969013939784,1.2095043773877807,1.3788039689914966,0.8783584757943822,285640,281321,ARG_mid_3aer-ARG_mid,19.795142932809245,194.44561333312146,0.9652931302710227
2017-07-15 10:38:00,ARG,mid,-36.05810928344727,-0.2788631021976471,-35.82349395751953,-25.122785568237305,-14.262497901916504,3.6808481216430655,-0.1190589293837547,-39.652462005615234,0.2599847316741943,1.1694047451019287,0.7012935349473794,0.3981325371810949,-0.1027495591718506,0.0033234870433762,1.99106739362336,1.2158984303785405,1.387264231742352,0.8774261491909878,285554,281010,ARG_mid_3aer-ARG_mid,19.23772602882987,193.26410248850272,0.9645937389120882
2017-07-15 10:40:00,ARG,mid,-37.0230827331543,-0.3008107841014862,-36.76242446899414,-25.576435089111328,-14.809847831726074,3.736480474472046,-0.1126326024532318,-40.78328704833984,0.2693138420581817,1.2113429307937622,0.6957219775261612,0.4028527690107084,-0.1016385429585802,0.0030637964217106,2.0032648278967,1.2228120423245343,1.3949815403087271,0.8774738338026392,285642,280824,ARG_mid_3aer-ARG_mid,18.699240672455563,191.89817128564982,0.9643190998662627
2017-07-15 10:42:00,ARG,mid,-37.98611068725586,-0.3200287222862243,-37.70180892944336,-25.83774948120117,-15.317864418029783,3.6040868759155273,-0.150281086564064,-41.91877746582031,0.2777160108089447,1.247686505317688,0.6853185300508005,0.406289955662828,-0.0955945305688718,0.0039860448552433,2.0042487186665765,1.2288694773339337,1.4023835154499953,0.8774540379020734,285587,280598,ARG_mid_3aer-ARG_mid,18.191814958367438,190.68038772248423,0.9639165233767297
2017-07-15 10:44:00,ARG,mid,-38.91524505615234,-0.3095991313457489,-38.63373565673828,-26.373920440673828,-15.839500427246094,3.741717576980591,-0.1620232909917831,-43.02363204956055,0.2879488170146942,1.2894901037216189,0.6826657696407467,0.4099914709058315,-0.0968510710459976,0.0041938304994194,2.020364509776877,1.2351412133176762,1.4097295613894243,0.8774174284304468,285602,280465,ARG_mid_3aer-ARG_mid,17.73524121181822,189.41757069638942,0.9635582985343486
2017-07-15 10:46:00,ARG,mid,-39.75496673583984,-0.3175196051597595,-39.4739875793457,-26.566015243530277,-16.336872100830078,3.572631597518921,-0.1437343060970306,-44.01071166992188,0.2966818809509277,1.3131293058395386,0.673000513078538,0.413864208409295,-0.0905059612923872,0.0036412398045542,2.019686400652161,1.2412742798542171,1.4164635488595565,0.8774309083832234,285667,280317,ARG_mid_3aer-ARG_mid,17.314206333835738,187.93662222964588,0.9635139468871967
2017-07-15 10:48:00,ARG,mid,-40.465126037597656,-0.3106334209442138,-40.17712020874024,-26.79469490051269,-16.765310287475586,3.529026746749878,-0.146143227815628,-44.86433792114258,0.3061831295490265,1.348475694656372,0.6669141992090598,0.4172850601369604,-0.0878367333885803,0.0036374740425601,2.0209013068723807,1.2462037777673252,1.4213984880932875,0.8778669808192987,285884,280467,ARG_mid_3aer-ARG_mid,16.917883367889605,186.20257164872393,0.9640154616665302
2017-07-15 10:50:00,ARG,mid,-41.31797409057617,-0.3045046627521515,-41.04264068603516,-27.08799743652344,-17.257143020629883,3.444488286972046,-0.141989380121231,-45.86389923095703,0.3158959150314331,1.376986742019653,0.6599964645729727,0.4204686042749195,-0.0839246270847312,0.0034595582368389,2.0234156836876425,1.2516989874585505,1.4275432289795384,0.8779007964692234,285793,280357,ARG_mid_3aer-ARG_mid,16.531931632081662,184.46150165436052,0.9637254701274598
2017-07-15 10:52:00,ARG,mid,-42.317325592041016,-0.3160841464996338,-42.01968765258789,-27.492507934570312,-17.796489715576172,3.4578676223754883,-0.1885595470666885,-47.03483963012695,0.3292486369609833,1.418847680091858,0.6542767394041531,0.4235274704016191,-0.0822916191861409,0.0044874093803687,2.033369251668194,1.2582227104056314,1.435576846692154,0.8778811348322552,285881,280497,ARG_mid_3aer-ARG_mid,16.15980635352136,182.5530660488522,0.9640700483091788
2017-07-15 10:54:00,ARG,mid,-43.27609252929688,-0.3376334905624389,-42.962032318115234,-27.97103881835937,-18.300121307373047,3.519412040710449,-0.210284486413002,-48.16833114624024,0.3407365977764129,1.4539965391159058,0.6510641568155107,0.4259602959904794,-0.0819191113131583,0.0048946585071681,2.0462788903667453,1.2639350091500832,1.442807828476762,0.8775977971514584,286251,280719,ARG_mid_3aer-ARG_mid,15.80495323386419,180.69907920897288,0.964998021234204
2017-07-15 10:56:00,ARG,mid,-44.08812713623047,-0.355009913444519,-43.75629425048828,-28.40106010437012,-18.76850891113281,3.561032056808472,-0.1477502733469009,-49.13669967651367,0.3482968509197235,1.4875829219818115,0.6490738224862455,0.4289328465653572,-0.0813833333857878,0.0033766643341852,2.052605113867121,1.2682115035449049,1.4467222130939252,0.8777040560470032,286444,280910,ARG_mid_3aer-ARG_mid,15.486151495717998,179.152024564545,0.9656325909549933
2017-07-15 10:58:00,ARG,mid,-44.84176254272461,-0.3223865032196045,-44.54502868652344,-28.70304107666016,-19.20073890686035,3.4898691177368164,-0.1311194449663162,-50.0355339050293,0.3544742465019226,1.4900325536727903,0.6443600124139635,0.4310412065134348,-0.0783447452669095,0.0029435263395112,2.053668687967069,1.2721337334369205,1.4510247742410145,0.8776752177455653,286810,281248,ARG_mid_3aer-ARG_mid,15.176450724230154,177.61030767818175,0.9668010862741887
2017-07-15 11:00:00,ARG,mid,-45.64390182495117,-0.3330018222332001,-45.33845138549805,-29.187105178833008,-19.59967994689941,3.5977776050567627,-0.1494435518980026,-50.99212646484375,0.3614287674427032,1.5112797021865845,0.6437605234412358,0.4322970927257297,-0.0793537928256077,0.0032961766586422,2.066802922796131,1.2760408456532697,1.4563272773470062,0.8772910982599337,287340,281796,ARG_mid_3aer-ARG_mid,14.877029286728966,176.25885769220002,0.968483037200797
2017-07-15 11:02:00,ARG,mid,-46.33154296875,-0.3305630087852478,-46.02547836303711,-29.625490188598636,-19.83924674987793,3.601980447769165,-0.1627247035503387,-51.81396484375,0.3679784834384918,1.5182130336761477,0.6436758254769833,0.4310492029316641,-0.0782605632171025,0.0035355348084551,2.075464970408942,1.276971031129766,1.4595570495128352,0.8760735723528045,287894,282268,ARG_mid_3aer-ARG_mid,14.59978840872066,175.0247058586504,0.9702519855891263
2017-07-15 11:04:00,ARG,mid,-47.1696662902832,-0.3522490561008453,-46.84322738647461,-30.178895950317383,-20.226228713989254,3.707210779190064,-0.1453147977590561,-52.798316955566406,0.3743807375431061,1.540547490119934,0.6442530987256673,0.4317855616372077,-0.0791408127954349,0.0031021524325598,2.092162127314055,1.2806583113769283,1.465124141944298,0.8751316998007928,288151,282510,ARG_mid_3aer-ARG_mid,14.339030099345884,173.99172722874806,0.9711390185321652
2017-07-15 11:06:00,ARG,mid,-48.07925796508789,-0.3835345506668091,-47.7244758605957,-30.54692840576172,-20.646953582763672,3.6306986808776855,-0.1612953692674636,-53.86587142944336,0.3800972402095794,1.5699131488800049,0.6400683318479142,0.432628184825111,-0.0760762371468311,0.0033797204738058,2.0998658109218264,1.2849497427428334,1.4716013596224458,0.874305167538396,288343,282765,ARG_mid_3aer-ARG_mid,14.10067724591635,173.09362411531464,0.9718810557056689
2017-07-15 11:08:00,ARG,mid,-48.99285888671875,-0.3995376825332641,-48.61880874633789,-31.081462860107425,-21.087133407592773,3.669343709945679,-0.1195622980594635,-54.94189453125,0.3863210678100586,1.5968132019042969,0.639288783627899,0.4337237215615325,-0.0754716829383748,0.0024591777489433,2.108980539813816,1.2880510437398005,1.475623546209402,0.8737215313919973,288623,282944,ARG_mid_3aer-ARG_mid,13.885636795274262,172.38159016841055,0.9726742678566555
2017-07-15 11:10:00,ARG,mid,-49.91412353515625,-0.3922379910945892,-49.53739547729492,-31.52152442932129,-21.59527587890625,3.766265630722046,-0.1868536919355392,-56.0241584777832,0.3921939134597778,1.6339354515075684,0.6363178467470608,0.4359389105205459,-0.0760287302007333,0.0037719729331266,2.1222399320828678,1.294025461336566,1.483168113369173,0.8737720874386622,288738,282951,ARG_mid_3aer-ARG_mid,13.711166800451094,171.90942202015006,0.9727493244902972
2017-07-15 11:12:00,ARG,mid,-50.569766998291016,-0.3847513496875763,-50.19658660888672,-31.89130973815918,-21.911148071289062,3.737662553787232,-0.1318028569221496,-56.79387664794922,0.3949074149131775,1.6395105123519895,0.6353281750276183,0.4365065752762225,-0.0744604838174132,0.0026257335135724,2.126405205560617,1.2958529558716188,1.4856066103689125,0.8731789834983104,288776,282791,ARG_mid_3aer-ARG_mid,13.542029851736125,171.4815307468396,0.9725326837522859
2017-07-15 11:14:00,ARG,mid,-51.05790328979492,-0.4060261249542236,-50.66837692260742,-32.22654342651367,-22.09029960632324,3.752389907836914,-0.1039208322763443,-57.36997604370117,0.3958915472030639,1.6359187364578247,0.6360287576001977,0.4359780764605651,-0.0740578340811344,0.0020510000203716,2.13073689251487,1.29598067661229,1.4865436219145276,0.87251721534245,288858,282771,ARG_mid_3aer-ARG_mid,13.388010007783343,171.18586958482348,0.9726384453724174
2017-07-15 11:16:00,ARG,mid,-51.71459197998047,-0.3716931939125061,-51.35931015014648,-32.436988830566406,-22.48087501525879,3.6462671756744394,-0.0877166166901588,-58.14678192138672,0.3982390165328979,1.63031804561615,0.6315697867016727,0.4377175673942133,-0.0709952552564192,0.0017079011605331,2.126778878601718,1.298871213809945,1.4892481743752246,0.8727591811651626,289013,282902,ARG_mid_3aer-ARG_mid,13.227095088389756,171.00114028282087,0.9731450776494992
2017-07-15 11:18:00,ARG,mid,-52.43613052368164,-0.3436861336231231,-52.10795211791992,-32.929744720458984,-22.79875946044922,3.7227892875671382,-0.1022354960441589,-59.0007209777832,0.4022176265716553,1.6360194683074951,0.6319523749022649,0.4375294071901771,-0.0714437763253017,0.0019619942328597,2.1392317877105587,1.3011467226678235,1.4934811765900298,0.87190325266916,289210,283211,ARG_mid_3aer-ARG_mid,13.064265815822372,171.03734720878816,0.974032110592538
2017-07-15 11:20:00,ARG,mid,-53.07975769042969,-0.3556910753250122,-52.7403450012207,-33.278709411621094,-23.02839469909668,3.6549689769744873,-0.0882101356983184,-59.75947570800781,0.4060021638870239,1.636505365371704,0.6309914932785895,0.4366371721638555,-0.0693012014513012,0.0016725360088561,2.1374676751811443,1.3005974821144206,1.4937425575265624,0.8712817893053588,289386,283287,ARG_mid_3aer-ARG_mid,12.89156544656861,171.33066950351594,0.9745916236796857
2017-07-15 11:22:00,ARG,mid,-53.64030456542969,-0.3902289271354675,-53.26114654541016,-33.589542388916016,-23.27550506591797,3.652327299118042,-0.048426404595375,-60.43626022338867,0.4051118195056915,1.6337112188339231,0.63065755497124,0.4370071747235541,-0.0685739555155216,0.0009092258207274,2.1445576639608097,1.3025620063129413,1.4966773261781643,0.8706216406279425,289432,283165,ARG_mid_3aer-ARG_mid,12.721585407946296,171.69802841260451,0.9745592128606131
2017-07-15 11:24:00,ARG,mid,-54.32884216308594,-0.4449816942214966,-53.902130126953125,-33.92395782470703,-23.565134048461918,3.6544768810272217,-0.0675145387649536,-61.254127502441406,0.4071823954582214,1.657065749168396,0.6293621509089281,0.4371836851104557,-0.0677983754022219,0.0012525393828381,2.15119913528464,1.3048108883751697,1.500375225451921,0.8700984301100372,289342,283157,ARG_mid_3aer-ARG_mid,12.553570021769907,172.0164945721907,0.9743511012855155
2017-07-15 11:26:00,ARG,mid,-54.9168701171875,-0.4974236786365509,-54.43768310546875,-34.261695861816406,-23.84691429138184,3.748297452926636,-0.0773682817816734,-61.95515060424805,0.4095361530780792,1.6895581483840942,0.6293745984281146,0.4380589959771596,-0.0688548210660197,0.0014212266607455,2.1606270869221844,1.3074875752639634,1.5038421969567364,0.8699356896988578,289419,283181,ARG_mid_3aer-ARG_mid,12.39768550413627,172.24660709380782,0.9744978028876334
2017-07-15 11:28:00,ARG,mid,-55.37020111083984,-0.5409817695617676,-54.84243774414063,-34.493526458740234,-23.98470687866211,3.7458267211914062,-0.1100296005606651,-62.50919342041016,0.4114004075527191,1.712659239768982,0.6289568238403489,0.4373384966761078,-0.0683016061221659,0.0020062856057092,2.16245787439097,1.3075284903786746,1.50492521010901,0.8695456541130618,289494,283187,ARG_mid_3aer-ARG_mid,12.244023786757896,172.4718164964553,0.9747110319604793
2017-07-15 11:30:00,ARG,mid,-55.96901321411133,-0.5275206565856934,-55.44826126098633,-34.43644332885742,-24.37265968322754,3.471124649047852,-0.1102844178676605,-63.23125076293945,0.4163737595081329,1.7367148399353027,0.62105539108331,0.4395567817201465,-0.062601133411209,0.0019889606077525,2.15261324146728,1.3116852662665448,1.509071353086675,0.8699119805999467,289545,283131,ARG_mid_3aer-ARG_mid,12.08017165102913,172.60670532318036,0.9747895002592866
2017-07-15 11:32:00,ARG,mid,-56.48653030395508,-0.5405212640762329,-55.97680282592773,-34.666927337646484,-24.72502899169922,3.465219020843506,-0.0500585734844207,-63.86540985107422,0.4198722243309021,1.736330509185791,0.6193088979698809,0.4417013970182019,-0.0619045685814068,0.0008942735933241,2.152217326343614,1.31434675531802,1.510673991451904,0.870361020634667,289728,282967,ARG_mid_3aer-ARG_mid,11.900948296590967,172.71055143573062,0.974888438549087
2017-07-15 11:34:00,ARG,mid,-56.893096923828125,-0.5369671583175659,-56.371578216552734,-34.82046890258789,-24.87973976135254,3.3964972496032715,-0.0678683891892433,-64.37286376953125,0.4228473603725433,1.7282402515411377,0.6176954466205534,0.4413525501714196,-0.0602519436796619,0.0012039468876888,2.1519344827918148,1.314939108845383,1.5121955415906942,0.8699893324616039,289940,283028,ARG_mid_3aer-ARG_mid,11.733742733813328,172.80759928669735,0.9752961325363683
2017-07-15 11:36:00,ARG,mid,-57.27108001708984,-0.5186730623245239,-56.76063919067383,-34.90157699584961,-25.07411766052246,3.2820911407470703,-0.0670357495546341,-64.83842468261719,0.4261322021484375,1.733795166015625,0.614890459693501,0.4417518864145356,-0.0578233714211909,0.0011810253131543,2.156077201409911,1.3178202449313292,1.516631529562248,0.8693401117979088,290069,283214,ARG_mid_3aer-ARG_mid,11.559871495587142,172.92099235419556,0.9757260023472256
2017-07-15 11:38:00,ARG,mid,-57.68019485473633,-0.4952609539031982,-57.1907958984375,-35.10320281982422,-25.361684799194336,3.3827388286590576,-0.1086567118763923,-65.33826446533203,0.4305736422538757,1.7544312477111816,0.6137909722100654,0.4434574380597157,-0.0591483086088352,0.0018998983390541,2.1622878718221195,1.3212521963527073,1.5201362010099202,0.869858835158963,290172,283298,ARG_mid_3aer-ARG_mid,11.395006190586159,172.98648099054142,0.9761797538142416
2017-07-15 11:40:00,ARG,mid,-58.25670623779297,-0.5091179013252258,-57.76873779296875,-35.36399841308594,-25.64375686645508,3.3093748092651367,-0.0703522935509681,-66.02854919433594,0.4349446296691894,1.7642022371292114,0.6121650713316854,0.4439037097094092,-0.0572866075752342,0.0012178265341396,2.158979030569065,1.3218677138081851,1.5205595313771896,0.8697735888758213,290230,283338,ARG_mid_3aer-ARG_mid,11.232290117501531,173.06791290213835,0.9762889270995387
2017-07-15 11:42:00,ARG,mid,-58.83942794799805,-0.541700005531311,-58.32290649414063,-35.84413146972656,-25.8726863861084,3.4602456092834477,-0.0663395747542381,-66.73111724853516,0.4397684633731842,1.7739416360855105,0.6145806102151966,0.4436110433187309,-0.0593291065245104,0.0011374529905828,2.1778417842516835,1.3243279951726887,1.5252362717864385,0.8686943010727454,290238,283058,ARG_mid_3aer-ARG_mid,11.079691562333,173.26539593877595,0.9757771773247086
2017-07-15 11:44:00,ARG,mid,-59.59164047241211,-0.5559197068214417,-59.0599250793457,-36.36959457397461,-26.19890022277832,3.5478086471557617,-0.0392315536737442,-67.63327026367188,0.4478266537189483,1.806190013885498,0.6158083806617517,0.4435986941242021,-0.0600713417031455,0.0006642669171917,2.191409762672188,1.3265402490047522,1.5290849343585986,0.867783391794745,290260,283008,ARG_mid_3aer-ARG_mid,10.928905326003042,173.34842219619642,0.9758198231392778
2017-07-15 11:46:00,ARG,mid,-60.23224639892578,-0.5534982681274414,-59.69126892089844,-36.66812515258789,-26.544946670532227,3.592490673065185,-0.0706871002912521,-68.42359924316406,0.4522961974143982,1.8226735591888428,0.6142963019819309,0.4447040161270004,-0.060184529671797,0.0011842115628658,2.1985857640476203,1.32997342656978,1.5334019656951583,0.8677743401558113,290286,283039,ARG_mid_3aer-ARG_mid,10.802677472382785,173.28586023064844,0.9759375255874887
2017-07-15 11:48:00,ARG,mid,-60.79546356201172,-0.5592456459999084,-60.25384521484375,-36.867950439453125,-26.937618255615234,3.640215158462525,-0.0884835496544838,-69.12272644042969,0.456826776266098,1.8357902765274048,0.6118772558269503,0.4470688823197912,-0.060414651132246,0.0014685129855045,2.194834633038429,1.3326706333244576,1.534567502901076,0.8689803451286126,290296,283058,ARG_mid_3aer-ARG_mid,10.686823456830405,173.13508774314755,0.9760296405469582
2017-07-15 11:50:00,ARG,mid,-61.32016372680664,-0.5718652009963989,-60.7630615234375,-37.22808456420898,-27.361047744750977,3.921637773513794,-0.0955622419714927,-69.78046417236328,0.4635612070560455,1.8440043926239011,0.6126763335141086,0.4502907985877344,-0.0645398350171851,0.001572702915342,2.210662587652102,1.3384575696348384,1.5397182392968047,0.8698775912401931,290317,283064,ARG_mid_3aer-ARG_mid,10.576041670209188,173.04019322955398,0.9760791096918584
2017-07-15 11:52:00,ARG,mid,-62.06138229370117,-0.6515682935714722,-61.43391036987305,-37.40641021728516,-27.84413146972656,3.911885261535645,-0.0952519625425338,-70.69002532958984,0.4754160046577453,1.8909718990325928,0.6088886382787584,0.4532372014824046,-0.0636763184493781,0.0015504786882151,2.2113358814215784,1.343615375573155,1.544115082312027,0.8707386933686181,290349,282838,ARG_mid_3aer-ARG_mid,10.479907763535035,173.0900499688517,0.975811293976364
2017-07-15 11:54:00,ARG,mid,-62.7978744506836,-0.6995505690574646,-62.11697769165039,-37.99125671386719,-28.342708587646484,4.352834701538086,-0.1358511447906494,-71.58978271484375,0.4852546751499176,1.940585970878601,0.611608129789263,0.4562796390957698,-0.0700747902082696,0.0021870213232367,2.233277936252993,1.3494641551349749,1.54945065782626,0.8717651936748924,290327,282846,ARG_mid_3aer-ARG_mid,10.382437690252049,173.22164933136946,0.9758641747864297
2017-07-15 11:56:00,ARG,mid,-63.478912353515625,-0.7200196981430054,-62.77339172363281,-38.22898483276367,-28.68467330932617,4.31293535232544,-0.1726682484149933,-72.40584564208984,0.4916999340057373,1.9513598680496216,0.6089997757880011,0.4569559772173769,-0.0687064132814927,0.0027506602761146,2.227012160215553,1.3503763473190544,1.5499740265453237,0.8722759924947622,290308,282698,ARG_mid_3aer-ARG_mid,10.28910282086705,173.35309432588355,0.9755827124102732
2017-07-15 11:58:00,ARG,mid,-64.0248794555664,-0.7860279679298401,-63.26005935668945,-38.63449096679688,-28.942686080932617,4.476353168487549,-0.1592273563146591,-73.07843780517578,0.4956993162631988,1.9602940082550049,0.6107249466984783,0.457519153568279,-0.0707611282103091,0.0025170279435517,2.232530228467776,1.3509809125223664,1.550148830053798,0.8724790177138037,290158,282346,ARG_mid_3aer-ARG_mid,10.175820514668992,173.4663510745583,0.9747451486121346
2017-07-15 12:00:00,ARG,mid,-64.4478759765625,-0.814904510974884,-63.65077209472656,-38.58355331420898,-29.21128273010254,4.341407299041748,-0.1973484307527542,-73.63066864013672,0.4996567368507385,2.004207134246826,0.6061756665234221,0.458930495639247,-0.0682066493700102,0.0031004872073411,2.228528702955217,1.3543809522683212,1.5537233601810387,0.8728919605880999,290148,282201,ARG_mid_3aer-ARG_mid,10.068171652055044,173.3905588902138,0.9746274461639237
2017-07-15 12:02:00,ARG,mid,-64.9714584350586,-0.8579632639884949,-64.13201141357422,-38.729190826416016,-29.602214813232425,4.369606971740723,-0.1701977849006652,-74.30406951904297,0.5052673816680908,2.05180287361145,0.603898133348299,0.4615825797402077,-0.0681345791048835,0.0026538660163768,2.2265214735075425,1.3578515836541376,1.55553371860653,0.8739409629726024,290028,281943,ARG_mid_3aer-ARG_mid,9.949789992369,173.43046675096946,0.9741139905565108
2017-07-15 12:04:00,ARG,mid,-65.35189819335938,-0.933344841003418,-64.43701171875,-38.85698318481445,-29.816709518432617,4.432775497436523,-0.1960925310850143,-74.80525970458984,0.5096246004104614,2.0743227005004883,0.6030227649610312,0.4627264573217303,-0.0687923889257486,0.0030431666429871,2.225383236696482,1.3592196972299098,1.556091789805853,0.8746591492047792,290022,281484,ARG_mid_3aer-ARG_mid,9.849732972434703,173.54857239029351,0.9733856000436694
2017-07-15 12:06:00,ARG,mid,-65.7966079711914,-1.001644492149353,-64.81404876708984,-38.82527923583984,-30.045957565307617,4.282835960388184,-0.2256415039300918,-75.36534881591797,0.515478253364563,2.105363607406616,0.599025716793209,0.4635717349483859,-0.0660788196073542,0.0034813678657593,2.217855498067994,1.3609894234087196,1.5577498421066418,0.8750385566198129,289897,281073,ARG_mid_3aer-ARG_mid,9.751466035689763,173.63802355271332,0.9725514479106963
2017-07-15 12:08:00,ARG,mid,-66.32490539550781,-1.0219579935073853,-65.31361389160156,-39.163185119628906,-30.436094284057617,4.546527862548828,-0.2608502507209778,-76.0255126953125,0.5241414904594421,2.136249303817749,0.5996176221835618,0.4659992984825073,-0.0696107326296241,0.0039938119635549,2.230684524020293,1.365828698347378,1.562068939186293,0.8759304804627059,289830,280914,ARG_mid_3aer-ARG_mid,9.63227794942759,173.54893969082167,0.972012404814542
2017-07-15 12:10:00,ARG,mid,-66.75688171386719,-1.0681986808776855,-65.70330047607422,-39.39347076416016,-30.680633544921875,4.6255645751953125,-0.2547450065612793,-76.58580780029297,0.5279528498649597,2.1458382606506348,0.5995662143697393,0.4669574017390985,-0.070400819643927,0.0038772035350891,2.228377148323794,1.3661903682639778,1.56123013467524,0.8765857461383201,289673,280565,ARG_mid_3aer-ARG_mid,9.518587488239703,173.4565314842187,0.9713181309533557
2017-07-15 12:12:00,ARG,mid,-66.97490692138672,-1.053655028343201,-65.9336166381836,-39.205345153808594,-30.983478546142575,4.503993034362793,-0.2487831562757492,-76.90202331542969,0.52713942527771,2.157107353210449,0.5946184471558212,0.469919360531037,-0.0683110442750274,0.0037732365881691,2.2146755941391563,1.3691375688097862,1.561619345747551,0.878217955153928,289453,280351,ARG_mid_3aer-ARG_mid,9.40823788758977,173.39594631657567,0.9705283304675346
2017-07-15 12:14:00,ARG,mid,-67.04981994628906,-1.024036884307861,-66.03793334960938,-39.25785446166992,-31.088340759277344,4.497514724731445,-0.1892652660608291,-77.03137969970703,0.524437665939331,2.134730100631714,0.5944741783901261,0.470764835790325,-0.0681050225181385,0.0028660083376875,2.197313283373383,1.3657535592294483,1.5549110165971622,0.8794602807436015,289276,280032,ARG_mid_3aer-ARG_mid,9.284825368388418,173.2852141780848,0.9695525942301919
2017-07-15 12:16:00,ARG,mid,-66.89319610595703,-1.0015039443969729,-65.89649200439453,-39.11709976196289,-30.925914764404297,4.335430145263672,-0.1889126747846603,-76.88946533203125,0.5179603695869446,2.0659499168396,0.5936142635143787,0.4693104502282171,-0.0657915229664426,0.0028668092238467,2.1748370817861704,1.359516571563806,1.5469485353749024,0.879937510058652,289100,279532,ARG_mid_3aer-ARG_mid,9.149312059737396,173.06119974329565,0.968600739649008
2017-07-15 12:18:00,ARG,mid,-66.7708511352539,-0.9826067090034484,-65.79820251464844,-39.12457656860352,-30.8194637298584,4.309314727783203,-0.1634733825922012,-76.7874526977539,0.5142667889595032,2.0107924938201904,0.5946146722411184,0.4683937512854688,-0.0654928894815159,0.0024844659549286,2.1700452661780285,1.3568214386666126,1.5439032289824448,0.8797742403424125,288874,279008,ARG_mid_3aer-ARG_mid,8.999978286700635,172.82464722996798,0.9672582494063703
2017-07-15 12:20:00,ARG,mid,-66.76848602294922,-0.9679545164108276,-65.79989624023438,-39.20638656616211,-30.767915725708008,4.365070343017578,-0.1906685680150985,-76.83575439453125,0.5173541903495789,1.998266696929932,0.5958425357914012,0.4675983231659946,-0.0663385625288635,0.0028977035714677,2.16906195134447,1.3550264812201205,1.5421309942467376,0.8797750400318999,288611,278615,ARG_mid_3aer-ARG_mid,8.868849653844773,172.57197584292976,0.9660965774175059
2017-07-15 12:22:00,ARG,mid,-66.79910278320312,-0.9297174215316772,-65.87109375,-39.38694763183594,-30.722768783569336,4.382574558258057,-0.1439446806907653,-76.89631652832031,0.520557701587677,1.982505321502685,0.5979398445451289,0.4664074914559389,-0.0665325837340571,0.0021852477329892,2.16626070835207,1.3518584741709625,1.5386808503644371,0.8794104963359832,288392,278448,ARG_mid_3aer-ARG_mid,8.720227371792104,172.22609657181403,0.9653954802259888
2017-07-15 12:24:00,ARG,mid,-66.9249267578125,-0.9796068072319032,-65.95718383789062,-39.85163497924805,-30.4564208984375,4.527973175048828,-0.1771064698696136,-77.0619125366211,0.5212134122848511,1.969064235687256,0.6042045760408151,0.4617604442433308,-0.0686501934927479,0.0026851732086019,2.169069967101642,1.34430472999171,1.5329168568030327,0.877965147912995,288230,278108,ARG_mid_3aer-ARG_mid,8.581662192573251,171.86228113665382,0.9646090914053331
2017-07-15 12:26:00,ARG,mid,-66.96752166748047,-0.95250403881073,-66.02208709716797,-40.07837677001953,-30.476428985595703,4.696389198303223,-0.1636600196361541,-77.14189910888672,0.5187804698944092,1.9415453672409055,0.6070450792294854,0.4616096662970122,-0.0711336129233744,0.0024788673968768,2.1741739938074995,1.3435158327142454,1.5318315494607673,0.8779926743457009,287995,277587,ARG_mid_3aer-ARG_mid,8.429584846456848,171.66414881685114,0.9633416577963372
2017-07-15 12:28:00,ARG,mid,-67.00934600830078,-0.9372575879096984,-66.07542419433594,-40.12294387817383,-30.479188919067383,4.691009521484375,-0.1642877012491226,-77.22561645507812,0.515472412109375,1.920002818107605,0.6072295975572313,0.4612788075761505,-0.0709947716957937,0.0024863665624119,2.1690765607305527,1.3419141514847437,1.5296607777057558,0.8781901730232708,287732,277067,ARG_mid_3aer-ARG_mid,8.297008311388918,171.49732156735507,0.9620810475176724
2017-07-15 12:30:00,ARG,mid,-67.06358337402344,-0.9194202423095704,-66.1445541381836,-39.942569732666016,-30.53877639770508,4.482259750366211,-0.1454750001430511,-77.33293151855469,0.5119808912277222,1.9000760316848757,0.6038678317689717,0.461697429858745,-0.0677646108114783,0.0021993491837614,2.1611502684658874,1.3425935102151405,1.5301892730411188,0.8782248255761413,287436,276645,ARG_mid_3aer-ARG_mid,8.1703439892402,171.34228968399847,0.9607470864379486
2017-07-15 12:32:00,ARG,mid,-67.25701904296875,-0.9324905276298524,-66.3211441040039,-40.160430908203125,-30.743438720703125,4.697469711303711,-0.1147322058677673,-77.60951232910156,0.5129110217094421,1.923484206199646,0.6055450335010888,0.4635541708175066,-0.0708291534055038,0.0017299490869084,2.1717271410172736,1.345596473500008,1.532500453628185,0.8786885396878811,287257,276339,ARG_mid_3aer-ARG_mid,8.05046797500309,171.02937196448153,0.9600511067441797
2017-07-15 12:34:00,ARG,mid,-67.55553436279297,-0.9454329609870912,-66.61033630371094,-40.44219970703125,-30.9314079284668,4.917825698852539,-0.1545493006706237,-78.01097869873047,0.516015350818634,1.949485659599304,0.6071460072954528,0.4643635664055519,-0.0738297737996224,0.0023202000986177,2.187184293734815,1.3488923479999788,1.5367483979915728,0.878632933439697,287014,275988,ARG_mid_3aer-ARG_mid,7.921909702932174,170.87802063676958,0.9588314364475012
2017-07-15 12:36:00,ARG,mid,-67.81013488769531,-0.9594733119010924,-66.84709167480469,-40.6741943359375,-31.046022415161133,5.054769515991211,-0.1816505044698715,-78.35856628417969,0.521452009677887,1.9973235130310056,0.6084660222939011,0.4644334718238229,-0.0756168966872739,0.0027174025695499,2.1975823123810083,1.350519745555834,1.5393109068079156,0.8783824150991009,286662,275678,ARG_mid_3aer-ARG_mid,7.80090205422036,170.66347473043248,0.957838641884331
2017-07-15 12:38:00,ARG,mid,-67.88793182373047,-0.9818010330200196,-66.90999603271484,-40.67190170288086,-30.988746643066406,4.895816802978516,-0.1451655626296997,-78.48197937011719,0.5234091281890869,2.021104335784912,0.6078598772168019,0.4631407511617971,-0.0731701931651173,0.0021695647865182,2.188279645201926,1.3476143084730368,1.5363949187081656,0.8779451446922784,286421,275289,ARG_mid_3aer-ARG_mid,7.686901633195072,170.5116711851386,0.9566889107235459
2017-07-15 12:40:00,ARG,mid,-67.77369689941406,-0.9234621524810792,-66.83840942382812,-40.69356918334961,-31.021751403808597,4.943550109863281,-0.0666412860155105,-78.37521362304688,0.5179768204689026,1.992859959602356,0.6088351104553307,0.4641305503262729,-0.0739627114384081,0.0009970506568045,2.188332209780503,1.3478405200441128,1.5353586249394344,0.878242270146791,286062,274634,ARG_mid_3aer-ARG_mid,7.592525788195799,170.52661688879522,0.9550496056115068
2017-07-15 12:42:00,ARG,mid,-67.74011993408203,-0.9176730513572692,-66.81693267822266,-40.76401519775391,-30.990062713623047,5.006989002227783,-0.0698364675045013,-78.36849975585938,0.5156636834144592,2.0010902881622314,0.6100851780426539,0.4638055712330593,-0.0749359406314733,0.00104519135576,2.193158523439813,1.3478636976281286,1.5358579177330864,0.8779902801397681,285713,274016,ARG_mid_3aer-ARG_mid,7.508951522279725,170.4833586306865,0.9533215972051639
2017-07-15 12:44:00,ARG,mid,-67.84427642822266,-0.8968029022216797,-66.94268798828125,-41.0967903137207,-30.9799919128418,5.25712776184082,-0.1230210736393928,-78.52610778808594,0.514818549156189,1.9945268630981443,0.6139101928132207,0.4627838885093829,-0.0785317891691864,0.0018377078465828,2.205167286379749,1.3472502084872793,1.536305634436017,0.8776337733382237,285339,273426,ARG_mid_3aer-ARG_mid,7.4162624348776545,170.35183357211577,0.9516839979257076
2017-07-15 12:46:00,ARG,mid,-67.92684936523438,-0.9078921675682068,-67.011474609375,-40.70378494262695,-30.944929122924805,4.773011684417725,-0.135765790939331,-78.65506744384766,0.5163365602493286,1.9866360425949097,0.607415163068585,0.4617856132464411,-0.0712267846141228,0.0020260082990967,2.171987858945666,1.3429116064963245,1.5305883530207216,0.8781395707129922,284993,272899,ARG_mid_3aer-ARG_mid,7.318975362785157,170.08842358585963,0.9501709244247933
2017-07-15 12:48:00,ARG,mid,-67.76554870605469,-0.8835775852203369,-66.87332153320312,-41.02093505859375,-30.797792434692383,5.060398578643799,-0.1149808764457702,-78.51942443847656,0.5155990719795227,1.9846057891845703,0.6134125925212942,0.4605394528253559,-0.0756714291511517,0.0017193838045015,2.179063764019949,1.339626033504592,1.5269281571553708,0.8779727359118964,284831,272647,ARG_mid_3aer-ARG_mid,7.220403050537049,169.72994804180172,0.9495568246949971
2017-07-15 12:50:00,ARG,mid,-67.53752136230469,-0.8843647837638855,-66.64180755615234,-40.80443954467773,-30.837926864624023,5.071554183959961,-0.0710082948207855,-78.29090881347656,0.5152695178985596,1.9635897874832156,0.6122947106446889,0.4627414270488521,-0.0761016592323582,0.0010655215388172,2.174103367931253,1.3410645072328455,1.526213834505886,0.8790830955036675,284846,272325,ARG_mid_3aer-ARG_mid,7.1254985040115475,169.3647552503738,0.9489631949561942
2017-07-15 12:52:00,ARG,mid,-67.44866943359375,-0.9294978380203248,-66.52301025390625,-41.03009033203125,-30.835908889770508,5.427559852600098,-0.0845711678266525,-78.22176361083984,0.5154773592948914,1.9647626876831052,0.6167804146464119,0.4635374922593849,-0.081589214065881,0.0012713071600841,2.1891774598147413,1.3423569777170847,1.5272204702032213,0.8794275844277832,284592,271806,ARG_mid_3aer-ARG_mid,7.029072232092504,168.9514183600162,0.9474705914462731
2017-07-15 12:54:00,ARG,mid,-67.492431640625,-0.8563178181648254,-66.6282730102539,-40.89556884765625,-31.16990089416504,5.491497993469238,-0.0543120317161083,-78.30804443359375,0.5155104994773865,1.973524808883667,0.6137869105017568,0.4678178662561494,-0.082419926664997,0.0008151499070907,2.188789953234901,1.3478726554493596,1.530230635697132,0.8811352485638911,284184,271146,ARG_mid_3aer-ARG_mid,6.914528609277708,168.40304963155774,0.9456589972433747
2017-07-15 12:56:00,ARG,mid,-67.43017578125,-0.7650392651557922,-66.65998077392578,-40.982452392578125,-31.273754119873047,5.714538097381592,-0.118310160934925,-78.2706527709961,0.5135117769241333,1.9647245407104488,0.6147984580435978,0.4691533783463584,-0.0857266666806734,0.0017748302907172,2.192118089006096,1.3491394003870896,1.5304201338226122,0.88221444143699,283714,270612,ARG_mid_3aer-ARG_mid,6.824321269746106,167.83477122910625,0.9439992221403423
2017-07-15 12:58:00,ARG,mid,-67.2790756225586,-0.7447277307510376,-66.53691864013672,-41.063114166259766,-31.111129760742188,5.611351490020752,0.0259778425097465,-78.11759948730469,0.5099498629570007,1.9358501434326167,0.6171479012928391,0.4675769378469595,-0.0843344115731227,-0.0003904275666759,2.186509882274436,1.3449462179530949,1.5258302646126982,0.8813066503181629,283354,270220,ARG_mid_3aer-ARG_mid,6.7383552984586,167.20126731824516,0.9428631376402195
2017-07-15 13:00:00,ARG,mid,-67.19728088378906,-0.8445711135864258,-66.34896850585938,-41.13639831542969,-30.63661003112793,5.436790466308594,-0.0127578796818852,-78.03252410888672,0.5091151595115662,1.9385981559753416,0.6200005052627384,0.4617495588143025,-0.0819423485726979,0.000192284495657,2.179162996373051,1.3365086501119847,1.5201135946870354,0.87928710238865,283203,269692,ARG_mid_3aer-ARG_mid,6.64159493907467,166.5969030427423,0.9416502906738721
