time,DCRE_total,DCRE_CF,DCRE_A,DCRE_A_Nc,DCRE_A_LWP,DCRE_A_re,DCRE_A_cov,DCRE_sfc,DCRE_lw_toa,DCRE_lw_sfc,frac_Nc,frac_LWP,frac_re,frac_cov,R_Nc,R_LWP,R_tau,R_re,n_any_pix,n_both_pix,box,box_label,pair
2017-07-15 09:04:00,-0.04168701171875,-0.026757028690047664,-0.014929983028697512,-0.031845328215365856,1.1327936007521121e-05,0.028001569083953567,-0.011097551833292741,-0.0323944091796875,0.006001949310302734,0.038845062255859375,2.132978192550835,-0.0007587373666632605,-1.8755258482297428,0.7433063930455712,0.9086844255554855,1.0000170314317653,0.9851468262220601,1.0038657980354009,10148,10149,0,Box 1,mid_3aer-mid
2017-07-15 09:04:00,0.5372314453125,0.014054513962136023,0.5231769313502839,0.5065924861355542,-0.008066005733139906,-0.4705038437667155,0.49515429471458505,0.56475830078125,0.00093841552734375,-0.0072174072265625,0.96830050367105,-0.015417357398236381,-0.8993206993136668,0.9464375530408531,0.9579688699889063,1.0003419054495506,0.9853268048615997,1.0011342451205958,9940,9939,1,Box 2,mid_3aer-mid
2017-07-15 09:04:00,0.753387451171875,-0.027342488788729285,0.7807299399604622,0.5549251010116836,0.0031930090282732016,-0.4949258316528831,0.7175376615733886,0.740966796875,0.0008301734924316406,-0.006855010986328125,0.7107772772743749,0.004089774024081749,-0.6339270550812323,0.9190600037827756,0.9306118157067162,0.9997931295206123,0.9668372795449175,1.002526000228959,9514,9516,2,Box 3,mid_3aer-mid
2017-07-15 09:04:00,1.61456298828125,0.01946679633306477,1.595096191947914,2.3327173002135324,0.04264720870226694,-1.773898309215728,0.9936299922478429,1.7003173828125,-0.0051364898681640625,-0.04882049560546875,1.4624304866309308,0.026736449448974377,-1.1120948806538513,0.6229279445739462,0.871008186574856,0.9987383747977588,0.9690121104845018,1.0106635711475673,10167,10166,3,Box 4,mid_3aer-mid
2017-07-15 09:06:00,-0.2140960693359375,0.029848093618597377,-0.24394416295448298,-0.4195018717484146,-0.005491151654198883,0.2784475167396374,-0.09739865629150693,-0.1806488037109375,0.004635810852050781,0.0160675048828125,1.7196634945788334,0.022509871061040576,-1.1414395547213496,0.3992661890814757,0.9284898060935783,0.9995145171749458,0.9857210652711567,1.0081874036157112,10364,10362,0,Box 1,mid_3aer-mid
2017-07-15 09:06:00,0.2353668212890625,-0.00014944551849630584,0.2355162668075323,0.13821602342999612,-0.00708778509620271,-0.10663155320059838,0.21101958167433726,0.2642822265625,0.0031507015228271484,-0.00679779052734375,0.5868640213414579,-0.030094673256667075,-0.4527566381974771,0.8959872901126863,0.977248858621306,1.000590257225318,0.9870133574716907,1.0019516085942444,10142,10142,1,Box 2,mid_3aer-mid
2017-07-15 09:06:00,0.3328857421875,-0.029463434061456354,0.36234917624888574,0.18780749712533087,-0.002495542436702641,-0.07836768292494051,0.255404904485198,0.310821533203125,0.0019987821578979492,0.00292205810546875,0.5183052962050397,-0.0068871204911710214,-0.21627669679346068,0.7048585210795919,0.9730355003117945,1.00018162514684,0.9825740748337992,1.005384505848366,9671,9673,2,Box 3,mid_3aer-mid
2017-07-15 09:06:00,1.140777587890625,0.02026236041320098,1.1205152274772339,1.6442511015171248,0.06537558215737932,-1.152347270498969,0.5632358143016988,1.197784423828125,-0.007018089294433594,-0.044384002685546875,1.4674062977430906,0.05834421572705275,-1.028408398423467,0.5026578849533238,0.8906803379164857,0.9977011395502681,0.9740447519805187,1.0108358985383217,10384,10383,3,Box 4,mid_3aer-mid
2017-07-15 09:08:00,0.0504913330078125,0.00026003013667674275,0.05023130287112685,0.01674376762370895,0.0334875352474179,0.0,0.0,0.07379150390625,-0.0010495185852050781,-0.00832366943359375,0.3333333333333333,0.6666666666666666,0.0,0.0,0.9552181223321462,0.9986851675216912,0.9901787288522317,1.0052867584729572,10363,10363,0,Box 1,mid_3aer-mid
2017-07-15 09:08:00,-0.03704833984375,0.0644411696123607,-0.1014895094561231,-0.03382983648537437,-0.06765967297074874,-0.0,-0.0,-0.0102996826171875,0.003763914108276367,-0.005168914794921875,0.3333333333333333,0.6666666666666666,0.0,0.0,1.0002499745385427,1.0013571363496678,0.9944871160997005,1.0006915845793578,10184,10180,1,Box 2,mid_3aer-mid
2017-07-15 09:08:00,0.27740478515625,-0.031482135601557444,0.30888692075773483,0.10296230691924493,0.20592461383848987,0.0,0.0,0.240386962890625,-0.00019168853759765625,-0.007724761962890625,0.3333333333333333,0.6666666666666666,0.0,0.0,1.0166359098965567,1.000364660044815,0.9981554544264019,0.9993122485563927,9760,9761,2,Box 3,mid_3aer-mid
2017-07-15 09:08:00,0.5471954345703125,-0.04193869300672916,0.5891341275769376,1.2980881288829034,0.11440043802993814,-1.005423120409084,0.18206868107318014,0.527069091796875,-0.009917259216308594,-0.025112152099609375,2.2033830126627323,0.19418402817785851,-1.7066115734023257,0.3090445325617348,0.9289050828011826,0.9967555394240085,0.9889051156265455,1.0044691369880308,10386,10388,3,Box 4,mid_3aer-mid
2017-07-15 09:10:00,-0.11053466796875,-0.028367369699037272,-0.08216729826970921,-0.027389099423236404,-0.05477819884647281,-0.0,-0.0,-0.104278564453125,-0.0032477378845214844,0.00492095947265625,0.3333333333333333,0.6666666666666666,0.0,0.0,0.9856300266856897,0.9981270720490726,0.9964052106727824,1.0012551332786277,10367,10369,0,Box 1,mid_3aer-mid
2017-07-15 09:10:00,-0.3757781982421875,0.008431283930225192,-0.3842094821723603,-0.12806982739078676,-0.2561396547815735,-0.0,-0.0,-0.366241455078125,0.0041768550872802734,0.001934051513671875,0.3333333333333333,0.6666666666666666,0.0,0.0,1.0254184879820747,1.0014603992205133,1.0039221028004748,0.9971296258402065,10242,10242,1,Box 2,mid_3aer-mid
2017-07-15 09:10:00,-0.2173614501953125,-0.05528340323117863,-0.16207804696411343,-0.2657209072240244,-0.0030532542405465176,0.14186611615765551,-0.035170001657198025,-0.2625732421875,-0.0002486705780029297,0.000835418701171875,1.6394626675311499,0.018838172705909734,-0.8752950742864445,0.2169942340493849,1.0779736569165657,1.000431462187645,1.0153828984587752,0.988544296459362,9772,9775,2,Box 3,mid_3aer-mid
2017-07-15 09:10:00,-0.3781280517578125,-0.021706845945831943,-0.3564212058119204,-0.11880706860397346,-0.2376141372079469,-0.0,-0.0,-0.473297119140625,-0.008996963500976562,0.011322021484375,0.3333333333333333,0.6666666666666666,0.0,0.0,0.9700458943613741,0.9968447444567538,1.0011801767299826,0.9982682465358125,10391,10392,3,Box 4,mid_3aer-mid
2017-07-15 09:12:00,-0.3026580810546875,0.06256522729421037,-0.36522330834883576,-0.12174110278294525,-0.2434822055658905,-0.0,-0.0,-0.3336334228515625,-0.003864765167236328,0.025920867919921875,0.3333333333333333,0.6666666666666666,0.0,0.0,1.0075606013676677,0.9984921885457052,1.0018680381314562,0.9972468930261255,10367,10364,0,Box 1,mid_3aer-mid
2017-07-15 09:12:00,-0.9766845703125,0.052278277617082064,-1.0289628479294324,-1.4147976353318894,-0.11859410267121451,0.9134010035423942,-0.40897211346872264,-0.97967529296875,0.005655527114868164,0.01137542724609375,1.3749744591642614,0.11525596177729815,-0.8876909456744899,0.39746052473293036,1.0582859971855,1.0023771637011636,1.0138284786722402,0.9941165990114791,10306,10303,1,Box 2,mid_3aer-mid
2017-07-15 09:12:00,-0.996490478515625,0.032675682885722444,-1.0291661614011565,-1.3592509518997982,-0.023550919443148986,0.6260611130045008,-0.2724254030627102,-1.009674072265625,0.0016336441040039062,0.007183074951171875,1.320730318269742,0.02288349571373939,-0.6083187890205708,0.26470497503708934,1.1260417352198608,1.0010289249996285,1.030413668473053,0.9792176974363432,9792,9791,2,Box 3,mid_3aer-mid
2017-07-15 09:12:00,-1.0004730224609375,-0.022321867465237427,-0.9781511549955153,-0.3260503849985051,-0.6521007699970102,-0.0,-0.0,-1.1429290771484375,-0.008818626403808594,0.033855438232421875,0.3333333333333333,0.6666666666666666,0.0,0.0,1.0144810794176082,0.9972028198681194,1.009291681903108,0.9937815224870562,10396,10397,3,Box 4,mid_3aer-mid
2017-07-15 09:14:00,-0.50067138671875,-0.0,-0.5006713867186641,-0.16689046223955467,-0.33378092447910934,-0.0,-0.0,-0.56365966796875,-0.007397651672363281,0.03180694580078125,0.3333333333333333,0.6666666666666666,0.0,0.0,1.0339664212983581,0.9982400670766598,1.0091883610565786,0.989923309955546,10369,10369,0,Box 1,mid_3aer-mid
2017-07-15 09:14:00,-1.54449462890625,0.03575578285141776,-1.5802504117574125,-2.1675542199738302,-0.13749176563134047,1.4165957080642846,-0.6918001342165265,-1.566314697265625,0.007203817367553711,0.027004241943359375,1.371652368413732,0.08700631533355177,-0.8964374870745163,0.4377788033272325,1.0905120661180263,1.0027518768445598,1.0212799451721593,0.9909507735138194,10344,10342,1,Box 2,mid_3aer-mid
2017-07-15 09:14:00,-2.0175933837890625,-0.01482828237070559,-2.002765101418006,-2.362068524341451,-0.03563998574901013,0.8183593744543729,-0.4234159657819179,-2.0255279541015625,0.00605010986328125,0.046169281005859375,1.1794036767811908,0.017795389845656966,-0.4086147566057321,0.2114156899788843,1.1575835689629834,1.001104592551853,1.0422255590363405,0.9689806925850543,9777,9779,2,Box 3,mid_3aer-mid
2017-07-15 09:14:00,-1.773773193359375,-0.00017142679048412252,-1.7736017665686066,-2.0247712586041526,0.12526528035993878,1.0258129650990655,-0.899908753423458,-1.97308349609375,-0.00688934326171875,0.07022857666015625,1.1416154949605652,-0.07062762493876511,-0.5783784073939604,0.5073905373721602,1.063623026953515,0.9980938278458706,1.0181730227952344,0.9892780718814541,10397,10397,3,Box 4,mid_3aer-mid
2017-07-15 09:16:00,-0.318023681640625,0.05428922984260436,-0.3723129114831854,-0.42962615154010725,0.016344326715047187,0.08738621788610172,-0.04641730454422705,-0.420196533203125,-0.012189388275146484,0.011211395263671875,1.1539383628373314,-0.0438994356922412,-0.23471175774694641,0.12467283060185619,1.0581446670882948,0.9989255345033834,1.0164598409561547,0.9847519471493792,10361,10359,0,Box 1,mid_3aer-mid
2017-07-15 09:16:00,-1.94854736328125,0.11085870074820485,-2.0594060640291216,-2.830840664883141,-0.1615301125649939,1.5869244517120846,-0.6539597382930717,-1.990203857421875,0.00767064094543457,0.050151824951171875,1.3745908173858374,0.0784352903423857,-0.7705738462318349,0.31754773850361173,1.123911591578477,1.0033383428725164,1.028732272004204,0.9841281012273881,10365,10359,1,Box 2,mid_3aer-mid
2017-07-15 09:16:00,-2.5990142822265625,0.007669390719300325,-2.606683672945412,-2.8610561062994533,-0.0604127706311136,0.8979529048699766,-0.5831677008848217,-2.6036834716796875,0.0071947574615478516,0.0592498779296875,1.0975846958317785,0.023176103513492464,-0.3444809641422038,0.2237201647969328,1.1854369194228198,1.0017976117365486,1.053020130512532,0.9624160448219363,9824,9822,2,Box 3,mid_3aer-mid
2017-07-15 09:16:00,-2.5652008056640625,0.047236584627539296,-2.612437390291196,-4.000835226557017,0.019703264103209994,2.517256644056819,-1.148562071894208,-2.8021240234375,-0.006439208984375,0.1228790283203125,1.5314568844503726,-0.007542100023692344,-0.9635663053254006,0.4396515208987203,1.1281608638147043,0.9997031070786224,1.026594554402861,0.9851075648575424,10401,10399,3,Box 4,mid_3aer-mid
2017-07-15 09:18:00,-0.6512298583984375,0.08970421877914488,-0.7409340771774489,-0.7583120968660493,-0.0007461082467368302,0.14435420035249638,-0.1262300724171591,-0.747161865234375,-0.014391899108886719,-0.002376556396484375,1.0234542049338602,0.001006983306232981,-0.19482731972918085,0.1703661314890877,1.0772187975648848,1.0000365934002164,1.024521809467983,0.9801378070394602,10350,10347,0,Box 1,mid_3aer-mid
2017-07-15 09:18:00,-2.375091552734375,0.019108020879000192,-2.3941995736129913,-3.2680387671145206,-0.15375261445100402,1.628057689451503,-0.6004658814989698,-2.4309234619140625,0.007252216339111328,0.06989288330078125,1.3649817680749368,0.0642187961878976,-0.6800008267458949,0.25080026248306053,1.150293761705197,1.0032991541027514,1.0347840203142755,0.9779238649321934,10362,10361,1,Box 2,mid_3aer-mid
2017-07-15 09:18:00,-3.4571075439453125,0.05792607317666816,-3.5150336171213685,-3.745156524374668,-0.07732628072790551,0.9470981007797076,-0.6396489127985026,-3.47509765625,0.010898828506469727,0.0903472900390625,1.0654681952776766,0.02199873149185747,-0.26944211747122127,0.18197519070168724,1.2086746878432373,1.0019584719284353,1.0610861076709162,0.9545200794906382,9872,9869,2,Box 3,mid_3aer-mid
2017-07-15 09:18:00,-3.2808837890625,-4.504747994240511e-05,-3.280838741582063,-5.367527225052256,-0.05486506477772972,3.600970500723376,-1.459416952475454,-3.478607177734375,-0.005932331085205078,0.13729476928710938,1.6360228733655968,0.016722877623443655,-1.0975761944907239,0.44483044350168344,1.192495605583731,1.000900158055096,1.0365202108872178,0.981165912347425,10398,10398,3,Box 4,mid_3aer-mid
2017-07-15 09:20:00,-1.713958740234375,0.10477056669203492,-1.818729306926112,-1.883573011895267,-0.04637160902063483,0.4055321663393322,-0.29431685234954225,-1.74658203125,-0.008008003234863281,0.030086517333984375,1.0356533018532315,0.02549670742316725,-0.2229755493546943,0.16182554007829558,1.097741341011983,1.0011485765063979,1.030469772294174,0.9762762288827371,10365,10361,0,Box 1,mid_3aer-mid
2017-07-15 09:20:00,-3.3685302734375,0.059006429601424513,-3.4275367030384127,-4.601460612015965,-0.20921338465295267,1.9688795801076477,-0.5857422864771423,-3.4577789306640625,0.01091313362121582,0.11689376831054688,1.3424978375685672,0.06103899178307588,-0.5744299042406439,0.1708930748890008,1.1807807375758859,1.0037848814742887,1.0421234051005064,0.970026857772315,10355,10352,1,Box 2,mid_3aer-mid
2017-07-15 09:20:00,-4.076080322265625,0.11394557815404964,-4.190025900418976,-4.490349827930601,-0.10851299804828508,0.9828823454060911,-0.5740454198461817,-4.102935791015625,0.011211633682250977,0.10723495483398438,1.0716759119511872,0.025897930138673957,-0.23457667536322604,0.13700283327336493,1.2333513073916755,1.0025374245057743,1.0674107559116404,0.9476555818210758,9955,9949,2,Box 3,mid_3aer-mid
2017-07-15 09:20:00,-4.1021575927734375,0.00018288314045601032,-4.102340475913251,-6.49821244438444,-0.15923752759329113,3.9984457195751464,-1.443336223510666,-4.282928466796875,-0.004349231719970703,0.16858291625976562,1.5840256269655013,0.03881626318640511,-0.9746742726626132,0.3518323825107068,1.238369554665092,1.0026229457676044,1.0460173337061012,0.973807621820062,10393,10393,3,Box 4,mid_3aer-mid
2017-07-15 09:22:00,-2.9455718994140625,0.024788058680567406,-2.970359958094191,-3.5042470930396203,-0.11326436459003232,1.102955623452577,-0.45580412391711506,-2.947296142578125,-0.003451824188232422,0.06647872924804688,1.1797381941843763,0.0381315282282164,-0.37132052647257036,0.15345080405997763,1.118616685112052,1.001813175311968,1.0321785495341174,0.9753098250085901,10386,10385,0,Box 1,mid_3aer-mid
2017-07-15 09:22:00,-4.51123046875,0.10136028647332411,-4.6125907552225875,-5.8915937864002785,-0.2661759520421431,2.1315821041648717,-0.5864031209450371,-4.619110107421875,0.014188528060913086,0.1626129150390625,1.2772851742222189,0.05770638805117633,-0.4621225288090855,0.12713096653569028,1.214932510765154,1.004407595508752,1.0521207604670317,0.9608367772371674,10352,10347,1,Box 2,mid_3aer-mid
2017-07-15 09:22:00,-5.0342864990234375,0.024771970047381887,-5.059058469070002,-5.660829482261547,-0.11857986690334234,1.2823810911759657,-0.5620302110810783,-5.0606842041015625,0.014461517333984375,0.1411590576171875,1.1189492109788104,0.023439117699135956,-0.25348216452056616,0.11109383584261981,1.2621119369098641,1.0024411144717933,1.0718077891639863,0.9425139019628778,10023,10022,2,Box 3,mid_3aer-mid
2017-07-15 09:22:00,-5.090606689453125,0.025157876671725008,-5.115764566124057,-8.281602440303358,-0.32527415129683596,5.477015530598331,-1.9859035051221952,-5.197113037109375,0.0016264915466308594,0.20333099365234375,1.6188396344787006,0.06358270539867296,-1.070615244271879,0.3881929043945055,1.2610987989302351,1.00456616650061,1.0489266730700517,0.9756331086568143,10392,10391,3,Box 4,mid_3aer-mid
2017-07-15 09:24:00,-3.524810791015625,-0.025121216198070548,-3.499689574817022,-4.268631813065267,-0.14874915007429448,1.301691824408495,-0.3840004360859557,-3.50592041015625,-0.0006527900695800781,0.0611419677734375,1.2197172697205432,0.042503526925547874,-0.3719449387097576,0.10972414206366654,1.1376294567671097,1.0022492301711055,1.0358677675372394,0.9712939085491846,10380,10381,0,Box 1,mid_3aer-mid
2017-07-15 09:24:00,-5.4614105224609375,0.2706942707549244,-5.732104793214995,-7.397879376363016,-0.37918746523101865,2.7322113395660215,-0.6872492911869813,-5.5718231201171875,0.0158083438873291,0.19226837158203125,1.2906043492295838,0.06615152355202178,-0.4766506262760755,0.11989475349446993,1.2593968537972529,1.0059281904612822,1.0613770438456143,0.9545505430910788,10343,10330,1,Box 2,mid_3aer-mid
2017-07-15 09:24:00,-5.78460693359375,-0.038731001312291576,-5.7458759322805335,-7.021143598564675,-0.1402044672735823,1.924367926860663,-0.5088957933029395,-5.7768402099609375,0.016150474548339844,0.14889907836914062,1.2219448664249157,0.024400886640435212,-0.33491289222753595,0.088567139162185,1.3256133240269525,1.0028183323302244,1.0799259932732717,0.9349446065577907,10090,10092,2,Box 3,mid_3aer-mid
2017-07-15 09:24:00,-5.294921875,0.02291144190079958,-5.31783331690001,-8.697828594905504,-0.42037041059471697,5.5576576240068585,-1.7572919354066472,-5.39990234375,0.0015416145324707031,0.22818756103515625,1.635596318384766,0.07904918893542318,-1.0450981241447885,0.33045261682459937,1.3156886495727353,1.0066520103020413,1.0575071693372997,0.969662346433159,10385,10384,3,Box 4,mid_3aer-mid
2017-07-15 09:26:00,-4.0379638671875,-0.05201655119904568,-3.98594731598786,-5.060764822892578,-0.1808480656654382,1.5865352239129427,-0.33086965134278595,-4.00067138671875,-0.0005812644958496094,0.063629150390625,1.2696517092921837,0.0453714139522232,-0.39803216102462274,0.08300903778021579,1.1629466617534856,1.0027008896025047,1.0404279629308832,0.9669146428505869,10376,10378,0,Box 1,mid_3aer-mid
2017-07-15 09:26:00,-6.21392822265625,0.08541633407487689,-6.2993445567301976,-8.312555308347926,-0.3272385476416527,3.048301615950103,-0.7078523166907206,-6.3129730224609375,0.015767812728881836,0.20640182495117188,1.319590511915533,0.051948031210966576,-0.4839077444483185,0.11236920132181905,1.305709079268985,1.0052642785116725,1.0697030287402434,0.9469026026161963,10361,10357,1,Box 2,mid_3aer-mid
2017-07-15 09:26:00,-6.7627410888671875,0.1579808632436252,-6.920721952109773,-8.322452148568798,-0.2646372823904259,2.0777330961654337,-0.41136561731598187,-6.7225799560546875,0.017650842666625977,0.14976119995117188,1.2025410363483409,0.03823839250033034,-0.3002191260598238,0.05943969721115261,1.370988189367122,1.0050292432985075,1.0914013511780563,0.9256610671275971,10142,10134,2,Box 3,mid_3aer-mid
2017-07-15 09:26:00,-6.408599853515625,-0.05095472683399579,-6.35764512668069,-10.025294506089697,-0.5847128174238468,6.206272415823176,-1.9539102189903226,-6.472900390625,0.005758762359619141,0.2809944152832031,1.5768880310757258,0.0919700306910845,-0.9761904434989209,0.30733238173211064,1.3523550207624095,1.0088412961232458,1.065886223121205,0.9652247373748704,10390,10392,3,Box 4,mid_3aer-mid
2017-07-15 09:28:00,-4.5140380859375,-0.025282371197839066,-4.488755714738986,-5.161460991519894,-0.24016704897954105,1.1229177914227813,-0.21004546566233204,-4.445281982421875,0.0028924942016601562,0.0772552490234375,1.149864532518902,0.05350414775100017,-0.250162375229207,0.046793694959304744,1.171977773980809,1.003698875935557,1.0470778777358376,0.9606370756986382,10367,10368,0,Box 1,mid_3aer-mid
2017-07-15 09:28:00,-7.0615081787109375,-0.1093184685423981,-6.952189710167519,-9.440791462299762,-0.29198904622634075,3.268043219979023,-0.48745242162043945,-7.128936767578125,0.017159461975097656,0.21392822265625,1.357959413635201,0.041999579758203266,-0.4700739416243974,0.07011494823099323,1.3502060955394481,1.004654042142655,1.0764870931989492,0.9381061996198965,10365,10370,1,Box 2,mid_3aer-mid
2017-07-15 09:28:00,-7.6416778564453125,0.30222467810597886,-7.943902534550061,-9.737507156731565,-0.42518736645984195,2.5628451880829366,-0.3440531994415901,-7.5845794677734375,0.019814491271972656,0.16414260864257812,1.2257838152445426,0.053523739070386815,-0.32261790435324056,0.04331035003831113,1.4182765538976423,1.0076583626103404,1.0996869805897231,0.9200927497994337,10182,10168,2,Box 3,mid_3aer-mid
2017-07-15 09:28:00,-7.104644775390625,0.02571151590800152,-7.130356291297551,-10.674443880715986,-0.8096027695086184,6.319843744474611,-1.9661533855475584,-7.178253173828125,0.00823831558227539,0.3195152282714844,1.4970421455297989,0.11354310169559428,-0.8863293061789699,0.2757440589535767,1.369456348913436,1.011994718919499,1.072516535895539,0.9619621201077312,10395,10394,3,Box 4,mid_3aer-mid
2017-07-15 09:30:00,-4.995819091796875,0.1113885778599676,-5.107207669656064,-5.549106008792378,-0.38687660953888564,0.9308993412868787,-0.10212439261167908,-4.909454345703125,0.009009361267089844,0.11147308349609375,1.086524450877885,0.07575110208215582,-0.1822716837652244,0.019996130805183504,1.1797607400200167,1.00577929517991,1.052023796215251,0.9570123751081673,10364,10360,0,Box 1,mid_3aer-mid
2017-07-15 09:30:00,-7.9221649169921875,0.04474576918786102,-7.966910686178878,-10.713474109404858,-0.3856569816812661,3.473969344515752,-0.34174893960850505,-7.9736328125,0.018526792526245117,0.21683502197265625,1.3447463554462538,0.04840734343241853,-0.4360497414063457,0.04289604252767343,1.3926245408198799,1.0059787901858297,1.0855587364684651,0.9299613173514839,10353,10351,1,Box 2,mid_3aer-mid
2017-07-15 09:30:00,-8.435226440429688,-0.17034700565861935,-8.264879434769824,-10.70799429754776,-0.43487838831716347,3.2960340354524305,-0.41804078435733044,-8.394180297851562,0.01902914047241211,0.1893157958984375,1.2956019966244041,0.052617632446960765,-0.39880001414010036,0.05058038506873547,1.4768796549351895,1.0079494770280748,1.105526661311296,0.9163751237442136,10182,10190,2,Box 3,mid_3aer-mid
2017-07-15 09:30:00,-7.894622802734375,0.000304534473470261,-7.894927337206658,-11.714906354361654,-1.0617714942087946,6.71462411812936,-1.8328736067655707,-7.978424072265625,0.012652397155761719,0.35413360595703125,1.483852333783044,0.1344878108256871,-0.8504985329611777,0.23215838835244662,1.3972555079799946,1.0152745068776987,1.078039900920244,0.9583520952985229,10400,10400,3,Box 4,mid_3aer-mid
2017-07-15 09:32:00,-4.44818115234375,0.13490618034338459,-4.5830873326864765,-4.757413198725446,-0.4336708198648119,0.7254779465415717,-0.11748126063779026,-4.312774658203125,0.0018954277038574219,0.06630706787109375,1.0380367759513727,0.09462416672095277,-0.15829459355214098,0.02563365087981556,1.1861498177803387,1.0078111616127223,1.056349466122161,0.9553924894843393,10352,10347,0,Box 1,mid_3aer-mid
2017-07-15 09:32:00,-7.6537322998046875,0.2300641276628438,-7.883796427466385,-10.637049689636916,-0.4384964468838556,3.7708231524881577,-0.579073443433772,-7.68017578125,0.008565425872802734,0.13264083862304688,1.3492293703295613,0.05561996062660577,-0.47830042127305245,0.0734510903168854,1.4393977951169485,1.007535562115545,1.0941561448688917,0.926939731455068,10305,10295,1,Box 2,mid_3aer-mid
2017-07-15 09:32:00,-8.99920654296875,-0.13130024349137415,-8.867906299476077,-11.69714619079939,-0.5657758835617974,4.0060479294912925,-0.6110321546061818,-8.95819091796875,0.018386363983154297,0.2053985595703125,1.3190426010128757,0.06380039035766806,-0.4517467589534604,0.06890376758291661,1.5503789812455189,1.0106612559615373,1.117185465880865,0.9115832845142574,10161,10167,2,Box 3,mid_3aer-mid
2017-07-15 09:32:00,-7.566986083984375,0.025560138818467294,-7.592546222801746,-10.859195273487448,-1.1933333807910267,6.081784851342847,-1.6218024198661196,-7.617767333984375,0.005290985107421875,0.3110160827636719,1.430244209890403,0.15717169784323967,-0.8010204578113969,0.21360455007775425,1.4335379215593973,1.019985553994041,1.0875589141293391,0.9548336388298262,10404,10403,3,Box 4,mid_3aer-mid
2017-07-15 09:34:00,-4.723724365234375,0.19284619806907594,-4.916570563302752,-5.145323811669457,-0.5174015437997324,1.0162100917915042,-0.27005529962506664,-4.591552734375,0.0021233558654785156,0.06706619262695312,1.0465269938509818,0.10523626929340013,-0.20669083840197255,0.05492757525759062,1.2095696098365512,1.0096121813724215,1.062475868259304,0.9534131771185115,10314,10307,0,Box 1,mid_3aer-mid
2017-07-15 09:34:00,-8.317642211914062,0.36558515073938974,-8.683227362652213,-11.321114943445098,-0.5422348114347655,3.7018775095842735,-0.5217551173566229,-8.345672607421875,0.00701451301574707,0.11088943481445312,1.303791144769376,0.062446229816231,-0.42632506958260374,0.06008769499699679,1.4831362566111392,1.0094839860983493,1.106025009013527,0.9182569446567471,10272,10257,1,Box 2,mid_3aer-mid
2017-07-15 09:34:00,-10.513916015625,-0.2227055696907201,-10.29121044593279,-13.963454878745038,-0.7638946798049249,5.380703608294762,-0.9445644956775894,-10.548583984375,0.023813962936401367,0.295623779296875,1.3568330909279542,0.07422787473040406,-0.5228445804857951,0.0917836148274368,1.610919806260056,1.0131276461258936,1.1242732376678881,0.9108806955354544,10187,10198,2,Box 3,mid_3aer-mid
2017-07-15 09:34:00,-8.427978515625,0.07696827266346153,-8.504946788287233,-12.135973241192298,-1.5313778511219733,6.908277667521745,-1.7458733634947072,-8.49957275390625,0.012405872344970703,0.3246345520019531,1.4269311194169503,0.18005731126159927,-0.8122658306381911,0.20527739995964156,1.475265315583563,1.0248361570636222,1.0950862501475693,0.9534632602468912,10392,10389,3,Box 4,mid_3aer-mid
2017-07-15 09:36:00,-5.425018310546875,-0.18889289827802208,-5.236125412268124,-5.826280573780778,-0.5181827073862352,1.5563460111067144,-0.448008142207825,-5.342926025390625,0.0032525062561035156,0.08876800537109375,1.1127083702254217,0.0989630053879429,-0.29723237863253443,0.08556100301916986,1.233873394356542,1.0093894266667927,1.0649810376366555,0.9529196320497865,10293,10299,0,Box 1,mid_3aer-mid
2017-07-15 09:36:00,-9.20233154296875,0.7436154432487854,-9.945946986216093,-12.680629160185136,-0.7792449362881282,4.253179216064691,-0.7392521058075197,-9.227325439453125,0.005278110504150391,0.07742691040039062,1.2749544289507062,0.07834798811697564,-0.4276293873232076,0.07432697025552576,1.5271158249130694,1.013093697278076,1.117050541621121,0.9144288033931367,10214,10183,1,Box 2,mid_3aer-mid
2017-07-15 09:36:00,-11.58575439453125,-0.3877955351963362,-11.197958859333326,-15.509161540155683,-0.866230790806063,6.236652754870873,-1.0592192832424536,-11.6507568359375,0.024278640747070312,0.3275909423828125,1.384998974811292,0.07735613263876863,-0.5569454963368363,0.09459038888677562,1.681558651260514,1.0146197906574184,1.1332429587559527,0.9059802625371662,10227,10244,2,Box 3,mid_3aer-mid
2017-07-15 09:36:00,-9.33709716796875,0.0787210274578857,-9.415818195425297,-13.390439146884013,-1.900144990238198,7.726119122552369,-1.851353180855454,-9.440765380859375,0.022593975067138672,0.3491249084472656,1.4221216753515693,0.20180349182627474,-0.8205467610139421,0.196621593836098,1.5023316256022234,1.02929961248874,1.100100636084888,0.9533577494320897,10372,10369,3,Box 4,mid_3aer-mid
2017-07-15 09:38:00,-6.11724853515625,0.07104016622227954,-6.188288701377663,-7.195000400457256,-0.6110723659610325,2.0408601670839075,-0.4230761020432809,-6.068756103515625,0.007533073425292969,0.13991165161132812,1.1626801443273769,0.09874658333651969,-0.3297939487906507,0.06836722112675414,1.2641341059095164,1.010002974970134,1.0695066203587833,0.9487119456302049,10299,10298,0,Box 1,mid_3aer-mid
2017-07-15 09:38:00,-10.417266845703125,0.7585921729226646,-11.175859018624182,-14.041039564439435,-0.9683438869754416,4.799815608237595,-0.9662911754468992,-10.446807861328125,0.008606910705566406,0.087310791015625,1.2563722878966646,0.08664603636836596,-0.4294806869198035,0.08646236265477297,1.5669270770421124,1.0156072552363022,1.1265467027556186,0.9108585768052537,10160,10129,1,Box 2,mid_3aer-mid
2017-07-15 09:38:00,-12.150833129882812,-0.5273418009666655,-11.623491328914499,-16.431160471807146,-0.9513024983841933,6.825773917236152,-1.0668022759593092,-12.217620849609375,0.02491164207458496,0.2895240783691406,1.4136166154254473,0.08184309442531619,-0.587239558587394,0.09177984873663053,1.7389491616140023,1.0161453970873862,1.1393576655166926,0.902601454652457,10243,10265,2,Box 3,mid_3aer-mid
2017-07-15 09:38:00,-10.186920166015625,0.20774779058681986,-10.394667956600985,-14.571676114593501,-2.3014064141142154,8.49414710064612,-2.015732528539389,-10.316497802734375,0.0316314697265625,0.3686714172363281,1.4018414224900726,0.2214025906092306,-0.8171638705642381,0.1939198574649349,1.5371963997274796,1.0345363022474188,1.107645966692278,0.9526974312761013,10360,10352,3,Box 4,mid_3aer-mid
2017-07-15 09:40:00,-7.01806640625,0.4003302417147414,-7.418396647963703,-8.482198762590809,-0.7913542254824385,2.2852739956214063,-0.4301176555118615,-7.005126953125,0.009284496307373047,0.161712646484375,1.14340054395974,0.10667456366055321,-0.3080549752281981,0.05797986760790497,1.2917853616547739,1.0120146545230433,1.0774946159135537,0.9433027843556806,10324,10310,0,Box 1,mid_3aer-mid
2017-07-15 09:40:00,-11.512069702148438,0.4757478632428717,-11.987817565389609,-15.480215227177911,-1.035075470487377,5.752731221621212,-1.225258089345532,-11.554412841796875,0.013836860656738281,0.15227890014648438,1.291328896418253,0.08634394583012131,-0.47988144549597556,0.10220860324760128,1.6102164841328046,1.016053549491999,1.1308459671290094,0.9098534290352736,10114,10095,1,Box 2,mid_3aer-mid
2017-07-15 09:40:00,-13.121734619140625,-0.2717259191388928,-12.850008699999924,-17.93028726459461,-1.131198861508736,7.323043115980606,-1.1115656898771813,-13.173370361328125,0.027072429656982422,0.28310394287109375,1.3953521498078612,0.08803098020538638,-0.5698862379743486,0.08650310796110106,1.7934793357677936,1.018597696647411,1.1497544569808833,0.8966854394478979,10261,10272,2,Box 3,mid_3aer-mid
2017-07-15 09:40:00,-10.923095703125,0.2817354080958973,-11.20483111121932,-15.947599541885726,-2.580111445241725,9.258650496743739,-1.9357706208356087,-11.094573974609375,0.04104137420654297,0.3620185852050781,1.4232788860081527,0.23026776750416852,-0.8263087952725245,0.17276214176020332,1.6090214021876408,1.0392247714849252,1.117833148822497,0.9477421968596976,10371,10360,3,Box 4,mid_3aer-mid
2017-07-15 09:42:00,-7.97991943359375,-0.0,-7.979919433592636,-9.516731043446384,-0.7721308714712243,2.7252225759089646,-0.41628009458399284,-7.987823486328125,0.012004375457763672,0.21045303344726562,1.1925848528475507,0.09675923145549899,-0.34151003635910687,0.05216595205605723,1.3300501128601792,1.0116375847168726,1.0829831925189564,0.9380139868448919,10345,10345,0,Box 1,mid_3aer-mid
2017-07-15 09:42:00,-12.707183837890625,0.1272778409990343,-12.834461678887827,-16.816871451100912,-1.0708951234914381,6.265946508039349,-1.2126416123348263,-12.703521728515625,0.019657135009765625,0.21658706665039062,1.3102903629190765,0.08343903704609734,-0.4882126469197051,0.09448324695453125,1.6491250087551639,1.01605527038629,1.1357128987040412,0.9054630398199558,10099,10094,1,Box 2,mid_3aer-mid
2017-07-15 09:42:00,-14.25140380859375,-0.12736772202659877,-14.124036086565177,-19.287305167256157,-1.2600323226576182,7.5866362573340655,-1.163334853985467,-14.285675048828125,0.032558441162109375,0.3328132629394531,1.3655661206928165,0.0892119161219196,-0.5371436472433326,0.08236561042859658,1.8479282297610702,1.0202608409963743,1.1617095724590627,0.8891508564201699,10266,10270,2,Box 3,mid_3aer-mid
2017-07-15 09:42:00,-12.278900146484375,-0.27844061684003657,-12.000459529642669,-17.95774099239105,-2.8457768673154695,10.941150902696776,-2.1380925726329285,-12.420684814453125,0.04891681671142578,0.3836250305175781,1.4964211118776853,0.2371389912432967,-0.9117276614008601,0.17816755827987807,1.6877290950957933,1.0423424350601613,1.1236538000022251,0.9471068273141625,10363,10373,3,Box 4,mid_3aer-mid
2017-07-15 09:44:00,-8.84649658203125,-0.41255637080513297,-8.433940211224986,-10.423658873561196,-0.8117927650983039,3.2984203325966917,-0.4969089051621772,-8.877593994140625,0.010807514190673828,0.208709716796875,1.2359180421611282,0.09625308512596098,-0.3910888920230576,0.05891776473596838,1.3714981596778402,1.012377234304996,1.0889357241178719,0.934372857902168,10354,10368,0,Box 1,mid_3aer-mid
2017-07-15 09:44:00,-13.594757080078125,-0.7520018616545526,-12.842755218421756,-17.04666989316618,-0.9463027861921507,6.30911253090615,-1.1588950699695777,-13.56683349609375,0.02374744415283203,0.24628829956054688,1.327337444593999,0.07368378280968604,-0.49125848960013707,0.09023726219645212,1.6751637475330319,1.0144227639713888,1.1383278099174843,0.9016314491216941,10107,10136,1,Box 2,mid_3aer-mid
2017-07-15 09:44:00,-15.498214721679688,-0.48401415692805,-15.014200564749535,-20.394070949043794,-1.238954232533717,7.986434699311587,-1.3676100824836108,-15.5048828125,0.03421163558959961,0.3459205627441406,1.3583188036614593,0.08251882790499976,-0.5319254038781263,0.0910877723116672,1.8830360525332173,1.0194100908435255,1.1680211135365963,0.8852015553243753,10258,10276,2,Box 3,mid_3aer-mid
2017-07-15 09:44:00,-12.756988525390625,-0.5996528537542088,-12.157335671634762,-17.479713576463936,-2.9324730266989807,10.509544960001636,-2.254694028473481,-12.8643798828125,0.05037069320678711,0.39934539794921875,1.4377914741012896,0.24121017185870458,-0.8644611980668003,0.1854595521068062,1.6836465025172662,1.0446683090488245,1.1283747104668886,0.9467886649095095,10346,10369,3,Box 4,mid_3aer-mid
2017-07-15 09:46:00,-9.753143310546875,0.09706266880440934,-9.85020597934997,-12.260913570090093,-1.1906276371090498,4.0739932577768485,-0.4726580299276761,-9.7822265625,0.00958395004272461,0.22279739379882812,1.2447367695451186,0.12087337458780949,-0.4135947274927643,0.04798458335983624,1.4266445683507742,1.0174020685160992,1.0998282697125608,0.9292887826676112,10373,10369,0,Box 1,mid_3aer-mid
2017-07-15 09:46:00,-14.157958984375,0.05277868750398165,-14.21073767187702,-18.492619392790576,-1.3938531612614213,6.789085277239288,-1.1133503950643084,-14.085174560546875,0.024847984313964844,0.19870758056640625,1.301313121090637,0.09808450436882316,-0.47774333986017165,0.07834571440071147,1.704689883196068,1.020304870682939,1.1464003686301076,0.8995853805895505,10118,10116,1,Box 2,mid_3aer-mid
2017-07-15 09:46:00,-16.337860107421875,-0.6716326775230568,-15.666227429896677,-20.84340275289585,-1.2091235209646973,7.63054657939473,-1.244247735430859,-16.22430419921875,0.035918235778808594,0.3382720947265625,1.3304672644493403,0.0771802609387161,-0.48706982032144897,0.07942229493339259,1.9273700571619805,1.0192140396104012,1.1786768223918542,0.8760743965705116,10208,10233,2,Box 3,mid_3aer-mid
2017-07-15 09:46:00,-14.00274658203125,-0.2537679383958201,-13.748978643633576,-19.43715739076616,-3.522665912543745,11.589782074901901,-2.37893741522557,-14.16766357421875,0.07077360153198242,0.49896240234375,1.4137164581142527,0.2562129161626784,-0.8429558569624017,0.1730264826854706,1.7223533123237775,1.050501414780867,1.1367739596706525,0.9448342362732499,10345,10350,3,Box 4,mid_3aer-mid
2017-07-15 09:48:00,-10.4295654296875,0.14748528897896787,-10.577050718665053,-12.350239131139189,-1.426813434884584,3.637191377195082,-0.4371895298363613,-10.455047607421875,0.008992671966552734,0.18518447875976562,1.167644881322639,0.13489709682177495,-0.3438757621514117,0.04133378400699772,1.4409152977492292,1.0213243538535368,1.1099088134617199,0.9241623752017966,10375,10370,0,Box 1,mid_3aer-mid
2017-07-15 09:48:00,-14.608428955078125,0.24143899611164088,-14.849867951187711,-18.93117735423117,-1.6547487020276166,6.866674272583737,-1.1306161675126591,-14.512939453125,0.024334430694580078,0.15042877197265625,1.2748380939452753,0.11143187989730695,-0.46240641971732355,0.07613644587474133,1.718261464147496,1.023939783871546,1.1520439499331083,0.898432398229362,10123,10114,1,Box 2,mid_3aer-mid
2017-07-15 09:48:00,-17.653045654296875,-0.4591090981185376,-17.193936556176016,-22.72644661358782,-1.4401513785713886,8.638075056730544,-1.6654136207473509,-17.526519775390625,0.040660858154296875,0.3969230651855469,1.3217709940557238,0.08375925861225131,-0.5023907717995953,0.09686051913162019,1.954338734226855,1.0214572121830692,1.1840944575807382,0.8768838482642645,10171,10187,2,Box 3,mid_3aer-mid
2017-07-15 09:48:00,-15.35540771484375,-0.36851918477018347,-14.986888530071525,-21.493398434339586,-3.7168273871328257,13.032347452287588,-2.809010160886702,-15.6337890625,0.09181642532348633,0.5888938903808594,1.4341468138107922,0.24800527338779688,-0.8695832644740029,0.1874311772754138,1.8218133765523108,1.053232643397368,1.1496031246323313,0.940426690073277,10342,10356,3,Box 4,mid_3aer-mid
2017-07-15 09:50:00,-10.9208984375,-0.5885782947811814,-10.332320142717423,-11.763965934582686,-1.3595546389328879,3.254058901684283,-0.4628584708861323,-10.990814208984375,0.010510921478271484,0.19887161254882812,1.1385599528557326,0.13158270554471244,-0.3149398060393876,0.04479714763894255,1.4472065944761383,1.0215890040784328,1.1142897106745184,0.9212626646778322,10350,10370,0,Box 1,mid_3aer-mid
2017-07-15 09:50:00,-15.364654541015625,0.5159211406749583,-15.880575681688399,-19.756492016288597,-1.9901380583027402,7.127152712833368,-1.2610983199304286,-15.314239501953125,0.026875972747802734,0.17003631591796875,1.2440664880347787,0.12531901224446995,-0.4487968733432981,0.07941137306404944,1.735347047381482,1.028151460256534,1.1591531557973878,0.8974490155245679,10112,10093,1,Box 2,mid_3aer-mid
2017-07-15 09:50:00,-18.448577880859375,-1.0653898408340716,-17.383188040022947,-22.751339904058746,-1.4262909081248365,8.178178799116608,-1.3837360269559709,-18.28173828125,0.04313945770263672,0.40581512451171875,1.3088128513409738,0.08205001895169936,-0.4704648411032095,0.07960197081053633,1.9721954167542914,1.0215162202793389,1.1888277964967855,0.8711760602931456,10128,10165,2,Box 3,mid_3aer-mid
2017-07-15 09:50:00,-15.593460083007812,-0.37300297312288205,-15.220457109882908,-21.633306891343214,-3.904071167670056,13.384560151639828,-3.0676392025094663,-15.94219970703125,0.09635734558105469,0.5545005798339844,1.4213309584044183,0.256501571502414,-0.8793796437919726,0.20154711388514046,1.8067341778893402,1.0548247441231897,1.1488077254254052,0.9442253164687715,10327,10342,3,Box 4,mid_3aer-mid
2017-07-15 09:52:00,-12.26824951171875,-0.48185210396381184,-11.786397407753391,-12.923353621428493,-1.6374962462488778,3.240331199752244,-0.4658787398282636,-12.3927001953125,0.017220020294189453,0.2785606384277344,1.096463420869144,0.13893102273742197,-0.2749212577560529,0.039526814149487,1.4804960241128504,1.025170278444311,1.1266917554763032,0.9141944523641964,10342,10358,0,Box 1,mid_3aer-mid
2017-07-15 09:52:00,-15.95574951171875,-0.06471217672384676,-15.891037334992776,-19.687842421056615,-1.9426399847224225,6.92059965965715,-1.1811545888708892,-15.8951416015625,0.031199932098388672,0.2158966064453125,1.2389274536347041,0.12224752505266867,-0.43550332893735516,0.07432835024998236,1.7565894742547388,1.028184518085527,1.1636664638716159,0.8935841707632192,10124,10126,1,Box 2,mid_3aer-mid
2017-07-15 09:52:00,-19.520263671875,-0.8248096948410794,-18.695453977031434,-24.03593854791667,-1.7423184499417128,8.414532101492274,-1.3317290806653257,-19.292572021484375,0.046328067779541016,0.380706787109375,1.2856568541981577,0.09319476553403105,-0.4500843954808515,0.07123277574866277,1.9977864172413253,1.0253995165468561,1.1965300398959569,0.868000982400793,10167,10196,2,Box 3,mid_3aer-mid
2017-07-15 09:52:00,-18.000579833984375,-0.7969151781643653,-17.203664655817747,-25.982996169967066,-4.23342029518895,15.710396275458518,-2.697644466120246,-18.236053466796875,0.10811710357666016,0.5878448486328125,1.5103175218647629,0.24607665749618868,-0.9132005645172668,0.1568063851563153,1.9417257658410412,1.05554629633706,1.157721935179735,0.9329246725026041,10333,10365,3,Box 4,mid_3aer-mid
2017-07-15 09:54:00,-12.94866943359375,-0.15335852787284357,-12.79531090571926,-13.82151524805399,-2.0378620533179013,3.64647238015642,-0.5824059845037882,-13.081329345703125,0.012921333312988281,0.3026161193847656,1.080201594935535,0.15926631782014894,-0.2849850548396222,0.045517142083938256,1.501285930836144,1.030407466146151,1.133584378440233,0.914184236082513,10350,10355,0,Box 1,mid_3aer-mid
2017-07-15 09:54:00,-16.254302978515625,-0.5477221914180199,-15.706580787095504,-19.55807085312937,-1.89062297302265,6.868277849472605,-1.1261648104160926,-16.126617431640625,0.03024005889892578,0.21652603149414062,1.245215054647555,0.1203713907342572,-0.4372866343460041,0.07170018896419184,1.780001147859171,1.028261813005915,1.1669045959649609,0.8909940512342034,10131,10150,1,Box 2,mid_3aer-mid
2017-07-15 09:54:00,-20.40130615234375,-0.2497899793611734,-20.15151617297992,-25.250483207877597,-2.2591189844584454,8.652769079963214,-1.2946830606070925,-20.138031005859375,0.048888206481933594,0.3532562255859375,1.253031434018578,0.1121066506890224,-0.429385511526187,0.06424742681858664,2.008478839129773,1.031688326434997,1.20384122259365,0.8672726890189674,10188,10196,2,Box 3,mid_3aer-mid
2017-07-15 09:54:00,-18.88995361328125,-0.8478029970560471,-18.04215061622287,-27.184343128062636,-4.410582171039716,16.417476912054948,-2.8647022291754642,-19.013153076171875,0.1127009391784668,0.5456504821777344,1.5067130136703009,0.24445989088872117,-0.9099512170845602,0.1587783125255381,2.0199812292169335,1.0586950126379704,1.168295333095832,0.9288468653981218,10331,10367,3,Box 4,mid_3aer-mid
2017-07-15 09:56:00,-13.125579833984375,-0.2479173487770321,-12.877662485205695,-14.370354066992446,-2.25051381671962,4.323888839340389,-0.5806834408340191,-13.22027587890625,0.00933074951171875,0.2788352966308594,1.1159132399611813,0.17476104994249447,-0.33576659151517774,0.04509230161150196,1.5477396644916104,1.034794506872735,1.1393691985758252,0.9135761884369439,10358,10366,0,Box 1,mid_3aer-mid
2017-07-15 09:56:00,-16.630828857421875,-0.4667532734331158,-16.16407558398662,-20.15640622900676,-2.0073372190929817,7.107755711479203,-1.1080878473660798,-16.41510009765625,0.028322696685791016,0.18340682983398438,1.2469878728465766,0.12418509234648746,-0.4397254686510309,0.06855250345796682,1.8087796593906642,1.029950300008338,1.1716609878382171,0.8886502062295837,10151,10169,1,Box 2,mid_3aer-mid
2017-07-15 09:56:00,-21.278289794921875,-0.22752911152047905,-21.05076068339865,-26.01085510199345,-2.6480204528654783,8.907659694005046,-1.2995448225447699,-21.04266357421875,0.054499149322509766,0.3490409851074219,1.2356254243347367,0.1257921503498825,-0.42315143989214277,0.06173386520752361,2.011194258951717,1.0362069070117947,1.2074313914883599,0.8682358344049627,10226,10233,2,Box 3,mid_3aer-mid
2017-07-15 09:56:00,-19.67083740234375,-0.8609177012216218,-18.80991970111968,-27.847037160777568,-4.856615526538842,16.57570894912847,-2.681975962931738,-19.888214111328125,0.11612272262573242,0.5310401916503906,1.4804442338539034,0.2581943784826337,-0.881221675185662,0.1425830628491248,2.0072877827282802,1.062644654578418,1.1698626441725843,0.9288980848549024,10323,10358,3,Box 4,mid_3aer-mid
2017-07-15 09:58:00,-13.227813720703125,-0.21102458786366787,-13.016789132837795,-14.965935252020275,-2.5080385708140254,5.037149901617217,-0.5799652116207118,-13.29156494140625,0.00041103363037109375,0.2508087158203125,1.149740930677391,0.1926772067380988,-0.38697330426209847,0.04455516684660876,1.5874887797134118,1.039484128606523,1.1433787411390455,0.9145773039416226,10366,10373,0,Box 1,mid_3aer-mid
2017-07-15 09:58:00,-17.4793701171875,-0.6995496614600851,-16.779820455725222,-21.067810575920856,-2.1384935697450733,7.4902028678410035,-1.0637191779002975,-17.248291015625,0.03122425079345703,0.18022918701171875,1.2555444577914172,0.12744436541425722,-0.4463815860011404,0.06339276279546602,1.8372507906823758,1.0313527789480392,1.1752596743712336,0.8865829719535582,10148,10173,1,Box 2,mid_3aer-mid
2017-07-15 09:58:00,-21.81988525390625,0.0014599709436089062,-21.821345224847022,-26.36179310476151,-3.0760557370712203,8.981758702462402,-1.3652550854766932,-21.63604736328125,0.0579524040222168,0.3583869934082031,1.2080736926678781,0.14096544944299075,-0.41160426224480706,0.06256512013393822,2.0159558042556878,1.0417520310844224,1.2134246489803546,0.8689760657566927,10265,10266,2,Box 3,mid_3aer-mid
2017-07-15 09:58:00,-21.415939331054688,-0.5220369836837336,-20.893902347368268,-29.847277215983148,-5.508716973085325,17.102168629596346,-2.640076787896141,-21.662689208984375,0.13450050354003906,0.6114654541015625,1.4285161632213055,0.2636518962088088,-0.8185243878939867,0.12635632846387246,2.0694395935607064,1.069417876946772,1.1849549162343238,0.9220581371993005,10352,10366,3,Box 4,mid_3aer-mid
2017-07-15 10:00:00,-14.39312744140625,-0.15074949798150042,-14.242377943422955,-16.168572495007126,-2.807405495818733,4.912915266110292,-0.1793152187073866,-14.42938232421875,0.0013194084167480469,0.21364974975585938,1.1352438868871386,0.1971163458076308,-0.34495049110665166,0.012590258411882216,1.64270337725184,1.0440327991368419,1.1568926227499823,0.9041031175452033,10376,10381,0,Box 1,mid_3aer-mid
2017-07-15 10:00:00,-18.4058837890625,0.4342810850394732,-18.840164874099504,-23.34979425503716,-2.6429185453004593,8.143318552863027,-0.9907706266249117,-18.13873291015625,0.03310346603393555,0.18909454345703125,1.2393625220943403,0.14028107306713694,-0.43223180939663886,0.052588214235161634,1.8666674630600897,1.0359547241109954,1.1827826403668644,0.883628620496465,10161,10147,1,Box 2,mid_3aer-mid
2017-07-15 10:00:00,-23.2559814453125,-0.054540551239949,-23.2014408940696,-27.666936128368775,-3.486846537869576,9.509791837448114,-1.5574500652793632,-23.16876220703125,0.06446695327758789,0.4037284851074219,1.1924662892570856,0.15028577551667624,-0.4098793639958311,0.06712729922206923,2.0255040878401958,1.0454808644672562,1.218108671401868,0.8697249431884381,10304,10306,2,Box 3,mid_3aer-mid
2017-07-15 10:00:00,-21.250244140625,-0.45653691443262756,-20.793707226189763,-28.560182035985687,-5.898549417187626,15.841212979346434,-2.176188752362885,-21.522216796875,0.1391162872314453,0.6168708801269531,1.3735012100205977,0.28366992730177415,-0.7618272589408376,0.10465612161846571,1.984601271214206,1.073344927015964,1.1809784194981,0.9248214836803029,10358,10372,3,Box 4,mid_3aer-mid
2017-07-15 10:02:00,-16.01470947265625,-0.6391148555884874,-15.375594617065866,-17.002682771500737,-3.1091489628218456,4.873056907492411,-0.1368197902356924,-16.0394287109375,0.006543636322021484,0.21893310546875,1.105822779213294,0.2022132503006356,-0.31693453351609885,0.008898504002169239,1.688860170586715,1.049081306294382,1.1711287207261212,0.897046580877814,10366,10387,0,Box 1,mid_3aer-mid
2017-07-15 10:02:00,-19.259033203125,-0.10955672186123847,-19.149476481261324,-23.842156838483024,-2.610227373441824,8.078566582614762,-0.7756588519512376,-19.018402099609375,0.03705883026123047,0.2396087646484375,1.245055281893148,0.13630802784588164,-0.42186879576159825,0.04050548602256865,1.8803429975226973,1.0351699797519598,1.1841870882728616,0.8801673883009036,10190,10193,1,Box 2,mid_3aer-mid
2017-07-15 10:02:00,-23.97943115234375,-0.6270776443920036,-23.352353507948806,-27.50558568947694,-3.623075430773237,9.504264618865776,-1.7279570065644045,-23.897003173828125,0.07250308990478516,0.44342041015625,1.1778506898721979,0.15514819221711398,-0.4069938653348435,0.07399498324553166,2.0088046866450076,1.0470120893663666,1.2182369875461017,0.8720946792298334,10341,10362,2,Box 3,mid_3aer-mid
2017-07-15 10:02:00,-21.79241943359375,-0.5583843099289724,-21.23403512366212,-29.185014473213617,-5.675940806324812,16.23128881492671,-2.6043686590504036,-22.044464111328125,0.13411760330200195,0.5375823974609375,1.374445050281156,0.26730391907470447,-0.7643996405016489,0.12265067114578843,2.1042159660127,1.0750224128363068,1.1977234392162346,0.9176381346532039,10341,10361,3,Box 4,mid_3aer-mid
2017-07-15 10:04:00,-17.944976806640625,0.02987560789134154,-17.974852414529757,-19.111942495093533,-4.169166798528907,5.1440383350754795,0.16221854401720412,-18.118072509765625,0.022360801696777344,0.30985260009765625,1.0632600510057386,0.2319444244871135,-0.28617972578831063,-0.00902474970454148,1.7070987859718374,1.060066191848619,1.1825332841543772,0.895081308493862,10373,10372,0,Box 1,mid_3aer-mid
2017-07-15 10:04:00,-20.078521728515625,-0.17330271071518732,-19.905219017797926,-24.762191318583973,-2.7459050267873497,8.219094033264414,-0.616216705691017,-19.8973388671875,0.04214620590209961,0.2907981872558594,1.2440049665589343,0.13794899841755792,-0.41291150958527234,0.030957544608780085,1.8983529765981317,1.0361789254371605,1.1873851177619923,0.8773084785667934,10223,10229,1,Box 2,mid_3aer-mid
2017-07-15 10:04:00,-24.570953369140625,-0.5517591019803364,-24.0191942671573,-27.60703703350167,-3.9600189007900792,9.188299946600354,-1.6404382794659045,-24.537384033203125,0.07538652420043945,0.42687225341796875,1.1493739850903415,0.16486893176948988,-0.3825398905725992,0.06829697371276777,2.0151416664798814,1.051538449884739,1.2253285651666386,0.8701617362292369,10375,10392,2,Box 3,mid_3aer-mid
2017-07-15 10:04:00,-21.87109375,-0.3990519832540797,-21.472041766743242,-29.079895411921484,-5.998791093875686,16.00984848743378,-2.4032037483798514,-21.991424560546875,0.12820720672607422,0.4245414733886719,1.3543144023202112,0.2793768361221639,-0.7456136990302652,0.11192246058789013,2.040603024477681,1.0763400681244184,1.191900316228409,0.9209637448393353,10335,10349,3,Box 4,mid_3aer-mid
2017-07-15 10:06:00,-20.027099609375,0.15161558669990363,-20.178715196072407,-20.768700448379285,-5.21877963351231,5.254218745146148,0.55454614067304,-20.41162109375,0.03685283660888672,0.32195281982421875,1.0292379988802118,0.2586279444851918,-0.26038420653108935,-0.027481736834314263,1.6988234725205982,1.0688479793821237,1.1872352374270334,0.8960469426664842,10387,10382,0,Box 1,mid_3aer-mid
2017-07-15 10:06:00,-20.813201904296875,-0.7188313651891834,-20.094370539105213,-25.62095351266833,-2.6647507470002,8.788595268366155,-0.5972615478028377,-20.647064208984375,0.051605224609375,0.36171722412109375,1.2750314055773957,0.13261180497365604,-0.43736603996939655,0.02972282941834481,1.9395444497216319,1.0350500476239577,1.1890873662688288,0.8749498292005593,10248,10271,1,Box 2,mid_3aer-mid
2017-07-15 10:06:00,-24.90576171875,-0.31717760754008884,-24.588584111206863,-28.813538803731547,-4.435732488812414,10.973285966342885,-2.312598785005786,-24.8424072265625,0.07102060317993164,0.3416709899902344,1.1718258633118714,0.18039804442382343,-0.4462756341200442,0.09405172638434928,2.039347228207582,1.0563856251063055,1.2247197947716626,0.8791556119946631,10372,10384,2,Box 3,mid_3aer-mid
2017-07-15 10:06:00,-22.28961181640625,-0.4615048956594523,-21.82810692074411,-30.576903089696536,-5.954600447473788,17.325995294118588,-2.622598677692374,-22.432220458984375,0.13907718658447266,0.4326324462890625,1.4008041650482344,0.2727950925425831,-0.7937470416938912,0.12014778410307381,2.1524624447069884,1.077502368653831,1.2001205429519826,0.9177239300787519,10348,10365,3,Box 4,mid_3aer-mid
2017-07-15 10:08:00,-19.917144775390625,-0.3168923146435098,-19.600252460744755,-20.762395569650955,-5.501419190880391,6.148057392378412,0.5155049074081808,-20.410003662109375,0.032267093658447266,0.2543792724609375,1.05929225203776,0.2806810372416679,-0.3136723572664024,-0.026300932013025358,1.715388157074658,1.0741119402284762,1.1850812063174503,0.9023225052523967,10382,10393,0,Box 1,mid_3aer-mid
2017-07-15 10:08:00,-21.398345947265625,-0.6660161279267388,-20.732329819336346,-27.771993633699555,-2.772802168824486,10.39447856096386,-0.5820125777761657,-21.240386962890625,0.05657815933227539,0.3872413635253906,1.3395500590482383,0.1337429123010761,-0.5013656762912039,0.02807270494188946,2.0418896861446494,1.0362798886274032,1.1943960575780868,0.8719558018158143,10294,10315,1,Box 2,mid_3aer-mid
2017-07-15 10:08:00,-25.03765869140625,0.5033472809550644,-25.541005972358224,-31.13752549069288,-4.819782655257372,12.691540275935875,-2.2752381023438475,-24.929046630859375,0.0650019645690918,0.2509651184082031,1.2191189933705624,0.1887076280579389,-0.4969083946682173,0.089081773239716,2.176814133606559,1.0620518281803988,1.2369940679062392,0.8749965990792028,10390,10376,2,Box 3,mid_3aer-mid
2017-07-15 10:08:00,-22.674713134765625,-0.4030895623964814,-22.2716235723664,-32.2637818081361,-6.191554792430004,19.132490220931064,-2.948777192731357,-22.76275634765625,0.14782285690307617,0.42411041259765625,1.4486497449681894,0.2780019504331152,-0.8590523344095027,0.13240063900819798,2.2269772410650726,1.0798515519328231,1.2022898124273047,0.9203396962440386,10367,10380,3,Box 4,mid_3aer-mid
2017-07-15 10:10:00,-22.186309814453125,-0.029597887992439505,-22.15671192645797,-24.192517305146612,-6.18254860271857,8.278892586329203,-0.060538604921989016,-22.606201171875,0.04354667663574219,0.3017463684082031,1.091882107121573,0.2790372787821378,-0.37365167782152453,0.0027322919178137672,1.8375399417069294,1.080845650295331,1.2041125115254485,0.8980841176696199,10374,10375,0,Box 1,mid_3aer-mid
2017-07-15 10:10:00,-22.25341796875,-0.38555727719516725,-21.867860691552163,-29.406021596082315,-3.0203190179089527,11.280178206884026,-0.7216982844449192,-22.063720703125,0.05741167068481445,0.39084625244140625,1.344714145149198,0.13811680349124142,-0.5158336412505913,0.033002692610151874,2.079754345455934,1.0383210338320659,1.1990302689565457,0.8711704025950627,10319,10331,1,Box 2,mid_3aer-mid
2017-07-15 10:10:00,-25.9073486328125,0.0493198399399409,-25.956668472749293,-31.590969169000488,-4.9479901616740625,12.740005964227842,-2.157715106302586,-25.696075439453125,0.06645393371582031,0.24991226196289062,1.2170656339108537,0.19062500901719065,-0.49081822567495464,0.08312758274691034,2.2125018595261308,1.0641650673544965,1.242961552813432,0.8717728573200002,10385,10379,2,Box 3,mid_3aer-mid
2017-07-15 10:10:00,-23.529327392578125,-0.5859864708815836,-22.943340921693768,-32.60892790295538,-6.297129274476957,19.11456468723076,-3.151848431492192,-23.589111328125,0.16873979568481445,0.43799591064453125,1.4212807112203283,0.2744643552989613,-0.8331203704146348,0.13737530389534525,2.247900432322509,1.0813491387360383,1.2092117748967868,0.9179042040409358,10351,10373,3,Box 4,mid_3aer-mid
2017-07-15 10:12:00,-26.701416015625,-0.5285535629170816,-26.17286245270475,-29.246041977174308,-7.126589522317364,10.522627205050554,-0.3228581582636316,-27.207305908203125,0.07066106796264648,0.4496650695800781,1.1174185486980226,0.2722892666094644,-0.4020434228034973,0.012335607496010315,1.916442217377148,1.0824774659961685,1.2141444021937517,0.8936923663934224,10355,10372,0,Box 1,mid_3aer-mid
2017-07-15 10:12:00,-23.4708251953125,-0.49705969843502196,-22.97376549687467,-29.927885037094768,-3.219208438372231,10.82242160412442,-0.649093625532092,-23.315643310546875,0.0607295036315918,0.4112892150878906,1.3026982904115623,0.14012541560982544,-0.4710773950224526,0.028253689001064897,2.0601178652328853,1.0396376080525054,1.203146289766389,0.8686260253691788,10312,10327,1,Box 2,mid_3aer-mid
2017-07-15 10:12:00,-26.41790771484375,-0.24162409942664684,-26.176283615413958,-30.935508356904926,-5.063192654472761,11.889670195906827,-2.067252799943099,-26.1080322265625,0.07331037521362305,0.23872756958007812,1.1818143786724746,0.19342671896675548,-0.4542153642049313,0.07897426656570122,2.1677332832412874,1.0653613054967463,1.243859090765729,0.8713852797494074,10377,10388,2,Box 3,mid_3aer-mid
2017-07-15 10:12:00,-24.0406494140625,-0.2198086445021786,-23.820840769557442,-30.519033376093855,-6.726353858691444,16.5675714877031,-3.1430250224752423,-24.2239990234375,0.17749404907226562,0.37459564208984375,1.2811904361955422,0.282372646866755,-0.6955074192375327,0.1319443361752355,2.1415391620447912,1.087541365808653,1.2191202417600222,0.915698697655758,10335,10343,3,Box 4,mid_3aer-mid
2017-07-15 10:14:00,-28.855621337890625,-0.9300997937617187,-27.925521544125584,-31.238509123745395,-7.706360636901632,11.840184908297843,-0.8208366917763993,-29.564056396484375,0.09499692916870117,0.6518363952636719,1.1186365516713772,0.27596120719624456,-0.4239915408415549,0.02939378197393311,1.9142109970202428,1.083384535877228,1.2134666088142803,0.8978932312902284,10338,10368,0,Box 1,mid_3aer-mid
2017-07-15 10:14:00,-24.49658203125,-0.8704182259705586,-23.626163805276597,-30.54249834658145,-3.2845480370074625,10.782249187738506,-0.5813666094261913,-24.366943359375,0.06184196472167969,0.4296607971191406,1.292740480355096,0.1390216399106613,-0.4563690185425037,0.024606898276746503,2.0650703022398726,1.0397623474822133,1.2056076571211085,0.8664157062955515,10288,10314,1,Box 2,mid_3aer-mid
2017-07-15 10:14:00,-26.344696044921875,-0.4688900974348584,-25.875805947483936,-29.50121872121942,-5.225999282536072,10.691050426056384,-1.839638369784829,-26.017425537109375,0.0748434066772461,0.23856353759765625,1.1401082069131843,0.20196469602309056,-0.4131678235551129,0.0710949206188381,2.1135371027065366,1.0685306146306879,1.2445808321295835,0.8720060978888926,10375,10389,2,Box 3,mid_3aer-mid
2017-07-15 10:14:00,-24.520294189453125,-0.5233035625341157,-23.99699062691611,-31.048922684723337,-6.866421205854544,16.711460897286326,-2.7931076336245555,-24.839111328125,0.19088459014892578,0.3229942321777344,1.293867350595931,0.28613676242190367,-0.6963981924692673,0.11639407945143254,2.2191396912877925,1.0921419747747514,1.2279650911785835,0.910906503706036,10339,10360,3,Box 4,mid_3aer-mid
2017-07-15 10:16:00,-30.216339111328125,-0.2379767078166911,-29.978362403507916,-33.53383822359011,-8.404382396045474,12.606038726634823,-0.6461805105071555,-31.032867431640625,0.10812902450561523,0.7027015686035156,1.118601402312294,0.28034828196826506,-0.42050458116950806,0.021554896888948905,1.9419437872266128,1.0867246090954956,1.2186864319031279,0.895527483041877,10360,10368,0,Box 1,mid_3aer-mid
2017-07-15 10:16:00,-25.60870361328125,-1.4513178721715567,-24.157385741106808,-31.045956918951802,-3.412211422229821,10.832443561890326,-0.5316609618155086,-25.50634765625,0.06569337844848633,0.4702186584472656,1.2851538345940816,0.1412492005053145,-0.44841125103440194,0.022008215935005793,2.070082443879494,1.0407941629870883,1.207698281334508,0.8653865856185223,10261,10304,1,Box 2,mid_3aer-mid
2017-07-15 10:16:00,-25.963165283203125,-0.4177676158519717,-25.545397667348137,-28.438260129336022,-5.4141068604485145,9.942981779531355,-1.6360124570949561,-25.62164306640625,0.07038497924804688,0.18256378173828125,1.1132439784128125,0.21194059810502658,-0.389227911383833,0.0640433348659939,2.094034123021041,1.0728885684697371,1.247701319033471,0.8721661543934267,10357,10371,2,Box 3,mid_3aer-mid
2017-07-15 10:16:00,-25.500457763671875,-0.31244905406890494,-25.188008709599988,-31.644490472775853,-7.167462994605302,16.535748651099436,-2.9118038933182664,-25.990447998046875,0.2049579620361328,0.37288665771484375,1.256331567835098,0.28455854042457684,-0.6564928907935906,0.11560278253391587,2.303623365827986,1.0991147062739008,1.2478316744074287,0.9036555395242848,10359,10368,3,Box 4,mid_3aer-mid
2017-07-15 10:18:00,-31.045989990234375,-0.7171111688343279,-30.328878821396476,-33.330937731819155,-8.39016402091151,12.415105497543422,-1.0228825662092311,-31.9375,0.11024713516235352,0.7789382934570312,1.0989835109995818,0.27663943894267534,-0.4093493060081334,0.03372635606587626,1.9353491625214425,1.0866556962474692,1.221735350551612,0.8954642307582817,10347,10370,0,Box 1,mid_3aer-mid
2017-07-15 10:18:00,-26.054718017578125,-1.4022008112959032,-24.652517206279285,-31.251784108672048,-3.610287105937978,10.54866255196625,-0.33910854363551074,-25.913177490234375,0.06696605682373047,0.4463157653808594,1.2676914023494465,0.14644699669932268,-0.42789393325235703,0.013755534203587771,2.083242039649573,1.043303873870024,1.2128611169866166,0.8624871091592978,10268,10309,1,Box 2,mid_3aer-mid
2017-07-15 10:18:00,-26.175262451171875,-0.24954467543962458,-25.925717775729176,-28.401041728986762,-5.755543180128899,9.7176260361351,-1.4867589027486143,-25.81915283203125,0.06966686248779297,0.14265823364257812,1.0954775476100764,0.22200130503299134,-0.3748257278813869,0.05734687523831916,2.0972547558662353,1.0779328686026635,1.2527731646675546,0.8716295625903435,10355,10366,2,Box 3,mid_3aer-mid
2017-07-15 10:18:00,-27.3607177734375,-0.23305241180131606,-27.127665361632978,-34.14167214651717,-8.263030115519454,18.64521744925519,-3.36818054885154,-28.093231201171875,0.22642898559570312,0.5406532287597656,1.2585554890692583,0.30459790790570457,-0.6873137515042252,0.12416035452926233,2.275507005858847,1.104613528061642,1.2432931727131964,0.9128072781243033,10364,10368,3,Box 4,mid_3aer-mid
2017-07-15 10:20:00,-31.16326904296875,0.12433079763105066,-31.287599840596155,-34.617702802429534,-8.770800659100306,13.684824989401495,-1.5839213684678115,-32.077301025390625,0.1092371940612793,0.7532005310058594,1.1064352324499023,0.2803283314727151,-0.43738813648611097,0.05062457256349362,1.9639549551375524,1.0892665146523959,1.225493735539575,0.8980360459338114,10353,10349,0,Box 1,mid_3aer-mid
2017-07-15 10:20:00,-26.77496337890625,-1.3851983779635204,-25.38976500093975,-32.14435068756747,-3.900230892760881,10.925223928612871,-0.2704073492242724,-26.67584228515625,0.0702366828918457,0.45767974853515625,1.2660357701765932,0.15361429665128928,-0.43030031700602567,0.010650250178143195,2.121964832700506,1.0467003487009146,1.2190642064327506,0.8604229653728376,10282,10322,1,Box 2,mid_3aer-mid
2017-07-15 10:20:00,-27.2791748046875,-0.42264021599206836,-26.856534588692284,-28.96747031746395,-5.938204943440517,9.21371871102298,-1.1645780388107962,-26.867645263671875,0.07598066329956055,0.10938262939453125,1.078600450918208,0.22110838328116791,-0.3430717645493375,0.043362930349961526,2.171120193023959,1.0827030528704544,1.2707192508027396,0.8609375458212574,10350,10366,2,Box 3,mid_3aer-mid
2017-07-15 10:20:00,-27.88031005859375,-0.2440966123364992,-27.636213446254036,-34.82044949338501,-8.680951963210743,19.51820329994998,-3.653015289608262,-28.732421875,0.23383808135986328,0.5802650451660156,1.2599573223409435,0.31411510046747765,-0.7062546154489766,0.13218219264055553,2.2985198774159907,1.1093169177456057,1.2463053885034345,0.9163703231655767,10361,10367,3,Box 4,mid_3aer-mid
2017-07-15 10:22:00,-30.52197265625,0.09348308740166046,-30.61545574364809,-34.39709145918129,-8.75772013642371,14.565430881661394,-2.026075029704483,-31.38336181640625,0.09344482421875,0.6042556762695312,1.1235204776044463,0.28605552077207635,-0.47575417474173454,0.0661781763652119,1.9624454058099048,1.0896175046194407,1.2214314095820022,0.9039695991517636,10364,10361,0,Box 1,mid_3aer-mid
2017-07-15 10:22:00,-27.124420166015625,-0.775489201119653,-26.348930964892936,-33.26394837178776,-4.3581301080650166,11.638211455256931,-0.36506394029708994,-27.018402099609375,0.0641183853149414,0.40880584716796875,1.26244015046031,0.16540064239690586,-0.44169577394861187,0.01385498109139599,2.1610461282538,1.0517760459973013,1.2256439640495,0.860564112337079,10306,10328,1,Box 2,mid_3aer-mid
2017-07-15 10:22:00,-30.2626953125,-0.1652198213945574,-30.097475491101953,-32.495672202326936,-6.890036662572317,10.587152851635414,-1.2989194778381141,-29.81658935546875,0.10367393493652344,0.15178680419921875,1.079680992245811,0.2289240725392166,-0.351762155426139,0.04315709064111134,2.2323078818424618,1.0888625322054009,1.2813623407851564,0.8589104890626816,10349,10355,2,Box 3,mid_3aer-mid
2017-07-15 10:22:00,-27.906005859375,-0.4026828603192443,-27.50332299905255,-33.54466791518724,-8.988083336746222,18.994089445785065,-3.9646611929041553,-28.83953857421875,0.23750782012939453,0.488372802734375,1.2196587269233905,0.3267999047626299,-0.6906107108017233,0.14415207911570294,2.203128941670287,1.111623442239403,1.2409462718097413,0.9241009248575701,10345,10356,3,Box 4,mid_3aer-mid
2017-07-15 10:24:00,-30.433563232421875,-0.008128010686663387,-30.425435221731718,-34.442705585924266,-8.640297182096305,14.707471035550286,-2.0499034892614305,-31.42529296875,0.09729480743408203,0.6519927978515625,1.132036578438923,0.2839826980001546,-0.48339394090393506,0.06737466446485746,1.973570303445886,1.08901417838816,1.2216265845559207,0.903550664369766,10349,10349,0,Box 1,mid_3aer-mid
2017-07-15 10:24:00,-27.48809814453125,-0.5792938214956332,-26.908804323032545,-33.35409502630747,-4.660947011821928,11.617147651386999,-0.5109099362901512,-27.390716552734375,0.06336832046508789,0.4038047790527344,1.2395234892602822,0.17321271342526348,-0.43172292279978125,0.018986720114235578,2.1688562983090884,1.0555836995348293,1.2314573192601677,0.8605776799694608,10298,10315,1,Box 2,mid_3aer-mid
2017-07-15 10:24:00,-31.72174072265625,-1.0709851767865224,-30.650755545866215,-32.787688120608415,-7.035170492001114,10.36211631814383,-1.1900132514005128,-31.271575927734375,0.12448930740356445,0.22476577758789062,1.0697187569012603,0.2295268213363807,-0.33807050213290224,0.038824923895261265,2.2316767234732025,1.0899396759120128,1.2842111342833051,0.8570059402583324,10337,10368,2,Box 3,mid_3aer-mid
2017-07-15 10:24:00,-26.768951416015625,-0.6635949142620786,-26.10535650175051,-32.304011871538336,-8.114667589064329,18.783266375455124,-4.4699434166029715,-27.907928466796875,0.2443251609802246,0.5185813903808594,1.2374476429529768,0.3108430098826727,-0.7195177117843843,0.1712270589487348,2.304652524520265,1.110561677066886,1.2522055827995815,0.9217046086372805,10343,10367,3,Box 4,mid_3aer-mid
2017-07-15 10:26:00,-30.33984375,-0.07134618859429263,-30.26849756140228,-33.62395377788657,-8.51548157172584,13.863797538883556,-1.9928597506734302,-31.44189453125,0.11208772659301758,0.7924613952636719,1.110856384915619,0.2813314917415853,-0.4580272777252864,0.06583940106808212,1.9148350194889128,1.085739871886289,1.2152309359982352,0.9049839058724836,10352,10353,0,Box 1,mid_3aer-mid
2017-07-15 10:26:00,-28.225433349609375,0.12742114974469812,-28.352854499350798,-33.720322547824026,-5.161645807061663,11.107516175459073,-0.578402319924186,-28.09429931640625,0.06688451766967773,0.40839385986328125,1.1893096177880829,0.18205030492361363,-0.391760066899557,0.020400144187860514,2.1665917988558143,1.0609601660105528,1.2419662858920333,0.8580431437433371,10314,10312,1,Box 2,mid_3aer-mid
2017-07-15 10:26:00,-33.542572021484375,-0.32867013008641355,-33.213901891394144,-33.902234586772295,-7.77743902643257,9.467615414921859,-1.001843693111141,-33.33050537109375,0.13884401321411133,0.3258628845214844,1.02072423461805,0.23416216052735844,-0.2850497796338393,0.03016338448843081,2.2237896411566,1.0960062014564125,1.298221607279839,0.8509090893496769,10355,10366,2,Box 3,mid_3aer-mid
2017-07-15 10:26:00,-31.492462158203125,-0.23287516432438513,-31.25958699387518,-39.28452527828214,-9.346120857097185,22.284252877661505,-4.913193736157356,-32.684814453125,0.2844734191894531,0.6931343078613281,1.2567192677874894,0.29898414393409645,-0.712877392846801,0.15717398112521508,2.476441714841959,1.1139033740015867,1.2719185975902345,0.9095079272802726,10364,10371,3,Box 4,mid_3aer-mid
2017-07-15 10:28:00,-29.179656982421875,-0.6967630334065142,-28.482893949012126,-30.93040614310623,-7.886799034679319,12.069445202809241,-1.735133974035821,-30.496978759765625,0.12572479248046875,0.9590072631835938,1.0859291966074602,0.2768959870720179,-0.42374364151392163,0.060918457834443496,1.8836447666538356,1.0840775538737188,1.2145427601799053,0.9032122953499714,10332,10353,0,Box 1,mid_3aer-mid
2017-07-15 10:28:00,-28.744964599609375,-1.079695395373585,-27.665269204232647,-31.770283920829606,-4.991663377149326,9.513886876352373,-0.4172087826060859,-28.64288330078125,0.07346487045288086,0.3900604248046875,1.1483815207541488,0.18043068152706163,-0.34389279952847146,0.015080597247261018,2.1326601879073777,1.0613036377101137,1.2458735895675304,0.854683810983712,10272,10300,1,Box 2,mid_3aer-mid
2017-07-15 10:28:00,-34.546661376953125,-0.15957938118069737,-34.38708199576855,-34.198982762738076,-8.34988045933709,9.004998022670032,-0.8432167963634104,-34.470306396484375,0.15550947189331055,0.4047393798828125,0.9945299449062408,0.24282026780767768,-0.26187153721790435,0.024521324503985864,2.18678795386468,1.1002284917317409,1.2998459514562721,0.8518905121890727,10359,10363,2,Box 3,mid_3aer-mid
2017-07-15 10:28:00,-27.678680419921875,-0.18584072770670285,-27.492839692212073,-35.04947658866222,-8.273665028860584,21.227491528889548,-5.3971896035788065,-28.79296875,0.23841571807861328,0.577117919921875,1.2748583624335732,0.3009389034194338,-0.7721098208310101,0.19631255497800304,2.4747717087314283,1.112879930678785,1.2673496090136789,0.9199235511466611,10368,10373,3,Box 4,mid_3aer-mid
2017-07-15 10:30:00,-32.30322265625,-0.3403766782535653,-31.96284597799285,-34.66232482361932,-8.735948395456344,13.392765892350036,-1.957338651267222,-33.68756103515625,0.1435985565185547,1.0498809814453125,1.0844567735765809,0.27331572418398675,-0.4190104317234849,0.06123793396291727,1.962685155875133,1.088688372124528,1.2303099647210576,0.8961925873575612,10345,10356,0,Box 1,mid_3aer-mid
2017-07-15 10:30:00,-29.57891845703125,-0.9011819579641223,-28.677736499063922,-32.60861552792848,-5.291070594191122,9.56316028823906,-0.34121066518338183,-29.55352783203125,0.08302688598632812,0.4334869384765625,1.1370707562290652,0.18450098369387796,-0.3334698430104905,0.011898103087547351,2.1479964860575835,1.0639907837730735,1.2512265294674685,0.8526288727772273,10241,10266,1,Box 2,mid_3aer-mid
2017-07-15 10:30:00,-35.736236572265625,-0.28353852472786356,-35.452698047533765,-34.73265260289977,-8.726431964005414,8.760241935936387,-0.7538554165649719,-35.697509765625,0.16380977630615234,0.39593505859375,0.979689967638892,0.24614295792961408,-0.24709662221450548,0.021263696645999364,2.223370816017751,1.105586267514998,1.3124072199665726,0.8472949147848668,10351,10360,2,Box 3,mid_3aer-mid
2017-07-15 10:30:00,-29.7183837890625,-0.37650988278095304,-29.341873906278245,-39.420017624994095,-8.53562607213887,23.704801476027285,-5.091031685172563,-30.6727294921875,0.24080419540405273,0.5966567993164062,1.343473077108393,0.29090255446542945,-0.807883012235125,0.17350738066130267,2.6650641145277323,1.1119603258017616,1.2753332061946336,0.9094778162868973,10366,10378,3,Box 4,mid_3aer-mid
2017-07-15 10:32:00,-33.80169677734375,-0.998505014896131,-32.80319176244397,-35.68219506162696,-8.975654168238302,13.85288563260483,-1.9982281651835394,-35.23065185546875,0.15729284286499023,1.1530265808105469,1.087765950338989,0.273621366885232,-0.42230297993333843,0.060915662709117524,1.9704598350730085,1.0890514671985614,1.2310249086466687,0.895942685649251,10340,10372,0,Box 1,mid_3aer-mid
2017-07-15 10:32:00,-29.941497802734375,-1.051441900035002,-28.89005590269615,-32.44898099239329,-5.440811351266625,9.214842211014604,-0.21510577005083828,-29.953521728515625,0.08859395980834961,0.4506416320800781,1.1231885843933243,0.18832816972011687,-0.31896242229682337,0.007445668183382215,2.142588604224474,1.0659693464349307,1.2537590390392312,0.8516514857319414,10242,10271,1,Box 2,mid_3aer-mid
2017-07-15 10:32:00,-36.654571533203125,-0.029286507802177286,-36.62528502539684,-35.60146964172245,-9.341425558307948,9.253016427787717,-0.9354062531541597,-36.771209716796875,0.17492437362670898,0.3618431091308594,0.9720462138939137,0.25505400304271714,-0.2526401206535719,0.025539903716941093,2.2679025056975335,1.113412058703191,1.324190405055032,0.846876508784352,10350,10349,2,Box 3,mid_3aer-mid
2017-07-15 10:32:00,-33.8687744140625,-0.3435570575144428,-33.52521735654432,-44.85816161386575,-9.40980958595149,26.048337222103,-5.305583378830081,-34.84442138671875,0.2677302360534668,0.7844009399414062,1.3380423797642933,0.28067855566384986,-0.7769774300066756,0.15825649457853252,2.8056063113179825,1.114271055146839,1.2930415816605478,0.8975150910741717,10370,10381,3,Box 4,mid_3aer-mid
2017-07-15 10:34:00,-36.63934326171875,-1.6279345489411523,-35.0114087127737,-38.280544510453076,-9.744494646053008,15.073810724980898,-2.0601802812485177,-38.5484619140625,0.18378448486328125,1.5205726623535156,1.0933734436251532,0.2783234095490076,-0.4305399662333869,0.058843113059226126,1.983873559689766,1.0911056393009428,1.2322594490428567,0.8963999851002425,10314,10365,0,Box 1,mid_3aer-mid
2017-07-15 10:34:00,-30.29595947265625,-1.7579565251766394,-28.53800294747643,-32.0780909808042,-5.387001156877845,9.038273217580079,-0.11118402737446889,-30.302337646484375,0.09081125259399414,0.47313690185546875,1.124048204769031,0.1887658770935199,-0.3167100807374231,0.003895998874872242,2.16166894999065,1.0668693496785036,1.2568423061776652,0.8496053632471797,10243,10291,1,Box 2,mid_3aer-mid
2017-07-15 10:34:00,-38.569732666015625,-0.32120501030682014,-38.24852765570458,-36.24710080398369,-9.908732887072944,9.135306567674554,-1.2280005323224996,-38.728179931640625,0.17969655990600586,0.3728752136230469,0.9476731007860799,0.25906181216350965,-0.2388407378685613,0.03210582491897174,2.293671817262272,1.120156068807332,1.3390993959362987,0.8443784717708969,10368,10374,2,Box 3,mid_3aer-mid
2017-07-15 10:34:00,-34.26806640625,-0.33787617916189316,-33.93019022708434,-41.49131532013174,-10.011665739504215,22.599401810836007,-5.026610978284392,-35.38763427734375,0.26564741134643555,0.8274383544921875,1.2228435809655978,0.2950665962229864,-0.6660558534916885,0.14814567630310438,2.5145571958484654,1.1176730312976115,1.2857640593673219,0.9022466160523112,10377,10387,3,Box 4,mid_3aer-mid
2017-07-15 10:36:00,-33.7264404296875,-0.989853799106836,-32.73658663057708,-35.704876839590625,-9.78674649545924,14.275190019072898,-1.5201533146001123,-35.536102294921875,0.18113470077514648,1.3950309753417969,1.0906719519206398,0.2989543963730809,-0.4360622620850577,0.04643591379133699,1.9596248780922787,1.0965854134037987,1.2282717885979715,0.9013520657059652,10325,10354,0,Box 1,mid_3aer-mid
2017-07-15 10:36:00,-30.81549072265625,-1.22328521355031,-29.592205509102634,-33.588374276868876,-5.745952540570634,9.901789772839082,-0.15966846450220498,-30.74420166015625,0.09608745574951172,0.4780120849609375,1.135041261677404,0.19417114884536624,-0.3346080362206618,0.005395625697891648,2.20678697066929,1.0700485732581566,1.261693501675019,0.8491693988947678,10263,10297,1,Box 2,mid_3aer-mid
2017-07-15 10:36:00,-40.507171630859375,-0.12502023046721567,-40.38215140038772,-37.94910369985423,-10.730693755012606,9.64433319170718,-1.3466871372280649,-40.827545166015625,0.1877288818359375,0.3579559326171875,0.9397494284935465,0.2657286296764659,-0.2388266315007323,0.033348573330719944,2.332451679658731,1.1272035493546704,1.3504073624198334,0.8431180079836057,10376,10377,2,Box 3,mid_3aer-mid
2017-07-15 10:36:00,-31.921173095703125,-0.13512787190545342,-31.786045223794197,-37.149405566333485,-9.679438873921017,19.550551615181373,-4.507752398721071,-33.32977294921875,0.2503175735473633,0.8251876831054688,1.168733175353454,0.3045185019328936,-0.6150671301677487,0.14181545288140113,2.440812052123894,1.1232770275668436,1.289817659655381,0.9028865465468353,10385,10388,3,Box 4,mid_3aer-mid
2017-07-15 10:38:00,-34.747161865234375,-1.507003147078293,-33.24015871815245,-36.64255072317611,-9.894381583910922,14.692293487386761,-1.395519898452181,-36.628143310546875,0.1768794059753418,1.3038330078125,1.1023578748186185,0.2976634879456096,-0.4420043120721713,0.04198294930794322,2.0087320084863025,1.0987481598176438,1.2348044974885373,0.8977295499522958,10292,10341,0,Box 1,mid_3aer-mid
2017-07-15 10:38:00,-30.8922119140625,-0.3893014504500619,-30.502910463609098,-34.20201826594744,-6.112891042697478,9.978327061361776,-0.16632821632595773,-30.80133056640625,0.09363555908203125,0.485015869140625,1.121270650771227,0.20040353362313879,-0.32712704819647376,0.005452863802108077,2.2033934336829692,1.0731495360674081,1.2647218307045043,0.8496134754219704,10306,10314,1,Box 2,mid_3aer-mid
2017-07-15 10:38:00,-42.37237548828125,0.19110697649613204,-42.56348246477272,-40.108796299246364,-11.492376497386337,10.26273509153069,-1.2250447596707057,-42.876251220703125,0.1994943618774414,0.37107086181640625,0.9423288221879412,0.2700055501073696,-0.24111596366731858,0.028781591372007753,2.395128317900802,1.1332991240285963,1.3620132215997085,0.839508662231048,10379,10372,2,Box 3,mid_3aer-mid
2017-07-15 10:38:00,-32.17578125,-0.46592330464289383,-31.70985794535362,-37.691790538054605,-9.859030327717004,20.07013504686218,-4.2291721264441895,-33.649993896484375,0.2588486671447754,0.861114501953125,1.1886458338290193,0.31091373366311875,-0.6329304622382586,0.13337089474612046,2.4736692285243267,1.125753032601194,1.2891553335565349,0.9033361403388205,10380,10393,3,Box 4,mid_3aer-mid
2017-07-15 10:40:00,-37.073822021484375,-1.095022351375781,-35.97879967010467,-40.108869383215946,-11.361596158532198,16.871796842400684,-1.3801309707572111,-39.104888916015625,0.1839284896850586,1.3158340454101562,1.1147917593410714,0.31578585896996225,-0.46893717959189496,0.038359561280861265,2.02816682071428,1.1053414675968432,1.2354549613940644,0.9019697772356216,10273,10308,0,Box 1,mid_3aer-mid
2017-07-15 10:40:00,-30.908905029296875,-0.04925156464336801,-30.859653464650147,-34.25316405591683,-6.211943252678176,9.752536315496169,-0.14708247155131415,-30.79583740234375,0.08679056167602539,0.4368705749511719,1.1099659331934482,0.20129659783101522,-0.31602870481574713,0.004766173791283745,2.1952448360663492,1.0739019365045859,1.2663407548393086,0.8489904701641325,10337,10339,1,Box 2,mid_3aer-mid
2017-07-15 10:40:00,-44.110382080078125,-0.47637505605631925,-43.63400702401705,-40.81393669135582,-12.041188960771454,10.21988544852858,-0.9987668204183534,-44.74322509765625,0.20778608322143555,0.42009735107421875,0.9353698978159626,0.27595881703332303,-0.23421835732169508,0.02288964247240946,2.3934464057639384,1.1373941772698237,1.3648058662803864,0.8393282566779074,10348,10364,2,Box 3,mid_3aer-mid
2017-07-15 10:40:00,-35.81719970703125,-0.1844274584800722,-35.632772248547276,-42.605586337957696,-11.039241604787069,22.66294449806462,-4.650888803867126,-37.413848876953125,0.29622650146484375,0.9878654479980469,1.1956854224188156,0.30980585871303157,-0.6360140698563966,0.13052278872454948,2.566832333953975,1.1298950108856076,1.3005644755350227,0.899089686678571,10383,10389,3,Box 4,mid_3aer-mid
2017-07-15 10:42:00,-36.140625,-0.9777028391987527,-35.16292216079744,-40.04051578718592,-11.33982413579018,17.493649740222445,-1.2762319780437887,-38.111053466796875,0.16984939575195312,1.0533714294433594,1.1387141149442472,0.32249379286323254,-0.49750272915957544,0.03629482135209566,2.0714481220040764,1.1086278633967142,1.2376054853115364,0.9027423553080791,10283,10314,0,Box 1,mid_3aer-mid
2017-07-15 10:42:00,-31.038848876953125,-0.12509945123577917,-30.913749425714037,-34.0986383197146,-6.267634319051876,9.515506568100104,-0.06298335504766536,-30.89605712890625,0.07939624786376953,0.3402137756347656,1.1030249954523916,0.20274584725198236,-0.30780823241664473,0.002037389712270743,2.1864939024051697,1.074544445369221,1.2666938870710889,0.8487150257221683,10365,10368,1,Box 2,mid_3aer-mid
2017-07-15 10:42:00,-45.15777587890625,-1.0769166552893914,-44.08085922361208,-40.129020175983044,-12.519505911616712,9.556020601139148,-0.9883537371514717,-45.935943603515625,0.21898841857910156,0.4894447326660156,0.9103502264422237,0.2840122931385736,-0.21678390052842772,0.022421380947630354,2.366164941059164,1.1437932638181907,1.3707558722078519,0.8403462267581139,10315,10346,2,Box 3,mid_3aer-mid
2017-07-15 10:42:00,-36.28082275390625,-0.21986171886145964,-36.0609610350409,-42.91876034496412,-11.285587914597649,22.116465585153165,-3.973078360632298,-37.64727783203125,0.28908205032348633,0.9326820373535156,1.190172394553196,0.31295860095440325,-0.6133077142248736,0.11017671871727452,2.595531008055553,1.1336027074449038,1.306209828428283,0.893778396459596,10385,10389,3,Box 4,mid_3aer-mid
2017-07-15 10:44:00,-35.43804931640625,-0.9873511803972305,-34.450698136005315,-37.83234972493076,-11.158491424490004,15.596332876856104,-1.0561898634406581,-37.486175537109375,0.17770957946777344,1.0983009338378906,1.0981591599559253,0.32389739622803104,-0.45271456663329485,0.030658010449338524,2.0393466877955255,1.1108144979838959,1.2414875880489193,0.900698094421089,10279,10310,0,Box 1,mid_3aer-mid
2017-07-15 10:44:00,-31.02947998046875,0.1799556200751276,-31.209435600540573,-33.9602941448143,-6.522421168942276,9.28237233822875,-0.009092625012746562,-30.845245361328125,0.0736236572265625,0.24739837646484375,1.088141886943514,0.2089887575163103,-0.29742198664009073,0.00029134218026644065,2.184141943491397,1.0779067119928096,1.2703774836079806,0.8485524048123866,10379,10375,1,Box 2,mid_3aer-mid
2017-07-15 10:44:00,-46.257965087890625,-0.9486588954223187,-45.309306192463474,-41.275856603761774,-13.182611499109647,9.935033351577436,-0.7858714411694886,-47.050628662109375,0.22431325912475586,0.5279502868652344,0.9109796655996334,0.2909471057251011,-0.2192713635776215,0.017344592252887037,2.4131020850523375,1.1510473278608389,1.3803426703658346,0.8385602723830801,10315,10342,2,Box 3,mid_3aer-mid
2017-07-15 10:44:00,-34.565948486328125,0.06480599504792188,-34.63075448137231,-38.76793329803022,-11.155914204306075,18.558571513190767,-3.265478492226775,-35.654632568359375,0.2579960823059082,0.7276535034179688,1.1194654542939075,0.32213893030562707,-0.5358985615855791,0.09429417698604453,2.4977046645953793,1.1407710379533667,1.313325252670283,0.8912263325735804,10386,10383,3,Box 4,mid_3aer-mid
2017-07-15 10:46:00,-37.535247802734375,-0.2313222996468893,-37.30392550308351,-39.75228393183918,-12.633741371598143,16.69424286421441,-1.6121430638606007,-39.890350341796875,0.20901870727539062,1.432891845703125,1.0656327288813958,0.3386705608382648,-0.44751973523093375,0.04321644551127313,2.0135897373593727,1.1176421447511407,1.2447527651848087,0.9064186315802558,10302,10309,0,Box 1,mid_3aer-mid
2017-07-15 10:46:00,-32.151885986328125,-0.3447103618856914,-31.807175624439058,-33.90229142994611,-6.691270841700653,8.85375658693736,-0.06736993972965112,-32.089874267578125,0.08339977264404297,0.3176727294921875,1.0658692815182644,0.21036985241026593,-0.2783572075520774,0.00211807362354699,2.1758333533344505,1.079738192944314,1.2752253595765863,0.8471399518617424,10366,10375,1,Box 2,mid_3aer-mid
2017-07-15 10:46:00,-46.5853271484375,-0.5943156703722384,-45.99101147806039,-40.64246446245174,-13.852455127572055,9.927146443795095,-1.423238331831692,-47.402313232421875,0.22496509552001953,0.435760498046875,0.8837045143449361,0.3011991839792488,-0.21584970899217457,0.03094601066798966,2.3865278408725,1.1597874332379203,1.3883326002095897,0.8439067935782664,10326,10342,2,Box 3,mid_3aer-mid
2017-07-15 10:46:00,-37.818756103515625,0.046671790091128665,-37.86542789360276,-40.67499703012372,-12.224224998123077,17.495702108403435,-2.4619079737593936,-38.862548828125,0.28559303283691406,0.7195816040039062,1.0741987953870615,0.32283340445727066,-0.4620495021887572,0.06501730234442499,2.502424249773631,1.147784960880454,1.3292752024175238,0.8795949645072361,10387,10385,3,Box 4,mid_3aer-mid
2017-07-15 10:48:00,-37.943023681640625,-0.8396399789718828,-37.103383702664864,-39.16015539749759,-12.679531849263036,17.37648226313141,-2.640178719035652,-40.46942138671875,0.21510076522827148,1.4583854675292969,1.0554335343459524,0.3417351891911777,-0.4683260805101015,0.07115735697297138,2.0134374708065788,1.1199678164054052,1.2473592843156542,0.9121042617499091,10323,10349,0,Box 1,mid_3aer-mid
2017-07-15 10:48:00,-33.54266357421875,-0.9434051732485954,-32.59925840096673,-34.4307062332492,-6.938218414511491,8.822924913290812,-0.05325866649685563,-33.61517333984375,0.09638547897338867,0.391082763671875,1.056180659380526,0.2128336273534903,-0.2706480253252991,0.0016337385912826852,2.182355987000622,1.0818047287492023,1.2792805280519273,0.8459756058061905,10342,10366,1,Box 2,mid_3aer-mid
2017-07-15 10:48:00,-47.2730712890625,-1.2006371727044292,-46.07243411635319,-40.877390440550144,-14.1532120896417,10.75305540740416,-1.79488699356551,-48.018646240234375,0.2277989387512207,0.4080657958984375,0.8872418231109024,0.3071947979544255,-0.23339455823514682,0.038957937169818935,2.3647082758231157,1.1606668226211079,1.3817414722740762,0.8506511934980375,10303,10335,2,Box 3,mid_3aer-mid
2017-07-15 10:48:00,-41.578460693359375,-0.09334505680271753,-41.48511563655224,-43.45087210165292,-14.07030713234562,17.551631526705552,-1.5155679292592488,-42.678131103515625,0.31032562255859375,0.85223388671875,1.0473846206027848,0.33916519012781476,-0.423082622704345,0.036532811973745416,2.4404139685050668,1.1554054706464871,1.3283466815458251,0.8788765924462304,10392,10391,3,Box 4,mid_3aer-mid
2017-07-15 10:50:00,-39.242919921875,-1.291809851177071,-37.95111007069391,-40.51092534843842,-12.937285446909467,18.097226872981242,-2.600126148327261,-41.740081787109375,0.21580266952514648,1.3875236511230469,1.067450340002603,0.34089346590416925,-0.4768563248682425,0.06851251896147026,2.043800523540321,1.120907393416767,1.2500886478590743,0.9104803590188895,10316,10357,0,Box 1,mid_3aer-mid
2017-07-15 10:50:00,-34.878662109375,-0.8138847317094795,-34.06477737766194,-35.7887360552102,-7.476780865409171,9.442078159000385,-0.24133861604294943,-35.130340576171875,0.10152292251586914,0.43045806884765625,1.0506082472941318,0.21948714892562568,-0.27718009292472434,0.007084696704966809,2.2047831465936687,1.08609304213878,1.285114823784161,0.8466363656521599,10312,10333,1,Box 2,mid_3aer-mid
2017-07-15 10:50:00,-46.72601318359375,-0.1434838312242512,-46.58252935236453,-41.36964808338653,-14.651788206109597,11.268910478537677,-1.8300035414060805,-47.42987060546875,0.22204065322875977,0.3636016845703125,0.8880936406534268,0.3145339767894306,-0.2419128079820695,0.03928519053921209,2.38231902673399,1.1661665358472528,1.385165176527109,0.8527425345805523,10302,10312,2,Box 3,mid_3aer-mid
2017-07-15 10:50:00,-42.089874267578125,-0.12351954153635024,-41.966354726037366,-45.10057214737501,-14.895902016405271,19.17998941788748,-1.1498699801445633,-43.32952880859375,0.2866220474243164,0.7784461975097656,1.0746840520650003,0.35494867528161417,-0.4570325333972254,0.02739980605061093,2.471627424828931,1.1611747516445798,1.3240092518961761,0.8837844469597476,10396,10399,3,Box 4,mid_3aer-mid
2017-07-15 10:52:00,-39.614776611328125,-2.581013911124761,-37.033762700199496,-39.81306992368185,-12.37790332424331,17.783834066855526,-2.62662351912986,-42.2244873046875,0.22015857696533203,1.5360565185546875,1.0750479298034543,0.33423293831757017,-0.48020597342002536,0.07092510529900087,2.010837882392633,1.1147052318407,1.241841621849976,0.9115184923334538,10286,10367,0,Box 1,mid_3aer-mid
2017-07-15 10:52:00,-35.878570556640625,-0.19509226542169633,-35.6834782912152,-37.18667403750505,-8.136632246252297,10.0559773671654,-0.4161493746232548,-36.210205078125,0.11232805252075195,0.42311859130859375,1.042125818958067,0.22802239680360498,-0.2818104581929461,0.011662242431274006,2.22952791408944,1.0916800475757815,1.2923466999891255,0.8472571919119026,10306,10311,1,Box 2,mid_3aer-mid
2017-07-15 10:52:00,-46.93890380859375,-0.5037779547713874,-46.435125853817496,-41.22836797067201,-14.681784831007338,11.241365478927767,-1.7663385310659179,-47.700897216796875,0.22620105743408203,0.3801689147949219,0.8878702751977696,0.316178422283749,-0.24208754196805088,0.038038844486532275,2.4059656359019996,1.1692039120097155,1.3904250104839282,0.8515062830605875,10302,10317,2,Box 3,mid_3aer-mid
2017-07-15 10:52:00,-42.765899658203125,-0.11712331280448968,-42.6487763453942,-46.600364802634914,-16.09499688183076,20.68584628684757,-0.6392609477760954,-44.31597900390625,0.2834954261779785,0.7691574096679688,1.09265420478277,0.3773847284968803,-0.4850278966815308,0.014988963401880384,2.3793558919532236,1.1614791894690526,1.3027033983135083,0.8951324523859884,10399,10403,3,Box 4,mid_3aer-mid
2017-07-15 10:54:00,-38.689971923828125,-1.6641934986755527,-37.025778425148715,-39.498011617375255,-12.461865065813273,17.223300734357466,-2.2892024763176546,-41.2742919921875,0.21766948699951172,1.5198249816894531,1.0667705932833904,0.3365726689853711,-0.4651705235360838,0.0618272612673223,2.009509821829173,1.1163834730181605,1.2436736681597433,0.9098344963035061,10316,10366,0,Box 1,mid_3aer-mid
2017-07-15 10:54:00,-36.590118408203125,-0.7482885251305464,-35.84182988306884,-36.967525005706676,-8.330527910470957,9.893725711480883,-0.4375026783720873,-37.027679443359375,0.11793994903564453,0.42862701416015625,1.031407300528749,0.23242473773377786,-0.27603852101743653,0.012206482754909709,2.2260636143928716,1.0943552045072533,1.2951445553642225,0.8476392805766333,10298,10317,1,Box 2,mid_3aer-mid
2017-07-15 10:54:00,-48.010528564453125,-0.5050707846422999,-47.505457779805894,-41.83234654874165,-14.948676730834924,10.972477409987741,-1.696911910217068,-48.756988525390625,0.21210289001464844,0.3780326843261719,0.880579800801839,0.31467282770169325,-0.2309729854798291,0.03572035697629691,2.448409966479823,1.173500695835713,1.4034844593827567,0.8463189233987908,10306,10315,2,Box 3,mid_3aer-mid
2017-07-15 10:54:00,-41.434906005859375,-0.15855841310271157,-41.276347592752444,-46.04264154179399,-15.760708042136013,20.617809400355604,-0.09080740917804361,-43.146026611328125,0.275327205657959,0.7147789001464844,1.1154727641134228,0.3818338821457007,-0.4995066328004227,0.0021999865412992148,2.3573218746865194,1.1580858455008691,1.2920782117086396,0.8968024465585241,10396,10401,3,Box 4,mid_3aer-mid
2017-07-15 10:56:00,-38.268218994140625,-0.7076331955718671,-37.56058579856494,-39.99438043145592,-12.544784058437669,17.683532566452374,-2.7049538751237203,-40.667816162109375,0.2053065299987793,1.3155708312988281,1.0647965035993654,0.3339879768040509,-0.4708002335556759,0.07201575315225961,2.0457548345512184,1.1187981459564338,1.2511585880471423,0.9087562268682177,10332,10355,0,Box 1,mid_3aer-mid
2017-07-15 10:56:00,-36.981689453125,-1.0319828277136176,-35.94970662540762,-36.879611559024134,-8.462139349226282,9.908640116505564,-0.5165958336627687,-37.512786865234375,0.12477254867553711,0.4920310974121094,1.025866829549015,0.23538827277231872,-0.27562506197206593,0.014369959650732234,2.22450829037184,1.096066624153295,1.2966603161668602,0.8484613077558634,10280,10306,1,Box 2,mid_3aer-mid
2017-07-15 10:56:00,-48.400970458984375,-0.6538037512916448,-47.74716670768773,-41.51403528438081,-14.88271044677839,10.512689505710188,-1.8631104822387203,-49.2010498046875,0.18636178970336914,0.3788414001464844,0.8694554702802223,0.311698294851538,-0.22017410101147528,0.039020335879714985,2.4667883697793584,1.1756804740190703,1.4136314516263706,0.8429838903765665,10308,10327,2,Box 3,mid_3aer-mid
2017-07-15 10:56:00,-42.824920654296875,-0.19592297828313596,-42.628997676009334,-48.511384571628774,-15.80523635199465,22.981630378221816,-1.2940071306077263,-44.655792236328125,0.2973756790161133,0.8031997680664062,1.1379902699173694,0.37076256101816557,-0.5391079225668816,0.030355091631346642,2.4579115797304256,1.1577749742083283,1.301374647495557,0.8967977492187709,10393,10399,3,Box 4,mid_3aer-mid
2017-07-15 10:58:00,-39.207550048828125,-1.3976405591822636,-37.80990948964199,-41.18953837670321,-12.218230730300384,18.98023986237907,-3.3823802450174605,-41.60498046875,0.1978168487548828,1.1755294799804688,1.089384738886695,0.32314890184139594,-0.5019911477857067,0.08945750705761574,2.0867781609070732,1.1152797454503665,1.2524325538826446,0.9086033376201825,10317,10361,0,Box 1,mid_3aer-mid
2017-07-15 10:58:00,-36.95050048828125,-0.4408215283798605,-36.509678959897585,-37.14801974797018,-8.730303181391784,9.710040002313034,-0.3413960328486568,-37.4588623046875,0.13430309295654297,0.4586067199707031,1.0174841523195466,0.23912297862112655,-0.26595796728255516,0.009350836341882052,2.2398459220423446,1.099393275570863,1.302366947566338,0.8462380781454363,10273,10284,1,Box 2,mid_3aer-mid
2017-07-15 10:58:00,-47.5013427734375,-1.198637519537752,-46.302705253894985,-39.22000651682514,-14.843046958298263,9.65256622408896,-1.892218002860546,-48.6849365234375,0.17640352249145508,0.4094734191894531,0.8470348827734195,0.3205654373088636,-0.20846657168647797,0.040866251604194825,2.3828385862215926,1.178574017056207,1.4073363723648837,0.8492262631976958,10345,10379,2,Box 3,mid_3aer-mid
2017-07-15 10:58:00,-39.868560791015625,-0.02145322821222271,-39.84710756279932,-44.22076201720422,-15.580268778903292,20.988033144277775,-1.0341099109695844,-41.94281005859375,0.298795223236084,0.844024658203125,1.1097609016542038,0.39100124781575873,-0.5267140936440741,0.025951944174111508,2.2769822616731883,1.1559901452190164,1.2803783750335882,0.908660060985416,10400,10401,3,Box 4,mid_3aer-mid
2017-07-15 11:00:00,-39.3125,-1.263967059331314,-38.04853294066478,-41.51749481098348,-11.49700086803522,18.409035263676405,-3.4430725253224836,-41.54278564453125,0.1946392059326172,1.0458717346191406,1.0911720269406553,0.3021667323143405,-0.48383035667589563,0.09049159742089985,2.207144848030005,1.1158523154588817,1.2736030960607245,0.8955241803159945,10298,10339,0,Box 1,mid_3aer-mid
2017-07-15 11:00:00,-36.98101806640625,-0.17053617200551216,-36.810481894396965,-37.294079366865326,-8.891276708007855,9.421954759560771,-0.047080579084552494,-37.402435302734375,0.13768911361694336,0.3900413513183594,1.013137493658891,0.24154198071938912,-0.25595847363777424,0.0012789992594940403,2.254125468607366,1.1017339444005192,1.3065729321665474,0.843512666088527,10288,10293,1,Box 2,mid_3aer-mid
2017-07-15 11:00:00,-49.659637451171875,-1.1783390561786624,-48.48129839498827,-40.521355179188,-15.710906405761088,9.395811700645355,-1.6448485106845385,-51.052337646484375,0.17489051818847656,0.47925567626953125,0.8358141493870732,0.32406117257340605,-0.19380280668425007,0.0339274847237708,2.3824788532807526,1.183288645089972,1.413721918302442,0.8468922872240561,10350,10385,2,Box 3,mid_3aer-mid
2017-07-15 11:00:00,-41.48748779296875,-0.15218034716326137,-41.3353074458013,-46.02184870400359,-15.162731242554202,21.63440434438534,-1.7851318436288492,-43.60418701171875,0.3029608726501465,0.9345626831054688,1.1133786476451704,0.3668227522544865,-0.5233880109093731,0.04318661100971627,2.3688939919884366,1.1526578670436642,1.2945977416206467,0.9003436328028729,10400,10403,3,Box 4,mid_3aer-mid
2017-07-15 11:02:00,-39.8499755859375,-1.941783753597958,-37.90819183233572,-41.18736763289057,-11.064322156301303,17.55394655704744,-3.2104486001912855,-42.0391845703125,0.20179414749145508,1.0763931274414062,1.0865030918662206,0.291871535451697,-0.4630647284546532,0.08469010113673558,2.2343507549023136,1.11403013828608,1.27972827538746,0.888896075586662,10272,10336,0,Box 1,mid_3aer-mid
2017-07-15 11:02:00,-37.459320068359375,-0.12965003703773453,-37.32967003131782,-37.55521190266294,-9.04281858559707,9.09283552327672,0.17552493366547298,-37.935028076171875,0.1341843605041504,0.41424560546875,1.0060418929809962,0.2422421247766341,-0.24358199565247332,-0.004702022105156994,2.261285968316576,1.1032200674074641,1.3104158053137869,0.8408160053284185,10296,10299,1,Box 2,mid_3aer-mid
2017-07-15 11:02:00,-51.8699951171875,-1.0325917918792695,-50.83740332530306,-42.03553552033075,-16.615884054355444,9.945711595310735,-2.131695345927604,-53.45660400390625,0.1783595085144043,0.4834327697753906,0.8268623645340398,0.32684368137436515,-0.19563767904645327,0.04193163313804829,2.392884227550276,1.1882024181160162,1.4215261099083911,0.8482831703215283,10346,10369,2,Box 3,mid_3aer-mid
2017-07-15 11:02:00,-47.164886474609375,-0.030780544477615423,-47.13410593012698,-52.34868414933329,-16.932021352607666,24.455761613700286,-2.3091620418863084,-49.742889404296875,0.3426628112792969,1.1236915588378906,1.1106328022204677,0.3592307739475998,-0.5188548956450822,0.048991319477014794,2.429388597381313,1.154367016921548,1.3052656301517305,0.8960108091160571,10402,10404,3,Box 4,mid_3aer-mid
2017-07-15 11:04:00,-40.006072998046875,-1.275300870923869,-38.730772127119096,-40.64902923788143,-11.31904582595559,16.52145970748383,-3.2841567707659043,-42.147613525390625,0.19463109970092773,1.014495849609375,1.0495279852533377,0.2922494235024571,-0.42657191685356527,0.0847945080977705,2.2120136244495416,1.1168747012076456,1.2867840545790774,0.8867154232570513,10290,10331,0,Box 1,mid_3aer-mid
2017-07-15 11:04:00,-38.34991455078125,-0.4114486439185992,-37.9384659068588,-37.99029416146399,-9.176681467801314,8.9539367182918,0.2745730041147019,-38.936981201171875,0.13128042221069336,0.4496803283691406,1.0013661136096654,0.241883303619356,-0.23601209232535256,-0.007237324903668879,2.264647840907161,1.103762907095651,1.3127200624059596,0.8391670491184509,10292,10302,1,Box 2,mid_3aer-mid
2017-07-15 11:04:00,-52.038116455078125,-0.7178956610509626,-51.320220794021985,-41.40843301871767,-16.764868001884892,8.95432722605092,-2.1012469994703373,-53.87725830078125,0.1798105239868164,0.4590606689453125,0.8068638906468056,0.3266717824378055,-0.1744795148483453,0.040943841763734196,2.3891474629182854,1.192803383980805,1.4330473410474844,0.8447072693127898,10353,10361,2,Box 3,mid_3aer-mid
2017-07-15 11:04:00,-48.47479248046875,0.047366105690474836,-48.52215858615435,-52.47922289628076,-17.64180657101276,25.388820775884383,-3.7899498947452086,-51.515716552734375,0.34124231338500977,1.1336898803710938,1.0815516956670503,0.3635824762348227,-0.5232417830464988,0.07810761114462578,2.3830196020346275,1.1571482806805184,1.3068640680583237,0.9041429022830879,10404,10403,3,Box 4,mid_3aer-mid
2017-07-15 11:06:00,-39.791717529296875,-0.6461712796587342,-39.1455462496342,-40.65729948560215,-11.319621527330952,16.865387499675535,-4.0340127363766305,-42.046630859375,0.19040393829345703,1.0225639343261719,1.0386187799329043,0.28916754552727003,-0.43083796537474894,0.10305163991457461,2.2240222973813677,1.1176979506370215,1.2924403486950147,0.8879632301528285,10322,10343,0,Box 1,mid_3aer-mid
2017-07-15 11:06:00,-39.111572265625,-1.242808853929481,-37.86876341169171,-38.574560340997806,-9.090773251588276,9.414343477308586,0.3822267035857848,-39.71734619140625,0.13850736618041992,0.48827362060546875,1.0186379713969795,0.24005994472958062,-0.24860445995978772,-0.010093456166772402,2.292127877446937,1.102676979764906,1.3118449968187764,0.8382545948307463,10284,10316,1,Box 2,mid_3aer-mid
2017-07-15 11:06:00,-53.9686279296875,-0.492890411214617,-53.47573751846754,-44.58511430229012,-17.37381712609044,10.735665448586046,-2.252471538673024,-55.531982421875,0.18598461151123047,0.44586944580078125,0.8337447293156622,0.3248915850873584,-0.20075768837930558,0.04212137397628496,2.462284941952203,1.1919221004129228,1.433699336318474,0.8440730181787569,10366,10375,2,Box 3,mid_3aer-mid
2017-07-15 11:06:00,-47.3690185546875,0.061487865509392975,-47.430506420192145,-51.14088513879343,-17.42911364885477,25.58690634998259,-4.4474139825265375,-50.825439453125,0.3260784149169922,1.0892982482910156,1.0782276850626604,0.36746631997660556,-0.5394609562736973,0.0937669512344313,2.3624278516255575,1.157767602558587,1.3044382808048245,0.9099567906460363,10404,10404,3,Box 4,mid_3aer-mid
2017-07-15 11:08:00,-41.167449951171875,-1.1845658376895178,-39.98288411347836,-43.352290814879055,-10.991961225223452,19.47657978237866,-5.115211855754514,-43.44189453125,0.1900315284729004,1.0319709777832031,1.084271226953957,0.2749166666923366,-0.48712293308058385,0.1279350394342903,2.3542413117858785,1.1146572768473555,1.3011180914273417,0.8860327066101276,10307,10346,0,Box 1,mid_3aer-mid
2017-07-15 11:08:00,-39.812469482421875,-4.016246808883805,-35.79622267353449,-37.11139210919845,-8.359541591209071,9.325726739995915,0.34898428687711675,-40.454620361328125,0.14660120010375977,0.5846328735351562,1.0367404529706514,0.23353138870123297,-0.260522648577968,-0.00974919309391642,2.2891121069511433,1.0977627111508736,1.3050896401000722,0.8389589902993135,10247,10342,1,Box 2,mid_3aer-mid
2017-07-15 11:08:00,-54.597564697265625,-0.9354344146539875,-53.66213028260634,-45.10888474651742,-17.280242713013152,10.916329215319369,-2.1893320383951362,-56.171478271484375,0.20092487335205078,0.42254638671875,0.8406092808644738,0.32201932017995655,-0.20342705661943708,0.04079845557500669,2.4901297870666617,1.190945962129579,1.4358761550686945,0.8417540277159637,10358,10383,2,Box 3,mid_3aer-mid
2017-07-15 11:08:00,-44.21942138671875,0.0023323612059147395,-44.221753747920246,-47.68301628879072,-16.02034607712202,24.40972623620318,-4.92811761821069,-47.6773681640625,0.29523706436157227,0.9048500061035156,1.0782705851197332,0.3622729701866575,-0.5519845815104331,0.11144102620404239,2.4083954675235715,1.1591127362364764,1.31221859315871,0.9104796037876168,10404,10404,3,Box 4,mid_3aer-mid
2017-07-15 11:10:00,-43.018798828125,-0.0007354444895202344,-43.01806338363125,-46.620123756754175,-12.065588213967981,20.809481991988253,-5.1418334048973495,-45.349395751953125,0.18181657791137695,1.02838134765625,1.083733671155767,0.28047725222700387,-0.48373823355112827,0.11952731016835738,2.3860053436784505,1.11910773275816,1.306663202375602,0.8842864404912639,10320,10320,0,Box 1,mid_3aer-mid
2017-07-15 11:10:00,-40.316070556640625,-3.9104072569814705,-36.40566329965552,-37.7362470970451,-8.639360441239607,9.573943971359224,0.3960002672699603,-40.968170166015625,0.1449751853942871,0.6001129150390625,1.036548813475462,0.2373081454423426,-0.2629795230636497,-0.010877435854154793,2.288779473700438,1.0994208746905805,1.3050928981396202,0.8399717306158899,10237,10330,1,Box 2,mid_3aer-mid
2017-07-15 11:10:00,-58.201995849609375,-0.6218746494567479,-57.58012120014695,-50.27482849644967,-18.600727061228632,12.753937509458034,-1.4585031519266813,-59.759735107421875,0.2251596450805664,0.4152412414550781,0.8731282159288224,0.32304077646125484,-0.22149896949896458,0.025329977108887347,2.614921469064408,1.1946092324540951,1.443353781321066,0.8353913647418256,10365,10380,2,Box 3,mid_3aer-mid
2017-07-15 11:10:00,-45.612152099609375,0.04365220589183341,-45.65580430549672,-48.640207811775795,-16.461648880734092,24.666805108690873,-5.220752721677709,-49.18206787109375,0.28926706314086914,0.863922119140625,1.0653674500247445,0.3605598265356196,-0.5402775284307305,0.1143502518703664,2.4629109862052605,1.1647705356891975,1.325796604840759,0.9073372445014047,10404,10403,3,Box 4,mid_3aer-mid
2017-07-15 11:12:00,-42.697296142578125,-0.05380359975761967,-42.64349254281626,-47.214553845351126,-11.769398328210508,20.96375427931883,-4.623294648573461,-45.001922607421875,0.17359399795532227,0.9462471008300781,1.107192470174559,0.2759951783122226,-0.4916050029971195,0.1084173545103379,2.4682826486733855,1.1191983940724566,1.3126081704175203,0.8781725756765298,10293,10295,0,Box 1,mid_3aer-mid
2017-07-15 11:12:00,-40.472076416015625,-2.467841064677545,-38.004235351334316,-38.90525934121246,-9.283525400470008,9.671516922650348,0.5130324676978012,-41.194244384765625,0.13106775283813477,0.6201324462890625,1.0237085151575482,0.24427607382828365,-0.25448523916455495,-0.01349934982127693,2.294389316002501,1.1041573621688887,1.3105032063997741,0.83947457413336,10258,10317,1,Box 2,mid_3aer-mid
2017-07-15 11:12:00,-60.58892822265625,-0.07315385406275622,-60.515774368587586,-53.53076084027919,-19.72922804849807,14.240921354501191,-1.496706834311511,-61.909393310546875,0.22383928298950195,0.3604240417480469,0.884575326000717,0.32601793919601696,-0.23532577254589906,0.024732507349165128,2.663437261172769,1.1978440052379706,1.4465015909007988,0.8356923697105939,10388,10390,2,Box 3,mid_3aer-mid
2017-07-15 11:12:00,-45.443817138671875,0.1787883455318798,-45.6226054841993,-49.53999482918776,-16.692583758160655,25.52471495270534,-4.914741849556226,-48.984649658203125,0.26464033126831055,0.8133888244628906,1.085865094801418,0.36588405201763147,-0.5594751698594996,0.10772602304045026,2.533142650826833,1.169517959009761,1.3301890899980102,0.9066553101089807,10404,10398,3,Box 4,mid_3aer-mid
2017-07-15 11:14:00,-44.872650146484375,-0.6134568664262857,-44.259193280053715,-48.832285458929796,-11.832174592892862,20.908750340628444,-4.5034835688595,-47.198150634765625,0.1701951026916504,0.9209671020507812,1.1033252492863903,0.26733823452279837,-0.47241598391381856,0.10175250010462988,2.490209524119866,1.1168746448253153,1.3173755691248061,0.871917869131898,10264,10284,0,Box 1,mid_3aer-mid
2017-07-15 11:14:00,-40.7237548828125,-2.2573803553346155,-38.46637452747403,-39.15037359723526,-9.505465655068724,9.715657815655977,0.4738069091739749,-41.4302978515625,0.11711645126342773,0.5773696899414062,1.0177817399784503,0.247111035854954,-0.2525753449604853,-0.012317430872919033,2.3043628770787414,1.106655740059278,1.3144343674411907,0.8390948913712497,10235,10289,1,Box 2,mid_3aer-mid
2017-07-15 11:14:00,-61.854278564453125,0.031101986308108755,-61.885380550755166,-55.80103240611759,-20.28980236514151,15.964912784733206,-1.7594585642292704,-63.0849609375,0.22445201873779297,0.29866790771484375,0.9016835948896281,0.32786099373665273,-0.25797551283763404,0.02843092421135318,2.7554245881184793,1.2023431462730085,1.4545490770142535,0.8354617497892184,10399,10402,2,Box 3,mid_3aer-mid
2017-07-15 11:14:00,-45.924591064453125,-0.01876721988951736,-45.90582384455913,-51.328699902754785,-16.468282990810344,26.382859880682926,-4.491700831676928,-49.08416748046875,0.26127195358276367,0.7985420227050781,1.1181304593630201,0.3587406043854761,-0.5747170548559905,0.0978459911074942,2.6847291478106663,1.1716668518640811,1.3423395426724622,0.898364498383352,10403,10403,3,Box 4,mid_3aer-mid
2017-07-15 11:16:00,-45.077606201171875,-1.737410709156719,-43.34019549201087,-46.3858958894177,-11.749387105527404,18.563802926450773,-3.7687154235165443,-47.506439208984375,0.17011642456054688,0.9418449401855469,1.0702742653287813,0.27109677222598666,-0.4283276232538623,0.08695658569909431,2.375798132271908,1.1158238202510786,1.309316439401686,0.8724264183176228,10215,10270,0,Box 1,mid_3aer-mid
2017-07-15 11:16:00,-41.328521728515625,-1.2295058371629473,-40.099015891348756,-39.73475823387224,-10.217450298561996,9.460266232470072,0.3929264086154067,-42.03289794921875,0.10788822174072266,0.5151557922363281,0.9909160449607167,0.25480551259030726,-0.23592265351607036,-0.00979890403495362,2.3176306751995988,1.1141251739807276,1.3267738143980004,0.8374016664773077,10239,10267,1,Box 2,mid_3aer-mid
2017-07-15 11:16:00,-63.009033203125,-0.003944038462268136,-63.00508916465665,-55.35169475601714,-20.765255498924272,15.54440834229264,-2.432547252007879,-64.4178466796875,0.2213430404663086,0.30684661865234375,0.8785273616764793,0.329580606491273,-0.24671671048141988,0.03860874231366759,2.741458360398299,1.2082440764220392,1.4661561835385326,0.8363545967254853,10404,10404,2,Box 3,mid_3aer-mid
2017-07-15 11:16:00,-52.9229736328125,-0.017467791608103016,-52.905505841199236,-60.42176188779226,-19.14073523132399,30.8996180391876,-4.242626761270591,-56.313140869140625,0.3184628486633301,0.9981651306152344,1.1420694486723888,0.3617909880453024,-0.5840529742204084,0.08019253750271715,2.849634729580399,1.1804165793034407,1.3574953046886382,0.891131075299925,10404,10404,3,Box 4,mid_3aer-mid
2017-07-15 11:18:00,-45.50262451171875,-1.2439002864849162,-44.258724225229514,-45.71641948188138,-12.40998459219445,17.24982739642586,-3.382147547579548,-48.1480712890625,0.19182062149047852,1.0331306457519531,1.0329357721481929,0.28039634692226817,-0.3897497656878384,0.07641764661737738,2.3806142441090814,1.1249344060675195,1.322998518784359,0.8686745980202967,10197,10237,0,Box 1,mid_3aer-mid
2017-07-15 11:18:00,-42.17919921875,-0.9660269861443328,-41.21317223260167,-40.20165582598184,-10.731359028243535,9.270010392987656,0.4498322286360426,-43.00189208984375,0.0990605354309082,0.4241485595703125,0.9754564778243477,0.26038662997541584,-0.22492833943160087,-0.010914768368162714,2.3345680819433667,1.1198096412474263,1.3360529508727848,0.8355014261275627,10233,10255,1,Box 2,mid_3aer-mid
2017-07-15 11:18:00,-63.218902587890625,0.01859162930527443,-63.237494217189806,-54.68924831207421,-20.77137887147952,15.42684827154044,-3.2037153051765133,-64.98922729492188,0.21635150909423828,0.3035774230957031,0.8648231399593956,0.32846619127791515,-0.24395097342973102,0.050661642192420225,2.7756848288930334,1.2139411205834183,1.4821443079192895,0.8355351506245243,10404,10403,2,Box 3,mid_3aer-mid
2017-07-15 11:18:00,-54.77001953125,-0.09563238896857584,-54.67438714227618,-60.00241115800724,-20.47702070728826,30.830978031326577,-5.025933308307253,-58.153045654296875,0.31493043899536133,0.8372535705566406,1.0974500912441183,0.37452675334068264,-0.5639016666267662,0.09192482204196528,2.7378467658502252,1.1875100679479804,1.3578637590397686,0.8994849171444581,10401,10404,3,Box 4,mid_3aer-mid
2017-07-15 11:20:00,-48.243682861328125,-1.3986020957464669,-46.84508076557707,-48.12564059183277,-13.571173702726004,17.922605243074486,-3.070871714092786,-51.087860107421875,0.22261905670166016,1.1585235595703125,1.0273360576036552,0.2897032832676518,-0.38259311223654585,0.06555377136523882,2.4754369122051587,1.1363284019045896,1.3419173516285763,0.8632786473253621,10179,10224,0,Box 1,mid_3aer-mid
2017-07-15 11:20:00,-42.804473876953125,0.5266449696309761,-43.33111884657989,-41.57447410434493,-11.598430058364347,9.324325707678481,0.5174596084509062,-43.58648681640625,0.08162927627563477,0.4039306640625,0.9594599726710354,0.2676697571422116,-0.21518774395585324,-0.011941985857393783,2.3504835177123904,1.1266075168632266,1.3456947788939715,0.8342307596953604,10277,10265,1,Box 2,mid_3aer-mid
2017-07-15 11:20:00,-66.17556762695312,-0.0015252184012705427,-66.17404240854546,-57.849832168026595,-22.047030743074828,16.841246720539893,-3.11842621798393,-68.13949584960938,0.22730207443237305,0.3416290283203125,0.8742073184961735,0.3331673559695933,-0.2544992886571046,0.04712461419133779,2.856978773434286,1.221447747325878,1.4922319847168135,0.8341238115410867,10404,10404,2,Box 3,mid_3aer-mid
2017-07-15 11:20:00,-53.9161376953125,-0.06627173770156115,-53.84986595760575,-57.14442712815097,-20.29829248840785,28.512217682557193,-4.919364023604122,-57.24688720703125,0.2963852882385254,0.6458091735839844,1.0611804897181902,0.37694230296484,-0.5294761124383102,0.09135331975527994,2.6539088879467116,1.1892806443220196,1.3587801784540203,0.900116596954526,10402,10404,3,Box 4,mid_3aer-mid
2017-07-15 11:22:00,-50.875335693359375,-1.7907594269332248,-49.084576266421344,-48.912612705866664,-14.901736923616475,17.95781920786987,-3.2280458448080758,-53.98883056640625,0.24026203155517578,1.109832763671875,0.9964965866340315,0.30359306440240624,-0.3658546242794965,0.06576497324305874,2.458285167721106,1.146845971792087,1.3510410334931175,0.8658246918420127,10138,10196,0,Box 1,mid_3aer-mid
2017-07-15 11:22:00,-43.02093505859375,-0.618920781000414,-42.40201427758924,-40.236591906677724,-11.37334787722718,8.66032264863704,0.5476028576786237,-43.784088134765625,0.07306957244873047,0.3739662170410156,0.9489311437721956,0.2682265942077743,-0.204243189767857,-0.012914548212112853,2.338802892404868,1.1275873693487881,1.3477746400026074,0.8334105110689759,10305,10319,1,Box 2,mid_3aer-mid
2017-07-15 11:22:00,-68.91217041015625,-0.0015317708491195679,-68.91063863930052,-61.1473929423879,-23.256931290560175,19.12345930567842,-3.629773712030854,-71.10470581054688,0.2284550666809082,0.3732566833496094,0.8873432919763257,0.3374940611462638,-0.27751098644980626,0.05267363332721681,2.931850420960558,1.2269782423349316,1.4979016814912325,0.8367522651708632,10404,10404,2,Box 3,mid_3aer-mid
2017-07-15 11:22:00,-50.1832275390625,-0.0011816248156033373,-50.18204591424206,-51.851408465595696,-19.25447786785412,26.21906769110621,-5.295227271898452,-53.6495361328125,0.2571749687194824,0.4769859313964844,1.033266131759683,0.38369256408474867,-0.5224790502944606,0.105520354450029,2.447176418083972,1.1807647836619966,1.334701199105243,0.9120316517931776,10404,10404,3,Box 4,mid_3aer-mid
2017-07-15 11:24:00,-52.4595947265625,-1.3951672415035241,-51.064427485054026,-50.4467156965371,-16.607854475362807,20.1413368750969,-4.1511941882510195,-55.872344970703125,0.24982070922851562,0.9642066955566406,0.9879032857325636,0.3252333433136744,-0.39442989703530973,0.08129326798907177,2.466497423392231,1.1602179217469475,1.3561067466600567,0.8770014161409779,10145,10191,0,Box 1,mid_3aer-mid
2017-07-15 11:24:00,-43.008636474609375,-1.2005886883042516,-41.8080477863011,-40.12302362716257,-11.104509618794253,9.033066606508212,0.38641885314750374,-43.54278564453125,0.0653071403503418,0.29886627197265625,0.9596961769716821,0.2656069873330172,-0.2160604736360831,-0.00924269066861616,2.3568262499636115,1.1259600313935914,1.3468565199935238,0.8336934019679472,10335,10362,1,Box 2,mid_3aer-mid
2017-07-15 11:24:00,-71.61163330078125,-0.0009553037846171463,-71.6106779969898,-62.91413580731361,-24.48222523548901,19.655242666211823,-3.8695596203990075,-74.04794311523438,0.22943830490112305,0.3993682861328125,0.8785580246839478,0.34187953417391376,-0.2744736290171424,0.0540360701592808,2.9306212867042305,1.2326951150649939,1.5037269550487609,0.8380312350104114,10404,10404,2,Box 3,mid_3aer-mid
2017-07-15 11:24:00,-46.64508056640625,0.01658862394693789,-46.66166919034877,-47.709023352107884,-17.427049692729916,23.47964670903346,-5.0052428545444245,-50.06964111328125,0.23067617416381836,0.4100685119628906,1.0224457071496222,0.373476774301388,-0.5031891725358564,0.10726669108484616,2.342408523348644,1.1681935067992943,1.3198233792274663,0.9118560916305507,10404,10403,3,Box 4,mid_3aer-mid
2017-07-15 11:26:00,-53.675537109375,-1.105755520761565,-52.56978158860833,-51.275561517732555,-17.920247147753567,21.84592440221689,-5.2198973253390974,-57.318572998046875,0.25650787353515625,0.8918190002441406,0.9753809121558872,0.34088494580386114,-0.4155604939197773,0.09929463596002897,2.4901096928344177,1.1728352472342616,1.3658606978271524,0.8856777426445487,10168,10203,0,Box 1,mid_3aer-mid
2017-07-15 11:26:00,-44.207366943359375,-0.5045260837192119,-43.702840859636,-42.854816747828934,-11.816597938381689,10.81858150680418,0.14999231977044122,-44.712158203125,0.0747528076171875,0.2984504699707031,0.9805956753582511,0.27038512156072475,-0.2475487015032068,-0.003432095415769054,2.421803816389634,1.1296928764081913,1.350766057981829,0.8354723616863057,10363,10374,1,Box 2,mid_3aer-mid
2017-07-15 11:26:00,-70.24801635742188,-0.0016969417417102416,-70.24631941567347,-60.5909641406559,-24.17777488265391,17.663819874282943,-3.1414002666466008,-72.97286987304688,0.21055936813354492,0.3878974914550781,0.8625500189143966,0.34418564678933666,-0.2514554502102748,0.044719784506541516,2.872612742240699,1.2343370542497618,1.5034938131430817,0.836088150863052,10404,10404,2,Box 3,mid_3aer-mid
2017-07-15 11:26:00,-46.5218505859375,-0.03260977561460287,-46.48924081031848,-49.49046062997148,-16.604572946397777,25.15903046311621,-5.553237697065432,-49.788482666015625,0.22342443466186523,0.4497795104980469,1.0645572990081367,0.3571702324446719,-0.5411796369350919,0.1194521054822833,2.39982779240063,1.1581830868149363,1.315351072725141,0.9098196554357296,10404,10404,3,Box 4,mid_3aer-mid
2017-07-15 11:28:00,-52.667083740234375,-2.2593138743347123,-50.407769865894835,-49.30349261271597,-17.878931370999535,22.63633245906152,-5.86167834124085,-56.36053466796875,0.2603325843811035,1.0172004699707031,0.9780931142933581,0.35468602198757776,-0.4490643509777038,0.11628521469676795,2.4417444287926293,1.1756982878379767,1.3555886155770107,0.8985298214305748,10133,10207,0,Box 1,mid_3aer-mid
2017-07-15 11:28:00,-45.73541259765625,-0.8445293105153269,-44.89088328713668,-45.095388620607395,-12.040499260983925,12.25265526755153,-0.007650673096895539,-46.296630859375,0.09398460388183594,0.3651466369628906,1.0045556094800503,0.26821702714043244,-0.27294306483522646,0.00017042821474372305,2.4855863424186717,1.1292494448225407,1.3527323245679863,0.8348344841439332,10365,10384,1,Box 2,mid_3aer-mid
2017-07-15 11:28:00,-73.10488891601562,-0.00043443478932425167,-73.10445448121943,-62.90632870069835,-25.295314032867243,17.76835591191064,-2.6711676595644795,-75.44570922851562,0.2087101936340332,0.3688087463378906,0.8604992561275321,0.34601604255682694,-0.24305435336331438,0.03653905467895535,2.8673975703871726,1.2358916978816494,1.503896733504753,0.8341377526932066,10404,10404,2,Box 3,mid_3aer-mid
2017-07-15 11:28:00,-47.14691162109375,-0.04356875699882146,-47.103342864090486,-51.92515677428456,-15.69759391074286,25.99823583449388,-5.478828013556944,-49.7315673828125,0.22116851806640625,0.4742622375488281,1.1023667030195008,0.33325859602015667,-0.55194035611247,0.11631505707281259,2.5340798868185224,1.1509059774791963,1.3246680732535638,0.897709181809055,10403,10404,3,Box 4,mid_3aer-mid
2017-07-15 11:30:00,-52.660888671875,-3.8064428635955956,-48.8544458082747,-47.92375304974524,-17.497149658301055,22.74458311859015,-6.1781262188185515,-56.673675537109375,0.2871432304382324,1.4445266723632812,0.9809496813824911,0.3581485649630987,-0.465558103101802,0.12645985675621224,2.4054899146832134,1.1737874227823182,1.3475209940507082,0.9045549559869058,10070,10202,0,Box 1,mid_3aer-mid
2017-07-15 11:30:00,-47.108123779296875,-0.21747321623660645,-46.89065056305588,-46.56813465150106,-12.92820319720782,12.724444959947364,-0.1187576742943652,-47.70501708984375,0.10008668899536133,0.3648719787597656,0.9931219569854097,0.27570961464530563,-0.2713642230840081,0.0025326514532927336,2.4888174382664294,1.1349261793188072,1.35803778566357,0.8363583161724266,10390,10394,1,Box 2,mid_3aer-mid
2017-07-15 11:30:00,-74.8348388671875,-0.12442609191081726,-74.71041277526967,-63.71894948371245,-26.13860012893842,17.674832404047134,-2.5276955666659338,-76.9854736328125,0.20294952392578125,0.3387451171875,0.8528790983310486,0.34986555632564664,-0.2365778978790194,0.03383324322232417,2.8358401846624073,1.2383656266748166,1.502875438291802,0.83543329692747,10401,10404,2,Box 3,mid_3aer-mid
2017-07-15 11:30:00,-51.90496826171875,0.00022489985908567928,-51.90519316157298,-59.73187267157384,-16.851682005663264,29.961919587620788,-5.283558071956665,-54.258544921875,0.22447633743286133,0.5092010498046875,1.150787985426383,0.3246627356381574,-0.5772431959621821,0.10179247489764176,2.639124822003793,1.1467046741226024,1.324581393226892,0.8908398181304761,10404,10404,3,Box 4,mid_3aer-mid
2017-07-15 11:32:00,-53.296600341796875,-5.32084070685242,-47.975759634939834,-45.74113524028849,-16.11637099949591,18.909160595423057,-5.02741399057849,-57.451080322265625,0.3120698928833008,1.7647018432617188,0.9534218027675813,0.33592737503542647,-0.39413988937971656,0.10479071157670883,2.426728529549853,1.1690388096495712,1.3633592338843454,0.8857772762409968,10041,10234,0,Box 1,mid_3aer-mid
2017-07-15 11:32:00,-47.614349365234375,-0.4897872968842599,-47.12456206834573,-46.371572802808785,-12.955312290340771,12.424150599645255,-0.22182757484143206,-48.17828369140625,0.10167217254638672,0.3586616516113281,0.9840212994564306,0.2749163434463627,-0.2636449030895237,0.004707260186730455,2.467485947096196,1.134472966782243,1.3579216987676577,0.8366520882505533,10380,10390,1,Box 2,mid_3aer-mid
2017-07-15 11:32:00,-71.8480224609375,-0.0005682836268558317,-71.84745417730392,-60.3858752522374,-25.233377397925253,16.34883144272717,-2.577032969868433,-74.03131103515625,0.1841592788696289,0.2959785461425781,0.840473416124365,0.35120767585800267,-0.2275492100580461,0.03586811807567844,2.777137273611742,1.237892013288191,1.4994484515287982,0.8376479966134908,10404,10404,2,Box 3,mid_3aer-mid
2017-07-15 11:32:00,-55.785736083984375,0.0003923829573425389,-55.78612846693649,-66.57759849976385,-17.60625725944043,33.75187432656971,-5.3541470343019215,-57.960693359375,0.23770427703857422,0.5081062316894531,1.1934436091800722,0.31560278053486657,-0.6050227046419593,0.09597631492702052,2.7723779686792285,1.1443412053875226,1.329506204354004,0.8845787732836095,10404,10404,3,Box 4,mid_3aer-mid
2017-07-15 11:34:00,-53.33949279785156,-5.9871458027334485,-47.352346995113614,-45.02374392094349,-17.45566460080401,22.117130814156866,-6.990069287522981,-57.606597900390625,0.3458251953125,2.1268959045410156,0.9508239142948834,0.36863356746826714,-0.4670757041132339,0.14761822235008332,2.2635312890779664,1.1715887754921053,1.3316148236834042,0.9178191863276344,9996,10217,0,Box 1,mid_3aer-mid
2017-07-15 11:34:00,-47.870880126953125,-0.4594489058723359,-47.41143122107638,-45.82414802480014,-13.041653797547326,11.420675746484786,0.033694854786298946,-48.43255615234375,0.08659696578979492,0.28816986083984375,0.9665210866789732,0.27507403724504653,-0.24088443340237775,-0.0007106905216419657,2.4350717676292755,1.1350135632471943,1.3592520419835086,0.8348459067577465,10385,10395,1,Box 2,mid_3aer-mid
2017-07-15 11:34:00,-68.71624755859375,-0.0005715877583050399,-68.71567597082901,-53.95827093079058,-24.406408220055503,13.143120133783608,-3.4941169537665364,-71.11318969726562,0.15902233123779297,0.28963470458984375,0.785239614810699,0.3551796278685586,-0.19126814876074405,0.0508489060814864,2.542984730512513,1.2350159166688583,1.4861682091958364,0.8479183921317531,10404,10404,2,Box 3,mid_3aer-mid
2017-07-15 11:34:00,-56.517059326171875,-4.120407901458695e-05,-56.517018122087606,-64.74061517434455,-18.08027457953041,32.08947530927141,-5.785603677484054,-58.583465576171875,0.24370956420898438,0.5321044921875,1.1455065628992032,0.3199085015503392,-0.5677842953418382,0.10236923089229583,2.547981193799366,1.1395141441834382,1.3128039688204491,0.8925239321825381,10404,10404,3,Box 4,mid_3aer-mid
2017-07-15 11:36:00,-49.1009521484375,-4.4910187584096155,-44.60993339002368,-41.628885790281274,-16.93302790138861,19.922242912194132,-5.970262610547933,-53.08770751953125,0.3479757308959961,2.1286277770996094,0.9331752510437715,0.37957976205307264,-0.4465875960408727,0.13383258294402856,2.2213277655894514,1.1762356529729037,1.3298761602089093,0.9188679659969767,10032,10199,0,Box 1,mid_3aer-mid
2017-07-15 11:36:00,-48.344635009765625,-0.18485544418303718,-48.15977956557813,-45.907071911106996,-13.144397494676648,10.564444864565164,0.32724497564035376,-48.91986083984375,0.07991647720336914,0.29155731201171875,0.9532242947374029,0.27293309091621165,-0.2193624007389774,-0.006794984914637148,2.4239448874726306,1.1351401051553955,1.3628996825081474,0.831135623963869,10391,10395,1,Box 2,mid_3aer-mid
2017-07-15 11:36:00,-64.28826904296875,-0.0004993582499111089,-64.2877696847129,-50.538635351804324,-22.754187890924072,12.360176217853404,-3.355122659837902,-66.6849365234375,0.1354207992553711,0.269317626953125,0.7861314150368168,0.3539427172931593,-0.19226326062440072,0.0521891282944246,2.5241540679471517,1.2317512743410841,1.480826193745047,0.8490189663191187,10404,10404,2,Box 3,mid_3aer-mid
2017-07-15 11:36:00,-53.712799072265625,0.000521437950073901,-53.71332051021072,-61.440567531364366,-16.978038402853414,30.011015192502153,-5.305729768495092,-55.8385009765625,0.2400350570678711,0.5149993896484375,1.1438609072713113,0.3160861820044424,-0.5587257482396226,0.09877865896386895,2.5414964177570383,1.137548021720435,1.3123431973655795,0.8903953461398447,10404,10404,3,Box 4,mid_3aer-mid
2017-07-15 11:38:00,-48.95857238769531,-3.381445026363441,-45.57712736132754,-41.9997416378104,-16.932659234028563,18.31285635116281,-4.95758284065139,-52.839874267578125,0.35956287384033203,2.0261192321777344,0.9215091882567269,0.3715165964671135,-0.40179926668000965,0.10877348195616926,2.2286617107078004,1.1753275599246076,1.3362768057622338,0.9077299871494444,10052,10186,0,Box 1,mid_3aer-mid
2017-07-15 11:38:00,-49.45050048828125,-0.18645803548295323,-49.264042452793774,-46.56029047045873,-13.638452451796844,10.445102254523887,0.48959821493791134,-50.12481689453125,0.07953596115112305,0.32415771484375,0.9451171311220378,0.2768439570273918,-0.21202284129510252,-0.009938246854327037,2.4249368397122724,1.138526845702132,1.3667213662543174,0.8304526406246245,10390,10394,1,Box 2,mid_3aer-mid
2017-07-15 11:38:00,-62.15283203125,-0.0008423363895376473,-62.151989694854706,-47.743200692721345,-22.124762990754494,11.176792681938293,-3.460818693317155,-64.63992309570312,0.12354183197021484,0.2336883544921875,0.7681684999486638,0.3559783540218039,-0.17983000603540727,0.05568315206493962,2.4285654811730226,1.2282529843743162,1.4696564931668332,0.8538529735529193,10404,10404,2,Box 3,mid_3aer-mid
2017-07-15 11:38:00,-53.212371826171875,0.10372849484843473,-53.31610032101542,-58.28544359908295,-17.06397457813635,26.805240526606955,-4.771922670403076,-55.493194580078125,0.23934173583984375,0.4643745422363281,1.0932053028662485,0.3200529385194045,-0.502760711402616,0.08950247001696304,2.4376364351798805,1.1393196861334027,1.3121761812066115,0.8896394651049114,10404,10401,3,Box 4,mid_3aer-mid
2017-07-15 11:40:00,-47.81718444824219,-5.482393164076409,-42.33479128416181,-39.99293775430476,-15.111690877102163,17.318592379978217,-4.548755032733101,-51.633636474609375,0.3769407272338867,2.0208473205566406,0.9446825304006359,0.35695678232281053,-0.40908651854999006,0.10744720582654366,2.1871754124741463,1.1593485920789732,1.3180403021162632,0.9060900296251985,9988,10189,0,Box 1,mid_3aer-mid
2017-07-15 11:40:00,-51.380340576171875,-0.281065346413601,-51.09927522975357,-48.30376379276675,-14.14882788104701,10.931751576930896,0.42156486712929037,-52.19293212890625,0.09721851348876953,0.38896942138671875,0.9452925423224187,0.27688901295430846,-0.21393163655999695,-0.00824991871673017,2.4430086173242787,1.1397621960943645,1.3702249409063527,0.8296479759354233,10393,10399,1,Box 2,mid_3aer-mid
2017-07-15 11:40:00,-61.428070068359375,-0.004508604220270124,-61.423561464133506,-48.14101342739037,-21.966142978968556,11.725116270718297,-3.041521328492881,-63.70703125,0.11901378631591797,0.22716903686523438,0.783754837392503,0.3576175404904687,-0.190889554288786,0.04951717640581438,2.435707755228155,1.2251975492610223,1.460269024580574,0.8549003561512836,10404,10404,2,Box 3,mid_3aer-mid
2017-07-15 11:40:00,-53.503570556640625,0.13659136364045965,-53.64016192027615,-58.232903320245,-17.947082300187382,26.255813454936646,-3.7159897547804093,-55.804595947265625,0.2552938461303711,0.4227867126464844,1.085621318720009,0.334582925511329,-0.489480503320626,0.06927625908928797,2.3642900503763125,1.1417902456193945,1.3023943782444691,0.8928792855315836,10403,10399,3,Box 4,mid_3aer-mid
2017-07-15 11:42:00,-48.516876220703125,-5.7680069565543315,-42.74886926414476,-40.92834138827677,-14.69691173263757,16.750675627424407,-3.8742917706548208,-52.437591552734375,0.3905525207519531,2.0997314453125,0.9574134261980366,0.34379650235484654,-0.3918390337747223,0.09062910522183915,2.220726007361409,1.15401444406737,1.3201880316108479,0.8964138690681938,9995,10208,0,Box 1,mid_3aer-mid
2017-07-15 11:42:00,-52.616455078125,-0.09445431708263217,-52.52200076103756,-49.80593030946527,-14.589948283775145,11.659808520874973,0.21406931132787818,-53.5269775390625,0.10156965255737305,0.37778472900390625,0.9482869956929143,0.27778736667241394,-0.221998559687859,-0.004075802677469237,2.448876486815942,1.1401741604998656,1.370017601733439,0.8311660177005661,10400,10402,1,Box 2,mid_3aer-mid
2017-07-15 11:42:00,-60.4117431640625,-0.005544109220043694,-60.40619905483692,-49.55841021384686,-21.499500026293006,13.606414202963107,-2.9547030176601567,-62.444549560546875,0.11338043212890625,0.23006439208984375,0.8204192779760501,0.3559154583915419,-0.22524864030281339,0.04891390393522144,2.5178098449296105,1.2217607484953281,1.4552383779424645,0.8551095835144532,10404,10404,2,Box 3,mid_3aer-mid
2017-07-15 11:42:00,-52.912628173828125,-0.00025577292329384907,-52.9123724009,-59.706344805447074,-18.055746717262185,28.608196450870576,-3.7584773290613134,-54.971710205078125,0.2714729309082031,0.3979530334472656,1.1284004495786228,0.3412386536075081,-0.5406712107730776,0.07103210758694661,2.423821881499818,1.1432422626321574,1.2989212325793686,0.8966510917772361,10404,10404,3,Box 4,mid_3aer-mid
2017-07-15 11:44:00,-50.41453552246094,-4.572028841417982,-45.84250668103866,-42.88645716084244,-16.046608637288777,16.83610251904305,-3.7455434019504876,-54.590179443359375,0.4210042953491211,2.212718963623047,0.9355172800483248,0.3500377662359804,-0.3672596404072028,0.08170459412289766,2.216826521819626,1.1605940557036285,1.327967232091848,0.8944538879955245,10016,10181,0,Box 1,mid_3aer-mid
2017-07-15 11:44:00,-54.222930908203125,0.09496754075177374,-54.317898448949975,-51.12545309463739,-14.989515902537692,11.607895828734225,0.18917471949088302,-55.25567626953125,0.11811590194702148,0.390777587890625,0.9412266408408093,0.27595905457618924,-0.2137029627470541,-0.0034827326699444494,2.452793497393445,1.1405715148622448,1.3740343074837775,0.8291714421226963,10401,10399,1,Box 2,mid_3aer-mid
2017-07-15 11:44:00,-63.59783935546875,-0.001209430307549045,-63.59662992515546,-54.25662034417964,-22.075501369101115,15.487192691610616,-2.751700903485326,-65.14251708984375,0.11310386657714844,0.237518310546875,0.8531367213645167,0.34711747139873544,-0.2435222229517024,0.04326803018845027,2.619852463468332,1.2164452666881373,1.456890941300977,0.8486657903278306,10404,10404,2,Box 3,mid_3aer-mid
2017-07-15 11:44:00,-52.73382568359375,-0.034569443134457756,-52.69925624045452,-61.07516484374036,-17.87959352196642,30.121013137231124,-3.8655110119788625,-54.486602783203125,0.2607612609863281,0.3213462829589844,1.1589378902250254,0.3392760125567232,-0.5715642930480064,0.07335039026625784,2.4621725259247396,1.1409818261391598,1.2958385399231955,0.8973946715628088,10403,10404,3,Box 4,mid_3aer-mid
2017-07-15 11:46:00,-51.73683166503906,-3.6149415557908284,-48.121890109243786,-44.67507523296241,-17.528070999003322,17.680177243574057,-3.598921120852109,-56.132537841796875,0.460174560546875,2.3518409729003906,0.9283732441004168,0.36424319492048246,-0.3674040484161667,0.07478760939526746,2.2455179888022476,1.171976102401775,1.337028150807725,0.8958018501697427,10038,10170,0,Box 1,mid_3aer-mid
2017-07-15 11:46:00,-54.7926025390625,-0.1517098718690312,-54.64089266718852,-50.53711674277713,-15.196287661165684,10.823708879749196,0.26880285700509937,-55.85736083984375,0.11981201171875,0.3855247497558594,0.92489551828139,0.27811199487029886,-0.1980880683204643,-0.004919444831224612,2.4265448176879776,1.142568226746632,1.3764175483856227,0.8287992852279401,10399,10403,1,Box 2,mid_3aer-mid
2017-07-15 11:46:00,-67.59075927734375,-8.11886511573897e-05,-67.59067808868645,-58.71288867082054,-23.227553134952338,17.085388497295803,-2.7356247802093687,-68.68258666992188,0.1256113052368164,0.2752532958984375,0.868653641760817,0.3436502457406215,-0.25277729089916634,0.040473403397727814,2.676276028022914,1.2149776432724093,1.4590118908713143,0.8455698213299494,10404,10404,2,Box 3,mid_3aer-mid
2017-07-15 11:46:00,-53.338104248046875,0.06767183782698115,-53.40577608586903,-62.419337160629794,-17.67388607643003,31.71635997388928,-5.028912822698487,-55.00836181640625,0.2768421173095703,0.28147125244140625,1.1687750227666052,0.33093585323079827,-0.5938750880221982,0.0941642120247948,2.5204547793870087,1.139826885783234,1.3016713242899336,0.8976757380954815,10404,10402,3,Box 4,mid_3aer-mid
2017-07-15 11:48:00,-53.75044250488281,-4.22768828482123,-49.522754220057024,-45.465575904678914,-18.042776721498154,16.934636815525998,-2.949038409405957,-58.39013671875,0.48821163177490234,2.3456802368164062,0.9180744613405422,0.36433306276391864,-0.3419566839977443,0.05954915989328352,2.297085146294721,1.1794122197018388,1.3524951917199213,0.8878486033472051,10027,10189,0,Box 1,mid_3aer-mid
2017-07-15 11:48:00,-53.87396240234375,-0.19371568015486237,-53.680246722183995,-49.433806971239605,-15.171375093235714,10.43161970582067,0.493315636470652,-54.65673828125,0.10104656219482422,0.29163360595703125,0.9208938108477527,0.28262491362518205,-0.19432883309587473,-0.00918989137706,2.428227905915186,1.1458379713277196,1.3786757387791526,0.8286658374215795,10399,10403,1,Box 2,mid_3aer-mid
2017-07-15 11:48:00,-68.28317260742188,-8.150087929530809e-05,-68.28309110653639,-58.772075121638714,-23.44604086468355,16.81812426318018,-2.8830993833943026,-69.2435302734375,0.14069843292236328,0.2532844543457031,0.8607119884180634,0.34336525316498423,-0.24629998423680424,0.04222274265375661,2.6152047980094406,1.2113736417536853,1.4510756494888095,0.8480375113986054,10404,10404,2,Box 3,mid_3aer-mid
2017-07-15 11:48:00,-55.128021240234375,-0.059061009551595864,-55.068960230677774,-67.42029313010005,-17.182246563648594,35.81686752847822,-6.283288065407353,-56.82061767578125,0.3262672424316406,0.33440399169921875,1.224288471176574,0.31201327375120336,-0.650400286812123,0.11409854188434565,2.7434919497531087,1.1372382244401529,1.3162416379505346,0.891521547582839,10403,10404,3,Box 4,mid_3aer-mid
2017-07-15 11:50:00,-57.09590148925781,-4.782679215135847,-52.31322227411716,-47.521891579721355,-18.937580486034555,16.14283471982569,-1.9965849281869366,-62.085296630859375,0.5170450210571289,2.4765586853027344,0.9084107136568723,0.3620037088673897,-0.3085803935998916,0.03816597107562958,2.3451786699121917,1.1851081115458506,1.3672023887044211,0.8772216734897476,10027,10208,0,Box 1,mid_3aer-mid
2017-07-15 11:50:00,-53.420867919921875,0.04858955527833439,-53.46945747519542,-49.32755241469998,-15.40937023329693,10.63600698187131,0.6314581909301771,-54.0191650390625,0.08955621719360352,0.21814727783203125,0.9225369910959564,0.28819013621833295,-0.19891742845540136,-0.011809698858888024,2.4364438958419337,1.1492358572119694,1.3795701175399895,0.8298795395334417,10403,10402,1,Box 2,mid_3aer-mid
2017-07-15 11:50:00,-72.52902221679688,-0.037973200363652204,-72.49104901642667,-64.21269574426894,-24.514197206805157,18.484117872215126,-2.248273937567692,-73.05535888671875,0.17177486419677734,0.2868537902832031,0.8858017178054379,0.3381686089443977,-0.2549848308585874,0.031014504108751784,2.688373166030975,1.207764233946626,1.450841263045515,0.8421216384602837,10403,10404,2,Box 3,mid_3aer-mid
2017-07-15 11:50:00,-62.26806640625,0.23455539461626368,-62.502621800860645,-78.85567619971657,-19.142552094794965,43.11955134909842,-7.6239448554475295,-63.68878173828125,0.3847970962524414,0.39105224609375,1.261637894982363,0.3062679859380135,-0.6898838817750951,0.12197800085471855,2.973888669630022,1.1414339788317105,1.3336922096529724,0.8864397369164111,10403,10396,3,Box 4,mid_3aer-mid
2017-07-15 11:52:00,-58.09880065917969,-4.053629925165115,-54.045170734009574,-48.43394567146851,-19.828216434318822,16.219493568599763,-2.0025021968220074,-63.281494140625,0.5354089736938477,2.560863494873047,0.8961752736399438,0.36688229799302513,-0.3001099515149307,0.037052379881961806,2.3488281850090393,1.1909973552249087,1.373847448201121,0.8771689210197617,10039,10194,0,Box 1,mid_3aer-mid
2017-07-15 11:52:00,-53.166290283203125,3.031267295661663e-05,-53.16632059587134,-48.67244890972523,-15.541866827057484,10.590901536797247,0.4570936041141303,-53.8001708984375,0.08004140853881836,0.15065765380859375,0.9154752174726366,0.29232541678395546,-0.1992032064302695,-0.008597427826322557,2.4374604145949665,1.1528626781375189,1.3832086365866536,0.83114848230791,10403,10403,1,Box 2,mid_3aer-mid
2017-07-15 11:52:00,-75.29641723632812,0.0004349930195052626,-75.29685222934084,-66.80689152023179,-24.890836726685016,18.700454311870725,-2.2995782942947653,-75.7154541015625,0.1911754608154297,0.310638427734375,0.8872468043783538,0.3305694194343204,-0.2483563888555721,0.030540165042897915,2.7046431529388717,1.203642529189703,1.4532527049094413,0.8377497556252461,10404,10404,2,Box 3,mid_3aer-mid
2017-07-15 11:52:00,-56.054534912109375,-0.07073185748243258,-55.98380305462191,-66.30619769651706,-17.672072801514407,34.908423708192466,-6.913956264782902,-57.424591064453125,0.3705558776855469,0.2685737609863281,1.1843818047127643,0.3156640284739541,-0.6235450577398831,0.12349922455316475,2.6820057435288476,1.1405045141121435,1.3200367772065669,0.8941353366622135,10401,10403,3,Box 4,mid_3aer-mid
2017-07-15 11:54:00,-61.11885070800781,-3.5653633449518107,-57.55348736305069,-48.67500429345183,-20.93820417150118,12.300404109930547,-0.2406830080282293,-66.69076538085938,0.5725393295288086,2.7884140014648438,0.8457350983165819,0.3638042650555958,-0.2137212647487179,0.004181901376540176,2.3217280428414946,1.1986139337015826,1.3937306540218752,0.8611987913083771,10019,10152,0,Box 1,mid_3aer-mid
2017-07-15 11:54:00,-53.893768310546875,-0.0,-53.89376831054205,-48.91255631907851,-15.552062924459536,10.158759136094314,0.4120917969016806,-54.66339111328125,0.0821385383605957,0.1485595703125,0.9075735071490784,0.2885688533569739,-0.1884959885818038,-0.0076463719242484685,2.4374772042268287,1.1521661837558617,1.3871244191469667,0.8285391604886544,10402,10402,1,Box 2,mid_3aer-mid
2017-07-15 11:54:00,-75.47927856445312,0.00013580795011512242,-75.47941437239646,-67.27167206125382,-24.649297054427603,19.137339807752177,-2.6957850644672137,-75.77630615234375,0.19562053680419922,0.3314399719238281,0.8912585321522541,0.3265697973332724,-0.25354383002143277,0.03571550053590622,2.7409938791659836,1.2028954178469677,1.4580718145165708,0.8361773542740628,10404,10404,2,Box 3,mid_3aer-mid
2017-07-15 11:54:00,-53.322967529296875,0.06827622602123666,-53.39124375531335,-60.00680512349269,-17.059900859912744,30.50642231260356,-6.830960084511473,-54.90679931640625,0.3773832321166992,0.28095245361328125,1.123907234648771,0.31952619306072993,-0.5713750077149616,0.12794158000546063,2.520065074998694,1.140408820973967,1.315383705642495,0.8979245996550566,10404,10402,3,Box 4,mid_3aer-mid
2017-07-15 11:56:00,-62.03129577636719,-2.450966710030023,-59.58032906633173,-49.67779830597165,-22.022814392488282,12.417103313346692,-0.29681968121848606,-67.80776977539062,0.5961718559265137,2.9317283630371094,0.8337952992952518,0.3696323054538677,-0.20840944499521868,0.004981840246099212,2.380958163948634,1.2120191442723351,1.414546439013505,0.8583069335614524,10034,10127,0,Box 1,mid_3aer-mid
2017-07-15 11:56:00,-54.918365478515625,-0.19756278187334042,-54.720802696637435,-49.794873862670975,-15.399055845758088,10.199503586984383,0.2736234248072507,-55.8275146484375,0.08338642120361328,0.17580032348632812,0.9099806912322733,0.28141136618787854,-0.18639170268624616,-0.005000354733905699,2.441008337023299,1.1479629262124282,1.386659320948599,0.8265101439084244,10400,10404,1,Box 2,mid_3aer-mid
2017-07-15 11:56:00,-75.15167236328125,8.172316371351127e-05,-75.15175408643833,-65.55983229516855,-24.15628176125306,17.70006521640635,-3.1357052464230697,-75.4166259765625,0.1752309799194336,0.3312263488769531,0.8723659626063112,0.32143337244622255,-0.23552431252699735,0.04172497747446363,2.710377915403097,1.2016484737358697,1.463732941757517,0.8341026176546469,10404,10404,2,Box 3,mid_3aer-mid
2017-07-15 11:56:00,-48.876983642578125,0.13582022028135293,-49.012803862855144,-56.19120076005336,-15.353034702233087,28.502865526169764,-5.971433926738457,-50.337554931640625,0.34648895263671875,0.15052413940429688,1.1464596254742823,0.31324538676042857,-0.5815391750679041,0.12183416283319326,2.5888262889542557,1.1387692565962029,1.3185898918856755,0.8932221038508277,10404,10400,3,Box 4,mid_3aer-mid
2017-07-15 11:58:00,-64.76705932617188,-3.31222579588991,-61.45483353027634,-50.604360171190336,-22.56964678850675,11.204407213795518,0.514766215625232,-70.9635009765625,0.6157736778259277,3.0576019287109375,0.8234398706207477,0.36725584452828414,-0.18231938108294696,-0.008376334066084928,2.4759743664377036,1.2240686847673272,1.4434135224761586,0.8454343857543903,9976,10101,0,Box 1,mid_3aer-mid
2017-07-15 11:58:00,-55.63531494140625,-0.14868633841435,-55.48662860298703,-50.799781683248085,-15.27990684280301,10.49519480616596,0.09786511689810502,-56.594482421875,0.0917811393737793,0.20101165771484375,0.915531957198664,0.27537998302496325,-0.18914817984816198,-0.0017637603754652453,2.447918829667529,1.1441224737494533,1.3853386762630482,0.825404603084676,10401,10404,1,Box 2,mid_3aer-mid
2017-07-15 11:58:00,-75.98294067382812,8.161791491372501e-05,-75.98302229173632,-66.64326113413537,-23.873585981403032,17.990359417497604,-3.45653459369552,-76.34719848632812,0.1881265640258789,0.31731414794921875,0.8770809468233444,0.31419631993237324,-0.23676814734249102,0.04549088058677342,2.8382425635203794,1.205446284308384,1.4865543918373174,0.8256570902419521,10404,10404,2,Box 3,mid_3aer-mid
2017-07-15 11:58:00,-50.422454833984375,0.1684893402456883,-50.59094417422562,-59.80711486943634,-15.480657658812733,30.30323683843385,-5.606408484410395,-51.5277099609375,0.31169891357421875,0.01132965087890625,1.1821703636024656,0.30599661483881946,-0.5989853981391462,0.1108184196978611,2.7571815628784377,1.1402647672097799,1.3310574803997879,0.8842441375547951,10404,10399,3,Box 4,mid_3aer-mid
2017-07-15 12:00:00,-68.59860229492188,-5.715686196615154,-62.88291609830097,-51.44157983810904,-22.95117570692065,10.284630567120816,1.2252088796079084,-75.33026123046875,0.6469659805297852,3.3153152465820312,0.8180533446905294,0.36498268736523765,-0.16355206159719898,-0.019483970458568034,2.5428734367998698,1.2314586847365618,1.4627100226578698,0.8356870464527619,9862,10084,0,Box 1,mid_3aer-mid
2017-07-15 12:00:00,-56.53424072265625,-0.19906993334475764,-56.3351707893065,-51.13632455302402,-15.402059830615071,10.042831451753955,0.16038214257862823,-57.58221435546875,0.1106710433959961,0.2362518310546875,0.9077157987906672,0.2734004284502618,-0.1782692998182989,-0.0028469274226301244,2.464387820409983,1.145488182641054,1.392657219570018,0.8217446100968501,10400,10404,1,Box 2,mid_3aer-mid
2017-07-15 12:00:00,-80.30538940429688,-0.00038219577987303464,-80.30500720850992,-70.6081337910231,-25.019479263870704,19.302256560180624,-3.979650713796729,-80.36654663085938,0.21248817443847656,0.378509521484375,0.8792494546160848,0.31155565678374525,-0.24036180595890866,0.04955669455907857,2.946204308824997,1.210988287577699,1.5062699618038278,0.8204524246635089,10404,10404,2,Box 3,mid_3aer-mid
2017-07-15 12:00:00,-52.1868896484375,0.32702476914445633,-52.513914417577325,-60.00575361707833,-16.018449469025445,29.47312736073511,-5.9628386922086625,-53.567962646484375,0.2990379333496094,0.09473037719726562,1.1426638878969828,0.30503247847133996,-0.561244151909383,0.11354778554106026,2.7498871180793283,1.1445564979595544,1.3432448171584601,0.881117441221971,10403,10394,3,Box 4,mid_3aer-mid
2017-07-15 12:02:00,-69.21632385253906,-6.4753024186176535,-62.741021433915655,-50.70795975550028,-23.484370382098675,11.114513737063636,0.33679496661966424,-76.13687133789062,0.660062313079834,3.464282989501953,0.8082106187721274,0.37430647199192435,-0.177149072218571,-0.005368018545480746,2.5201956572812296,1.2386770649337395,1.4640807662066522,0.8443146110403206,9795,10044,0,Box 1,mid_3aer-mid
2017-07-15 12:02:00,-57.5306396484375,-0.19957334222088163,-57.331066306211554,-51.275704129471194,-15.819460888355545,9.632516535321464,0.1315821762937238,-58.54022216796875,0.13682126998901367,0.21348953247070312,0.8943790414711982,0.2759317401121071,-0.1680156528726176,-0.002295128710687655,2.4769152542632336,1.1501759311870836,1.402199863342074,0.8196291716687875,10397,10401,1,Box 2,mid_3aer-mid
2017-07-15 12:02:00,-82.84384155273438,-0.00029926516099808314,-82.8435422875661,-71.37203851555702,-26.06580896205264,18.461293438251122,-3.866988248207562,-83.2127685546875,0.234344482421875,0.4649810791015625,0.8615280870995442,0.3146389958987163,-0.2228452928071131,0.046678209808852594,2.983368885543279,1.2209108486143423,1.5264008299160379,0.8158093536438321,10404,10404,2,Box 3,mid_3aer-mid
2017-07-15 12:02:00,-55.433135986328125,0.1350020591295835,-55.56813804545283,-62.10296367038884,-16.91349105672401,29.89861178001469,-6.450295098354666,-57.15185546875,0.2813386917114258,0.266326904296875,1.1176002265829161,0.304373902952972,-0.5380531511701662,0.11607902163427802,2.7712096162867517,1.1488930639677155,1.355282194441593,0.8781642582078607,10395,10391,3,Box 4,mid_3aer-mid
2017-07-15 12:04:00,-69.99232482910156,-6.001079436705795,-63.991245392389885,-51.92558740390899,-23.796083964039358,12.194494862736546,-0.46406888717808437,-77.18124389648438,0.6726107597351074,3.6055374145507812,0.8114483018029245,0.37186467958426844,-0.1905650497651788,0.007252068377985865,2.568443095770719,1.2412815370452541,1.473287667216866,0.8448958464833823,9772,10005,0,Box 1,mid_3aer-mid
2017-07-15 12:04:00,-58.78631591796875,-0.10007395289574014,-58.68624196506786,-51.34521861849516,-16.519852806751068,9.073875986428147,0.10495347375022512,-59.77777099609375,0.1504955291748047,0.20968246459960938,0.8749106587717385,0.28149447389363036,-0.15461674972865433,-0.0017883829367144888,2.4763872728620413,1.1570543355391194,1.412672331666136,0.818547682430337,10397,10399,1,Box 2,mid_3aer-mid
2017-07-15 12:04:00,-87.39361572265625,-0.00016336549966505502,-87.39345235714894,-77.5638384031517,-27.8936547624553,21.259671767853547,-3.1956309593954844,-88.15341186523438,0.2509431838989258,0.5678176879882812,0.8875245949338771,0.31917327912007526,-0.2432638967158787,0.036566022661926295,3.1612855083497484,1.2299316286827868,1.5407672538452835,0.8109773539711577,10404,10404,2,Box 3,mid_3aer-mid
2017-07-15 12:04:00,-51.033782958984375,-0.11541586705761732,-50.91836709192228,-55.83986370144975,-16.496226170057426,25.788528842835216,-4.37080606325032,-52.803985595703125,0.21521663665771484,0.12795639038085938,1.0966546433164825,0.32397398251748727,-0.50646810405918,0.08583947822521015,2.544999774482071,1.1479532100542502,1.3283444265064472,0.8855200825137305,10391,10394,3,Box 4,mid_3aer-mid
2017-07-15 12:06:00,-71.59530639648438,-6.497048492993931,-65.09825790348448,-54.86568087277758,-23.33984107777316,14.659061574293409,-1.5517975272271496,-79.00393676757812,0.6915192604064941,3.7720947265625,0.8428133507677295,0.3585324988631356,-0.22518362313208323,0.023837773501218185,2.6351341841,1.2288663912051598,1.4669922102325221,0.8453647357175202,9765,10021,0,Box 1,mid_3aer-mid
2017-07-15 12:06:00,-58.46929931640625,-0.3008512864966872,-58.168448029904525,-50.221898396034824,-16.179536474883648,8.181282597003227,0.05170424401071847,-59.39495849609375,0.13462066650390625,0.18639373779296875,0.8633872846360906,0.2781497018205766,-0.14064811550064413,-0.0008888709560230523,2.453850285075889,1.155571756546663,1.4142008095252319,0.8168683176694886,10398,10404,1,Box 2,mid_3aer-mid
2017-07-15 12:06:00,-90.29898071289062,0.00021702967719920195,-90.29919774255995,-79.11721448641016,-29.345579265751393,20.82912485964585,-2.66552885004425,-91.12997436523438,0.26708221435546875,0.5259666442871094,0.8761674130480178,0.3249816166630259,-0.2306678838834095,0.0295188541723658,3.194135383280085,1.2403250775714394,1.55553073373129,0.8078318366145935,10404,10404,2,Box 3,mid_3aer-mid
2017-07-15 12:06:00,-51.232666015625,-0.8983147026087136,-50.334351313011915,-55.4622307307586,-15.812186445008042,24.554581344770636,-3.6145154820159093,-52.27099609375,0.16625404357910156,0.002796173095703125,1.1018763386033958,0.3141430461014095,-0.4878294982302283,0.07181011352542299,2.6492009455938277,1.1489858089426923,1.3427597115231726,0.8739929617486694,10357,10383,3,Box 4,mid_3aer-mid
2017-07-15 12:08:00,-73.20130920410156,-7.0021345720664945,-66.19917463202906,-56.81668651506412,-23.604109773337083,17.00972923564103,-2.7881075792688823,-80.77264404296875,0.7172298431396484,3.9772911071777344,0.8582688051759271,0.3565619949877251,-0.2569477539590235,0.04211695379537128,2.6423620540208255,1.2236492110327133,1.4584543340019283,0.8524457819036738,9780,10056,0,Box 1,mid_3aer-mid
2017-07-15 12:08:00,-58.72760009765625,-0.10061545853634832,-58.626984639114795,-50.390416747059085,-16.007081562187356,7.7760796875825955,-0.005566017450950636,-59.7393798828125,0.12024879455566406,0.23452377319335938,0.859508928477955,0.2730326599725502,-0.13263652796488096,9.493951437572479e-05,2.455242036667759,1.153344153794755,1.4167255672874732,0.8141183617160844,10402,10404,1,Box 2,mid_3aer-mid
2017-07-15 12:08:00,-87.8106689453125,8.088215074737384e-05,-87.81074982745558,-73.23226738421907,-29.03226165752867,17.852617319049344,-3.39883810475718,-88.71658325195312,0.27454471588134766,0.4319000244140625,0.833978385654574,0.3306230924411401,-0.20330787920760252,0.03870640111188839,3.032108662763146,1.2459242795841057,1.5579332976574447,0.8135713808284741,10404,10404,2,Box 3,mid_3aer-mid
2017-07-15 12:08:00,-49.00714111328125,-1.0716471477124263,-47.935493965564646,-48.93355146179888,-15.819549155753139,19.966321809486885,-3.148715157499511,-49.835693359375,0.1497964859008789,0.0001068115234375,1.02082084513307,0.3300174431730568,-0.41652479525568387,0.06568650694955702,2.3378801488805676,1.1471431023325602,1.3195724088330234,0.8853096738411826,10365,10396,3,Box 4,mid_3aer-mid
2017-07-15 12:10:00,-74.81402587890625,-9.8857994493412,-64.92822642955915,-55.80599716180844,-22.95784505700867,15.672587325599272,-1.8369715363413086,-82.6485595703125,0.7431764602661133,4.190929412841797,0.8595028731048515,0.35358805129100074,-0.24138326560640797,0.02829234121055571,2.5898894743723395,1.216211767084952,1.4463692284261782,0.8496982043234982,9692,10084,0,Box 1,mid_3aer-mid
2017-07-15 12:10:00,-59.06072998046875,-0.08371611750754343,-58.97701386295612,-50.02361466119283,-15.974560132886001,7.065169874980202,-0.044008943857492946,-60.01275634765625,0.10773944854736328,0.2792625427246094,0.8481883260049728,0.27086078264331614,-0.11979531366910873,0.0007462050208197346,2.45122734911687,1.1539126978651122,1.4224126446508871,0.8114495739586696,10402,10403,1,Box 2,mid_3aer-mid
2017-07-15 12:10:00,-85.23809814453125,0.00018836899651068653,-85.23828651352036,-70.71156531795256,-29.25639151934591,18.156977053901347,-3.427306730123234,-85.42926025390625,0.29604625701904297,0.3192596435546875,0.8295751617054903,0.3432306386720398,-0.21301433659182387,0.040208536214293794,2.946238375214465,1.250483806753084,1.5436808286103327,0.8243320453788064,10404,10404,2,Box 3,mid_3aer-mid
2017-07-15 12:10:00,-44.014251708984375,-0.5179403505321448,-43.49631135844845,-42.72114985499458,-14.313663571447712,15.758336688825079,-2.2198346208312394,-44.87811279296875,0.12445259094238281,-0.019031524658203125,0.9821786841402286,0.32907764186002675,-0.36229133452173246,0.05103500852147713,2.22741609544536,1.143576407101937,1.3123128025494541,0.8835921710271605,10379,10394,3,Box 4,mid_3aer-mid
2017-07-15 12:12:00,-74.61981201171875,-10.69094756279489,-63.92886444891809,-54.20824720503427,-22.740282841886504,13.383880573942731,-0.3642149759400491,-82.49186706542969,0.7467236518859863,4.1338653564453125,0.8479463489977831,0.3557122911209688,-0.20935583150608011,0.005697191387328215,2.560072213022667,1.2179532337690964,1.44706038229601,0.8434479411861213,9725,10158,0,Box 1,mid_3aer-mid
2017-07-15 12:12:00,-58.992523193359375,0.19961113500063668,-59.192134328354896,-50.1775338689642,-16.076864531225993,7.0804495705920605,-0.018185498756766044,-59.97308349609375,0.09487056732177734,0.21542739868164062,0.8477061088998032,0.2716047446784609,-0.11961808187748185,0.0003072282992176989,2.473443214803216,1.1561306200358297,1.427754110138997,0.8098433091520063,10404,10400,1,Box 2,mid_3aer-mid
2017-07-15 12:12:00,-82.98117065429688,8.066563722567555e-05,-82.98125131992693,-66.39909331266271,-29.099326490761193,15.50251468427613,-2.985346200779151,-83.14010620117188,0.30390167236328125,0.23709869384765625,0.8001698245868436,0.3506735079056749,-0.18681948557882727,0.03597615308630875,2.8457608559456924,1.2575520346358764,1.5459988566505094,0.8262734798505375,10404,10404,2,Box 3,mid_3aer-mid
2017-07-15 12:12:00,-50.967041015625,0.33769465993491754,-51.30473567555548,-53.48319870811005,-16.68563556823528,22.276042720181408,-3.411944119391557,-52.44952392578125,0.16448497772216797,0.17606353759765625,1.0424612465861025,0.3252260312528084,-0.4341907706347466,0.06650349279583567,2.448801053762127,1.149933338656921,1.3315891625480187,0.8801839994247713,10403,10394,3,Box 4,mid_3aer-mid
2017-07-15 12:14:00,-73.95817565917969,-9.356613147124111,-64.60156251204981,-54.59956483101708,-23.563051987801753,13.758265381489084,-0.19721107472006277,-81.74528503417969,0.7439842224121094,3.9424819946289062,0.8451740593864566,0.36474430449583406,-0.21297109305866746,0.0030527291763767783,2.5909192927884783,1.2280479396406723,1.4556755589856956,0.8445950322260654,9810,10187,0,Box 1,mid_3aer-mid
2017-07-15 12:14:00,-59.171905517578125,0.4575332482684878,-59.629438765841485,-49.93784224822145,-16.47012619648522,6.746991189099232,0.03153848976595931,-60.18133544921875,0.09173059463500977,0.187835693359375,0.8374696002811982,0.2762079693750208,-0.11314866161316652,-0.0005289080430524867,2.4686737939698538,1.160699305130631,1.4328810218011325,0.8098917463519805,10394,10385,1,Box 2,mid_3aer-mid
2017-07-15 12:14:00,-85.7867431640625,0.0867052261439123,-85.87344839019902,-68.64389660995928,-30.383441553303484,16.294186238945,-3.1402964658812405,-86.09649658203125,0.35392189025878906,0.22735595703125,0.7993611284602123,0.35381648370803326,-0.18974649958047687,0.03656888741223127,2.8899990755006,1.2647427861644829,1.5566615350674946,0.8257267319943109,10404,10402,2,Box 3,mid_3aer-mid
2017-07-15 12:14:00,-56.002593994140625,0.3925537635175352,-56.395147757653255,-58.03861923218749,-18.37266703686434,23.861229558081703,-3.845091046683122,-58.00677490234375,0.19520854949951172,0.2393035888671875,1.0291420723214828,0.32578453585789263,-0.42310784716125777,0.06818123898188233,2.540448879609801,1.159015100090678,1.3525340971964082,0.874747520287224,10403,10393,3,Box 4,mid_3aer-mid
2017-07-15 12:16:00,-72.29859924316406,-7.146122560219362,-65.15247668293891,-54.25571531689245,-24.94676061420293,15.13018800417901,-1.0801887560225407,-79.84652709960938,0.7340836524963379,3.739665985107422,0.8327498520267315,0.3828981166073705,-0.23222736532042015,0.016579396686318193,2.579588503277681,1.2434129291766096,1.4612869881783126,0.8562706875378724,9891,10179,0,Box 1,mid_3aer-mid
2017-07-15 12:16:00,-59.25592041015625,0.9173877051705096,-60.173308115321575,-49.79344929635059,-16.950666341151734,6.4355879539297955,0.13521956825095133,-60.26556396484375,0.08153104782104492,0.12025070190429688,0.8275006120807238,0.28169743150344906,-0.10695087498922366,-0.002247168594949181,2.472951941033243,1.166619315335669,1.4401075215140127,0.809428149667063,10389,10371,1,Box 2,mid_3aer-mid
2017-07-15 12:16:00,-88.90371704101562,0.0007717151061167741,-88.90448875611405,-71.11986655753121,-31.57837897977467,17.23195388512816,-3.4381971039363264,-89.27496337890625,0.4088287353515625,0.23545455932617188,0.7999581073193026,0.3551944274310108,-0.1938254651280822,0.03867293037776878,2.9439865032117223,1.2708888494516808,1.5681953258221613,0.8246394568594608,10404,10404,2,Box 3,mid_3aer-mid
2017-07-15 12:16:00,-58.674285888671875,0.08205154096350514,-58.756337429630314,-58.12507883299287,-19.379707865256744,21.92607640359448,-3.1776271349751797,-60.92474365234375,0.23188209533691406,0.2783355712890625,0.9892563317549622,0.32983178858734863,-0.37316955689850995,0.054081436556199125,2.584052493375235,1.1714762618010002,1.3769759529688277,0.8656064295982833,10395,10392,3,Box 4,mid_3aer-mid
2017-07-15 12:18:00,-70.68734741210938,-5.247635406399167,-65.43971200570444,-54.82963353439914,-24.727128234409154,15.616718317417666,-1.4996685543138037,-77.9710693359375,0.7131013870239258,3.4561996459960938,0.837864835493463,0.3778612019602664,-0.23864283382017853,0.02291679636644911,2.5336641475224932,1.233222937003197,1.447525306385405,0.8592043473212252,9954,10164,0,Box 1,mid_3aer-mid
2017-07-15 12:18:00,-61.012603759765625,0.49541112280939487,-61.508014882569746,-50.20976040557673,-17.699453823687136,6.267144518197163,0.1340548284969576,-62.09649658203125,0.08606815338134766,0.11849212646484375,0.816312483851682,0.287758495498167,-0.10189151007656984,-0.0021794692732791526,2.4902939547215124,1.1744680211786864,1.4514601556056206,0.8085063374622931,10393,10384,1,Box 2,mid_3aer-mid
2017-07-15 12:18:00,-91.69598388671875,0.0010335395386249732,-91.69701742624952,-73.92083170986008,-32.23489596846177,18.94676673140663,-4.488056479334294,-92.36141967773438,0.4740934371948242,0.2746162414550781,0.806142160177821,0.3515370169415575,-0.20662358780257187,0.04894441068319336,2.9956405229242415,1.2702587669296919,1.5740723030322987,0.8251079667498604,10404,10404,2,Box 3,mid_3aer-mid
2017-07-15 12:18:00,-66.0335693359375,-0.23154665769876379,-65.80202267823312,-66.02791497736412,-21.372540770866014,25.993745040895543,-4.395311970898518,-68.35943603515625,0.2995786666870117,0.49117279052734375,1.0034329081377271,0.32480066570865324,-0.39502957482026013,0.06679600097387978,2.8015694675218628,1.181434258775081,1.4080678660513692,0.8584468948803305,10394,10401,3,Box 4,mid_3aer-mid
2017-07-15 12:20:00,-69.46131896972656,-6.610063541213137,-62.851255428507905,-55.46847022348273,-21.58861485880869,15.322564753344514,-1.1167350995609988,-76.46566772460938,0.6769533157348633,3.2649917602539062,0.8825355968677038,0.34348740867022654,-0.24379090996477606,0.017767904426845754,2.468396110957915,1.1922434441325491,1.406743539684207,0.8526749066869783,9943,10205,0,Box 1,mid_3aer-mid
2017-07-15 12:20:00,-62.18695068359375,-0.6153362308946282,-61.571614452693886,-49.69723168834185,-17.896510403191883,6.027761068898128,-0.005633430058278949,-63.421630859375,0.08647680282592773,0.16921615600585938,0.8071451776942564,0.2906617044602908,-0.09789837610201564,9.149394746839346e-05,2.4946638442018463,1.178919530647739,1.4586708370075125,0.8082428350973538,10385,10397,1,Box 2,mid_3aer-mid
2017-07-15 12:20:00,-94.56649780273438,-0.042033536656506984,-94.52446426606978,-74.38246446993334,-33.0603030292497,17.31282699037973,-4.394523757266472,-95.63641357421875,0.5164451599121094,0.34991455078125,0.7869123093949494,0.3497539318095551,-0.1831571025004401,0.046490861295935604,2.9251518751940226,1.2693839953917057,1.575646752903405,0.8228377196991318,10403,10404,2,Box 3,mid_3aer-mid
2017-07-15 12:20:00,-67.99874877929688,-0.32802286249408025,-67.670725916797,-71.39537756699957,-21.605086105088656,30.797599823067287,-5.467862067776064,-70.7286376953125,0.3453025817871094,0.6496696472167969,1.05504081121846,0.3192678342427226,-0.45510964166298107,0.08080099620179854,3.1448199412214386,1.189293886321815,1.436190917338231,0.852667894725256,10381,10391,3,Box 4,mid_3aer-mid
2017-07-15 12:22:00,-68.14826965332031,-5.535236862585665,-62.61303279072916,-58.11996200439861,-19.761306857493285,17.298811374749906,-2.030575303587166,-74.95248413085938,0.6485471725463867,3.2073135375976562,0.9282406459794451,0.3156101210356841,-0.27628132041722897,0.03243055340209977,2.422785720612035,1.1623455824795372,1.3740685359854072,0.8546780745905447,9999,10218,0,Box 1,mid_3aer-mid
2017-07-15 12:22:00,-62.584625244140625,-0.4008423393212964,-62.18378290481405,-49.380722733831185,-18.25367792910034,5.477638766927548,-0.0270210088100746,-63.88336181640625,0.0763711929321289,0.19878005981445312,0.7941093389158912,0.29354402508836763,-0.08808789866181474,0.0004345346575559128,2.4988512350289684,1.184439132168536,1.4687724167950096,0.8065490554976003,10393,10401,1,Box 2,mid_3aer-mid
2017-07-15 12:22:00,-96.55026245117188,0.000287691493821564,-96.55055014265743,-76.80713217593564,-33.84536823582406,19.145229832502352,-5.043279563400087,-98.1546630859375,0.5612716674804688,0.4916191101074219,0.7955121132137509,0.3505455762376924,-0.19829229149098046,0.05223460203953714,2.9339528142745137,1.2676300889740115,1.5698962196716946,0.8267093249960588,10404,10404,2,Box 3,mid_3aer-mid
2017-07-15 12:22:00,-72.69888305664062,0.2862326075949242,-72.98511566422935,-74.64031175898651,-23.657314231987282,32.467413635913935,-7.154903309169499,-76.05081176757812,0.36635303497314453,0.6984519958496094,1.022678543148057,0.32413888800044666,-0.44484979355628396,0.09803236240778035,3.183928396399561,1.2014545180193572,1.458601271407868,0.8547553703333192,10388,10380,3,Box 4,mid_3aer-mid
2017-07-15 12:24:00,-67.65313720703125,-5.060463720994467,-62.59267348603137,-58.2342540745452,-19.06799318689056,16.685200786782055,-1.9756270113776673,-74.37451171875,0.6236734390258789,3.095367431640625,0.9303685372624508,0.30463618383621066,-0.26656795208636747,0.03156323098770597,2.37727082947293,1.1523140378761871,1.3637721711734803,0.8532610394566158,10038,10236,0,Box 1,mid_3aer-mid
2017-07-15 12:24:00,-63.071807861328125,-0.36666532657733175,-62.70514253474548,-48.73239607904241,-18.565555754073284,4.3778763533943,0.21493294497591242,-64.3563232421875,0.061102867126464844,0.17317581176757812,0.7771674556363436,0.29607708400927313,-0.06981686312200758,-0.0034276765236091467,2.4943929051429117,1.19018849901494,1.4799989331988517,0.8031020711544933,10396,10403,1,Box 2,mid_3aer-mid
2017-07-15 12:24:00,-94.66253662109375,0.1257735390182143,-94.7883101601039,-70.46943601845574,-34.35719863934202,14.768431970962174,-4.7301074732683155,-97.06015014648438,0.5982294082641602,0.5339431762695312,0.7434401552198585,0.3624624026033419,-0.1558043596939041,0.0499018018707037,2.646678970124649,1.267778775412181,1.547123210118313,0.8374834034483796,10404,10401,2,Box 3,mid_3aer-mid
2017-07-15 12:24:00,-64.59234619140625,0.42903104368667033,-65.02137723508739,-60.32217985427227,-22.648110687821813,24.171598943703145,-6.2226856366964425,-68.27752685546875,0.32634544372558594,0.4006309509277344,0.9277284243945653,0.3483179171357239,-0.3717484921352829,0.09570215060499371,2.7037852371670397,1.2052926568996458,1.4295779680622793,0.8724456647710321,10394,10381,3,Box 4,mid_3aer-mid
2017-07-15 12:26:00,-65.41693115234375,-5.986353173635599,-59.430577978703,-56.054417804389345,-16.978878972770318,16.584221468194908,-2.9815026697382403,-71.86953735351562,0.5932369232177734,2.925640106201172,0.9431915305362922,0.2856926442622637,-0.2790519970062865,0.050167822207730584,2.314276974845401,1.1355092825118962,1.3452036250443968,0.8567688629193135,10052,10281,0,Box 1,mid_3aer-mid
2017-07-15 12:26:00,-63.60308837890625,-0.7758690468157462,-62.82721933208519,-47.932026719141994,-18.75282909403863,3.425612662885788,0.43202381820964353,-65.10467529296875,0.06107139587402344,0.2540740966796875,0.7629181623618924,0.29848255729601836,-0.054524339916733576,-0.006876379741177142,2.471642760139891,1.1936457740993671,1.4849193405796814,0.8016631242409674,10387,10402,1,Box 2,mid_3aer-mid
2017-07-15 12:26:00,-90.76513671875,0.0012658251770781596,-90.7664025439194,-69.4546799694891,-33.1065395482248,17.55407892799035,-5.759261954195841,-93.90740966796875,0.6013622283935547,0.4872894287109375,0.765202520127223,0.3647444276774707,-0.19339842095753887,0.06345147315284519,2.5921570979222,1.2548410324956252,1.5142475486987037,0.8507962941655888,10404,10404,2,Box 3,mid_3aer-mid
2017-07-15 12:26:00,-60.702056884765625,0.28678501185710914,-60.98884189661757,-62.03737027780337,-20.83272865918755,28.424673422193468,-6.543416381820124,-64.14297485351562,0.30413818359375,0.19250869750976562,1.017192134636089,0.3415826241544509,-0.4660635050322196,0.10728874624167967,3.0120581810689036,1.2033816782154316,1.435235846495312,0.8715979966737607,10398,10389,3,Box 4,mid_3aer-mid
2017-07-15 12:28:00,-63.74400329589844,-4.171937890839552,-59.57206540505375,-53.98001389964225,-17.24947149450152,13.571609504624437,-1.9141895155344162,-70.05740356445312,0.5709476470947266,2.8889122009277344,0.9061296353015637,0.2895563780979495,-0.22781834761554365,0.03213233421603051,2.285345277112738,1.1411744857117092,1.355332320079482,0.8502550065872879,10152,10308,0,Box 1,mid_3aer-mid
2017-07-15 12:28:00,-63.92474365234375,-0.7791261934828452,-63.145617458855604,-47.2528274009458,-19.103323270737622,2.696159151246295,0.5143740615815199,-65.693603515625,0.05500507354736328,0.3104133605957031,0.7483152323553535,0.302528093627162,-0.04269748653583215,-0.008145839446683303,2.44522198338097,1.1981038255541738,1.4892735273757312,0.8018829194367125,10390,10404,1,Box 2,mid_3aer-mid
2017-07-15 12:28:00,-89.7784423828125,0.0010303190524130206,-89.77947270185737,-70.15299497774214,-32.57966369089262,19.74650430945227,-6.793318342674886,-93.156494140625,0.5977897644042969,0.4658927917480469,0.7813923702883454,0.3628854426343563,-0.21994453425926336,0.07566672133656166,2.585529269933978,1.2467971079243743,1.4996469589589645,0.8572811371842901,10404,10404,2,Box 3,mid_3aer-mid
2017-07-15 12:28:00,-61.16754150390625,0.5894311294337907,-61.75697263333481,-63.746970325102986,-20.987869688638117,30.476255874789906,-7.498388494383616,-64.46905517578125,0.3026752471923828,0.19356155395507812,1.0322230447334788,0.339846154915136,-0.4934868821328786,0.12141768248426382,3.0544316574361527,1.2017898979940893,1.434159403803422,0.8754771603341917,10401,10383,3,Box 4,mid_3aer-mid
2017-07-15 12:30:00,-63.19483947753906,-3.2084122023369677,-59.98642727519702,-51.29276816551011,-16.940600352203365,10.075393119625744,-1.828451877109295,-69.51861572265625,0.5598411560058594,2.9671058654785156,0.855072897243848,0.2824072231287544,-0.16796121351590615,0.030481093143303717,2.1840399250441918,1.1376908113894901,1.3559824064418404,0.8468401569349711,10186,10307,0,Box 1,mid_3aer-mid
2017-07-15 12:30:00,-65.29595947265625,-0.1215273153317983,-65.17443215731896,-47.483602208330154,-20.35755304228874,1.9757239873051844,0.6909991059947481,-67.45050048828125,0.06121110916137695,0.4132575988769531,0.7285618092339273,0.312354896980911,-0.030314402778932603,-0.010602303435905736,2.395569084809555,1.2059563244454956,1.4913788214567953,0.8051989049105156,10391,10394,1,Box 2,mid_3aer-mid
2017-07-15 12:30:00,-87.4677734375,0.0012758946206372595,-87.46904933211324,-68.93306237457273,-31.107814751300047,20.621357839883736,-8.049530046124199,-90.97280883789062,0.5759429931640625,0.4361915588378906,0.7880851901435353,0.3556436818375157,-0.23575605311069553,0.09202718112964453,2.5635962956683853,1.236664656795283,1.4891194734949387,0.861462990623392,10404,10404,2,Box 3,mid_3aer-mid
2017-07-15 12:30:00,-58.7744140625,0.8779074604291636,-59.652321522924154,-64.01270271275423,-20.250582540189193,32.45221397659003,-7.841250246570765,-61.980682373046875,0.27532291412353516,0.039600372314453125,1.073096588339054,0.339476855605812,-0.5440226490450799,0.13144920510021396,3.1384383539250376,1.198307591090099,1.4265694361408496,0.8801507764127819,10404,10377,3,Box 4,mid_3aer-mid
2017-07-15 12:32:00,-62.49455261230469,-2.1885431164858224,-60.306009495813726,-52.74386805194021,-15.968904921669543,9.625429223569315,-1.2186657457732863,-68.69131469726562,0.5393862724304199,2.8193511962890625,0.8746038494820577,0.2647979041421744,-0.15960978522774724,0.020208031603515114,2.193958803285597,1.1263042427438772,1.3491202999625644,0.8399106946352823,10210,10292,0,Box 1,mid_3aer-mid
2017-07-15 12:32:00,-65.93887329101562,-1.141915272375585,-64.79695801863458,-46.99729074384559,-20.368110095248763,1.738162888794598,0.8302799316651716,-68.27349853515625,0.07645559310913086,0.4584922790527344,0.7253008811050962,0.31433744296130717,-0.026824760636058403,-0.012813563430344926,2.379291996692819,1.2066301161993154,1.489387219397859,0.8060271926716582,10377,10400,1,Box 2,mid_3aer-mid
2017-07-15 12:32:00,-84.41168212890625,0.1581482233915519,-84.56983035229072,-66.81975792630564,-29.045822137548974,19.963275728978335,-8.667526017414442,-87.54425048828125,0.5102510452270508,0.3449897766113281,0.7901134204474103,0.34345371176166983,-0.2360567077623042,0.10248957555322408,2.5424113202098475,1.2248360892017296,1.482399463892095,0.8602702032824078,10402,10398,2,Box 3,mid_3aer-mid
2017-07-15 12:32:00,-61.026885986328125,0.19029855876480606,-61.21718454508781,-71.60055744729577,-19.970130353126248,38.561163974472656,-8.207660719138447,-63.2705078125,0.2583189010620117,-0.04161834716796875,1.16961532908395,0.3262177197714443,-0.6299075049110027,0.13407445605560842,3.4225828967578495,1.1871850093936733,1.419997791251414,0.8762915455285911,10396,10391,3,Box 4,mid_3aer-mid
2017-07-15 12:34:00,-60.74476623535156,-1.451360059349011,-59.29340617599752,-52.80746295247196,-15.571986507151488,9.760954420386486,-0.6749111367605567,-66.65145874023438,0.5046958923339844,2.535064697265625,0.890612740238372,0.2626259395678834,-0.16462124627169428,0.011382566465438893,2.213185608302674,1.1242679441298158,1.3462671865036364,0.8379312985089671,10203,10257,0,Box 1,mid_3aer-mid
2017-07-15 12:34:00,-66.28741455078125,-2.137177713484471,-64.15023683729139,-46.99565503365584,-20.14266504300971,2.1738318449355236,0.8142513944386371,-68.68670654296875,0.08520174026489258,0.48578643798828125,0.7325873971884799,0.313992060451763,-0.033886575515678315,-0.012692882124564535,2.4016798855539627,1.2065510874597367,1.4898328004613701,0.8057690271327256,10363,10404,1,Box 2,mid_3aer-mid
2017-07-15 12:34:00,-78.32455444335938,-0.03957427984865674,-78.28498016350414,-63.607335031259105,-26.257335029992547,20.381397757465393,-8.801707859717883,-80.72344970703125,0.4573020935058594,0.2656822204589844,0.8125100740705349,0.33540705988750463,-0.26034876313307215,0.11243162917503263,2.551053958766632,1.2132426272309649,1.4684436060514146,0.8626813777276678,10403,10404,2,Box 3,mid_3aer-mid
2017-07-15 12:34:00,-59.583160400390625,0.11383937362831371,-59.696999774013975,-71.14541889892733,-19.07753746988725,39.05979418742017,-8.533837592619554,-61.398345947265625,0.2450246810913086,0.100250244140625,1.1917754521709958,0.3195728016836062,-0.6543007912505319,0.14295253739592995,3.3557808341510977,1.1762384760648767,1.4030130313862552,0.8799470113177299,10391,10389,3,Box 4,mid_3aer-mid
2017-07-15 12:36:00,-60.32051086425781,-2.160643957605976,-58.159866906646904,-51.91181407331714,-14.916275533572191,8.666661425226916,0.0015612750155065084,-65.98184204101562,0.48328447341918945,2.371856689453125,0.8925710603265549,0.2564702487630256,-0.14901446454714,-2.6844542440451757e-05,2.195810348299578,1.119635640563621,1.3414349287977891,0.8346486198362544,10182,10262,0,Box 1,mid_3aer-mid
2017-07-15 12:36:00,-66.74859619140625,-0.05220826748720298,-66.69638792391348,-48.7599359842078,-21.269857144149615,2.832524321545394,0.5008808828985397,-69.1209716796875,0.09378814697265625,0.498809814453125,0.731073113581992,0.3189056829946179,-0.04246893137266605,-0.007509865203943866,2.4415483214906226,1.214934543561424,1.5022987110437132,0.8062489642381876,10403,10404,1,Box 2,mid_3aer-mid
2017-07-15 12:36:00,-72.1241455078125,-0.08062884545418122,-72.04351666235226,-61.337917279164074,-23.463067860804777,21.69122836596579,-8.9337598883492,-73.97268676757812,0.40605735778808594,0.28974151611328125,0.8514009326701482,0.3256791026841401,-0.3010850853884117,0.12400505003412349,2.6141705815064804,1.201765091513291,1.45677026417136,0.864350393776671,10402,10404,2,Box 3,mid_3aer-mid
2017-07-15 12:36:00,-56.6689453125,0.24587518060048502,-56.914820493095725,-68.17201240558745,-18.591566574978735,37.39221471409098,-7.543456226620514,-58.34930419921875,0.22995281219482422,0.07852935791015625,1.1977901680961522,0.32665598193767575,-0.6569855512173142,0.13253940118348617,3.21989769700168,1.1728654966754235,1.3846101183033177,0.8844070009403633,10391,10383,3,Box 4,mid_3aer-mid
2017-07-15 12:38:00,-60.26202392578125,-1.6683173854400866,-58.59370654033618,-51.58323302681778,-15.43102314953746,8.912931026610492,-0.49238139059143077,-65.723388671875,0.45877647399902344,2.1957855224609375,0.8803544966268287,0.26335632375321183,-0.15211413567897072,0.008403315298930153,2.176851190209907,1.12338961104384,1.342498793198759,0.8388636970982605,10155,10214,0,Box 1,mid_3aer-mid
2017-07-15 12:38:00,-66.04806518554688,-0.05201951430251013,-65.99604567123887,-48.15363337392824,-20.97148176061331,2.8851722808657434,0.24389718243692912,-68.25592041015625,0.07549715042114258,0.3320159912109375,0.7296442216221088,0.31776876246621394,-0.04371735081277913,-0.003695633275543654,2.4581342883159825,1.216344792692984,1.5081540069604469,0.8052885758806508,10403,10404,1,Box 2,mid_3aer-mid
2017-07-15 12:38:00,-68.1064453125,-0.24896850370734724,-67.85747680878703,-58.751915787551646,-21.49588195627917,21.23103762423111,-8.840716689187321,-69.88601684570312,0.3691682815551758,0.3730430603027344,0.8658134453349394,0.3167798593049899,-0.3128769094090727,0.13028360476914336,2.6312802523228784,1.193615386704616,1.4513160083468557,0.8633310436232823,10398,10404,2,Box 3,mid_3aer-mid
2017-07-15 12:38:00,-53.9527587890625,0.3542044033630162,-54.306963192421,-62.95814790927805,-17.95029743555064,33.36826352748373,-6.7667813750760395,-55.67071533203125,0.2113208770751953,0.015628814697265625,1.1593015740210713,0.33053399380755205,-0.614438030888469,0.12460246305984574,2.940002221260146,1.1661822204076828,1.3635269946312827,0.8889597738794544,10400,10389,3,Box 4,mid_3aer-mid
2017-07-15 12:40:00,-58.47428894042969,-1.5815069704326477,-56.89278196999222,-49.54068324889649,-15.177133892225523,8.758003382425251,-0.9329682112954536,-63.6566162109375,0.4399852752685547,2.0117340087890625,0.8707727330863597,0.26676730099488927,-0.15393874370644436,0.01639870962519538,2.1393164209264186,1.123546442225408,1.3379191199427545,0.8437901575593182,10120,10177,0,Box 1,mid_3aer-mid
2017-07-15 12:40:00,-65.47723388671875,-0.10379473396004117,-65.37343915275328,-47.77797753648829,-20.946102905761038,3.2280689967177127,0.12257229277833466,-67.625244140625,0.06429147720336914,0.21547317504882812,0.7308469334900528,0.320406929438389,-0.04937890737513324,-0.0018749555533085702,2.4766792890489975,1.219936522101909,1.512309899311678,0.8060456151790443,10402,10404,1,Box 2,mid_3aer-mid
2017-07-15 12:40:00,-65.8863525390625,0.0777595834803858,-65.96411212253741,-59.46551638156654,-20.742356127096034,23.864806472374827,-9.621046086249672,-67.537109375,0.3124990463256836,0.40586090087890625,0.9014828589082069,0.3144491066379284,-0.3617846993535313,0.145852733807396,2.6986020312299708,1.1890317633222198,1.4435053301055472,0.869013799284023,10401,10398,2,Box 3,mid_3aer-mid
2017-07-15 12:40:00,-53.30804443359375,0.4535254461798299,-53.76156987976912,-56.0928986379517,-18.771955321675946,27.298226368072683,-6.194942288214155,-54.928192138671875,0.20661163330078125,-0.02791595458984375,1.0433642239874374,0.3491705201997826,-0.5077646807770249,0.1152299365898048,2.3929993603024937,1.1571992522772567,1.3214913760537634,0.9042615122143463,10398,10383,3,Box 4,mid_3aer-mid
2017-07-15 12:42:00,-57.37904357910156,-2.3476257556418236,-55.03141782345507,-48.23807106352688,-14.448889636013137,9.498743490301612,-1.8432006142166673,-62.35345458984375,0.4193735122680664,1.8845672607421875,0.8765551201729572,0.262557102969185,-0.17260582892438453,0.03349360578224231,2.1018662549920797,1.117674695071694,1.3264141226579662,0.8506389165350565,10083,10168,0,Box 1,mid_3aer-mid
2017-07-15 12:42:00,-67.5645751953125,-0.10355255298832836,-67.46102264231858,-48.84131070347086,-22.041641419089103,3.6747760366326947,-0.2528465563913093,-69.8438720703125,0.07879924774169922,0.176300048828125,0.7239930376156573,0.3267315044415335,-0.05447258124319468,0.003748039186003943,2.487657731008281,1.2283110636839876,1.521338296742844,0.80865924346461,10402,10404,1,Box 2,mid_3aer-mid
2017-07-15 12:42:00,-61.611541748046875,-0.08538342727689234,-61.526158320764885,-56.541658444469604,-19.13375838021209,23.793399798968824,-9.644141295052016,-63.45574951171875,0.2198162078857422,0.3567314147949219,0.9189856800369571,0.3109857482155603,-0.38672006262641345,0.15674863437389602,2.669883108818682,1.1807629543582232,1.427896513673979,0.8744087350914506,10402,10404,2,Box 3,mid_3aer-mid
2017-07-15 12:42:00,-47.8861083984375,-0.031481385710043164,-47.85462701272345,-48.17541413130191,-16.209645809048816,22.41136167156878,-5.880928743941496,-49.538665771484375,0.2200784683227539,0.08807754516601562,1.0067033668132692,0.3387268237351227,-0.4683217291738605,0.12289153862546859,2.2092180762877356,1.1426499587520655,1.3001160867220838,0.9076920169442503,10393,10394,3,Box 4,mid_3aer-mid
2017-07-15 12:44:00,-56.353057861328125,-6.501475382407594,-49.85158247891627,-46.08586999286874,-11.265860818584379,9.560785613394089,-2.0606372808572417,-61.177825927734375,0.4145216941833496,1.9450340270996094,0.9244615256167612,0.2259880280299838,-0.19178499734562351,0.04133544369887851,2.0799120337940993,1.0936381017811632,1.3021995978955376,0.8490559762760161,9944,10174,0,Box 1,mid_3aer-mid
2017-07-15 12:44:00,-70.86932373046875,0.09005928865408175,-70.95938301911694,-51.24540510571882,-23.564103640379216,4.52083438099262,-0.67070865401153,-73.38385009765625,0.08851432800292969,0.15391159057617188,0.7221794063783356,0.33207875601216663,-0.06371017036287754,0.00945200797237536,2.523695429821432,1.237183288011686,1.533085981117198,0.8102546062693992,10404,10403,1,Box 2,mid_3aer-mid
2017-07-15 12:44:00,-56.48504638671875,-0.114705263747169,-56.370341122966906,-52.40970714777051,-17.69618532004154,22.753164230502495,-9.017612885657348,-58.314666748046875,0.16620826721191406,0.3156013488769531,0.9297390454573156,0.31392723491665375,-0.40363715700901087,0.15997087663504156,2.494723474360746,1.166883475260365,1.3878479267338473,0.8860457854738512,10402,10404,2,Box 3,mid_3aer-mid
2017-07-15 12:44:00,-43.047882080078125,0.14907510886814077,-43.196957188942655,-44.325797481248536,-14.84229519576636,20.492411465461405,-4.521275977389163,-44.4686279296875,0.2348928451538086,0.15119171142578125,1.0261324029692267,0.34359584937537263,-0.4743947907216704,0.10466653837707107,2.0527943711090133,1.1279601035442754,1.2631754023900659,0.915060752642195,10391,10386,3,Box 4,mid_3aer-mid
2017-07-15 12:46:00,-55.00065612792969,-6.510605268005756,-48.49005085991979,-47.58767600292857,-10.109872422104026,11.967871730274078,-2.7603741651612768,-59.6256103515625,0.40880298614501953,2.0286331176757812,0.9813905153533857,0.2084937475382295,-0.2468108718806544,0.056926608989039174,2.1450344730932662,1.084441566214215,1.2959045595601497,0.8492616982663779,9901,10132,0,Box 1,mid_3aer-mid
2017-07-15 12:46:00,-73.8292236328125,0.0004490397738654329,-73.82967267258027,-53.82884519283511,-24.823940649996175,5.919207784589788,-1.096094614338774,-76.56158447265625,0.10802936553955078,0.18436431884765625,0.729094999940677,0.3362325708808889,-0.08017383215066227,0.014846261329096402,2.564794314792033,1.2425681306154435,1.5382036187363206,0.8129855716485668,10404,10404,1,Box 2,mid_3aer-mid
2017-07-15 12:46:00,-58.1937255859375,-0.04310956693530726,-58.150616018997354,-61.57414610568105,-17.458709298606813,30.30530537507687,-9.423065989786359,-59.96221923828125,0.14553356170654297,0.4019203186035156,1.0588734964658888,0.3002325769498846,-0.5211519232259958,0.1620458498102224,2.7950515954088653,1.1568701057262936,1.382049187432855,0.8821295058405227,10403,10403,2,Box 3,mid_3aer-mid
2017-07-15 12:46:00,-44.8311767578125,-0.021659780204626174,-44.8095169776042,-54.14621643353052,-14.09535926557773,29.83544473207592,-6.403386010571869,-46.334686279296875,0.25252628326416016,0.1934051513671875,1.2083642066615627,0.3145617318888439,-0.6658283048886173,0.14290236633821074,2.370949785016553,1.1189223530329973,1.2688906999009921,0.9123370262446355,10397,10396,3,Box 4,mid_3aer-mid
2017-07-15 12:48:00,-55.19830322265625,-5.873228200236536,-49.32507502241546,-48.80966102673774,-10.2597354867476,12.845020322124919,-3.100698831055038,-59.778350830078125,0.4059267044067383,2.0220184326171875,0.989550669807527,0.20800243044912003,-0.26041562666225204,0.06286252640560497,2.179677879142499,1.085337580335785,1.3001352785490152,0.8486759708803312,9883,10095,0,Box 1,mid_3aer-mid
2017-07-15 12:48:00,-76.3564453125,-0.0028557531253553697,-76.35358955936834,-56.047113586420096,-25.839042549930323,6.910284788215162,-1.377718211233085,-79.3023681640625,0.12406015396118164,0.2645683288574219,0.7340468720575468,0.33841293774196834,-0.09050373175765503,0.018043921958139864,2.5828793531997336,1.2444998952432904,1.5386433644155864,0.8151426164167186,10404,10404,1,Box 2,mid_3aer-mid
2017-07-15 12:48:00,-58.885833740234375,-0.13037915758667146,-58.755454582642855,-63.085433446270905,-17.443436477205285,30.723449926500773,-8.950034585667435,-60.173614501953125,0.1211090087890625,0.36627960205078125,1.0736949257628106,0.29688199335893334,-0.5229037907159158,0.15232687159417185,2.76229243409162,1.1508179528141864,1.3708631854420343,0.8808062739500174,10402,10404,2,Box 3,mid_3aer-mid
2017-07-15 12:48:00,-46.787506103515625,0.2086693083815718,-46.99617541189333,-55.69662437028381,-13.918899360353539,29.89456394603746,-7.275215627293445,-48.2352294921875,0.2643699645996094,0.24875640869140625,1.1851310001747217,0.2961708955752829,-0.6361063146953877,0.15480441894538305,2.390236732977502,1.115031805804302,1.2777367147074512,0.9064074712326726,10401,10394,3,Box 4,mid_3aer-mid
2017-07-15 12:50:00,-56.050384521484375,-6.280943449349843,-49.76944107213029,-50.69432940866536,-9.827369886672846,13.596223711452279,-2.84396548824436,-60.65533447265625,0.39795494079589844,2.053142547607422,1.0185834583754847,0.19745791142058738,-0.2731841752401323,0.057142805444060196,2.255609466219657,1.0820343786032995,1.3049872598978844,0.8418618983782584,9855,10081,0,Box 1,mid_3aer-mid
2017-07-15 12:50:00,-74.62652587890625,-0.0005766123091013994,-74.625949266591,-54.24392077607816,-25.131151070494994,6.378449017854159,-1.6293264378719943,-77.60675048828125,0.12095260620117188,0.28292083740234375,0.7268774643294543,0.33676155971855576,-0.0854722664239489,0.02183324237593881,2.5398949798523294,1.241010215502902,1.5333505388676516,0.8169341687791067,10404,10404,1,Box 2,mid_3aer-mid
2017-07-15 12:50:00,-55.73260498046875,0.11867856142989898,-55.851283541894055,-57.157408046471964,-16.623720657821334,26.08617997669288,-8.156334814293636,-56.84033203125,0.08172798156738281,0.19498062133789062,1.0233857562753805,0.2976425894554756,-0.4670650041037218,0.14603665837286567,2.580648870677516,1.147820126514168,1.3617794743202782,0.8817623645986756,10404,10401,2,Box 3,mid_3aer-mid
2017-07-15 12:50:00,-49.766143798828125,-0.42194372200553126,-49.34420007681854,-59.82987676763662,-13.275561050066978,32.303133158638126,-8.541895417753071,-51.718231201171875,0.33264923095703125,0.44551849365234375,1.212500692573678,0.26903994855321844,-0.6546490389620045,0.173108397835108,2.5317938617983877,1.108557062140454,1.2909459877378233,0.8975302599461928,10387,10401,3,Box 4,mid_3aer-mid
2017-07-15 12:52:00,-59.14697265625,-6.747541047716334,-52.399431608529156,-54.09471002747534,-9.686426046826742,13.544443326276143,-2.1627388605032207,-64.00265502929688,0.4011807441711426,2.157482147216797,1.0323529925212058,0.1848574640884094,-0.2584845466925158,0.04127409008290059,2.354100669010312,1.0796681155002268,1.3184311605869634,0.8283007976913388,9834,10080,0,Box 1,mid_3aer-mid
2017-07-15 12:52:00,-73.43515014648438,-0.1553670707584212,-73.27978307571995,-52.82609603912912,-24.46259170018341,5.808231927348627,-1.7993272637560473,-76.16717529296875,0.1185150146484375,0.2995567321777344,0.7208822655021229,0.33382456488587353,-0.0792610414982668,0.024554211110270396,2.543181456480956,1.241253890887139,1.5397315507295353,0.8147383856312369,10401,10404,1,Box 2,mid_3aer-mid
2017-07-15 12:52:00,-54.100189208984375,0.07905880516869651,-54.179248014148634,-49.0231238586083,-16.647959282774476,18.592589227432352,-7.1007541001982135,-55.3250732421875,0.024705886840820312,0.09812545776367188,0.9048321203314996,0.3072755693919367,-0.34316809311522734,0.13106040339179104,2.2644123327018395,1.1488686614233845,1.351334719465379,0.8843929887163114,10403,10401,2,Box 3,mid_3aer-mid
2017-07-15 12:52:00,-49.2679443359375,-0.6510842509552438,-48.61686008497828,-57.518848744859625,-13.40650821576472,30.079403890979503,-7.770907015333433,-51.328582763671875,0.32898759841918945,0.5505752563476562,1.1831049690235322,0.2757584136929297,-0.6187031379320502,0.1598397552155883,2.3477935331649955,1.1045789259773622,1.271836819499818,0.9025216899879493,10374,10396,3,Box 4,mid_3aer-mid
2017-07-15 12:54:00,-61.29603576660156,-6.46845777289005,-54.82757799370683,-54.85025987405878,-9.718751876648605,11.01022740895621,-1.2687936519556542,-66.32803344726562,0.39597177505493164,2.0673904418945312,1.0004136947350575,0.1772602809076143,-0.2008154985474641,0.023141522904792322,2.347266261435639,1.0785230031718573,1.3288308641400268,0.8169904550503737,9844,10082,0,Box 1,mid_3aer-mid
2017-07-15 12:54:00,-74.61892700195312,-0.2592258608016611,-74.35970114114534,-52.58263226076177,-24.8767330702173,5.124249346198533,-2.0245851563647967,-77.2894287109375,0.1255941390991211,0.3649711608886719,0.707138832644747,0.3345458990347165,-0.06891164525354904,0.027226913574085576,2.5362491168512764,1.246267220473903,1.5507052486761892,0.8133349578304664,10399,10404,1,Box 2,mid_3aer-mid
2017-07-15 12:54:00,-54.887115478515625,-0.0011428091906482865,-54.885972669320424,-44.65439781875304,-16.922634326283696,12.302958236946973,-5.61189876123066,-56.872406005859375,0.0032558441162109375,0.09922409057617188,0.8135848860288757,0.3083234841849296,-0.22415487306876042,0.10224650285495512,2.027537414168752,1.1433148660908785,1.335881755157221,0.8815707498889624,10404,10404,2,Box 3,mid_3aer-mid
2017-07-15 12:54:00,-49.792510986328125,0.14247324365923814,-49.9349842299833,-59.48612724081964,-14.28440978146974,31.087649717574713,-7.2520969252686305,-51.82037353515625,0.3425288200378418,0.5250892639160156,1.1912715735895114,0.2860601640661521,-0.6225625219865041,0.14523078433084058,2.3586287901670744,1.1085196430776907,1.2713789548997418,0.902843171462188,10396,10392,3,Box 4,mid_3aer-mid
2017-07-15 12:56:00,-60.93013000488281,-7.308110173864531,-53.62201983101369,-52.93305191273951,-9.290855241344936,9.725957033587196,-1.1240697105164394,-65.94442749023438,0.3975095748901367,2.0297470092773438,0.9871513993608332,0.17326567090580441,-0.18137990818394978,0.020962837917312183,2.3034955294036172,1.075977706814074,1.325464344191808,0.8165831336583296,9833,10104,0,Box 1,mid_3aer-mid
2017-07-15 12:56:00,-75.60577392578125,-0.21112896729786285,-75.39464495847727,-51.72562718221948,-25.67128231751296,4.088960521934972,-2.086695980679798,-78.5048828125,0.10696792602539062,0.3310089111328125,0.6860650011775608,0.3404921175986852,-0.054234097450646786,0.02767697867440084,2.516164982206183,1.2573113724984755,1.5656841408653082,0.8130692077571484,10400,10404,1,Box 2,mid_3aer-mid
2017-07-15 12:56:00,-59.371337890625,-0.03703898460987713,-59.334298906010304,-51.60038439780897,-18.416368761952413,15.352326302419007,-4.669872048667924,-62.248046875,0.033484458923339844,0.21184539794921875,0.8696552474572524,0.31038318647912627,-0.2587428618097969,0.07870442787341819,2.0337675084492672,1.1350550888663211,1.312713441293256,0.8833798828648233,10403,10404,2,Box 3,mid_3aer-mid
2017-07-15 12:56:00,-52.91607666015625,0.1646687152714446,-53.08074537542337,-62.99068495861174,-15.24540335679547,32.66869913058129,-7.513356190597451,-55.217193603515625,0.3714785575866699,0.5716400146484375,1.1866955618859247,0.28721155381239544,-0.6154529085740202,0.14154579287570007,2.4470085954975254,1.1143715303966446,1.2857739294563124,0.8980844663863654,10396,10391,3,Box 4,mid_3aer-mid
2017-07-15 12:58:00,-64.15315246582031,-5.443529216718579,-58.70962324909676,-57.13533424083744,-10.915581901720037,9.803289695278865,-0.46199680181815045,-69.59756469726562,0.43787097930908203,2.2401580810546875,0.9731851624804364,0.18592491822689344,-0.16697926426277462,0.007869183555444775,2.389620160228837,1.086774541223139,1.347672633333871,0.8083040785642002,9937,10139,0,Box 1,mid_3aer-mid
2017-07-15 12:58:00,-76.1805419921875,-0.2599833238314138,-75.92055866834986,-51.73475436288538,-26.305468203380446,4.138126385244132,-2.0184624873281574,-79.21923828125,0.10759162902832031,0.26248931884765625,0.6814327406214521,0.3464867575368199,-0.0545060054592203,0.026586507300948303,2.5300932255579553,1.2661670729024486,1.574709499187284,0.8138295204426503,10398,10403,1,Box 2,mid_3aer-mid
2017-07-15 12:58:00,-64.02691650390625,-0.08540884368217941,-63.94150766021881,-63.1087786819598,-19.115393913645256,22.936467229675507,-4.65380229428926,-67.20535278320312,0.0640115737915039,0.3848304748535156,0.9869767071698703,0.2989512542497945,-0.3587101410176073,0.07278217959794248,2.244948662424084,1.130289000981199,1.3140550015117154,0.8774227891900113,10399,10401,2,Box 3,mid_3aer-mid
2017-07-15 12:58:00,-52.54046630859375,0.38886669953231795,-52.92933300812175,-58.90307246186828,-16.12678709948415,28.77265638789892,-6.672129834668239,-55.148651123046875,0.36378955841064453,0.5986785888671875,1.1128625492565698,0.3046852507476256,-0.5436051193670605,0.12605731936286507,2.36759208343768,1.125226196175294,1.2945395908174517,0.8979609613076097,10390,10378,3,Box 4,mid_3aer-mid
2017-07-15 13:00:00,-66.75788879394531,-5.085259268194176,-61.672629525745926,-61.471258803262984,-11.88762384842933,11.718910464625692,-0.0326573386793075,-72.5394287109375,0.47470664978027344,2.4031944274902344,0.9967348445488468,0.1927536403075972,-0.19001801211886876,0.000529527262424806,2.5209874509217904,1.0935254322518024,1.3623709982956445,0.8027949115142721,9945,10133,0,Box 1,mid_3aer-mid
2017-07-15 13:00:00,-76.8597412109375,-0.26749897575810677,-76.59224223517317,-51.450003335519696,-26.702080670925938,3.4160335445931116,-1.8561917733206499,-79.79443359375,0.09507560729980469,0.3206939697265625,0.6717390930734823,0.3486264390711836,-0.044600255129028966,0.024234722984363,2.526874713777108,1.2719458704155762,1.5840608576749453,0.8119666331386947,10399,10404,1,Box 2,mid_3aer-mid
2017-07-15 13:00:00,-66.5521240234375,0.20929789412617186,-66.76142191755825,-69.40493285803855,-19.833691136479693,27.73025850492738,-5.253056427967389,-69.807861328125,0.0734243392944336,0.3926811218261719,1.0395963846268088,0.29708311427176826,-0.4153635094706442,0.07868401057206714,2.3537467544340474,1.1301041517072536,1.3158307202201793,0.8776019603316667,10403,10397,2,Box 3,mid_3aer-mid
2017-07-15 13:00:00,-58.9683837890625,0.44481710092335036,-59.41320088998101,-64.02564204815945,-17.453232006617206,29.2042441777276,-7.138571012931952,-61.88653564453125,0.3933377265930176,0.5236968994140625,1.0776332715471697,0.293760170217666,-0.491544702865056,0.12015126110022034,2.550607221066158,1.1361221286289294,1.3359275985137609,0.8805521333815307,10390,10376,3,Box 4,mid_3aer-mid
