time,DCRE_total,DCRE_CF,DCRE_A,DCRE_A_Nc,DCRE_A_LWP,DCRE_A_re,DCRE_A_cov,DCRE_sfc,DCRE_lw_toa,DCRE_lw_sfc,frac_Nc,frac_LWP,frac_re,frac_cov,R_Nc,R_LWP,R_tau,R_re,n_any_pix,n_both_pix,box,box_label,pair
2017-07-15 09:04:00,-1.8123135566711426,0.005770011804997921,-1.8144625425338745,-4.807264804840088,0.05869351699948311,2.9143056869506836,0.019802583381533623,-1.735733985900879,0.014293912798166275,0.08408940583467484,2.649414982940855,-0.03234760086505818,-1.606153637966309,-0.010913744109487755,0.7267633849656425,1.0019502305970929,0.960641429208191,1.0434584457383442,9754,9735,0,Box 1,mid2_3aer-mid2
2017-07-15 09:04:00,-3.097679853439331,0.005038194824010134,-3.090467691421509,-6.627087593078613,0.12512736022472382,3.3068721294403076,0.1046203076839447,-3.103532552719116,0.025077220052480698,0.21197892725467682,2.1443638667294636,-0.04048816015213887,-1.070023127965892,-0.03385257861143254,0.7493022248621296,1.0027283937984564,0.9561277068572321,1.0503329653408513,9498,9471,1,Box 2,mid2_3aer-mid2
2017-07-15 09:04:00,-1.669234275817871,-0.008953830227255821,-1.6720746755599976,-3.3287086486816406,-0.010181092657148838,1.6289786100387573,0.03783630207180977,-1.5942652225494385,0.014002008363604546,0.07692299038171768,1.9907655345589292,0.006088898083219486,-0.974226075500122,-0.02262835714202671,0.8054794217608148,0.9996692432874195,0.9644279278779361,1.037391060723706,8541,8520,2,Box 3,mid2_3aer-mid2
2017-07-15 09:04:00,1.3561503887176514,-0.00015655580500606447,1.356306791305542,1.6158628463745117,0.010761977173388004,-0.2619844377040863,-0.008333367295563221,1.4848456382751465,-0.001080601941794157,-0.0888892188668251,1.191369522962766,0.007934765416948002,-0.1931601283387707,-0.006144160040943425,0.8558803142862478,0.9994818879454217,0.9573921024714341,1.0442422838912264,10062,10062,3,Box 4,mid2_3aer-mid2
2017-07-15 09:06:00,-0.7795281410217285,0.015166273340582848,-0.7853555679321289,-1.6941345930099487,0.095006063580513,0.8365582823753357,-0.022785240784287453,-0.6379232406616211,0.013519073836505413,0.030891090631484985,2.157156299169335,-0.12097203215526564,-1.0651969087781077,0.029012641764038172,0.7965771940962296,1.0063974807569573,0.965466687197362,1.04133253179472,9717,9684,0,Box 1,mid2_3aer-mid2
2017-07-15 09:06:00,-0.7881370782852173,-0.0031932545825839043,-0.7865414023399353,-1.4371107816696167,0.06753062456846237,0.5760729312896729,0.00696598319336772,-0.8126916289329529,0.013122140429913998,0.12327682226896286,1.827126826314053,-0.08585767890619399,-0.7324126729074353,-0.008856474500423706,0.8136590107909111,1.0048568078017264,0.9630780730263675,1.0437281229860231,9487,9462,1,Box 2,mid2_3aer-mid2
2017-07-15 09:06:00,-0.5254519581794739,0.0043929219245910645,-0.5210378766059875,-1.3060611486434937,0.040465470403432846,0.7132391333580017,0.03131852298974991,-0.486925333738327,0.011458056978881359,0.026808448135852814,2.5066527844867723,-0.07766320128943256,-1.368881617562263,-0.06010796563507692,0.871682007675283,1.0021297099203272,0.9819035946476775,1.0217198080428667,8647,8625,2,Box 3,mid2_3aer-mid2
2017-07-15 09:06:00,1.1002106666564941,0.010675928555428982,1.1132497787475586,0.8069383502006531,0.032347723841667175,0.2778204679489136,-0.0038567266892641783,1.1066311597824097,-0.006468635052442551,-0.08333258330821991,0.7248492983628044,0.02905701810027571,0.24955806948992354,-0.0034643859530036902,0.9344044650152167,0.9986410558729393,0.9692816999754439,1.0304011761263792,10231,10224,3,Box 4,mid2_3aer-mid2
2017-07-15 09:08:00,-1.2178759574890137,0.003916535526514053,-1.217378854751587,-2.587531566619873,0.07350873947143555,1.2987406253814697,-0.002096317708492279,-1.0550600290298462,0.011997389607131481,0.018229521811008453,2.125494242798793,-0.06038279404791629,-1.0668334417740628,0.001721993023186208,0.8324182660393982,1.0026087737086413,0.9716446651798312,1.0318166180733992,9682,9638,0,Box 1,mid2_3aer-mid2
2017-07-15 09:08:00,0.3596354126930237,-0.01794593408703804,0.34030476212501526,0.5118942260742188,-0.031021762639284134,-0.13762442767620087,-0.002943235682323575,0.3612111508846283,0.004186758305877447,0.03433153033256531,1.5042227537007333,-0.09115876510753063,-0.4044151672194056,-0.008648821373797078,0.8663837603679955,1.004355442150898,0.9687165149446918,1.0370748816952622,9458,9415,1,Box 2,mid2_3aer-mid2
2017-07-15 09:08:00,0.4446142613887787,0.014738510362803936,0.45523300766944885,0.15174433588981628,0.30348867177963257,0.0,0.0,0.456529825925827,0.0036520054563879967,-0.05785942077636719,0.3333333333333333,0.6666666666666666,0.0,0.0,0.9326877952031613,1.0005276202836755,0.9948616114151122,1.0085527039524098,8587,8564,2,Box 3,mid2_3aer-mid2
2017-07-15 09:08:00,0.46233510971069336,-0.0008405502303503454,0.4553917944431305,-0.14179542660713196,0.03991674259305,0.5552068948745728,0.0020635444670915604,0.33344078063964844,-0.010028121061623096,-0.04334859177470207,-0.31137019578901165,0.08765363308220024,1.2191852015268616,0.004531361179949789,1.0141334160657887,0.9980265322504094,0.9850878826699572,1.0130655400379915,10220,10210,3,Box 4,mid2_3aer-mid2
2017-07-15 09:10:00,-1.3853838443756104,-0.007286160718649626,-1.389763355255127,-1.6010643243789673,0.12928946316242218,0.037139251828193665,0.04487244784832001,-1.223008632659912,0.0074631208553910255,0.011737918481230736,1.1520411107757145,-0.09302984032012444,-0.02672343768669789,-0.03228783276889214,0.9599928392935102,1.0016498934354354,0.9882558508312496,1.0139398943737339,9624,9589,0,Box 1,mid2_3aer-mid2
2017-07-15 09:10:00,1.0337176322937012,-0.016790220513939857,1.0136719942092896,0.6295793652534485,-0.13092908263206482,0.5161298513412476,-0.0011079992400482297,1.0498321056365967,-0.0029738626908510923,-0.028964178636670113,0.6210877960267212,-0.12916314251747688,0.5091684013259812,-0.001093054835225482,0.9608569607819334,1.0041605795405977,0.9787979957512227,1.02593600088361,9501,9456,1,Box 2,mid2_3aer-mid2
2017-07-15 09:10:00,0.3793644905090332,0.03173590451478958,0.3943096399307251,0.1314365267753601,0.2628730535507202,0.0,0.0,0.3625621199607849,3.091087273787707e-05,-0.06598953902721405,0.3333333333333333,0.6666666666666666,0.0,0.0,1.0117196517353457,1.0003226311494011,1.0034565991553048,0.9966193652669609,8613,8590,2,Box 3,mid2_3aer-mid2
2017-07-15 09:10:00,-0.11034838855266571,-0.008341755717992783,-0.11284822970628738,-0.0376160703599453,-0.0752321407198906,0.0,0.0,-0.26633843779563904,-0.01034468226134777,-0.0250557791441679,0.3333333333333333,0.6666666666666666,0.0,0.0,1.0843235780257348,0.9968906659446145,0.9955220855116715,1.001370237052347,10219,10208,3,Box 4,mid2_3aer-mid2
2017-07-15 09:12:00,-3.1071667671203613,-0.001184395281597972,-3.1141750812530518,-1.0380582809448242,-2.0761165618896484,0.0,0.0,-2.92816424369812,0.010159566067159176,0.0230964794754982,0.3333333333333333,0.6666666666666666,0.0,0.0,0.9908346132842417,0.9986236286176995,0.9947080529896343,1.0031205126862905,9624,9575,0,Box 1,mid2_3aer-mid2
2017-07-15 09:12:00,0.48361748456954956,-0.01943870261311531,0.4579828083515167,0.15266092121601105,0.3053218424320221,0.0,0.0,0.49397265911102295,-0.0030597758013755083,-0.013676305301487446,0.3333333333333333,0.6666666666666666,0.0,0.0,1.036125224345194,1.0051030955147173,0.9962171305504635,1.0094147250701195,9485,9445,1,Box 2,mid2_3aer-mid2
2017-07-15 09:12:00,-0.5521185994148254,0.015073633752763271,-0.534519374370575,-0.8691370487213135,0.02659710682928562,0.3240105211734772,-0.01598997600376606,-0.59827721118927,-0.0001785336498869583,-0.021442141383886337,1.6260159849814064,-0.04975892134817705,-0.6061717470904309,0.029914683457201496,1.1062043209290635,0.9984568042910816,1.0209071569084371,0.9786149664476673,8651,8629,2,Box 3,mid2_3aer-mid2
2017-07-15 09:12:00,-1.197049856185913,0.0055581144988536835,-1.1907002925872803,-4.819438934326172,0.08720191568136215,3.498178720474243,0.043357908725738525,-1.311745047569275,-0.006722143851220608,0.05908479914069176,4.047566768825254,-0.07323582298261751,-2.9379171573870417,-0.03641378845559462,1.14558901712665,0.9987711114153789,1.0112563495018072,0.9872512535201748,10228,10219,3,Box 4,mid2_3aer-mid2
2017-07-15 09:14:00,-3.588639736175537,0.010026919655501842,-3.5853676795959473,-4.858515739440918,-0.5417238473892212,1.6536356210708618,0.16123640537261963,-3.40509033203125,0.013143092393875122,0.05336921662092209,1.3550956116693005,0.1510929814182842,-0.46121791649518457,-0.044970676592400116,1.0562041782225406,1.0030531423396791,1.0135417081218474,0.9890531170421152,9445,9387,0,Box 1,mid2_3aer-mid2
2017-07-15 09:14:00,-0.1872406303882599,-0.01946471445262432,-0.19500215351581573,-0.36265140771865845,-0.05764200538396835,0.23850667476654053,-0.013215342536568642,-0.16624262928962708,-0.0030489121563732624,-0.005065882578492165,1.8597302793736634,0.2955968515217178,-1.2230973912168972,0.06777026032151601,1.0901905498507103,1.00688629805215,1.015598000815403,0.9924625645856494,9459,9398,1,Box 2,mid2_3aer-mid2
2017-07-15 09:14:00,-2.1362292766571045,0.036661695688962936,-2.092966318130493,-2.7989284992218018,-0.03312870115041733,0.7299593091011047,0.009131702594459057,-2.2188761234283447,0.003861435456201434,0.07373815774917603,1.3373022614143422,0.015828587882273308,-0.3487678059016633,-0.004363043394952193,1.1835037733784814,1.0009975755035254,1.0428890856766335,0.9596554398826699,8615,8575,2,Box 3,mid2_3aer-mid2
2017-07-15 09:14:00,-2.0824296474456787,-0.0006960100145079195,-2.0822677612304688,-4.241228103637695,-0.2227471023797989,2.376258611679077,0.005449265707284212,-2.165165424346924,-0.00276903435587883,0.15690025687217712,2.036831572888287,0.10697333331311866,-1.1411879201176895,-0.0026169860837159664,1.206447703296485,1.0049405994438787,1.0311909672517248,0.9744653107804869,10220,10213,3,Box 4,mid2_3aer-mid2
2017-07-15 09:16:00,-3.716259241104126,0.026632390916347504,-3.716358184814453,-4.206476211547852,-0.42298027873039246,1.099582552909851,-0.18648464977741241,-3.5859148502349854,0.007546163164079189,-0.0020699449814856052,1.1318811799694928,0.11381580344132591,-0.2958763855214647,0.05017940211064603,1.130364835778309,1.0061800176431654,1.0367466060522663,0.9722758725038417,9451,9391,0,Box 1,mid2_3aer-mid2
2017-07-15 09:16:00,-0.9997506141662598,0.0271258894354105,-0.991183876991272,-1.824094295501709,-0.175164133310318,0.9945229291915894,0.013551730662584305,-1.0076141357421875,-0.00229036808013916,0.028178291395306587,1.8403188315654364,0.17672212320129466,-1.0033686892043663,-0.013672265562364894,1.2205820030806371,1.0096164680143844,1.0367635109610238,0.9733350103273224,9413,9335,1,Box 2,mid2_3aer-mid2
2017-07-15 09:16:00,-3.597055435180664,0.10159492492675781,-3.4936599731445312,-4.827292442321777,-0.13016653060913086,1.485192060470581,-0.021392876282334328,-3.7016215324401855,0.006940990220755339,0.12285885214805603,1.3817293737577412,0.03725792401114453,-0.4251106399547757,0.006123342185890002,1.278878562435537,1.0033219425891682,1.0611380411514622,0.9458586424314237,8588,8547,2,Box 3,mid2_3aer-mid2
2017-07-15 09:16:00,-2.764455556869507,-0.016306443139910698,-2.7692015171051025,-4.299278259277344,-0.3501832187175751,1.8804314136505127,-0.00017126502643804997,-2.8601832389831543,-0.0008643958135508001,0.2792847752571106,1.5525335119072252,0.12645637142954644,-0.6790517296908243,6.184635405259709e-05,1.2498658364442994,1.0091247092693267,1.0490515872163966,0.9619428731631766,10215,10198,3,Box 4,mid2_3aer-mid2
2017-07-15 09:18:00,-3.869028091430664,0.04688108339905739,-3.837982177734375,-4.097014427185059,-0.537915825843811,0.7925086617469788,0.004439624957740307,-3.8114914894104004,0.006065391935408115,0.0147775299847126,1.0674918220333964,0.1401558820434086,-0.20649094402604418,-0.0011567600507608466,1.1572491245289658,1.009633614140401,1.0466598689862536,0.9645734821354395,9417,9362,0,Box 1,mid2_3aer-mid2
2017-07-15 09:18:00,-2.66575026512146,-0.0584568977355957,-2.723339319229126,-3.7790839672088623,-0.3044443726539612,1.393966794013977,-0.03377775847911835,-2.7061703205108643,0.0033123386092483997,0.07696613669395447,1.3876655279303045,0.11179083864345439,-0.5118594328133387,0.012403066239579763,1.307172221150838,1.010848117640294,1.066459797612047,0.9486106924343803,9183,9101,1,Box 2,mid2_3aer-mid2
2017-07-15 09:18:00,-4.725585460662842,0.03441553935408592,-4.674198627471924,-5.927094459533691,-0.3038206994533539,1.519530177116394,0.03718588501214981,-4.872838497161865,0.009753218851983547,0.17798446118831635,1.2680449535695586,0.06499951728743952,-0.32508890640849314,-0.007955564448504981,1.3408276447113276,1.0075452163245173,1.0801467556169952,0.9322135378578238,8590,8541,2,Box 3,mid2_3aer-mid2
2017-07-15 09:18:00,-4.503400802612305,0.0007988180150277913,-4.489438533782959,-6.233237266540527,-0.7684539556503296,2.5256474018096924,-0.013394986279308796,-4.549258232116699,0.005212683696299791,0.3867415487766266,1.388422345582724,0.17116929726821387,-0.5625753093480628,0.0029836664971248927,1.3478963558016201,1.0185731901863513,1.07430603653768,0.9483247834379281,10232,10211,3,Box 4,mid2_3aer-mid2
2017-07-15 09:20:00,-4.0226054191589355,-0.030572520568966866,-4.057294845581055,-4.399134159088135,-0.2939360737800598,0.6282572746276855,0.007518590893596411,-4.018280982971191,0.007629594765603542,0.03383007273077965,1.0842531215924458,0.07244631767759113,-0.15484633486976077,-0.0018531044002761676,1.1838065444751185,1.0056530890238151,1.0532435087484482,0.9547235877604435,9456,9402,0,Box 1,mid2_3aer-mid2
2017-07-15 09:20:00,-5.033079147338867,0.06727646291255951,-4.9269232749938965,-6.035254955291748,-0.48749297857284546,1.6429740190505981,-0.04714946076273918,-5.148293972015381,0.009180106222629547,0.14800021052360535,1.2249541172815157,0.09894472408857119,-0.3334685992205377,0.009569757850450777,1.3970404153550326,1.0135952608157652,1.0952521766397965,0.9262507805142446,8954,8831,1,Box 2,mid2_3aer-mid2
2017-07-15 09:20:00,-5.78493595123291,0.00046083214692771435,-5.775174617767334,-7.2226409912109375,-0.4635472893714905,2.0017099380493164,-0.09069614857435226,-5.963678359985352,0.012433378957211971,0.2227545976638794,1.2506359590122942,0.08026550336083782,-0.34660594967536174,0.01570448730222973,1.413396488160394,1.0111648242406863,1.0966045056920706,0.9234234357428325,8555,8504,2,Box 3,mid2_3aer-mid2
2017-07-15 09:20:00,-5.54290771484375,-0.05471379682421684,-5.572816371917725,-6.727412700653076,-1.0325268507003784,2.208805799484253,-0.02168291248381138,-5.55648136138916,0.01014633197337389,0.4615066349506378,1.2071835820660282,0.18527918748665675,-0.39635360513588624,0.0038908355832013575,1.4123406189923335,1.026848549126883,1.1000235972292858,0.9338249658652489,10238,10208,3,Box 4,mid2_3aer-mid2
2017-07-15 09:22:00,-4.689742565155029,-0.009667289443314075,-4.688493728637695,-5.177582263946533,-0.19017305970191956,0.7015197277069092,-0.02225821278989315,-4.690196990966797,0.010249868966639042,0.02614743262529373,1.104316771133628,0.0405616554273123,-0.14962583989092018,0.004747413329979966,1.2192771781660434,1.0036476575413265,1.061670274507666,0.945616411995253,9480,9426,0,Box 1,mid2_3aer-mid2
2017-07-15 09:22:00,-6.079115867614746,0.14892417192459106,-5.891254901885986,-6.223402976989746,-0.5633013844490051,0.9697611927986145,-0.07431138306856155,-6.241328716278076,0.012991533614695072,0.20044493675231934,1.0563798731823115,0.09561654114872417,-0.16461026053818248,0.012613846207146784,1.386043559012245,1.0148838794211072,1.1085025835623759,0.916735282641324,8776,8649,1,Box 2,mid2_3aer-mid2
2017-07-15 09:22:00,-6.800251007080078,0.034478798508644104,-6.7433905601501465,-8.001402854919434,-0.6825578808784485,1.9279934167861938,0.01257685013115406,-7.0273518562316895,0.01553669199347496,0.27330824732780457,1.1865548618821185,0.10121879779252355,-0.2859085962564754,-0.001865063418166557,1.4680025087529216,1.0165091591220254,1.113878402006867,0.912401850885466,8513,8467,2,Box 3,mid2_3aer-mid2
2017-07-15 09:22:00,-6.859191417694092,-0.010439712554216385,-6.863289833068848,-7.7709856033325195,-1.423649549484253,2.3728394508361816,-0.04149530455470085,-6.951608657836914,0.01761271245777607,0.5812689065933228,1.1322535328196668,0.20742959336912323,-0.3457291036763978,0.006045977487607768,1.467696204025244,1.0357714314318012,1.1195857926041757,0.9257700983209357,10213,10184,3,Box 4,mid2_3aer-mid2
2017-07-15 09:24:00,-5.640374660491943,0.026835381984710693,-5.661674976348877,-6.19822359085083,-0.2465524524450302,0.7428576350212097,0.04024295508861542,-5.706295490264893,0.014085441827774048,0.04546651616692543,1.094768437707792,0.04354760813397812,-0.13120808763702088,-0.007107958204749215,1.2998875388663016,1.005230060604699,1.0831331523893108,0.9275495121766043,9517,9452,0,Box 1,mid2_3aer-mid2
2017-07-15 09:24:00,-7.018842697143555,0.11503588408231735,-6.848773002624512,-7.8635663986206055,-0.7712129950523376,1.6890959739685059,0.09690944105386734,-7.210809230804443,0.015225428156554699,0.21859917044639587,1.1481714295305934,0.11260601471618083,-0.24662754554416175,-0.014149898702612435,1.4775511290087195,1.0193278142702118,1.1200077383619482,0.908649473143998,8865,8724,1,Box 2,mid2_3aer-mid2
2017-07-15 09:24:00,-7.751503944396973,-0.016402777284383774,-7.727916717529297,-9.070575714111328,-0.7876158952713013,2.1062986850738525,0.023976992815732956,-7.987991809844971,0.017279714345932007,0.3100864589214325,1.1737414668982582,0.10191828739022481,-0.2725571076027376,-0.0031026466857453916,1.5041885454427397,1.0178827472103575,1.1229293947659176,0.906127011739642,8666,8605,2,Box 3,mid2_3aer-mid2
2017-07-15 09:24:00,-8.073123931884766,-0.04099342226982117,-8.066649436950684,-8.99364185333252,-1.6588027477264404,2.586289167404175,-0.0004947429988533258,-8.242242813110352,0.02488275244832039,0.6661046743392944,1.1149165838596813,0.20563710933187135,-0.3206150250895648,6.133189801216243e-05,1.5203112641579484,1.0393886521167184,1.1334267557903999,0.91703908607398,10228,10176,3,Box 4,mid2_3aer-mid2
2017-07-15 09:26:00,-6.231236934661865,0.01607721671462059,-6.261636257171631,-6.340912818908691,-0.12295360118150711,0.16850875318050385,0.033721137791872025,-6.3083930015563965,0.017911290749907494,0.032000716775655746,1.0126606331731633,0.01963601966034079,-0.026911296890221526,-0.00538535594328261,1.279327237620352,1.0023911301296398,1.084462922735575,0.9239167976114693,9516,9440,0,Box 1,mid2_3aer-mid2
2017-07-15 09:26:00,-7.344571113586426,0.04976343363523483,-7.248501777648926,-7.901519298553467,-0.6012759208679199,1.2695684432983398,-0.015275243669748306,-7.510757923126221,0.013925702311098576,0.18454338610172272,1.0900899686190422,0.08295175098022421,-0.17514908501777032,0.002107365418503926,1.4615350768746187,1.0145435217758414,1.1230425737894552,0.9036092436074632,8944,8791,1,Box 2,mid2_3aer-mid2
2017-07-15 09:26:00,-8.51020622253418,-0.009255167096853256,-8.49523639678955,-9.622891426086426,-0.9995899796485901,2.157874822616577,-0.030629150569438934,-8.769022941589355,0.02023996412754059,0.36307239532470703,1.1327397936115398,0.11766477084569875,-0.2540100148510148,0.0036054503937762994,1.5497425715791906,1.0230143501103575,1.13759589609756,0.8996955472408881,8931,8879,2,Box 3,mid2_3aer-mid2
2017-07-15 09:26:00,-9.764962196350098,-0.03251050040125847,-9.783769607543945,-10.870245933532715,-2.0399913787841797,3.144495964050293,-0.01802888885140419,-9.88280963897705,0.0366562083363533,0.7417752742767334,1.1110487707135508,0.20850772096994194,-0.3213992261828813,0.001842734499388543,1.5910566958792596,1.04453962364992,1.1495003070962477,0.9089234949835825,10262,10232,3,Box 4,mid2_3aer-mid2
2017-07-15 09:28:00,-6.580173015594482,-0.003986652009189129,-6.590371131896973,-7.392301559448242,-0.16420355439186096,0.9230237603187561,0.043109387159347534,-6.697158336639404,0.01892913691699505,0.038121797144412994,1.1216819906950877,0.02491567528418867,-0.1400563975302789,-0.006541268448997439,1.3339776348528003,1.0032056018815865,1.0894084500156775,0.9203561832897283,9512,9438,0,Box 1,mid2_3aer-mid2
2017-07-15 09:28:00,-7.822704792022705,0.030995678156614304,-7.7621169090271,-9.684721946716309,-0.8574113845825195,2.6842758655548096,0.09573971480131149,-7.979558944702148,0.012205319479107857,0.15347610414028168,1.247690685432986,0.11046102919163095,-0.34581748788261196,-0.01233422674200485,1.601558355695319,1.021067208980932,1.1340852272597357,0.8989481098814851,9055,8901,1,Box 2,mid2_3aer-mid2
2017-07-15 09:28:00,-9.105043411254883,-0.027979929000139236,-9.112051010131836,-10.857885360717773,-1.0702931880950928,2.787194013595581,0.02893463708460331,-9.37966251373291,0.022497516125440598,0.40098845958709717,1.191596290720173,0.11745910598975366,-0.3058799711935751,-0.0031754255163515266,1.6106247294514313,1.0237691009064207,1.1426255755834516,0.8956002523854748,9108,9055,2,Box 3,mid2_3aer-mid2
2017-07-15 09:28:00,-11.695594787597656,0.01779688149690628,-11.673744201660156,-12.566433906555176,-2.362938165664673,3.278768301010132,-0.023141074925661087,-11.832561492919922,0.04460320249199867,0.7951882481575012,1.0764698450629642,0.20241473141440677,-0.28086689441404544,0.0019823179366744714,1.6413906462359973,1.0476923246156644,1.1658462240216396,0.8989273539942214,10278,10260,3,Box 4,mid2_3aer-mid2
2017-07-15 09:30:00,-6.649295806884766,-0.02211494743824005,-6.6757402420043945,-7.736364841461182,-0.12555310130119324,1.1664222478866577,0.01975586824119091,-6.7951226234436035,0.019424941390752792,0.04691273719072342,1.1588775175978887,0.018807366254598855,-0.174725531446571,-0.0029593524059165766,1.3277859958150195,1.0023032066938256,1.0849654378862656,0.9235882687083941,9573,9505,0,Box 1,mid2_3aer-mid2
2017-07-15 09:30:00,-8.804220199584961,0.011542161926627159,-8.826836585998535,-10.087597846984863,-0.906025767326355,2.382464647293091,-0.21567609906196594,-8.972305297851562,0.016150349751114845,0.16525720059871674,1.142832916668946,0.10264444949874733,-0.2699115001965847,0.02443413402889144,1.6251994908424052,1.0220481952842186,1.1521678476030188,0.8901408012354282,9093,8975,1,Box 2,mid2_3aer-mid2
2017-07-15 09:30:00,-9.912715911865234,0.024985695257782936,-9.884822845458984,-10.605137825012207,-1.0056941509246826,1.8396159410476685,-0.11360757797956467,-10.186577796936035,0.02282640151679516,0.3951510190963745,1.0728707277424516,0.10174123904722156,-0.18610509934254857,0.011493132552875401,1.5782769229281448,1.021873038229181,1.1523227019620141,0.888240358451615,9268,9217,2,Box 3,mid2_3aer-mid2
2017-07-15 09:30:00,-12.930815696716309,0.00954674743115902,-12.926514625549316,-13.908710479736328,-2.632333993911743,3.6317198276519775,-0.017189128324389458,-13.098113059997559,0.054206788539886475,0.7984681725502014,1.0759830900768532,0.20363834354516167,-0.2809511909733436,0.0013297573513287309,1.6894700450805225,1.0508767772275756,1.1764020845588419,0.8934902784826299,10288,10273,3,Box 4,mid2_3aer-mid2
2017-07-15 09:32:00,-5.404922008514404,-0.011176295578479767,-5.3947930335998535,-5.960447788238525,-0.22660674154758453,0.7387300133705139,0.053531188517808914,-5.501804351806641,0.009480948559939861,-0.02509709633886814,1.104851931128536,0.04200471014412795,-0.136933888932177,-0.009922752340487034,1.337696342315487,1.0055460310727973,1.0917470149760553,0.9202411885757537,9669,9606,0,Box 1,mid2_3aer-mid2
2017-07-15 09:32:00,-8.704289436340332,-0.021698741242289543,-8.713431358337402,-10.486517906188965,-0.5274746417999268,2.289463996887207,0.011097809299826622,-8.850722312927246,0.01044781319797039,0.08803504705429077,1.2034889633854815,0.060535808577419796,-0.26275112800768413,-0.001273643955217174,1.612335458067815,1.012086263548228,1.1414566952611755,0.8865125901690629,9188,9064,1,Box 2,mid2_3aer-mid2
2017-07-15 09:32:00,-9.457889556884766,-0.004442734178155661,-9.450311660766602,-10.357954978942871,-0.9113966822624207,1.8183822631835938,0.0006595386075787246,-9.714438438415527,0.01638358272612095,0.31793683767318726,1.0960439442471155,0.09644091740159683,-0.19241507150688297,-6.979014182934007e-05,1.621244288857423,1.0214856829792065,1.1582970898889908,0.8818766928399968,9485,9410,2,Box 3,mid2_3aer-mid2
2017-07-15 09:32:00,-12.767618179321289,-0.019599592313170433,-12.768815040588379,-13.986442565917969,-2.5944550037384033,3.8196444511413574,-0.007560295984148979,-12.977314949035645,0.045199256390333176,0.688367486000061,1.0953596273790123,0.20318683752886385,-0.29913855560564473,0.0005920906977686102,1.732969579258129,1.0523194581827968,1.1821359904121924,0.8902729682212931,10307,10282,3,Box 4,mid2_3aer-mid2
2017-07-15 09:34:00,-5.781653881072998,-0.023458024486899376,-5.783746242523193,-6.366053581237793,-0.2571827173233032,0.8131184577941895,0.02637181617319584,-5.940965175628662,0.010302172042429447,0.029586726799607277,1.1006799969827843,0.04446645500683955,-0.14058681001918918,-0.0045596419704346525,1.358779852579086,1.006212134167117,1.0972947080418205,0.9166053880786694,9758,9719,0,Box 1,mid2_3aer-mid2
2017-07-15 09:34:00,-9.349432945251465,-0.11506915837526321,-9.442368507385254,-11.00283145904541,-0.3648238182067871,1.9562389850616455,-0.03095264360308647,-9.513151168823242,0.007169327698647976,0.04650930315256119,1.1652617882473884,0.038636899342550116,-0.207176746993148,0.003278059403209549,1.619180010724331,1.0080215751032955,1.1478118519434732,0.8786084636157786,9183,9067,1,Box 2,mid2_3aer-mid2
2017-07-15 09:34:00,-10.14217472076416,-0.004705530125647783,-10.152650833129883,-10.95583724975586,-1.0136651992797852,1.8362771272659302,-0.01942620426416397,-10.439949035644531,0.016428926959633827,0.32376110553741455,1.0791109405939274,0.09984240736057005,-0.18086675983754635,0.0019134118830488878,1.6510837366225688,1.0234680923072508,1.1675300312799697,0.8768694887890299,9622,9564,2,Box 3,mid2_3aer-mid2
2017-07-15 09:34:00,-13.772581100463867,-0.02811792865395546,-13.769322395324707,-14.989961624145508,-2.8384134769439697,4.042760372161865,0.016291610896587372,-14.035365104675293,0.0496174618601799,0.6566364169120789,1.0886491343180011,0.20614038351846842,-0.2936063361252008,-0.0011831817112687437,1.7548347817560177,1.0546869910574215,1.1879075972403543,0.8876718505316724,10340,10299,3,Box 4,mid2_3aer-mid2
2017-07-15 09:36:00,-6.848400115966797,-0.0013653250643983483,-6.83226203918457,-7.821762561798096,-0.36284953355789185,1.405796766281128,-0.053446121513843536,-6.990690231323242,0.014666449278593063,0.06945086270570755,1.144827746135658,0.053108254585884404,-0.20575861121663055,0.007822610495088173,1.4224373468704683,1.0082067099266006,1.1080461207222332,0.9106265418946762,9837,9810,0,Box 1,mid2_3aer-mid2
2017-07-15 09:36:00,-10.240857124328613,-0.011482788249850273,-10.2783784866333,-12.427162170410156,-0.4916060268878937,2.721254348754883,-0.08086411654949188,-10.428330421447754,0.007039617747068405,0.030806738883256912,1.2090587066729612,0.047829145593303854,-0.26475525364030766,0.00786740137404257,1.7100006971914092,1.0106680794255023,1.1594079562135842,0.8727254595268947,9211,9126,1,Box 2,mid2_3aer-mid2
2017-07-15 09:36:00,-10.839361190795898,0.05499877408146858,-10.756068229675293,-11.499995231628418,-1.0435807704925537,1.806579351425171,-0.019071098417043686,-11.186591148376465,0.018297215923666954,0.3504171073436737,1.0691635470675518,0.09702251178541287,-0.16795911390560786,0.001773055052643191,1.6642027619594084,1.0233797307151429,1.172102286868373,0.8733605631831235,9761,9680,2,Box 3,mid2_3aer-mid2
2017-07-15 09:36:00,-14.701298713684082,-0.032726503908634186,-14.681578636169434,-16.287670135498047,-3.0845396518707275,4.679961204528809,0.010671747848391533,-15.023337364196777,0.057011738419532776,0.6282175183296204,1.1093951917007572,0.21009591208622547,-0.3187642235963937,-0.0007268801905889188,1.8028585153637369,1.0573940263167425,1.1937331754349183,0.8856735735595633,10359,10324,3,Box 4,mid2_3aer-mid2
2017-07-15 09:38:00,-7.795753479003906,-0.016919611021876335,-7.80403995513916,-9.200969696044922,-0.4074607491493225,1.8030555248260498,0.0013338420540094376,-7.944266319274902,0.018471410498023033,0.06538303196430206,1.1790006952669467,0.05221151204442566,-0.23104129045221994,-0.00017091685915243682,1.4910381081785364,1.0088844661504544,1.1195658898089427,0.9011215869448171,9919,9876,0,Box 1,mid2_3aer-mid2
2017-07-15 09:38:00,-11.250497817993164,-0.03950185328722,-11.276590347290039,-14.03135871887207,-0.607048511505127,3.4170594215393066,-0.05524344742298126,-11.475884437561035,0.010191471315920353,0.07480443269014359,1.2442907906761125,0.05383262296907209,-0.30302236248057757,0.004898948835392991,1.7825139250808049,1.0125822418027237,1.1674795098786055,0.8679815428930392,9264,9176,1,Box 2,mid2_3aer-mid2
2017-07-15 09:38:00,-11.712329864501953,-0.007973769679665565,-11.712809562683105,-12.934052467346191,-1.2029067277908325,2.533039093017578,-0.10888884216547012,-12.091835975646973,0.020555756986141205,0.3758056163787842,1.1042656723730793,0.10270010866451892,-0.2162623413203309,0.009296560282732708,1.7713309439576064,1.0269429525274278,1.188370007226091,0.865548542522952,9842,9774,2,Box 3,mid2_3aer-mid2
2017-07-15 09:38:00,-16.070911407470703,-0.028570588678121567,-16.041696548461914,-18.29928207397461,-3.5637247562408447,5.827240943908691,-0.005929670296609402,-16.352962493896484,0.05916536599397659,0.618919849395752,1.1407324239297223,0.22215386861533956,-0.36325593365159675,0.00036964110653486815,1.901559590359649,1.0645789364345777,1.20658714462468,0.882367132520755,10346,10312,3,Box 4,mid2_3aer-mid2
2017-07-15 09:40:00,-9.239012718200684,0.027508551254868507,-9.204565048217773,-11.285079002380371,-0.6492728590965271,2.6841888427734375,0.04559854045510292,-9.422470092773438,0.020919134840369225,0.04180091992020607,1.2260307261041374,0.07053813250704631,-0.2916149536301127,-0.004953904981071067,1.537307380814696,1.0124475204268881,1.1240264155120512,0.9002113026230514,9973,9940,0,Box 1,mid2_3aer-mid2
2017-07-15 09:40:00,-12.425753593444824,-0.047158777713775635,-12.467859268188477,-15.444971084594727,-0.6941215395927429,3.605971574783325,0.06526166200637817,-12.686907768249512,0.014299632981419563,0.11135220527648926,1.2387828904376939,0.05567287300261156,-0.28922137170047746,-0.0052343917398279816,1.7892019900247964,1.0131586508199395,1.169461468087159,0.865636728441934,9215,9070,1,Box 2,mid2_3aer-mid2
2017-07-15 09:40:00,-12.677166938781738,-0.020449688658118248,-12.68905258178711,-13.925692558288574,-1.4217535257339478,2.6610331535339355,-0.002638188423588872,-13.108710289001465,0.023529237136244774,0.4095824658870697,1.0974573456485168,0.11204569382203251,-0.20971095008529755,0.00020791061474823014,1.7681268664270104,1.029520574269054,1.188989013113348,0.8659101270547964,9901,9824,2,Box 3,mid2_3aer-mid2
2017-07-15 09:40:00,-17.304523468017578,-0.11657983809709549,-17.28444480895996,-20.583911895751953,-3.8434464931488037,7.161238193511963,-0.018326515331864357,-17.597429275512695,0.062351349741220474,0.6012856364250183,1.190892198376788,0.2223644491825625,-0.41431693703605155,0.001060289476701115,1.975350478489938,1.0656178097215723,1.209905492119234,0.8809226217406376,10334,10276,3,Box 4,mid2_3aer-mid2
2017-07-15 09:42:00,-10.226216316223145,0.06129445508122444,-10.222049713134766,-12.005950927734375,-0.5991970896720886,2.4076502323150635,-0.02455136366188526,-10.401045799255371,0.02018212527036667,0.032746829092502594,1.174515062706336,0.058618091898091765,-0.2355349591894047,0.002401804584976852,1.49379085924952,1.0100648472565246,1.1206353777801386,0.9015788845306175,9982,9948,0,Box 1,mid2_3aer-mid2
2017-07-15 09:42:00,-13.92269515991211,-0.007217409089207649,-13.905973434448242,-17.363006591796875,-0.7729050517082214,4.340291500091553,-0.11035147309303284,-14.244422912597656,0.018670886754989624,0.16642245650291443,1.2486007556602263,0.0555807911279699,-0.31211709154213285,0.007935544753936652,1.7964775436786844,1.0131242825351676,1.1692889426829514,0.8675207645428624,9217,9111,1,Box 2,mid2_3aer-mid2
2017-07-15 09:42:00,-13.520240783691406,-0.029336979612708092,-13.532773971557617,-14.716901779174805,-1.7588520050048828,2.935431480407715,0.00754805700853467,-13.961455345153809,0.028108496218919754,0.42289355397224426,1.0875007199683113,0.12996978509954688,-0.21691274382051612,-0.0005577612473420812,1.797384512488216,1.0356580233023212,1.1968806011994115,0.8652109600506627,9966,9893,2,Box 3,mid2_3aer-mid2
2017-07-15 09:42:00,-18.3182430267334,-0.10798328369855881,-18.332548141479492,-21.723684310913086,-4.226896286010742,7.647632598876953,-0.029598388820886612,-18.583192825317383,0.07432744652032852,0.5708726048469543,1.184979084395763,0.23056787831424147,-0.4171614895711424,0.0016145268611378882,1.992430745291513,1.0693658695913766,1.213992992149774,0.8811424175394059,10316,10262,3,Box 4,mid2_3aer-mid2
2017-07-15 09:44:00,-11.02293586730957,0.015542068518698215,-11.00174331665039,-13.37253189086914,-0.7418679594993591,3.114546775817871,-0.0018896299879997969,-11.218088150024414,0.02093498781323433,0.04249122738838196,1.2154921184962841,0.06743185893226154,-0.2830957347624339,0.00017175733388818948,1.5342045119236087,1.011943168526182,1.124543166380703,0.8998885948566139,9957,9935,0,Box 1,mid2_3aer-mid2
2017-07-15 09:44:00,-14.952625274658203,-0.015995070338249207,-14.929368019104004,-18.22920799255371,-0.9955717921257019,4.251550197601318,0.043858449906110764,-15.305788040161133,0.02039124257862568,0.1777026206254959,1.2210299136907266,0.06668545428476137,-0.28477763829276576,-0.0029377296827221566,1.7927125487434121,1.016067660205858,1.1727536234473976,0.8659893167940199,9282,9180,1,Box 2,mid2_3aer-mid2
2017-07-15 09:44:00,-14.1260404586792,-0.05806966498494148,-14.112367630004883,-15.298879623413086,-1.9000158309936523,3.0181338787078857,0.06839374452829361,-14.571117401123047,0.03067869320511818,0.42381879687309265,1.084076041319184,0.13463481338731434,-0.21386448514920853,-0.004846369557289704,1.8081314748876258,1.0374641580190036,1.1997574891705194,0.8639653318958755,10000,9914,2,Box 3,mid2_3aer-mid2
2017-07-15 09:44:00,-19.345760345458984,-0.15035414695739746,-19.3474063873291,-23.249874114990234,-4.3456573486328125,8.250895500183105,-0.0027658373583108187,-19.593996047973633,0.08088575303554535,0.5313749313354492,1.2017052252491263,0.22461191303842074,-0.4264600948094447,0.0001429565218976636,2.026441389742924,1.0682329804639086,1.2164184461227185,0.8782034685540953,10296,10245,3,Box 4,mid2_3aer-mid2
2017-07-15 09:46:00,-11.480071067810059,0.05000707134604454,-11.441716194152832,-13.867226600646973,-0.9624269604682922,3.3890254497528076,-0.0010884505463764071,-11.690608978271484,0.020647184923291206,0.03252379223704338,1.2119882818138743,0.08411560762614555,-0.2961990194439814,9.513000396155213e-05,1.5512759172804311,1.0153533239346821,1.1283536559471992,0.8998641364707459,9918,9897,0,Box 1,mid2_3aer-mid2
2017-07-15 09:46:00,-15.697776794433594,-0.1165803074836731,-15.720502853393555,-19.239131927490234,-1.1589289903640747,4.674286842346191,0.003271758323535323,-16.067068099975586,0.02062021568417549,0.1961175799369812,1.2238241914529517,0.07372086102458335,-0.29733693204055445,-0.0002081204369806522,1.829030402366167,1.0183518271574552,1.178748588438979,0.8638966642465277,9282,9165,1,Box 2,mid2_3aer-mid2
2017-07-15 09:46:00,-14.870169639587402,-0.03751552850008011,-14.83735466003418,-15.376784324645996,-2.287952423095703,2.7708487510681152,0.056536220014095306,-15.31476879119873,0.0339706726372242,0.44163745641708374,1.0363563595697105,0.15420219842455157,-0.18674815987806678,-0.003810398116195296,1.8070791619981323,1.0450044896906336,1.2096342041658512,0.8632749774781464,9998,9908,2,Box 3,mid2_3aer-mid2
2017-07-15 09:46:00,-19.826839447021484,-0.07105591893196106,-19.83736801147461,-23.470800399780273,-4.589406490325928,8.245623588562012,-0.022784791886806488,-20.08608055114746,0.08351857215166092,0.4937361478805542,1.1831610132378527,0.23135159587161241,-0.4156611884663147,0.0011485793568495883,2.0214122215432866,1.0712316590321271,1.2193054307375417,0.8787590247152697,10284,10247,3,Box 4,mid2_3aer-mid2
2017-07-15 09:48:00,-12.140018463134766,0.0032030281145125628,-12.188055038452148,-14.234591484069824,-1.3423793315887451,3.4116697311401367,-0.022752895951271057,-12.354523658752441,0.02525090053677559,0.027581198140978813,1.167913372170622,0.11013893798755463,-0.27991912936780267,0.0018668192096259473,1.5609334985219985,1.021218007333843,1.1355171705507698,0.8995551518340074,9960,9933,0,Box 1,mid2_3aer-mid2
2017-07-15 09:48:00,-16.155439376831055,-0.17079661786556244,-16.185203552246094,-20.256290435791016,-1.3445276021957397,5.382205963134766,0.03340970724821091,-16.504169464111328,0.02088307961821556,0.17969372868537903,1.2515315078929892,0.08307141260487375,-0.3325387073850055,-0.0020642131128573715,1.8942521280649334,1.0214275753294806,1.1854762972733315,0.8613153212810033,9347,9247,1,Box 2,mid2_3aer-mid2
2017-07-15 09:48:00,-15.68466567993164,-0.16889654099941254,-15.650622367858887,-16.76691246032715,-2.427670478820801,3.5412535667419434,0.002707790583372116,-16.162097930908203,0.037068724632263184,0.46631720662117004,1.0713256589739226,0.15511653306838952,-0.2262691771594201,-0.00017301488289203637,1.852473394455925,1.045643918503395,1.2114587127488425,0.8630993401642286,10018,9916,2,Box 3,mid2_3aer-mid2
2017-07-15 09:48:00,-20.516271591186523,-0.026859289035201073,-20.526472091674805,-24.850933074951172,-4.981570243835449,9.284812927246094,0.02121875248849392,-20.77823257446289,0.0907345786690712,0.47281068563461304,1.2106772841244422,0.24269001856123595,-0.45233357649164274,-0.0010337261940354114,2.0412910107765954,1.0741414346953402,1.2170978550340932,0.882363976935628,10289,10252,3,Box 4,mid2_3aer-mid2
2017-07-15 09:50:00,-13.051331520080566,-0.007196685299277306,-13.069306373596191,-15.029924392700195,-1.7791515588760376,3.713989019393921,0.02577897533774376,-13.291831970214844,0.030136093497276306,0.07415232807397842,1.150016888425971,0.1361320454642518,-0.2841764514360898,-0.001972482454132951,1.6224017936706034,1.0290551284440304,1.150574087387133,0.8941366559788684,9996,9970,0,Box 1,mid2_3aer-mid2
2017-07-15 09:50:00,-17.124765396118164,-0.19839607179164886,-17.173385620117188,-20.168298721313477,-1.384900689125061,4.326946258544922,0.0528678260743618,-17.468727111816406,0.0241143349558115,0.20657724142074585,1.1743927353761574,0.08064226027130618,-0.251956521369813,-0.003078474277650567,1.8363027422436384,1.0210856136965003,1.1882738207575898,0.8588454112834434,9367,9257,1,Box 2,mid2_3aer-mid2
2017-07-15 09:50:00,-16.35948944091797,-0.10936778038740158,-16.308256149291992,-17.84711456298828,-2.708040714263916,4.285438060760498,-0.03853899613022804,-16.84852409362793,0.03792310878634453,0.4403511583805084,1.09436071348386,0.166053350553897,-0.26277722292576905,0.002363158888012029,1.9182918657248536,1.0506645957754044,1.219476686217403,0.8619741420340534,10040,9937,2,Box 3,mid2_3aer-mid2
2017-07-15 09:50:00,-21.35305404663086,0.0013296690303832293,-21.33778190612793,-25.80296516418457,-5.178169250488281,9.63637924194336,0.006974706891924143,-21.647127151489258,0.09722821414470673,0.4453263282775879,1.2092618650117724,0.2426760859712035,-0.4516110797627179,-0.00032687122025792936,2.052365332068255,1.0748102916101847,1.2191947316391398,0.8815168215189649,10318,10291,3,Box 4,mid2_3aer-mid2
2017-07-15 09:52:00,-13.946643829345703,0.002332826843485236,-13.948097229003906,-15.540323257446289,-2.146376132965088,3.8031976222991943,-0.06459594517946243,-14.14898681640625,0.03545216843485832,0.11761198937892914,1.114153608051045,0.15388304748498632,-0.27266782081288765,0.004631165276856308,1.653212879719208,1.035326686373538,1.1623041068789741,0.8913743705262315,10029,10011,0,Box 1,mid2_3aer-mid2
2017-07-15 09:52:00,-17.80678939819336,-0.11918020993471146,-17.819923400878906,-21.75806999206543,-1.6495016813278198,5.594226360321045,-0.0065775588154792786,-18.140975952148438,0.02559550851583481,0.22257019579410553,1.220996844678159,0.0925650390251563,-0.3139309963289527,0.00036911262563749103,1.9315174606226675,1.0252673713329825,1.196879994812599,0.8566735098085421,9393,9305,1,Box 2,mid2_3aer-mid2
2017-07-15 09:52:00,-17.45417594909668,-0.12718240916728973,-17.429710388183594,-18.03297996520996,-2.9308900833129883,3.5797243118286133,-0.045562952756881714,-17.936660766601562,0.04246358573436737,0.46169358491897583,1.0346116466787942,0.16815485279604078,-0.20538059634543843,0.002614096870603405,1.8634735488231158,1.0518837402830161,1.2220621735083,0.8611962116093563,10085,9999,2,Box 3,mid2_3aer-mid2
2017-07-15 09:52:00,-21.99303436279297,-0.015652887523174286,-21.976879119873047,-25.78611946105957,-5.5966362953186035,9.42482852935791,-0.018954874947667122,-22.305213928222656,0.10005520284175873,0.4123208522796631,1.1733293070882607,0.25466019839925147,-0.428851997117817,0.0008624916303048846,2.0299297699762593,1.0798612200036655,1.2227927643206227,0.8832637887275815,10340,10304,3,Box 4,mid2_3aer-mid2
2017-07-15 09:54:00,-15.159699440002441,-0.18358106911182404,-15.111742973327637,-16.943992614746094,-2.4452452659606934,4.2983717918396,-0.020876843482255936,-15.407061576843262,0.04359811544418335,0.184158593416214,1.121246778216211,0.16181091248871704,-0.2844391886089579,0.0013814979040298603,1.673648852577298,1.0378602498605294,1.165447594172935,0.8907134055569136,10069,10024,0,Box 1,mid2_3aer-mid2
2017-07-15 09:54:00,-18.288509368896484,-0.1509372740983963,-18.275571823120117,-21.78413963317871,-1.9566290378570557,5.359372615814209,0.10582005977630615,-18.611059188842773,0.028150998055934906,0.23982781171798706,1.1919810331197414,0.10706251719410169,-0.2932533044610701,-0.005790245852772935,1.9627965918270025,1.0307488993475336,1.2075400772624068,0.8526623682107191,9352,9246,1,Box 2,mid2_3aer-mid2
2017-07-15 09:54:00,-18.056884765625,-0.06482765078544617,-18.070898056030273,-18.445541381835938,-3.1905155181884766,3.549008369445801,0.016152113676071167,-18.555381774902344,0.04796668514609337,0.4695641100406647,1.0207319712847378,0.17655544788130342,-0.19639360009782764,-0.0008938190682135916,1.8578616779064872,1.0550317949187797,1.2241928129261894,0.8616625157883536,10127,10052,2,Box 3,mid2_3aer-mid2
2017-07-15 09:54:00,-23.07326316833496,-0.009028775617480278,-23.07447052001953,-26.03536033630371,-5.679266452789307,8.653013229370117,-0.01285567507147789,-23.428112030029297,0.1202581599354744,0.43589529395103455,1.1283189464679215,0.24612770304618475,-0.37500378798341993,0.0005571384693136561,2.1492092897571653,1.087028874882493,1.2536126094031035,0.8672262584006855,10345,10318,3,Box 4,mid2_3aer-mid2
2017-07-15 09:56:00,-15.891520500183105,-0.16709671914577484,-15.834327697753906,-17.064189910888672,-2.8652760982513428,4.0605878829956055,0.034548114985227585,-16.216957092285156,0.049734458327293396,0.22457218170166016,1.0776704930703986,0.1809534232706922,-0.2564420671031382,-0.0021818492379526155,1.6703589042196554,1.044013656293012,1.1719716508242597,0.8905098062545547,10071,10020,0,Box 1,mid2_3aer-mid2
2017-07-15 09:56:00,-18.508468627929688,-0.24243633449077606,-18.46182632446289,-22.60550308227539,-1.8879691362380981,6.047450065612793,-0.015801550820469856,-18.78621482849121,0.028687734156847,0.23973077535629272,1.2244458331946086,0.10226340877135381,-0.3275651459852366,0.0008559040192741563,1.9881707016886716,1.029113188879902,1.2057260338496205,0.8536582598826798,9405,9256,1,Box 2,mid2_3aer-mid2
2017-07-15 09:56:00,-17.262062072753906,-0.18297499418258667,-17.334529876708984,-18.12214469909668,-3.181741237640381,3.9110400676727295,0.058317266404628754,-17.85813331604004,0.043815746903419495,0.4901385009288788,1.045436275663297,0.1835493222955114,-0.22562137266859877,-0.0033642252902097436,1.9133349349980102,1.0586131945796398,1.229838193729027,0.8601754782380231,10175,10078,2,Box 3,mid2_3aer-mid2
2017-07-15 09:56:00,-24.97479248046875,-0.019177809357643127,-24.94849395751953,-28.553760528564453,-5.967401504516602,9.632232666015625,-0.0595661997795105,-25.508146286010742,0.13988353312015533,0.6153305172920227,1.144508319319676,0.23918885433993628,-0.38608474052915026,0.0023875668695380603,2.39804026914769,1.0957028220144327,1.2901245293232888,0.8498167522595154,10373,10347,3,Box 4,mid2_3aer-mid2
2017-07-15 09:58:00,-16.435516357421875,-0.11586736887693405,-16.405805587768555,-17.352096557617188,-2.990584373474121,3.935192823410034,0.001683601876720786,-16.829978942871094,0.05296172574162483,0.2398468554019928,1.0576802856790242,0.1822881885057566,-0.23986585186637124,-0.00010262231840951763,1.6947664024582558,1.0465095963066227,1.180878282975007,0.8861978039380378,10142,10091,0,Box 1,mid2_3aer-mid2
2017-07-15 09:58:00,-18.820680618286133,-0.16969789564609528,-18.79588508605957,-21.529905319213867,-1.9279805421829224,4.611819267272949,0.05018178001046181,-19.064462661743164,0.029454277828335762,0.25631093978881836,1.14545843667123,0.1025746050012235,-0.2453632136928499,-0.002669827979603523,1.9063838588622872,1.0293101894044467,1.2065419269049003,0.8526801436134881,9412,9254,1,Box 2,mid2_3aer-mid2
2017-07-15 09:58:00,-19.00996971130371,-0.11991848051548004,-19.114187240600586,-19.870628356933594,-3.630723476409912,4.3788533210754395,0.008309614844620228,-19.499677658081055,0.05018184706568718,0.4996630847454071,1.0395747129183524,0.18994915760961908,-0.22908913507322717,-0.0004347354547442617,1.9296130414202524,1.061891866318961,1.2346228153963887,0.8600153498819206,10178,10094,2,Box 3,mid2_3aer-mid2
2017-07-15 09:58:00,-29.21339225769043,-0.012010193429887295,-29.19932746887207,-33.61248016357422,-7.609654426574707,12.141768455505371,-0.1189647763967514,-29.551015853881836,0.16128697991371155,0.5695086121559143,1.1511387402264879,0.2606106195855289,-0.4158235899735486,0.0040742301615318555,2.314313125466849,1.0996423202699175,1.275043811267842,0.8632891277736702,10400,10396,3,Box 4,mid2_3aer-mid2
2017-07-15 10:00:00,-17.44709587097168,-0.08338383585214615,-17.388290405273438,-18.263717651367188,-3.2150020599365234,4.059546947479248,0.03088105097413063,-17.949811935424805,0.058050788938999176,0.2777678370475769,1.0503457100058253,0.18489463415536259,-0.23346437603447148,-0.0017759681267164318,1.7188365079229022,1.0488283691364153,1.1875531658429723,0.8829147710975671,10198,10160,0,Box 1,mid2_3aer-mid2
2017-07-15 10:00:00,-19.462059020996094,-0.1195233091711998,-19.41195297241211,-22.069984436035156,-2.2295613288879395,4.782872676849365,0.10471755266189575,-19.701894760131836,0.03613065928220749,0.3290759027004242,1.1369274535224156,0.11485508268847135,-0.24638804815195595,-0.0053944880589310296,1.933181192215311,1.0338557877854926,1.213197875693475,0.8512861230694602,9424,9277,1,Box 2,mid2_3aer-mid2
2017-07-15 10:00:00,-20.021625518798828,-0.08558835834264755,-20.044851303100586,-21.37488555908203,-3.660855531692505,4.979986667633057,0.010904339142143726,-20.47353744506836,0.055593136698007584,0.5192497372627258,1.0663529930105684,0.18263322176499674,-0.248442217853118,-0.0005439969224471375,1.9671395621745307,1.0596499686649077,1.2355220538570848,0.8575549563558816,10182,10109,2,Box 3,mid2_3aer-mid2
2017-07-15 10:00:00,-30.425983428955078,0.00027701654471457005,-30.426259994506836,-36.096160888671875,-8.170050621032715,13.84225845336914,-0.002308143302798271,-30.741769790649414,0.17243769764900208,0.529985249042511,1.186348873480046,0.2685197133893276,-0.4549444471118227,7.586024244904399e-05,2.353841006645288,1.1017276617874905,1.2719198678236134,0.8662084715280842,10404,10404,3,Box 4,mid2_3aer-mid2
2017-07-15 10:02:00,-18.130273818969727,-0.10435708612203598,-18.006929397583008,-19.136831283569336,-3.327131986618042,4.406365394592285,0.0506715402007103,-18.782596588134766,0.06316275149583817,0.33896109461784363,1.0627483495920904,0.18476955745959733,-0.24470390468984668,-0.002814002361841067,1.7312769171147733,1.0488689226469559,1.1878570613819368,0.8825648918853299,10236,10182,0,Box 1,mid2_3aer-mid2
2017-07-15 10:02:00,-19.999048233032227,-0.19270551204681396,-19.931598663330078,-23.752700805664062,-2.329376697540283,6.077800273895264,0.07267897576093674,-20.206640243530273,0.04199548438191414,0.391504168510437,1.1917107942608782,0.11686854650075255,-0.30493292089180574,-0.003646419869825057,1.982158256860081,1.0341174396677328,1.2109118743671627,0.8534031883835542,9544,9378,1,Box 2,mid2_3aer-mid2
2017-07-15 10:02:00,-20.447093963623047,-0.04314060136675835,-20.415739059448242,-22.385862350463867,-3.553814649581909,5.4294114112854,0.09452809393405914,-20.853416442871094,0.05527504161000252,0.4637974202632904,1.0965003166413632,0.17407229036354624,-0.2659424487843059,-0.004630158220603475,1.9722543421952181,1.055390224448107,1.2293285978208446,0.8576891290012079,10195,10124,2,Box 3,mid2_3aer-mid2
2017-07-15 10:02:00,-31.627595901489258,-0.006675187032669783,-31.626054763793945,-37.11659622192383,-8.839423179626465,14.332355499267578,-0.0023925460409373045,-31.979965209960938,0.18614782392978668,0.5087183117866516,1.173608159909136,0.2794981467987347,-0.4531819578141827,7.565110631208016e-05,2.349143130374463,1.1070483211930553,1.274521998144864,0.8686147733746908,10404,10403,3,Box 4,mid2_3aer-mid2
2017-07-15 10:04:00,-18.513507843017578,-0.14915907382965088,-18.41832160949707,-19.511964797973633,-3.5582141876220703,4.630978584289551,0.020879920572042465,-19.26478385925293,0.05926045402884483,0.3333330452442169,1.0593780671765178,0.1931888625556738,-0.2514332801179677,-0.0011336496142239638,1.7105331290332024,1.0501637036344236,1.1840085231186783,0.8867863846588888,10259,10217,0,Box 1,mid2_3aer-mid2
2017-07-15 10:04:00,-20.500329971313477,-0.18176233768463135,-20.460195541381836,-23.54076385498047,-2.7161459922790527,5.695826053619385,0.10089047253131866,-20.698894500732422,0.046808212995529175,0.4315776228904724,1.1505640928760472,0.13275270771790887,-0.27838573923550003,-0.004931061358456057,1.988100548435002,1.0404398765539586,1.2202855186772392,0.8517834247360517,9580,9408,1,Box 2,mid2_3aer-mid2
2017-07-15 10:04:00,-20.89582061767578,-0.04447083920240402,-20.888202667236328,-23.443098068237305,-3.284574270248413,5.822805881500244,0.01666412688791752,-21.23464584350586,0.05278247967362404,0.41268858313560486,1.1223128054029874,0.15724542708086342,-0.27876045550089396,-0.0007977769829568548,1.9903662555087431,1.0494010850905002,1.2268312044149867,0.8552357855586232,10176,10098,2,Box 3,mid2_3aer-mid2
2017-07-15 10:04:00,-32.77561569213867,-0.018064608797430992,-32.771209716796875,-38.467132568359375,-9.5936918258667,15.269216537475586,0.02040564827620983,-33.242191314697266,0.19525472819805145,0.4718129336833954,1.1738088956260564,0.2927476251980576,-0.4659338507845955,-0.0006226700395184914,2.3711181963061807,1.1136702400212812,1.277843417350142,0.8713902050217526,10403,10400,3,Box 4,mid2_3aer-mid2
2017-07-15 10:06:00,-19.274486541748047,-0.06833617389202118,-19.223987579345703,-20.352928161621094,-4.0582990646362305,5.165044784545898,0.022195877507328987,-20.175670623779297,0.054455362260341644,0.3255532681941986,1.0587256838723136,0.21110599698785956,-0.26867708797690554,-0.0011545928832676355,1.7596982289190797,1.0579611881369995,1.1947436238687534,0.885331248713814,10252,10215,0,Box 1,mid2_3aer-mid2
2017-07-15 10:06:00,-21.15176773071289,-0.06584399938583374,-21.067514419555664,-23.631650924682617,-3.2083230018615723,5.663073539733887,0.10938587784767151,-21.373760223388672,0.04930046200752258,0.4881555438041687,1.1217104267827458,0.15228768278768767,-0.26880595119889356,-0.005192158371539912,2.0505959727657146,1.0499557965780768,1.2378839175594283,0.8472467001818836,9598,9413,1,Box 2,mid2_3aer-mid2
2017-07-15 10:06:00,-21.542606353759766,-0.07680410146713257,-21.54549789428711,-24.49549674987793,-3.2022347450256348,6.08771276473999,0.06452274322509766,-21.871187210083008,0.05419309437274933,0.4061586558818817,1.1369195650043091,0.14862663998508635,-0.2825514843645343,-0.002994720624861169,2.012714580136755,1.04678223026814,1.2276254143067735,0.8521650994100052,10145,10065,2,Box 3,mid2_3aer-mid2
2017-07-15 10:06:00,-33.58222198486328,-0.015589938499033451,-33.57155990600586,-38.012237548828125,-10.259468078613281,14.692403793334961,0.007745493669062853,-34.191123962402344,0.20899568498134613,0.46897393465042114,1.1322750585617354,0.3056000199849728,-0.43764436260427253,-0.0002307159424356775,2.323080708745318,1.1204699469440245,1.2816416120007827,0.8741958680897435,10403,10399,3,Box 4,mid2_3aer-mid2
2017-07-15 10:08:00,-19.905710220336914,-0.09811125695705414,-19.881656646728516,-20.3370418548584,-4.20279598236084,4.639125823974609,0.01905774138867855,-20.92227554321289,0.04637783393263817,0.2700718939304352,1.0229048940424719,0.21139065817674266,-0.23333699321291654,-0.0009585590062979876,1.7342577087482576,1.0585400070677529,1.1965195522287504,0.8845304459798988,10264,10219,0,Box 1,mid2_3aer-mid2
2017-07-15 10:08:00,-21.658105850219727,-0.06031721830368042,-21.58271598815918,-24.57079315185547,-2.8225693702697754,5.655550003051758,0.15509483218193054,-21.844806671142578,0.04909740015864372,0.4818536341190338,1.138447590656926,0.1307791777483819,-0.26204070159106946,-0.007186066814238445,2.0185933809258643,1.0411690374490592,1.2283360485734374,0.8463737933293307,9649,9478,1,Box 2,mid2_3aer-mid2
2017-07-15 10:08:00,-21.923885345458984,-0.06803948432207108,-21.868715286254883,-24.362873077392578,-3.1561169624328613,5.587558269500732,0.06271738559007645,-22.30093765258789,0.054727621376514435,0.3879978358745575,1.1140514638990289,0.144321105395405,-0.2555046649276616,-0.002867904366772256,1.9804928642579973,1.0452566077579075,1.2268656284154877,0.8514737444511815,10138,10075,2,Box 3,mid2_3aer-mid2
2017-07-15 10:08:00,-34.79433059692383,-0.006399479694664478,-34.792823791503906,-38.79214859008789,-10.862926483154297,14.843868255615234,0.018385285511612892,-35.43455123901367,0.22688987851142883,0.436212420463562,1.1149468873032962,0.3122174820506915,-0.4266359475576434,-0.0005284217963442694,2.3295953932568207,1.1257050094308143,1.2876714914951584,0.8741007535165153,10404,10403,3,Box 4,mid2_3aer-mid2
2017-07-15 10:10:00,-20.82369041442871,-0.09362972527742386,-20.779178619384766,-21.156633377075195,-4.562312602996826,4.997796535491943,-0.058026958256959915,-21.852937698364258,0.05625905469059944,0.30397987365722656,1.0181651242893581,0.21956175613678347,-0.24051943364959727,0.002792553223455674,1.7647918325766137,1.0631610375796232,1.2043814901366467,0.8832029642283353,10244,10172,0,Box 1,mid2_3aer-mid2
2017-07-15 10:10:00,-21.924470901489258,-0.04633576050400734,-21.92778968811035,-24.89496421813965,-2.9221510887145996,5.906594276428223,-0.01726832240819931,-22.08125877380371,0.04659295827150345,0.45501577854156494,1.1353156869429437,0.1332624619282013,-0.2693656574696939,0.0007875085985488695,2.066953960546874,1.0435340892250975,1.2376060242635682,0.8433291953887814,9623,9473,1,Box 2,mid2_3aer-mid2
2017-07-15 10:10:00,-22.219297409057617,-0.07608485966920853,-22.20311737060547,-24.30154037475586,-3.2033700942993164,5.4666571617126465,-0.1648644208908081,-22.607269287109375,0.05472824349999428,0.392276793718338,1.094510264176233,0.14427568994105316,-0.24621123687282936,0.007425282755543217,1.9760837819431822,1.045914472283658,1.2305169017242814,0.851289966679115,10136,10076,2,Box 3,mid2_3aer-mid2
2017-07-15 10:10:00,-36.583274841308594,-0.008187069557607174,-36.57941818237305,-40.475833892822266,-11.53065299987793,15.411873817443848,0.015200630761682987,-37.293277740478516,0.23472626507282257,0.4663577973842621,1.1065194554732738,0.3152224796287837,-0.42132638361671937,-0.00041555148533811703,2.4253585142298033,1.1345065346268721,1.3059056104967137,0.8686544457058717,10402,10401,3,Box 4,mid2_3aer-mid2
2017-07-15 10:12:00,-22.21050453186035,-0.027799339964985847,-22.172809600830078,-23.69721221923828,-4.697098731994629,6.209508895874023,0.01199207454919815,-23.21883201599121,0.05877736210823059,0.2926197946071625,1.0687509706434004,0.2118404584275172,-0.2800505831831207,-0.0005408458877969036,1.8652117421889627,1.0637288397786564,1.2146119512749132,0.8756846081137712,10231,10166,0,Box 1,mid2_3aer-mid2
2017-07-15 10:12:00,-22.197961807250977,-0.05404902622103691,-22.228782653808594,-25.821815490722656,-2.756000518798828,6.257579326629639,0.09145945310592651,-22.309667587280273,0.04621700197458267,0.4241641163825989,1.1616390194489254,0.12398344244110755,-0.2815080005848989,-0.004114461305134098,2.0847584475872982,1.039983968184985,1.2346769046831323,0.8415823668335994,9613,9488,1,Box 2,mid2_3aer-mid2
2017-07-15 10:12:00,-22.805030822753906,0.00953685212880373,-22.761377334594727,-24.754796981811523,-3.628915786743164,5.686367511749268,-0.06403139978647232,-23.21538543701172,0.05604629963636398,0.3992381691932678,1.0875790496052515,0.15943306279608316,-0.24982527291528084,0.0028131605139461446,2.0276591507265835,1.0531782449789702,1.2419131628703275,0.8485459072725768,10153,10085,2,Box 3,mid2_3aer-mid2
2017-07-15 10:12:00,-36.9130859375,-0.027591006830334663,-36.90561294555664,-38.03620147705078,-12.136415481567383,13.280165672302246,-0.013159295544028282,-37.72239685058594,0.23691754043102264,0.5102542042732239,1.0306346596245914,0.3288501165656008,-0.3598413424620949,0.00035656627190266965,2.2543874847739676,1.1384693860799269,1.3007036911125447,0.8753539508123119,10402,10398,3,Box 4,mid2_3aer-mid2
2017-07-15 10:14:00,-23.734664916992188,-0.04358241334557533,-23.516117095947266,-24.64554214477539,-5.003148555755615,6.129822731018066,0.0027495266404002905,-24.830724716186523,0.06068570539355278,0.32104241847991943,1.0480276423795059,0.2127540236386968,-0.26066474508812043,-0.00011692093008219828,1.8978525118627623,1.0671960898326103,1.2260368871769072,0.8704229646448517,10214,10136,0,Box 1,mid2_3aer-mid2
2017-07-15 10:14:00,-21.909887313842773,-0.15840137004852295,-21.860898971557617,-25.02914047241211,-2.378288507461548,5.560842990875244,-0.01431260909885168,-21.951522827148438,0.04127079248428345,0.37478476762771606,1.144927333283988,0.1087918924477542,-0.2543739384919019,0.0006547127601596592,2.047003750951495,1.0346211888153396,1.2319096583499023,0.8399662016650509,9630,9484,1,Box 2,mid2_3aer-mid2
2017-07-15 10:14:00,-23.463626861572266,-0.1312570571899414,-23.45855140686035,-25.058042526245117,-4.176634788513184,5.782814025878906,-0.006682244595140219,-23.85871124267578,0.05911300331354141,0.444332093000412,1.068183953348415,0.17804319032145036,-0.24651199693365736,0.0002848532637920176,2.065732546609717,1.0623265178407375,1.2540671644120287,0.8471595924384954,10169,10090,2,Box 3,mid2_3aer-mid2
2017-07-15 10:14:00,-36.990726470947266,-0.018356019631028175,-36.97825622558594,-39.69890213012695,-11.981502532958984,14.699312210083008,0.0028334553353488445,-37.75291442871094,0.2288474142551422,0.5067369937896729,1.0735741383910837,0.32401480400239185,-0.39751231749734023,-7.662489613535772e-05,2.418447731800916,1.1425560076352732,1.3154794297043968,0.8685289760208168,10404,10401,3,Box 4,mid2_3aer-mid2
2017-07-15 10:16:00,-24.249971389770508,-0.127650186419487,-24.014448165893555,-24.992891311645508,-5.364396095275879,6.3305253982543945,0.012313326820731163,-25.389484405517578,0.05850241333246231,0.2976992130279541,1.0407439192022914,0.2233820234948561,-0.26361319604369426,-0.0005127466534532443,1.8653543855315629,1.0691968864950268,1.2210134644200468,0.8755738184624948,10239,10154,0,Box 1,mid2_3aer-mid2
2017-07-15 10:16:00,-21.625516891479492,-0.2181699424982071,-21.617216110229492,-24.90919303894043,-2.946943998336792,6.100700378417969,0.13821831345558167,-21.565532684326172,0.03953837975859642,0.35579320788383484,1.1522848538931239,0.1363239256925186,-0.2822148798391159,-0.0063938997465265435,2.122530638322673,1.0455255150530451,1.2432326897702697,0.8398034532349481,9688,9520,1,Box 2,mid2_3aer-mid2
2017-07-15 10:16:00,-24.4749813079834,-0.15988753736019135,-24.468278884887695,-25.666671752929688,-4.671875,5.773266792297363,0.09700316190719604,-24.94606590270996,0.06534574925899506,0.5228486657142639,1.048977491552565,0.19093600015496692,-0.2359490456869281,-0.003964446020603751,2.1282264037281773,1.071156868901247,1.271259315981066,0.8417937518821953,10216,10124,2,Box 3,mid2_3aer-mid2
2017-07-15 10:16:00,-39.84025955200195,-0.019403403624892235,-39.82516860961914,-41.024383544921875,-13.046856880187988,14.253957748413086,-0.007884856313467026,-40.6417350769043,0.2433801144361496,0.5321635603904724,1.0301119718619365,0.3276033343503145,-0.35791329297262464,0.00019798676037363627,2.3761098360905035,1.1475400032580323,1.3232028446261783,0.8672922958008096,10404,10403,3,Box 4,mid2_3aer-mid2
2017-07-15 10:18:00,-25.02402687072754,-0.19398687779903412,-24.864837646484375,-25.543140411376953,-6.025824546813965,6.720220565795898,-0.016096530482172966,-26.329076766967773,0.06305611878633499,0.3460027277469635,1.0272794783106494,0.2423432244945663,-0.2702700640049014,0.0006473611996857254,1.9365354638881174,1.08107486314691,1.2391802733360056,0.8725324142513226,10253,10172,0,Box 1,mid2_3aer-mid2
2017-07-15 10:18:00,-21.60651206970215,-0.18881472945213318,-21.566606521606445,-24.06449317932129,-3.1753594875335693,5.602920055389404,0.0703292042016983,-21.500904083251953,0.03956630080938339,0.39172691106796265,1.115822112307914,0.14723501901191777,-0.25979610784779555,-0.003261023472036162,2.0932872470135053,1.0499461159321017,1.2469306106095488,0.8414187410464938,9664,9487,1,Box 2,mid2_3aer-mid2
2017-07-15 10:18:00,-25.55916404724121,-0.10455531626939774,-25.5060977935791,-26.445837020874023,-5.282571315765381,6.178702354431152,0.04360203444957733,-26.163806915283203,0.07325693219900131,0.6217277646064758,1.0368434814647298,0.20711011903188242,-0.24224412559637137,-0.0017094749002408705,2.1439415052860724,1.0791454719413671,1.2778538139699411,0.8441444945261299,10215,10124,2,Box 3,mid2_3aer-mid2
2017-07-15 10:18:00,-38.913597106933594,0.0008395687909796834,-38.911048889160156,-38.59067916870117,-12.729029655456543,12.417399406433105,-0.008741984143853188,-39.853607177734375,0.2377358227968216,0.5101343989372253,0.9917665440426572,0.3271315016609675,-0.31912271156550054,0.00022466586187586124,2.332593110610793,1.1499139585391096,1.3293241840019734,0.865091840184106,10404,10403,3,Box 4,mid2_3aer-mid2
2017-07-15 10:20:00,-26.16004180908203,-0.32342198491096497,-25.986961364746094,-25.84992027282715,-6.530394554138184,6.346339225769043,0.047016143798828125,-27.549266815185547,0.072752945125103,0.4014334976673126,0.9947266307462047,0.2512950453057128,-0.24421245553616933,-0.0018092205157481667,1.9032459566909423,1.084685950310163,1.240677395703122,0.8739280835824297,10292,10213,0,Box 1,mid2_3aer-mid2
2017-07-15 10:20:00,-21.680683135986328,-0.07975650578737259,-21.613332748413086,-25.177858352661133,-3.7609505653381348,7.186141490936279,0.1393362581729889,-21.53036880493164,0.04338696971535683,0.43449804186820984,1.1649226405483566,0.17401068296409233,-0.33248654963693636,-0.006446773875512568,2.213734994644233,1.0611496236431168,1.2553214498365615,0.8440827477833389,9667,9440,1,Box 2,mid2_3aer-mid2
2017-07-15 10:20:00,-26.607866287231445,-0.1252041757106781,-26.573888778686523,-27.270193099975586,-5.340604305267334,6.125423908233643,-0.08852290362119675,-27.280397415161133,0.07387181371450424,0.6464329957962036,1.026202286589514,0.20097184670675908,-0.2305053313747138,0.0033311980784407613,2.128144966187552,1.076757587549792,1.2780330642336997,0.8432003223482524,10234,10143,2,Box 3,mid2_3aer-mid2
2017-07-15 10:20:00,-38.20195770263672,-0.00017842800298240036,-38.201778411865234,-35.36307144165039,-12.860612869262695,10.020796775817871,0.001103110029362142,-39.42759323120117,0.2307969033718109,0.4749511778354645,0.9256916519239852,0.3366495276738931,-0.2623123037199964,-2.8875877881862078e-05,2.1931340784807527,1.1535015577171164,1.3268277317210797,0.8693608905463587,10404,10404,3,Box 4,mid2_3aer-mid2
2017-07-15 10:22:00,-27.0963134765625,-0.34661543369293213,-26.861385345458984,-26.74513053894043,-7.300390720367432,7.0303215980529785,0.15381565690040588,-28.627046585083008,0.085997574031353,0.520214855670929,0.9956721137687828,0.27178012085312653,-0.26172596092250183,-0.005726273699407536,1.9515973348700244,1.0955511768998887,1.250885288883866,0.8746987196145005,10326,10221,0,Box 1,mid2_3aer-mid2
2017-07-15 10:22:00,-22.089080810546875,-0.08065450936555862,-22.04041862487793,-24.358247756958008,-3.8080227375030518,6.201095104217529,-0.07524228096008301,-21.918317794799805,0.04827342554926872,0.48023971915245056,1.1051627185598347,0.1727745118190094,-0.2813510624694144,0.003413832090570279,2.1409289565291973,1.0613098307708355,1.2580980921110896,0.8442442120333532,9679,9477,1,Box 2,mid2_3aer-mid2
2017-07-15 10:22:00,-27.273006439208984,-0.1493995189666748,-27.26593589782715,-28.544931411743164,-5.669649600982666,6.929274082183838,0.019370373338460922,-27.858577728271484,0.07209128141403198,0.5893940329551697,1.0469081580431796,0.20793890328231235,-0.2541366374078286,-0.0007104239176633498,2.1764788218915188,1.080295874073908,1.2809739498156985,0.8431911124998952,10258,10172,2,Box 3,mid2_3aer-mid2
2017-07-15 10:22:00,-37.83805465698242,-0.0053208861500024796,-37.83273696899414,-35.9450569152832,-12.750925064086914,10.87529182434082,-0.012046211399137974,-39.18498611450195,0.23122060298919678,0.46225544810295105,0.9501045887425911,0.33703416845263723,-0.2874571642371,0.00031840704187169333,2.2478109884406283,1.1544909572485926,1.3286509456606446,0.8689983053222771,10404,10404,3,Box 4,mid2_3aer-mid2
2017-07-15 10:24:00,-28.32686424255371,-0.321743905544281,-28.069225311279297,-26.745830535888672,-8.057384490966797,6.69752836227417,0.0364607498049736,-29.991601943969727,0.09464293718338013,0.6455146670341492,0.9528524680645686,0.2870540354964024,-0.23860754547890445,-0.001298958082066537,1.9946294579540345,1.1096036732293981,1.2732094255099267,0.8712279110631774,10334,10232,0,Box 1,mid2_3aer-mid2
2017-07-15 10:24:00,-23.121013641357422,-0.10714580118656158,-23.067520141601562,-26.230587005615234,-4.225561141967773,7.258785724639893,0.12984536588191986,-22.987295150756836,0.05440598726272583,0.5118464231491089,1.1371222089724085,0.18318228117247143,-0.3146755644592019,-0.005628925685677966,2.2059935302991396,1.065800933482815,1.261023959257944,0.8440842445444232,9667,9536,1,Box 2,mid2_3aer-mid2
2017-07-15 10:24:00,-28.23482894897461,-0.14080862700939178,-28.1571102142334,-29.34168815612793,-6.162576675415039,7.224704265594482,0.12245196104049683,-28.942420959472656,0.07594744861125946,0.6112800240516663,1.0420703344263678,0.21886397666855778,-0.2565854289846218,-0.0043488821103037645,2.168189316012397,1.084663225257473,1.2808829414680345,0.8458978638264968,10274,10198,2,Box 3,mid2_3aer-mid2
2017-07-15 10:24:00,-38.469295501708984,-0.001718514715321362,-38.46757888793945,-33.392513275146484,-13.51298713684082,8.441315650939941,-0.0033900835551321507,-40.05809020996094,0.23813983798027039,0.46976539492607117,0.8680691153244119,0.3512824968215377,-0.21943974046860173,8.812832265212012e-05,2.044389141773909,1.1556812099368925,1.3159959306691833,0.8782011784630781,10402,10402,3,Box 4,mid2_3aer-mid2
2017-07-15 10:26:00,-29.964168548583984,-0.25980111956596375,-29.746992111206055,-26.88088607788086,-8.228086471557617,5.342090129852295,0.019888250157237053,-31.660888671875,0.10388276726007462,0.7721328735351562,0.9036504742018276,0.2766022944020983,-0.1795841884139682,-0.0006685801899577737,1.9825608206063696,1.1104261418342063,1.2871797253456825,0.8625359085524431,10349,10269,0,Box 1,mid2_3aer-mid2
2017-07-15 10:26:00,-24.2591495513916,-0.16574659943580627,-24.21488380432129,-26.31942367553711,-4.693221092224121,6.766180038452148,0.0315849743783474,-24.154956817626953,0.060715287923812866,0.5672890543937683,1.0869111955247253,0.19381557342709382,-0.2794224068704979,-0.0013043620813211754,2.177164154368929,1.0718302240015114,1.2694753768477003,0.8440468514680955,9695,9566,1,Box 2,mid2_3aer-mid2
2017-07-15 10:26:00,-29.557260513305664,-0.20149435102939606,-29.43804931640625,-29.425762176513672,-6.555451393127441,6.660590171813965,-0.11743009835481644,-30.317283630371094,0.0802154466509819,0.6562257409095764,0.999582456845466,0.22268633185683578,-0.2262578468564895,0.003989058154187736,2.193224147083821,1.0914230636201943,1.299396916110414,0.8408238422962531,10287,10194,2,Box 3,mid2_3aer-mid2
2017-07-15 10:26:00,-34.59355926513672,-0.02008499577641487,-34.57939529418945,-26.990495681762695,-12.577127456665039,5.0112104415893555,-0.022978108376264572,-36.270626068115234,0.2171734720468521,0.4206879138946533,0.7805370347105927,0.3637174438122065,-0.14491898146814178,0.000664502945342621,1.8321445534032714,1.1515093266978,1.295086085184169,0.8892900752286415,10403,10399,3,Box 4,mid2_3aer-mid2
2017-07-15 10:28:00,-30.882312774658203,-0.2155778855085373,-30.694395065307617,-27.58609962463379,-8.592534065246582,5.397222518920898,0.08701729029417038,-32.69764709472656,0.11162938177585602,0.8701167106628418,0.8987341236325193,0.27993822699420784,-0.17583739357967723,-0.002834957047049863,2.0057566638921758,1.1144918616906612,1.294531416855927,0.8602931647971866,10380,10297,0,Box 1,mid2_3aer-mid2
2017-07-15 10:28:00,-25.11646270751953,-0.17284367978572845,-25.033403396606445,-27.564180374145508,-5.06666898727417,7.544094562530518,0.05335145816206932,-25.0589656829834,0.06411420553922653,0.6417596340179443,1.1010959864672543,0.2023963268865238,-0.30136110214857487,-0.002131211205203154,2.2426060068633458,1.0770517474887464,1.276976739647878,0.8429994373054859,9783,9631,1,Box 2,mid2_3aer-mid2
2017-07-15 10:28:00,-30.137332916259766,-0.20131239295005798,-30.05403709411621,-30.97502326965332,-6.813320636749268,7.762711524963379,-0.02840389497578144,-30.910606384277344,0.08059204369783401,0.6942821145057678,1.0306443696598973,0.22670236227328322,-0.25829182612056056,0.0009450941873800911,2.2797617239849317,1.0948660765077036,1.305417462648301,0.8389208261349674,10273,10141,2,Box 3,mid2_3aer-mid2
2017-07-15 10:28:00,-31.61089515686035,0.003827103180810809,-31.608905792236328,-24.82457733154297,-11.509215354919434,4.67796516418457,0.04691951349377632,-33.36186218261719,0.20224574208259583,0.3837619423866272,0.7853664694436842,0.3641130654686788,-0.14799515856331968,-0.0014843763490432482,1.8106598720463822,1.1475441584874466,1.2865710810906292,0.8916064063796055,10402,10399,3,Box 4,mid2_3aer-mid2
2017-07-15 10:30:00,-31.31446647644043,-0.05581466108560562,-31.258798599243164,-27.884721755981445,-8.739693641662598,5.332333087921143,0.033280983567237854,-33.243595123291016,0.11325893551111221,0.7891784906387329,0.8920598397908653,0.27959147857532124,-0.1705866266951277,-0.0010646916710588816,1.9802054417095214,1.1130067795923084,1.2908352955987927,0.8620033121955255,10389,10285,0,Box 1,mid2_3aer-mid2
2017-07-15 10:30:00,-25.547508239746094,-0.19680997729301453,-25.479236602783203,-27.9050350189209,-4.941895484924316,7.439865589141846,-0.07217342406511307,-25.506393432617188,0.06507264822721481,0.6510840058326721,1.0952067973964912,0.1939577604249367,-0.29199719470102603,0.002832636879598116,2.253474746463258,1.0745943786395138,1.2805396187768407,0.8397610942554246,9799,9651,1,Box 2,mid2_3aer-mid2
2017-07-15 10:30:00,-30.936735153198242,-0.2585738003253937,-30.742332458496094,-31.250749588012695,-7.069944858551025,7.671868801116943,-0.09350129961967468,-31.626792907714844,0.07992974668741226,0.6675600409507751,1.0165381693452449,0.22997426519065697,-0.24955388585017554,0.003041451314273691,2.316330604898805,1.0996764445349871,1.31710941833372,0.8356162772514616,10287,10114,2,Box 3,mid2_3aer-mid2
2017-07-15 10:30:00,-33.257625579833984,-0.005523451138287783,-33.257179260253906,-24.995994567871094,-12.168572425842285,3.859121561050415,0.048268333077430725,-34.8718376159668,0.19938750565052032,0.3979239761829376,0.7515969926708167,0.36589313101993226,-0.11603875797619556,-0.0014513657145533987,1.7319823791223667,1.1430467001987352,1.275833642562248,0.8956047298064569,10402,10399,3,Box 4,mid2_3aer-mid2
2017-07-15 10:32:00,-31.832271575927734,-0.09432510286569595,-31.731204986572266,-28.277259826660156,-8.40371036529541,4.948763847351074,0.0010070453863590956,-33.829532623291016,0.11427084356546402,0.663078248500824,0.8911500286742828,0.2648406094449297,-0.15595890136223797,-3.173675697457079e-05,1.963435939092941,1.1054542607187674,1.2870708999449187,0.8588846246191743,10378,10261,0,Box 1,mid2_3aer-mid2
2017-07-15 10:32:00,-25.948638916015625,-0.09847346693277359,-25.885395050048828,-28.83365821838379,-5.030997276306152,7.970884323120117,0.008376538753509521,-25.910261154174805,0.06837523728609085,0.6482240557670593,1.1138968178767954,0.19435658592551167,-0.30792980282600935,-0.0003236009762976888,2.29565473463422,1.0751922270689165,1.2823341187459063,0.8383974894798893,9810,9670,1,Box 2,mid2_3aer-mid2
2017-07-15 10:32:00,-32.168331146240234,-0.3055855929851532,-31.968542098999023,-33.04304504394531,-7.615489482879639,8.688570022583008,0.0014241925673559308,-32.807960510253906,0.08547640591859818,0.6788073182106018,1.0336112882934605,0.23821822917092875,-0.271784967648489,-4.4549815900241097e-05,2.359060889802886,1.103958955734165,1.3188824874872014,0.8370308603632047,10182,9992,2,Box 3,mid2_3aer-mid2
2017-07-15 10:32:00,-30.95513153076172,0.010564508847892284,-30.948291778564453,-25.60401153564453,-11.048282623291016,5.692825794219971,0.011172713711857796,-32.56511306762695,0.17336493730545044,0.33026427030563354,0.8273157355383581,0.35699163524203276,-0.18394635852856991,-0.00036101225182097463,1.8413903279323207,1.140790781938863,1.2788799345241166,0.891944153210307,10402,10399,3,Box 4,mid2_3aer-mid2
2017-07-15 10:34:00,-31.93107032775879,-0.019040551036596298,-31.878721237182617,-29.44304656982422,-8.42770767211914,5.97161865234375,0.02041354402899742,-34.0068473815918,0.10957713425159454,0.6016213893890381,0.9235955470465953,0.264367816091954,-0.18732301305561175,-0.0006403500829375297,2.0293205394458558,1.1065923500120283,1.2909975333178698,0.8570205189285032,10377,10269,0,Box 1,mid2_3aer-mid2
2017-07-15 10:34:00,-26.466787338256836,-0.07590804249048233,-26.379377365112305,-28.453861236572266,-4.765511512756348,6.892709255218506,-0.052715301513671875,-26.477426528930664,0.06933198869228363,0.6292034983634949,1.078640337048877,0.18065287965519022,-0.2612915692240793,0.0019983525200120145,2.2062592824633787,1.0685089133024368,1.277028345809702,0.837124086751762,9836,9707,1,Box 2,mid2_3aer-mid2
2017-07-15 10:34:00,-32.59315490722656,-0.27320319414138794,-32.37004089355469,-33.42522430419922,-7.471261501312256,8.604052543640137,-0.07760398834943771,-33.1817741394043,0.08662671595811844,0.6570317149162292,1.0325976500493217,0.2308079336724761,-0.2658029855520125,0.002397401830214696,2.383613169765139,1.1019456685651419,1.3236576027436437,0.8330603584696579,10101,9869,2,Box 3,mid2_3aer-mid2
2017-07-15 10:34:00,-33.03337860107422,-0.034072618931531906,-33.00044631958008,-26.164064407348633,-11.841865539550781,4.99730920791626,0.008172167465090752,-34.66107940673828,0.17185215651988983,0.3727682828903198,0.7928396564410839,0.35883954889106884,-0.15143156723691686,-0.0002476380952358692,1.8089448053017445,1.1435506392030108,1.2830076518023976,0.8912496099705063,10402,10398,3,Box 4,mid2_3aer-mid2
2017-07-15 10:36:00,-33.52510070800781,0.11931740492582321,-33.51546096801758,-29.715152740478516,-9.503948211669922,5.640767574310303,0.06286966800689697,-35.78732681274414,0.12015868723392487,0.5821701884269714,0.8866102330863747,0.28356905941332544,-0.16830345190865906,-0.0018758405910410392,1.9516159468413155,1.1128564624568904,1.2858128455618705,0.8650806380880341,10348,10206,0,Box 1,mid2_3aer-mid2
2017-07-15 10:36:00,-27.02328109741211,-0.04522102326154709,-26.935958862304688,-29.76947784423828,-4.864947319030762,7.710448265075684,-0.01198207214474678,-27.046100616455078,0.07043413072824478,0.5915355682373047,1.1051946743246206,0.18061162841562312,-0.2862511383386059,0.0004448355983621699,2.2481652594106962,1.068434735169618,1.2767724476711448,0.836915670139367,9930,9787,1,Box 2,mid2_3aer-mid2
2017-07-15 10:36:00,-34.41245651245117,-0.36761942505836487,-34.14558029174805,-35.61164855957031,-8.182080268859863,9.677417755126953,-0.029269421473145485,-34.97749710083008,0.09580980241298676,0.6925455331802368,1.0429358416119348,0.23962336317362656,-0.283416399724345,0.000857194938783723,2.5305532335621814,1.1125539742859336,1.3454635422683747,0.8271030523593621,10061,9850,2,Box 3,mid2_3aer-mid2
2017-07-15 10:36:00,-32.10138702392578,0.060505639761686325,-32.14091491699219,-25.048498153686523,-11.64332103729248,4.536139011383057,0.014764616265892982,-33.88978958129883,0.1644539088010788,0.38754767179489136,0.7793336905925944,0.36225852637293304,-0.14113284563070067,-0.0004593713348267636,1.8028956964716527,1.146810198847434,1.2867159100204584,0.8911659457768093,10403,10398,3,Box 4,mid2_3aer-mid2
2017-07-15 10:38:00,-33.90688705444336,0.06360552459955215,-33.934226989746094,-30.81427001953125,-9.950757026672363,6.786729335784912,0.044068966060876846,-36.28489685058594,0.12264629453420639,0.5192112922668457,0.9080586539404256,0.29323657541332504,-0.19999657102640978,-0.0012986583273408847,2.0098658189941387,1.1193100461135572,1.2920746976130728,0.8660007242229717,10324,10182,0,Box 1,mid2_3aer-mid2
2017-07-15 10:38:00,-27.547752380371094,-0.08587787300348282,-27.486757278442383,-28.631961822509766,-4.867803573608398,6.123826503753662,-0.11081637442111969,-27.528579711914062,0.07273762673139572,0.5598318576812744,1.041663917987072,0.17709631676532692,-0.2227918624303886,0.0040316276779897575,2.1661328841154597,1.0679118371213205,1.2806177409324133,0.8347356502020479,9902,9752,1,Box 2,mid2_3aer-mid2
2017-07-15 10:38:00,-35.46550369262695,-0.4093504846096039,-35.16752243041992,-37.209808349609375,-8.33924674987793,10.48818302154541,-0.10665061324834824,-36.01996612548828,0.09353780001401901,0.6891134977340698,1.0580730847236357,0.23712919696748738,-0.2982349266262592,0.003032644935136164,2.5631665048814942,1.1112361055008633,1.3451795986353379,0.8268307438555368,9997,9766,2,Box 3,mid2_3aer-mid2
2017-07-15 10:38:00,-33.158592224121094,0.01175474189221859,-33.15779495239258,-25.6019229888916,-12.16065502166748,4.587517738342285,0.017263272777199745,-35.018653869628906,0.15639998018741608,0.4340468645095825,0.7721237354431362,0.3667510292946661,-0.13835412479887957,-0.000520639938922679,1.8038197750622338,1.1503886460582962,1.2900337551193466,0.8916325801262149,10401,10396,3,Box 4,mid2_3aer-mid2
2017-07-15 10:40:00,-35.53028106689453,-0.08199366182088852,-35.436607360839844,-32.696441650390625,-9.535016059875488,6.802008152008057,-0.007160484790802002,-37.912376403808594,0.12002573162317276,0.5366328954696655,0.9226740700937935,0.26907247234914305,-0.19194860708134043,0.0002020646384038316,2.0058568513167474,1.1068243982474943,1.2859128268739666,0.8607742434537534,10327,10183,0,Box 1,mid2_3aer-mid2
2017-07-15 10:40:00,-27.312646865844727,-0.11439087241888046,-27.212268829345703,-29.035213470458984,-5.005756378173828,6.7308549880981445,0.09784103184938431,-27.202167510986328,0.07385053485631943,0.5282297134399414,1.0669896177868028,0.18395216897208863,-0.24734631196361462,-0.0035954747952768318,2.2066726360549205,1.0706085727851877,1.2805176942896923,0.8353318303116891,9943,9751,1,Box 2,mid2_3aer-mid2
2017-07-15 10:40:00,-35.26155090332031,-0.56670743227005,-34.870506286621094,-35.412689208984375,-8.523927688598633,9.028761863708496,0.037348423153162,-35.82001876831055,0.09204477071762085,0.5857056379318237,1.01554845798464,0.24444518965108555,-0.2589225872028448,-0.0010710604328808548,2.3848498220209193,1.110268281574062,1.330129682030192,0.8344517890199172,9933,9663,2,Box 3,mid2_3aer-mid2
2017-07-15 10:40:00,-32.70454025268555,-0.021344473585486412,-32.68758010864258,-23.234922409057617,-12.033438682556152,2.597839117050171,-0.017057547345757484,-34.68579864501953,0.12855800986289978,0.4545644521713257,0.7108181061110245,0.3681348585887091,-0.07947480038877389,0.0005218356890403231,1.7156891383136117,1.150027518143945,1.288066820857445,0.8929501379912639,10401,10396,3,Box 4,mid2_3aer-mid2
2017-07-15 10:42:00,-35.51621627807617,-0.0883079469203949,-35.512996673583984,-33.615089416503906,-9.152599334716797,7.276705741882324,-0.02201303094625473,-38.06184768676758,0.11585500836372375,0.5163276195526123,0.9465574288264285,0.25772535341705083,-0.2049026408116757,0.0006198585681964075,2.0826475721400874,1.1050343974654593,1.29479675899915,0.8535790402888432,10332,10202,0,Box 1,mid2_3aer-mid2
2017-07-15 10:42:00,-27.196502685546875,-0.2749721109867096,-27.023513793945312,-29.211503982543945,-4.86918830871582,7.131394386291504,-0.07421672344207764,-26.994096755981445,0.07166324555873871,0.5019556283950806,1.0809661325433861,0.18018337586166874,-0.2638958841123999,0.0027463757073449835,2.221451853546162,1.0687841211100304,1.2790604722950554,0.8361659494006105,9962,9781,1,Box 2,mid2_3aer-mid2
2017-07-15 10:42:00,-36.755123138427734,-0.4468648433685303,-36.38016128540039,-36.505191802978516,-9.475072860717773,9.666675567626953,-0.06656930595636368,-37.197166442871094,0.10320346802473068,0.5841693878173828,1.0034368613391527,0.2604461303106273,-0.26571281586650025,0.0018298242167202883,2.4206591493492766,1.1215684172518683,1.3413420656664936,0.8366033544366236,9893,9632,2,Box 3,mid2_3aer-mid2
2017-07-15 10:42:00,-31.808876037597656,-0.005476606544107199,-31.803544998168945,-22.207386016845703,-11.86154556274414,2.269699811935425,-0.004316631238907576,-33.78788375854492,0.10348065197467804,0.46592870354652405,0.6982675606099847,0.3729629681445009,-0.07136625674735843,0.00013572799287277226,1.7006803721891441,1.1523669866835249,1.2885248637543358,0.8943611947437867,10402,10399,3,Box 4,mid2_3aer-mid2
2017-07-15 10:44:00,-35.970115661621094,0.004406743682920933,-35.90495300292969,-32.584716796875,-10.133368492126465,6.704761028289795,0.10837553441524506,-38.707645416259766,0.12073173373937607,0.6028994917869568,0.9075271411673198,0.28222764503262615,-0.18673638525178793,-0.0030184009481580287,2.0592194308728327,1.118866988957441,1.3038345831198308,0.8574487602811667,10325,10205,0,Box 1,mid2_3aer-mid2
2017-07-15 10:44:00,-27.434490203857422,-0.26761674880981445,-27.19512176513672,-29.625,-5.076291084289551,7.553813934326172,-0.04764759913086891,-27.21197509765625,0.07492277026176453,0.5089514851570129,1.0893496905039182,0.18666182083455848,-0.27776357568540044,0.0017520643469237651,2.231661588879193,1.0711961747697643,1.2784325401709231,0.8382587651254962,9991,9801,1,Box 2,mid2_3aer-mid2
2017-07-15 10:44:00,-37.22028350830078,-0.0587024912238121,-37.132232666015625,-36.72603988647461,-10.29690170288086,9.859030723571777,0.031677812337875366,-37.76805877685547,0.10989052802324295,0.598280668258667,0.9890609000775091,0.2773035819610422,-0.26551137384637796,-0.0008531081921733796,2.548452815194382,1.1401290287095533,1.3706398380053293,0.8315987777696615,9892,9650,2,Box 3,mid2_3aer-mid2
2017-07-15 10:44:00,-31.219575881958008,-0.005247487686574459,-31.214515686035156,-19.050983428955078,-12.150289535522461,0.00021140994795132428,-0.013452250510454178,-33.369773864746094,0.08150479942560196,0.4780595004558563,0.6103245220995651,0.3892512893521771,-6.772808924069768e-06,0.0004309613571818343,1.5733322310385112,1.1554837192558671,1.2808402453588557,0.9022256955324282,10404,10399,3,Box 4,mid2_3aer-mid2
2017-07-15 10:46:00,-36.99534225463867,-0.13370896875858307,-36.862396240234375,-32.24430465698242,-11.371916770935059,6.860185146331787,-0.10636214166879654,-39.8819465637207,0.1400415301322937,0.7933793663978577,0.8747207313258742,0.30849638769219445,-0.1861025021372904,0.002885383119221707,2.0452323091026328,1.1344786747630478,1.3134572574169165,0.8644145482794401,10327,10189,0,Box 1,mid2_3aer-mid2
2017-07-15 10:46:00,-28.195329666137695,-0.21016882359981537,-27.999059677124023,-29.748306274414062,-5.364802360534668,7.14660120010376,-0.03255188465118408,-27.995534896850586,0.08746260404586792,0.6020233035087585,1.0624752217827806,0.1916064995500322,-0.2552443276625355,0.001162606329722704,2.19598551714031,1.0735065141407085,1.2799127723483341,0.8389748067338659,10001,9797,1,Box 2,mid2_3aer-mid2
2017-07-15 10:46:00,-39.2647590637207,-0.06113161891698837,-39.23847961425781,-37.22267150878906,-11.409348487854004,9.474082946777344,-0.08054696023464203,-39.995269775390625,0.12438049167394638,0.6378850340843201,0.9486266596666415,0.2907693505176124,-0.24144876402669135,0.0020527538424374714,2.633537970044116,1.1599815404617415,1.4053075203603034,0.8260057032599293,9867,9656,2,Box 3,mid2_3aer-mid2
2017-07-15 10:46:00,-30.75714111328125,-0.0022105243988335133,-30.754413604736328,-22.1942195892334,-11.746162414550781,3.1782801151275635,0.007686648517847061,-32.862369537353516,0.06200962886214256,0.4910304844379425,0.7216596436094247,0.3819341567311068,-0.10334386391004377,-0.00024993643048773495,1.7330140991285683,1.1566242888443996,1.2891464959798078,0.8971446406516483,10402,10401,3,Box 4,mid2_3aer-mid2
2017-07-15 10:48:00,-36.40936279296875,-0.16850093007087708,-36.21659851074219,-31.75275421142578,-11.451791763305664,7.025162696838379,-0.037214700132608414,-39.438697814941406,0.14590713381767273,0.8764033317565918,0.8767459009186731,0.3162028529985999,-0.19397631322808923,0.0010275593108162173,2.0333360436183336,1.136523964807344,1.3097222440881187,0.8680001550220063,10316,10160,0,Box 1,mid2_3aer-mid2
2017-07-15 10:48:00,-29.08649444580078,-0.28272461891174316,-28.857986450195312,-31.319604873657227,-5.87715482711792,8.314247131347656,0.02452320232987404,-28.861162185668945,0.09851739555597305,0.6530925035476685,1.0853010193643882,0.20365782722983905,-0.288109057520186,-0.0008497890740412073,2.309774677767152,1.0817131316518949,1.2931971968365246,0.8362814352054059,10032,9843,1,Box 2,mid2_3aer-mid2
2017-07-15 10:48:00,-41.1765251159668,-0.09478770941495895,-41.12080764770508,-38.01502990722656,-12.452998161315918,9.23117733001709,0.11604177206754684,-42.117271423339844,0.141762837767601,0.7011864185333252,0.9244718206675856,0.3028393499308555,-0.2244891984564521,-0.002821972141988982,2.6361955749616595,1.172066150922923,1.4183725648471464,0.8255311275709539,9852,9613,2,Box 3,mid2_3aer-mid2
2017-07-15 10:48:00,-32.951473236083984,0.00083884596824646,-32.94865036010742,-24.750070571899414,-12.779528617858887,4.580833435058594,0.00011526706657605246,-34.892940521240234,0.05878235772252083,0.5037125945091248,0.751171028025807,0.38786196427280706,-0.13902949391363328,-3.498384980815672e-06,1.7702537267353202,1.1588726457727772,1.2884457984524436,0.8994337361234328,10403,10397,3,Box 4,mid2_3aer-mid2
2017-07-15 10:50:00,-37.63273620605469,-0.14992113411426544,-37.51569366455078,-30.5555362701416,-12.411870956420898,5.472374439239502,-0.020661987364292145,-40.78856658935547,0.16496121883392334,0.9484047889709473,0.8144734439503125,0.3308447494199726,-0.1458689492132272,0.0005507558429420911,1.918166668490298,1.1414455373918917,1.3054935620136963,0.8744686080801514,10307,10174,0,Box 1,mid2_3aer-mid2
2017-07-15 10:50:00,-29.787015914916992,-0.36869505047798157,-29.51899528503418,-32.25566482543945,-6.006343364715576,8.566397666931152,0.17661817371845245,-29.56992530822754,0.10137274861335754,0.6633711457252502,1.0927088603103126,0.20347384774383057,-0.2901995036784809,-0.005983204375662243,2.31781209166671,1.0814107855682034,1.2923136930803023,0.8355191600033146,10055,9872,1,Box 2,mid2_3aer-mid2
2017-07-15 10:50:00,-42.949405670166016,-0.13568216562271118,-42.84383010864258,-39.105796813964844,-13.328083992004395,9.631022453308105,-0.040970828384160995,-44.05470275878906,0.1613105684518814,0.7269824743270874,0.9127521357665215,0.3110852684257028,-0.22479368718687048,0.0009562829946462292,2.6180548271041473,1.178224380497271,1.4211637429506994,0.8293347382362255,9813,9585,2,Box 3,mid2_3aer-mid2
2017-07-15 10:50:00,-31.938241958618164,-0.02396463416516781,-31.911527633666992,-20.870197296142578,-13.307558059692383,2.266818046569824,-0.0005904709687456489,-33.95048141479492,0.05188017711043358,0.4976295232772827,0.6540018190159571,0.41701413861742553,-0.07103446100952489,1.8503376142245398e-05,1.575011892222325,1.1558393955733568,1.260526948696075,0.9169533015478025,10403,10394,3,Box 4,mid2_3aer-mid2
2017-07-15 10:52:00,-36.18671798706055,-0.3577546775341034,-35.927642822265625,-30.893186569213867,-11.081939697265625,5.987799167633057,0.05968765169382095,-39.4741096496582,0.1811080276966095,1.094319224357605,0.8598724247962054,0.3084516240878634,-0.16666271947892092,-0.0016613294051479044,2.0826187729104646,1.1406319023473717,1.3289556390163972,0.8578865091780491,10330,10210,0,Box 1,mid2_3aer-mid2
2017-07-15 10:52:00,-30.017162322998047,-0.3314695954322815,-29.720500946044922,-32.23257827758789,-5.959144592285156,8.375763893127441,0.0954580307006836,-29.816354751586914,0.09642921388149261,0.6282820105552673,1.0845233736822795,0.20050621629113116,-0.281817731491205,-0.003211858482205676,2.3104916538910762,1.0804900132337134,1.2935590250518927,0.834594397763998,10069,9897,1,Box 2,mid2_3aer-mid2
2017-07-15 10:52:00,-43.161338806152344,-0.1935991793870926,-43.01786804199219,-38.52675247192383,-14.016096115112305,9.583901405334473,-0.05892018973827362,-44.264041900634766,0.1681426763534546,0.8085848093032837,0.8955988397733284,0.32582032539704076,-0.22278883287009793,0.0013696676997287383,2.5935789402603033,1.1892924254379211,1.4257698593650823,0.8345458846775601,9848,9642,2,Box 3,mid2_3aer-mid2
2017-07-15 10:52:00,-27.670337677001953,-0.02716965228319168,-27.645160675048828,-17.589313507080078,-12.308062553405762,2.2644078731536865,-0.01219069492071867,-29.74102020263672,0.03876733034849167,0.438876211643219,0.6362529661405663,0.44521580124693605,-0.08190973768225275,0.00044097029475044514,1.5100715426056266,1.1551182550982224,1.241014672644213,0.930873964937597,10401,10393,3,Box 4,mid2_3aer-mid2
2017-07-15 10:54:00,-37.8392219543457,-0.5103018283843994,-37.39706039428711,-32.152503967285156,-11.84432601928711,6.585808277130127,0.013960961252450943,-41.04024124145508,0.19750793278217316,1.2359462976455688,0.8597602028846659,0.31671809254159783,-0.176104978363667,-0.00037331706259674524,2.0505340056044505,1.1414127277648862,1.3210291085972914,0.8639431887505575,10356,10209,0,Box 1,mid2_3aer-mid2
2017-07-15 10:54:00,-30.09739112854004,-0.323622465133667,-29.84577751159668,-32.45193099975586,-5.589974880218506,8.191487312316895,0.004639170598238707,-29.94492530822754,0.09428036212921143,0.5708473324775696,1.0873206115790426,0.18729533225036188,-0.2744605057389221,-0.00015543809048235158,2.224996615422836,1.0713082183764164,1.2778464449284967,0.8383381243889099,10066,9873,1,Box 2,mid2_3aer-mid2
2017-07-15 10:54:00,-42.43881607055664,-0.24184666574001312,-42.28559875488281,-36.21561050415039,-13.240852355957031,7.173018455505371,-0.0021545381750911474,-43.565425872802734,0.1726512312889099,0.8237504959106445,0.8564526086483426,0.3131290866548081,-0.169632647361631,5.0952058480296936e-05,2.4453548659115163,1.1775820253763505,1.4162618651891925,0.8314867016053401,9844,9626,2,Box 3,mid2_3aer-mid2
2017-07-15 10:54:00,-28.340883255004883,-0.010810722596943378,-28.33030128479004,-19.167091369628906,-12.282576560974121,3.1173903942108154,0.0019773629028350115,-30.285022735595703,0.04412573203444481,0.4040061831474304,0.6765580050717156,0.43354911424395276,-0.11003732256963755,-6.979674603080355e-05,1.5605248321983214,1.1532553069965552,1.2451524418622242,0.9261819031353674,10401,10395,3,Box 4,mid2_3aer-mid2
2017-07-15 10:56:00,-37.75758743286133,-0.27924811840057373,-37.483211517333984,-30.018850326538086,-12.783981323242188,5.351166248321533,-0.031547728925943375,-40.996585845947266,0.19826871156692505,1.2292240858078003,0.8008611172886626,0.3410589087601984,-0.14276167570221687,0.0008416496533558693,1.9027260082269466,1.146801671566125,1.3070181172612718,0.8776160923816635,10365,10215,0,Box 1,mid2_3aer-mid2
2017-07-15 10:56:00,-30.391895294189453,-0.27680912613868713,-30.158702850341797,-33.044647216796875,-5.776254653930664,8.628119468688965,0.03408277407288551,-30.275062561035156,0.09916961193084717,0.5925779342651367,1.0956920016849294,0.19152862491240066,-0.2860905125434691,-0.0011301140538609311,2.2928142256645563,1.0752179660977812,1.2871585502781366,0.8351040114657752,10106,9911,1,Box 2,mid2_3aer-mid2
2017-07-15 10:56:00,-42.55666732788086,-0.1856330931186676,-42.41233444213867,-35.934326171875,-12.824627876281738,6.331840991973877,0.01478041522204876,-43.69178771972656,0.17779551446437836,0.7006458044052124,0.8472612445839911,0.3023796953349851,-0.14929244659463917,-0.0003484933243370347,2.3802056796099063,1.1673608175435641,1.4065959645531556,0.8298204034781964,9866,9678,2,Box 3,mid2_3aer-mid2
2017-07-15 10:56:00,-29.791194915771484,-0.0016186335124075413,-29.789751052856445,-23.144405364990234,-12.566888809204102,5.894531726837158,0.027013292536139488,-31.779190063476562,0.05393165722489357,0.4042109549045563,0.7769251750139147,0.42185276517100984,-0.19787114194761468,-0.0009067982373098249,1.6944960043348802,1.1539365090701768,1.2539145938735738,0.920078426813481,10404,10397,3,Box 4,mid2_3aer-mid2
2017-07-15 10:58:00,-37.623085021972656,-0.35624960064888,-37.21834182739258,-30.794540405273438,-13.491044998168945,7.094426155090332,-0.02717999368906021,-40.890480041503906,0.2039460390806198,1.271146297454834,0.8274023062969141,0.3624837867265684,-0.19061637791171185,0.0007302848882293211,1.9198559759646567,1.15358552665751,1.3005279082936707,0.8871835124185103,10331,10201,0,Box 1,mid2_3aer-mid2
2017-07-15 10:58:00,-30.104629516601562,-0.20178534090518951,-29.88498878479004,-31.786285400390625,-5.141139984130859,7.006605625152588,0.03582971915602684,-29.940475463867188,0.09426620602607727,0.5325127840042114,1.0636204049208,0.17203085695166825,-0.23445234158719275,-0.0011989202852755176,2.210178928469883,1.0662375941769027,1.2821588696934612,0.8313477704372749,10136,9952,1,Box 2,mid2_3aer-mid2
2017-07-15 10:58:00,-42.48379898071289,-0.1607481986284256,-42.366817474365234,-37.42866134643555,-12.866629600524902,7.990590572357178,-0.06211800500750542,-43.71308898925781,0.16933593153953552,0.5721283555030823,0.8834428216240623,0.3036959258026004,-0.18860494202597136,0.0014661945993086622,2.3735658751699282,1.1601783131231744,1.3856173330492993,0.8377011512813292,9945,9769,2,Box 3,mid2_3aer-mid2
2017-07-15 10:58:00,-32.81128692626953,-0.0001252391521120444,-32.81360626220703,-25.79236602783203,-13.734993934631348,6.701747894287109,0.012010251171886921,-35.02423858642578,0.06814409792423248,0.41676175594329834,0.7860266729879635,0.4185762094105171,-0.20423686802317434,-0.0003660143753062284,1.751225741742791,1.1608937556429269,1.2682212548595995,0.9152920217407785,10404,10401,3,Box 4,mid2_3aer-mid2
2017-07-15 11:00:00,-36.83415603637695,-0.4115237593650818,-36.44200134277344,-32.065391540527344,-12.683459281921387,8.222872734069824,0.08397512137889862,-40.06368637084961,0.20889505743980408,1.3319040536880493,0.8799020253414207,0.3480450568576552,-0.2256427326085165,-0.0023043495905593903,2.005547099459949,1.147556487466564,1.3016520100388589,0.8810799995154085,10360,10207,0,Box 1,mid2_3aer-mid2
2017-07-15 11:00:00,-29.78392791748047,-0.08736521005630493,-29.674997329711914,-31.47205352783203,-5.424057960510254,7.222527503967285,-0.0014103775611147285,-29.620393753051758,0.09368434548377991,0.47557470202445984,1.060558021051424,0.1827820987358044,-0.24338764726133585,4.752747410741165e-05,2.2434363832788056,1.0721095223238049,1.2891165290717188,0.8316722643158885,10178,9968,1,Box 2,mid2_3aer-mid2
2017-07-15 11:00:00,-42.597740173339844,-0.22238731384277344,-42.42941665649414,-36.403133392333984,-13.14023494720459,6.973991394042969,0.13995929062366486,-43.82282257080078,0.16404558718204498,0.47428491711616516,0.8579692221136379,0.30969631102692396,-0.16436689471817653,-0.0032986384223853416,2.2976208896197012,1.161995130208293,1.381534779485664,0.8401938195061013,10021,9800,2,Box 3,mid2_3aer-mid2
2017-07-15 11:00:00,-33.92314147949219,0.005658161360770464,-33.9282112121582,-27.32721519470215,-14.292119979858398,7.668036937713623,0.023087963461875916,-36.30290222167969,0.07486622780561447,0.4396369457244873,0.8054422718682945,0.4212459724184609,-0.22600774966573808,-0.0006804946210173524,1.7780073592061594,1.1624052755375147,1.2689231684273956,0.9159080122544638,10404,10402,3,Box 4,mid2_3aer-mid2
2017-07-15 11:02:00,-39.39609146118164,-0.32505103945732117,-39.18641662597656,-34.90620040893555,-13.845046043395996,9.416082382202148,0.14874696731567383,-42.48045349121094,0.2091626077890396,1.1885247230529785,0.8907729924788056,0.35331235990256127,-0.2402894715106923,-0.0037958808706745617,1.9498374447661104,1.1415944767207946,1.2838650690909372,0.8883427235076613,10371,10221,0,Box 1,mid2_3aer-mid2
2017-07-15 11:02:00,-30.095600128173828,-0.2674350142478943,-29.8761043548584,-32.42087173461914,-5.293866157531738,7.780026435852051,0.0586063489317894,-29.912803649902344,0.09577722102403641,0.4586697518825531,1.0851773179922675,0.17719398799751074,-0.2604096597624428,-0.001961646227335412,2.2639222013012126,1.0689857409714465,1.285294401041792,0.8312955812328929,10189,9993,1,Box 2,mid2_3aer-mid2
2017-07-15 11:02:00,-43.471702575683594,-0.23536700010299683,-43.300148010253906,-38.20631408691406,-13.706365585327148,8.552705764770508,0.05982467532157898,-44.793540954589844,0.17014054954051971,0.47062352299690247,0.8823598824680083,0.3165431420600519,-0.19752139700693913,-0.0013816275211211149,2.525900254477883,1.180817048890095,1.4191316978033557,0.8316677781045339,10030,9804,2,Box 3,mid2_3aer-mid2
2017-07-15 11:02:00,-36.33854675292969,0.003101543989032507,-36.341651916503906,-32.07243347167969,-14.558643341064453,10.2753267288208,0.014098905958235264,-38.75745391845703,0.08154705166816711,0.45721596479415894,0.8825254988403965,0.4006048527365035,-0.28274239717590044,-0.00038795440099959055,1.9510592929968635,1.1638077514856944,1.2871711325226514,0.904070753917706,10404,10404,3,Box 4,mid2_3aer-mid2
2017-07-15 11:04:00,-39.15569305419922,-0.3527229130268097,-38.8198127746582,-34.97267150878906,-13.567904472351074,9.717489242553711,0.0032745543867349625,-42.21818923950195,0.1953531801700592,0.9663819670677185,0.9008974712887543,0.34950975605737866,-0.25032287468873793,-8.435265739503706e-05,1.9506760315669458,1.138386466546356,1.280468542060383,0.889020455630622,10358,10227,0,Box 1,mid2_3aer-mid2
2017-07-15 11:04:00,-30.751163482666016,-0.1517210155725479,-30.648237228393555,-32.5654411315918,-5.663829803466797,7.592553615570068,-0.011521064676344395,-30.536212921142578,0.10657022148370743,0.49651044607162476,1.0625550352746733,0.18480116834355179,-0.24773211639627263,0.0003759127780475213,2.2718045290618223,1.0739653916246126,1.2935906373098953,0.8303007855104296,10199,10010,1,Box 2,mid2_3aer-mid2
2017-07-15 11:04:00,-46.282676696777344,-0.40987199544906616,-46.0201416015625,-40.228641510009766,-14.747214317321777,9.082503318786621,-0.12678946554660797,-47.602333068847656,0.19255730509757996,0.6314101815223694,0.8741529048125679,0.3204513042269729,-0.19735929532508492,0.002755086285544134,2.5239043778811006,1.184941575506049,1.4233740930570458,0.833297901101615,10025,9770,2,Box 3,mid2_3aer-mid2
2017-07-15 11:04:00,-40.42250061035156,0.0005510839982889593,-40.42305374145508,-36.75828552246094,-16.030864715576172,12.364673614501953,0.0014263842022046447,-42.67042541503906,0.09941955655813217,0.5322291851043701,0.9093396563489597,0.39657737277466654,-0.30588174271658664,-3.528640703964747e-05,2.0192623369591645,1.1656003948534686,1.2938186154033957,0.9008911960743345,10404,10404,3,Box 4,mid2_3aer-mid2
2017-07-15 11:06:00,-41.67845153808594,-0.4676073491573334,-41.31105041503906,-34.74138259887695,-15.160634994506836,8.587688446044922,0.0032815083395689726,-45.07257080078125,0.21752101182937622,1.2013486623764038,0.8409706939420525,0.3669874691549634,-0.2078787289448312,-7.943415218467087e-05,2.0717063136869758,1.1722507720619781,1.3346954170436174,0.8782707082880014,10336,10197,0,Box 1,mid2_3aer-mid2
2017-07-15 11:06:00,-31.53000831604004,-0.1671702265739441,-31.38819122314453,-33.75114822387695,-6.03027868270874,8.34156322479248,0.05167794227600098,-31.330636978149414,0.11058681458234787,0.5331332683563232,1.0752819056970218,0.19211936423296486,-0.2657548563421645,-0.001646413587822082,2.319752839254346,1.0780689118966642,1.2980324589600638,0.8301841833965403,10166,10009,1,Box 2,mid2_3aer-mid2
2017-07-15 11:06:00,-46.42037582397461,-0.4512772560119629,-46.11429214477539,-41.01230239868164,-15.409637451171875,10.253809928894043,0.053843192756175995,-47.8337287902832,0.18670135736465454,0.757472574710846,0.8893621861594185,0.33416188434536426,-0.22235646725368882,-0.0011676032510939682,2.5701150207882524,1.1940325318161067,1.4244604556709488,0.837888750115837,10018,9788,2,Box 3,mid2_3aer-mid2
2017-07-15 11:06:00,-42.047462463378906,-0.0009376807720400393,-42.0465202331543,-39.254852294921875,-16.230876922607422,13.431971549987793,0.007229191716760397,-44.46607971191406,0.11329733580350876,0.5676292181015015,0.9336051095171976,0.38602183632096376,-0.3194550126712745,-0.00017193316688679516,2.1133031830871523,1.1672978840152883,1.3062430819973179,0.8935888610926409,10404,10404,3,Box 4,mid2_3aer-mid2
2017-07-15 11:08:00,-42.94396209716797,-0.5402262210845947,-42.5128059387207,-34.1407470703125,-15.67112922668457,7.088080883026123,0.21098822355270386,-46.67721939086914,0.24822160601615906,1.4658522605895996,0.8030696573307756,0.36862142020062233,-0.16672814416991974,-0.004962933361478211,2.0863002301578963,1.183857560720835,1.356953631795352,0.8711170881528221,10348,10158,0,Box 1,mid2_3aer-mid2
2017-07-15 11:08:00,-32.2653694152832,-0.3198201060295105,-32.024192810058594,-35.16412353515625,-5.928744792938232,9.05667495727539,0.012001927010715008,-32.09819412231445,0.10625360161066055,0.5157737731933594,1.0980487296743962,0.18513330965609429,-0.2828072624057835,-0.00037477692470694324,2.3325292951605983,1.0740097137655262,1.2931855191844792,0.8304347775369764,10186,10036,1,Box 2,mid2_3aer-mid2
2017-07-15 11:08:00,-47.35965347290039,-0.3360854387283325,-47.11626052856445,-41.20820236206055,-16.354511260986328,10.409123420715332,0.03732336685061455,-48.82366180419922,0.1911432445049286,0.8555248975753784,0.8746066848713361,0.34710967671145554,-0.22092420700725193,-0.0007921545755396886,2.6059882024943097,1.2093292784041454,1.44057859105168,0.8392319810837524,10038,9852,2,Box 3,mid2_3aer-mid2
2017-07-15 11:08:00,-44.85478210449219,-0.0004953701281920075,-44.85429000854492,-41.36065673828125,-17.308305740356445,13.81489372253418,-0.00021955477131996304,-47.459625244140625,0.13299643993377686,0.6203294396400452,0.9221115284079326,0.385878514016583,-0.30799493726971916,4.894845203495812e-06,2.142855830434533,1.1728858846623884,1.317195895354162,0.8904426976287543,10404,10404,3,Box 4,mid2_3aer-mid2
2017-07-15 11:10:00,-46.14952850341797,-0.3778981864452362,-45.752403259277344,-35.59507751464844,-16.93770980834961,6.867236614227295,-0.08685454726219177,-50.073951721191406,0.2797544002532959,1.6664795875549316,0.777993608440511,0.37020369068891845,-0.15009565944221226,0.0018983603127827875,2.121441137773947,1.1959491610736679,1.3802122379937352,0.8670267810387621,10300,10073,0,Box 1,mid2_3aer-mid2
2017-07-15 11:10:00,-32.540748596191406,-0.3376559317111969,-32.220340728759766,-35.62594223022461,-5.437897682189941,8.998196601867676,-0.1546979695558548,-32.35070037841797,0.09475202858448029,0.4290136694908142,1.1056972208632607,0.16877218966850327,-0.2792706620432459,0.004801251511481919,2.288678047536853,1.0652297117162974,1.2835228596789756,0.8309217679641842,10165,10018,1,Box 2,mid2_3aer-mid2
2017-07-15 11:10:00,-46.810115814208984,-0.31063321232795715,-46.57353210449219,-40.10377883911133,-16.301605224609375,9.945672988891602,-0.11383005976676941,-48.42934799194336,0.1897781491279602,0.8455083966255188,0.8610850400277587,0.3500186235215978,-0.2135477566240244,0.002444093074667947,2.5252214914514277,1.2071589578328281,1.431309470083751,0.8441342932351584,10094,9897,2,Box 3,mid2_3aer-mid2
2017-07-15 11:10:00,-45.01496124267578,-0.0019353528041392565,-45.013023376464844,-40.66577911376953,-17.8104305267334,13.464699745178223,-0.001512250630185008,-47.82796096801758,0.14513564109802246,0.6036877036094666,0.9034224887251875,0.3956728630233646,-0.2991289475899695,3.35958414174331e-05,2.070689924926525,1.1728017866133635,1.3080854529087609,0.8965869667282237,10404,10404,3,Box 4,mid2_3aer-mid2
2017-07-15 11:12:00,-45.24108123779297,-0.49588334560394287,-44.80215072631836,-36.9002799987793,-15.853279113769531,7.928030490875244,0.023378154262900352,-49.17835235595703,0.2766789495944977,1.6641366481781006,0.8236274339879492,0.35385084759567503,-0.1769564728872298,-0.0005218086963944824,2.226513378149947,1.187611086005313,1.3825751172341127,0.8588396650931988,10274,10051,0,Box 1,mid2_3aer-mid2
2017-07-15 11:12:00,-33.30549240112305,-0.35044097900390625,-32.99603271484375,-36.29669952392578,-5.314034461975098,8.657864570617676,-0.043167080730199814,-33.130802154541016,0.09238301217556,0.36764955520629883,1.1000320707512468,0.16105069848690307,-0.2623910197210147,0.00130825048286487,2.2199585190758993,1.0601159989289761,1.2733562605973374,0.8328000866429006,10133,10005,1,Box 2,mid2_3aer-mid2
2017-07-15 11:12:00,-46.43896484375,-0.15575923025608063,-46.315975189208984,-41.57133102416992,-15.760652542114258,10.837287902832031,0.17871828377246857,-48.02372741699219,0.18288175761699677,0.7575399279594421,0.897559198978865,0.3402854269370987,-0.23398595138786027,-0.0038586745281034562,2.5908704042093866,1.1977699304012175,1.4241129841050115,0.8399172136231317,10122,9938,2,Box 3,mid2_3aer-mid2
2017-07-15 11:12:00,-44.24879837036133,-0.0032894706819206476,-44.245506286621094,-42.743106842041016,-17.14729118347168,15.646260261535645,-0.0013738672714680433,-46.92483901977539,0.1508634239435196,0.5491561889648438,0.9660438648408942,0.38754877040875546,-0.3536236862470847,3.1050997435000394e-05,2.147363992129768,1.1656695768343655,1.30173929553419,0.895478169549162,10404,10404,3,Box 4,mid2_3aer-mid2
2017-07-15 11:14:00,-44.57263946533203,-0.361710786819458,-44.240753173828125,-37.42381286621094,-14.945815086364746,8.08019733428955,0.04868389666080475,-48.5262451171875,0.26280876994132996,1.4889044761657715,0.8459127623872699,0.3378291538108268,-0.18264148507333713,-0.001100431124759521,2.2592020599607454,1.1767355828610182,1.378721623963474,0.8531960076513369,10283,10077,0,Box 1,mid2_3aer-mid2
2017-07-15 11:14:00,-33.945838928222656,-0.2885630130767822,-33.623409271240234,-37.808467864990234,-5.590243816375732,9.783957481384277,-0.008654055185616016,-33.84186553955078,0.08963099122047424,0.33731546998023987,1.1244686332504406,0.16626047969256694,-0.2909864947927527,0.0002573818497451641,2.265589192227279,1.0623264584786192,1.2743496207101257,0.8336744728278014,10142,9976,1,Box 2,mid2_3aer-mid2
2017-07-15 11:14:00,-46.83916473388672,-0.24486228823661804,-46.679283142089844,-43.189517974853516,-15.133869171142578,11.36738395690918,0.2767130434513092,-48.0051383972168,0.16493086516857147,0.6109902858734131,0.9252394117762149,0.3242094984104432,-0.2435209478092612,-0.005927962377396956,2.4095288915550714,1.1665830665575216,1.3727693985452796,0.8482080803931557,10229,9997,2,Box 3,mid2_3aer-mid2
2017-07-15 11:14:00,-46.17060089111328,-0.0016483154613524675,-46.1689567565918,-44.985679626464844,-17.948394775390625,16.77060317993164,-0.005492395721375942,-48.5715446472168,0.1617639809846878,0.5238960981369019,0.974370616214294,0.38875460580157095,-0.36324418499296157,0.00011896297709662607,2.118267020901537,1.1615286518084422,1.2927614182529201,0.8985139234568019,10404,10404,3,Box 4,mid2_3aer-mid2
2017-07-15 11:16:00,-45.29805374145508,-0.22562721371650696,-45.108577728271484,-38.3262825012207,-14.713726043701172,7.933507442474365,-0.0020759953185915947,-49.255226135253906,0.2641310393810272,1.361497163772583,0.8496451242547245,0.32618468265855866,-0.17587582910562274,4.602219233959537e-05,2.181271842413026,1.161492807233266,1.357947089441061,0.8553419879566283,10220,10026,0,Box 1,mid2_3aer-mid2
2017-07-15 11:16:00,-35.15185546875,-0.2891988754272461,-34.86882400512695,-38.91293716430664,-5.796863555908203,9.887441635131836,-0.04646574333310127,-35.084129333496094,0.08717871457338333,0.3017725646495819,1.1159807463585212,0.16624773383179198,-0.28356106728818653,0.0013325870978733723,2.280283851584194,1.0633220435284776,1.2791693447139503,0.8315325710850108,10165,10036,1,Box 2,mid2_3aer-mid2
2017-07-15 11:16:00,-45.990718841552734,-0.14784207940101624,-45.870933532714844,-43.64899444580078,-14.084121704101562,11.835636138916016,0.026545211672782898,-47.08372116088867,0.1262567788362503,0.3558429479598999,0.9515610338245027,0.30703803877335817,-0.2580203791629609,-0.0005786934349000239,2.4986530703944245,1.1592135252311697,1.378215170502723,0.84094151273114,10269,10106,2,Box 3,mid2_3aer-mid2
2017-07-15 11:16:00,-47.56250762939453,-0.0005574781680479646,-47.56195068359375,-45.10888671875,-18.548038482666016,16.088396072387695,0.00657821586355567,-49.79610061645508,0.15955229103565216,0.4663766026496887,0.9484238423272067,0.38997640555498997,-0.33826193950559535,-0.0001383083766012816,2.0691266258362195,1.1612433623982263,1.2911794931128944,0.8993345421972885,10404,10404,3,Box 4,mid2_3aer-mid2
2017-07-15 11:18:00,-43.52128982543945,-0.34504517912864685,-43.223331451416016,-38.559139251708984,-13.61601448059082,9.020709991455078,-0.06889230757951736,-47.15885543823242,0.22742445766925812,0.9755706787109375,0.8920907594459058,0.31501537631409604,-0.20870000419271156,0.0015938684327097552,2.0734746081440507,1.1374082584709273,1.313214782246431,0.8665013150220813,10230,9977,0,Box 1,mid2_3aer-mid2
2017-07-15 11:18:00,-36.368595123291016,-0.17183203995227814,-36.200199127197266,-39.03936004638672,-6.807376384735107,9.63137149810791,0.015166065655648708,-36.383365631103516,0.08574749529361725,0.3115059733390808,1.0784294276000204,0.1880480562240622,-0.2660585340253325,-0.00041894979875001237,2.3115067062504284,1.07578773903078,1.2956177462873304,0.8302379482358733,10196,10040,1,Box 2,mid2_3aer-mid2
2017-07-15 11:18:00,-48.00862121582031,-0.13354800641536713,-47.884422302246094,-47.75885009765625,-14.535673141479492,14.392415046691895,0.01768609508872032,-49.109352111816406,0.110541433095932,0.2869279682636261,0.9973775756783186,0.3035574814417139,-0.3005657074570106,-0.00036934966302193395,2.7117478846307055,1.1639409116462958,1.3957130964102373,0.8338372635897853,10300,10181,2,Box 3,mid2_3aer-mid2
2017-07-15 11:18:00,-48.13264465332031,-0.0005801285151392221,-48.13206481933594,-48.13983154296875,-18.154924392700195,18.154497146606445,0.008192600682377815,-50.38033676147461,0.15435262024402618,0.3818998634815216,1.000161344541908,0.37718978600766856,-0.37718091966845524,-0.000170210881121291,2.1886973271410186,1.1591694783176476,1.2983056381221465,0.8927928350818,10404,10404,3,Box 4,mid2_3aer-mid2
2017-07-15 11:20:00,-42.21646499633789,-0.312453955411911,-41.86360168457031,-38.8353271484375,-12.930224418640137,10.003527641296387,-0.10157214850187302,-45.73151779174805,0.2097567617893219,0.8305032849311829,0.9276633934321867,0.3088655855809191,-0.2389552430470745,0.0024262640339686725,2.1021592748606404,1.131659488125218,1.3059966452573935,0.8670717040196607,10246,9962,0,Box 1,mid2_3aer-mid2
2017-07-15 11:20:00,-38.47285461425781,-0.3465961217880249,-38.20081329345703,-40.921775817871094,-8.061388969421387,10.749262809753418,0.03308866545557976,-38.61422348022461,0.1021653413772583,0.3523521423339844,1.07122783136821,0.21102665314518412,-0.28138830753876964,-0.000866176974624433,2.4148110955858413,1.0907194481538347,1.3156535085001366,0.8288354750343203,10221,10058,1,Box 2,mid2_3aer-mid2
2017-07-15 11:20:00,-51.59623718261719,-0.07063125818967819,-51.52424621582031,-50.10004806518555,-15.738654136657715,14.199684143066406,0.11476780474185944,-52.77046585083008,0.10464354604482651,0.32341504096984863,0.9723586065700567,0.3054610988042241,-0.2755922530828478,-0.0022274522914330075,2.661242884385374,1.166189102607724,1.3986943466872535,0.8331468731079211,10323,10243,2,Box 3,mid2_3aer-mid2
2017-07-15 11:20:00,-49.77521896362305,0.0004909326089546084,-49.77570724487305,-49.37131881713867,-18.547719955444336,18.135400772094727,0.007922681048512459,-52.080406188964844,0.1374177634716034,0.3351202607154846,0.9918756548670792,0.37262590563630427,-0.36434239289672166,-0.00015916760666179197,2.1875866412717175,1.158400516256384,1.30091811241705,0.8904111652874769,10404,10404,3,Box 4,mid2_3aer-mid2
2017-07-15 11:22:00,-43.31642532348633,-0.09814445674419403,-43.07954788208008,-40.24765396118164,-12.167912483215332,9.282910346984863,0.05310627818107605,-46.70884323120117,0.21351633965969086,0.7682675123214722,0.9342635859912558,0.2824521791421183,-0.21548301601971195,-0.0012327491136621405,2.2060492816869797,1.1270466881156105,1.3261648874458438,0.8495584231106565,10232,9901,0,Box 1,mid2_3aer-mid2
2017-07-15 11:22:00,-40.01323318481445,-0.32118096947669983,-39.749298095703125,-41.21659469604492,-8.70927906036377,10.163106918334961,0.013471734710037708,-40.27534866333008,0.11787746846675873,0.4321565628051758,1.0369138459879437,0.219105232772615,-0.2556801612046933,-0.0003389175558654034,2.3855868317672466,1.0962103739601798,1.3224653881155164,0.8288357096959629,10217,10045,1,Box 2,mid2_3aer-mid2
2017-07-15 11:22:00,-53.160484313964844,-0.058313727378845215,-53.10853576660156,-50.544410705566406,-16.9556884765625,14.38028335571289,0.011278864927589893,-54.569068908691406,0.10375068336725235,0.31313902139663696,0.951719119722994,0.3192648378597277,-0.2707715837195284,-0.00021237386319322704,2.6506708159222865,1.1776323346735638,1.4069464579623503,0.8369522110119035,10334,10280,2,Box 3,mid2_3aer-mid2
2017-07-15 11:22:00,-52.92236328125,0.00031456007855013013,-52.92267990112305,-53.43855285644531,-19.4830265045166,19.990137100219727,0.00876651518046856,-55.554931640625,0.1482696235179901,0.38586556911468506,1.0097477570829192,0.3681413760112883,-0.3777234854769629,-0.00016564761724463528,2.302803804983932,1.1642256667448196,1.3170025369707699,0.8839562051592087,10404,10404,3,Box 4,mid2_3aer-mid2
2017-07-15 11:24:00,-44.8759765625,-0.14572502672672272,-44.50166702270508,-42.28340148925781,-12.266708374023438,10.069124221801758,-0.02068445086479187,-48.08821105957031,0.21942666172981262,0.762622058391571,0.950153113850265,0.2756460346097562,-0.22626395016909662,0.0004648017090754242,2.097132556627368,1.113404453356578,1.296680564035428,0.8587611675380917,10201,9840,0,Box 1,mid2_3aer-mid2
2017-07-15 11:24:00,-41.99952697753906,-0.392599493265152,-41.664886474609375,-42.9544792175293,-9.543111801147461,10.804495811462402,0.028213398531079292,-42.40166091918945,0.12928976118564606,0.44149288535118103,1.0309516639270107,0.22904448648929898,-0.2593189999102084,-0.0006771505061012317,2.443493560804827,1.1043375495830918,1.334916356914671,0.827109165480723,10235,10071,1,Box 2,mid2_3aer-mid2
2017-07-15 11:24:00,-52.90327453613281,-0.13486061990261078,-52.80608367919922,-49.91522979736328,-17.279403686523438,14.457857131958008,-0.06930698454380035,-54.46384811401367,0.10918726027011871,0.31201741099357605,0.9452552531980183,0.32722372351956647,-0.27379145756981316,0.0013124808522284037,2.643532557587933,1.1832455637446095,1.408894712016261,0.8402175449824817,10354,10301,2,Box 3,mid2_3aer-mid2
2017-07-15 11:24:00,-52.68489456176758,0.00023333501303568482,-52.68511962890625,-51.247493743896484,-19.657848358154297,18.222644805908203,-0.002423022175207734,-55.4973258972168,0.1500566154718399,0.3815865218639374,0.9727128337396734,0.3731195284713713,-0.3458783528433547,4.599063230997791e-05,2.2464223131863923,1.167921576662034,1.3196250643667047,0.88505175113311,10404,10404,3,Box 4,mid2_3aer-mid2
2017-07-15 11:26:00,-44.008811950683594,-0.3336854875087738,-43.66727066040039,-40.80376052856445,-11.436347961425781,8.756983757019043,-0.18414448201656342,-47.09964370727539,0.2163528949022293,0.6780717372894287,0.9344243664052733,0.2618974615831029,-0.2005388188710729,0.004216990882696725,2.0800848837453625,1.1080908503950075,1.298577094547088,0.8542522338979052,10173,9768,0,Box 1,mid2_3aer-mid2
2017-07-15 11:26:00,-43.268898010253906,-0.35007232427597046,-42.92311477661133,-43.061580657958984,-10.17202091217041,10.260536193847656,0.04995106905698776,-43.82859802246094,0.13688933849334717,0.4707399904727936,1.0032259163995214,0.23698232950297854,-0.2390445125286586,-0.001163733373841347,2.418974227523618,1.1099687297765821,1.341114586614374,0.82736381218807,10250,10097,1,Box 2,mid2_3aer-mid2
2017-07-15 11:26:00,-55.75222396850586,0.005213446915149689,-55.75276184082031,-51.194664001464844,-18.573705673217773,14.038016319274902,-0.022405626252293587,-57.367942810058594,0.12927424907684326,0.33951419591903687,0.9182444215411891,0.33314419579794335,-0.2517904920799082,0.0004018747407757428,2.625717688406609,1.191386737884774,1.419684622788902,0.8393093188508725,10346,10303,2,Box 3,mid2_3aer-mid2
2017-07-15 11:26:00,-52.79440689086914,-0.003769795410335064,-52.791160583496094,-49.41489028930664,-20.004735946655273,16.626203536987305,0.0022625650744885206,-55.76315689086914,0.1555424928665161,0.37497052550315857,0.9360447967586566,0.3789410335671719,-0.31494297153618056,-4.28587896479371e-05,2.147853492640182,1.1673553555163845,1.3128938601567777,0.8891364113854126,10404,10403,3,Box 4,mid2_3aer-mid2
2017-07-15 11:28:00,-43.16160202026367,-0.6359367370605469,-42.519466400146484,-42.614906311035156,-10.476924896240234,10.530386924743652,0.04197527840733528,-46.107906341552734,0.21484778821468353,0.5464504957199097,1.0022445494048484,0.24640299282403733,-0.24766034079255708,-0.0009872014363286608,2.189067724558329,1.1010994876505706,1.2976743683558951,0.8482993156610699,10161,9732,0,Box 1,mid2_3aer-mid2
2017-07-15 11:28:00,-43.77756881713867,-0.21427315473556519,-43.5644645690918,-43.470584869384766,-10.044939041137695,10.000885963439941,-0.04982409253716469,-44.39097213745117,0.13427802920341492,0.4202902913093567,0.9978450956283915,0.23057642785664412,-0.22956521005566027,0.0011436865706246357,2.4055087594768425,1.106734828558502,1.3407363796851552,0.8257447562377013,10269,10113,1,Box 2,mid2_3aer-mid2
2017-07-15 11:28:00,-56.8878173828125,0.016365472227334976,-56.900386810302734,-50.95561218261719,-18.839418411254883,12.88277530670166,0.011861506849527359,-58.73368453979492,0.14097721874713898,0.30318817496299744,0.8955230498424354,0.3310947043773061,-0.2264092932965259,-0.0002084609232155532,2.551248693233676,1.1890298522302498,1.4171059368072405,0.8389940470689868,10377,10332,2,Box 3,mid2_3aer-mid2
2017-07-15 11:28:00,-53.693199157714844,-0.01108424924314022,-53.68495178222656,-56.248172760009766,-20.02562141418457,22.59744644165039,-0.008604847826063633,-56.870243072509766,0.17130112648010254,0.3314363360404968,1.0477455201495627,0.3730211375975321,-0.420926941914998,0.0001602841679032574,2.395133033194873,1.1682209010699818,1.3203261522211491,0.8848366233759217,10404,10401,3,Box 4,mid2_3aer-mid2
2017-07-15 11:30:00,-44.88740539550781,-0.6005870699882507,-44.26917266845703,-47.05093765258789,-9.806599617004395,12.496108055114746,0.0922556146979332,-47.95051956176758,0.22732289135456085,0.4541793167591095,1.0628375013937814,0.22152207769833054,-0.28227560924850925,-0.0020839698436027065,2.1965468492076914,1.0854595809652459,1.2799076991567702,0.8476403999930723,10135,9672,0,Box 1,mid2_3aer-mid2
2017-07-15 11:30:00,-43.63270568847656,-0.2066262811422348,-43.432254791259766,-43.40080261230469,-9.75654125213623,9.68976879119873,0.03532261773943901,-44.251380920410156,0.1281353384256363,0.40590140223503113,0.9992758689853164,0.22463813799591828,-0.22310072621202703,-0.0008132807692076416,2.397397293773638,1.1032729048409604,1.338664450722409,0.8239639337318547,10274,10133,1,Box 2,mid2_3aer-mid2
2017-07-15 11:30:00,-58.12558364868164,0.005831659305840731,-58.12596130371094,-54.022396087646484,-18.80332374572754,14.686396598815918,0.013356045819818974,-59.91695785522461,0.14550058543682098,0.22438928484916687,0.9294021134295096,0.3234926622305815,-0.2526649980559385,-0.0002297776041526034,2.6148817942407283,1.1820893286711336,1.411629249334604,0.8373272898926235,10393,10356,2,Box 3,mid2_3aer-mid2
2017-07-15 11:30:00,-54.005706787109375,-0.00019764996250160038,-54.00550842285156,-52.98018264770508,-20.16366958618164,19.141895294189453,-0.0035571546759456396,-56.979576110839844,0.15960371494293213,0.2787801921367645,0.9810143225674683,0.3733631620818173,-0.35444335116688724,6.586651760159823e-05,2.2658518595505055,1.1684189321232188,1.3203896626886253,0.8849208339802979,10404,10404,3,Box 4,mid2_3aer-mid2
2017-07-15 11:32:00,-45.75177764892578,-0.8718026280403137,-44.861968994140625,-49.286415100097656,-9.648165702819824,13.57209587097168,0.5005204081535339,-48.756690979003906,0.23141640424728394,0.2579910159111023,1.098623634710101,0.21506336072147567,-0.3025300969379914,-0.011156898493585365,2.274082320240077,1.083736421528814,1.28309420328309,0.8422815673101869,10143,9621,0,Box 1,mid2_3aer-mid2
2017-07-15 11:32:00,-43.343875885009766,-0.3369385302066803,-43.00104522705078,-42.32767105102539,-9.92247200012207,9.232549667358398,0.01654588244855404,-43.83185577392578,0.12239973992109299,0.41041073203086853,0.9843404666085163,0.23074956052283754,-0.21470524851895023,-0.0003847786124035746,2.3956545961031854,1.107828161644715,1.3442708367800866,0.824017025598122,10288,10156,1,Box 2,mid2_3aer-mid2
2017-07-15 11:32:00,-60.60136795043945,0.02470945194363594,-60.623748779296875,-59.728050231933594,-19.376787185668945,18.512924194335938,-0.03184221684932709,-61.89596176147461,0.15182839334011078,0.17032286524772644,0.9852252381081107,0.3196236751107421,-0.3053741565544483,0.0005252433355955044,2.7192635363139686,1.1761742373141588,1.402777607337643,0.8386100114831763,10399,10371,2,Box 3,mid2_3aer-mid2
2017-07-15 11:32:00,-54.84799575805664,-4.7759795052115805e-06,-54.847991943359375,-52.99641418457031,-20.19034767150879,18.34356117248535,-0.004788089077919722,-57.54741668701172,0.15567299723625183,0.30845582485198975,0.9662416891820649,0.36811462752425866,-0.33444361414413065,8.729743780711008e-05,2.2702182121681176,1.169032423338091,1.3268930971626591,0.8810516016971033,10404,10404,3,Box 4,mid2_3aer-mid2
2017-07-15 11:34:00,-47.11260986328125,-0.972366452217102,-46.01771545410156,-46.11579513549805,-12.091201782226562,12.041672706604004,0.1476069837808609,-50.12014389038086,0.22893264889717102,0.29502516984939575,1.0021313040848734,0.2627510030990221,-0.2616746950272222,-0.003207612156673312,2.4900045880144295,1.1270424979444587,1.354521304117177,0.8312501459702287,10139,9674,0,Box 1,mid2_3aer-mid2
2017-07-15 11:34:00,-44.28425598144531,-0.31655746698379517,-43.95530319213867,-43.037113189697266,-10.020731925964355,9.098749160766602,0.0037967488169670105,-44.749576568603516,0.1317567378282547,0.46165230870246887,0.979110893716086,0.22797551683615372,-0.20700003306299403,-8.637748924564259e-05,2.3979352147101696,1.1071859006808378,1.3468329417005978,0.8220451034464116,10290,10161,1,Box 2,mid2_3aer-mid2
2017-07-15 11:34:00,-60.500457763671875,0.0021597815211862326,-60.502601623535156,-60.6517219543457,-19.401470184326172,19.54648208618164,0.004109502304345369,-61.423126220703125,0.15690946578979492,0.14194224774837494,1.002464722714625,0.3206716746006061,-0.323068474566038,-6.792274919315e-05,2.7441030129888837,1.1752181074239727,1.3988597599280752,0.8401065981444101,10404,10393,2,Box 3,mid2_3aer-mid2
2017-07-15 11:34:00,-54.908233642578125,9.356471855426207e-05,-54.908321380615234,-51.62769317626953,-20.509180068969727,17.227882385253906,0.0006669654976576567,-57.79073715209961,0.16210639476776123,0.30980122089385986,0.9402526198968588,0.3735167802444483,-0.3137572532496236,-1.2146891683495475e-05,2.2395230304664517,1.173680552265317,1.3308688740064658,0.8818873896680876,10404,10404,3,Box 4,mid2_3aer-mid2
2017-07-15 11:36:00,-48.04526901245117,-0.46910759806632996,-47.24959182739258,-42.41767883300781,-12.771446228027344,7.849225997924805,0.09031014144420624,-51.22732162475586,0.23926636576652527,0.4951154887676239,0.8977364501836239,0.27029748968395284,-0.1661225977449293,-0.001911342122647458,2.2929839666201537,1.133068521217944,1.3608755744387162,0.8321123776260296,10137,9623,0,Box 1,mid2_3aer-mid2
2017-07-15 11:36:00,-44.38497543334961,-0.1465100795030594,-44.2682991027832,-44.249752044677734,-10.26064395904541,10.243768692016602,-0.0016723729204386473,-44.65861129760742,0.13192635774612427,0.3720104992389679,0.9995810395197263,0.23178309991865675,-0.23140191755550596,3.777811712288304e-05,2.4541027742282577,1.1096964928714885,1.3490210347369735,0.8226032174549919,10317,10192,1,Box 2,mid2_3aer-mid2
2017-07-15 11:36:00,-60.79106521606445,-0.014564703218638897,-60.7775993347168,-60.78561782836914,-19.399076461791992,19.390811920166016,0.016292443498969078,-61.64234924316406,0.1715238094329834,0.20196209847927094,1.0001321272126,0.3191813680933893,-0.3190454286858026,-0.00026806662018674654,2.8068510880907938,1.1790227529454675,1.410544264896782,0.8357866332251237,10404,10400,2,Box 3,mid2_3aer-mid2
2017-07-15 11:36:00,-54.409549713134766,1.0348449904995505e-05,-54.40955352783203,-50.45478439331055,-20.27828598022461,16.323986053466797,-0.0004741620796266943,-57.455055236816406,0.16439297795295715,0.3040224313735962,0.9273147199310864,0.37269711495101715,-0.30002054956571994,8.714683616406482e-06,2.2448972063796657,1.1764533076242096,1.3373385887054308,0.8796996495519358,10404,10404,3,Box 4,mid2_3aer-mid2
2017-07-15 11:38:00,-47.83646011352539,-0.3848259747028351,-47.491844177246094,-44.543067932128906,-13.324331283569336,10.267095565795898,0.10845774412155151,-50.96034622192383,0.23392952978610992,0.416485071182251,0.9379097958772613,0.280560396043956,-0.21618647901300833,-0.0022837129082089735,2.3746326990234357,1.138090427952314,1.359837623685756,0.8363438575114021,10133,9622,0,Box 1,mid2_3aer-mid2
2017-07-15 11:38:00,-44.25936508178711,-0.15690304338932037,-44.15612030029297,-44.188899993896484,-9.84405517578125,9.927140235900879,-0.050299614667892456,-44.34406280517578,0.1272948831319809,0.27355167269706726,1.000742467007771,0.22293753012329492,-0.22481912823484496,0.0011391311037791119,2.3866922044347403,1.1017454251479313,1.3360992096960105,0.824870734350278,10329,10219,1,Box 2,mid2_3aer-mid2
2017-07-15 11:38:00,-61.40560531616211,-0.00022190023446455598,-61.4053840637207,-59.043800354003906,-19.809045791625977,17.441274642944336,0.00618766201660037,-62.27723693847656,0.18039892613887787,0.28973251581192017,0.9615410639460547,0.32259460961857866,-0.2840349061511226,-0.00010076741351072727,2.7342283092184188,1.1838004057389697,1.4172146910787062,0.8352713380688552,10404,10404,2,Box 3,mid2_3aer-mid2
2017-07-15 11:38:00,-55.92106246948242,-8.792863081907853e-05,-55.92097854614258,-51.796329498291016,-21.00389862060547,16.886375427246094,-0.007133272476494312,-58.98918151855469,0.1680225282907486,0.33570635318756104,0.9262413708054181,0.37559962802158714,-0.3019685586962228,0.0001275598692175306,2.2571486369886355,1.1794675384923452,1.34041200757762,0.879961990672477,10404,10404,3,Box 4,mid2_3aer-mid2
2017-07-15 11:40:00,-50.85751724243164,-0.7602529525756836,-50.08894729614258,-46.460697174072266,-14.517605781555176,10.760268211364746,0.1290917545557022,-54.1555061340332,0.24579106271266937,0.5516273975372314,0.927563945592539,0.2898365154647229,-0.2148232106801834,-0.002577250377078455,2.418716299499545,1.1479673011618623,1.3735570931613417,0.8350789495865925,10099,9638,0,Box 1,mid2_3aer-mid2
2017-07-15 11:40:00,-45.258243560791016,-0.14040224254131317,-45.1407356262207,-45.78252410888672,-10.299001693725586,10.965621948242188,-0.02482607401907444,-45.29784393310547,0.13507287204265594,0.2163412719964981,1.014217622696094,0.22815317778172653,-0.24292077100937,0.0005499705315495373,2.4650527721064353,1.1068062561305323,1.3451720217457,0.8229332375675542,10332,10220,1,Box 2,mid2_3aer-mid2
2017-07-15 11:40:00,-62.3484001159668,-3.972387276007794e-05,-62.3455924987793,-60.28045654296875,-20.028039932250977,17.961286544799805,0.0016115648904815316,-63.37407302856445,0.1726921796798706,0.2813875675201416,0.9668759469891008,0.3212422227901644,-0.2880923208830816,-2.5848896183622294e-05,2.740922609084463,1.1823473388446852,1.4156836085182574,0.8351701664935625,10404,10403,2,Box 3,mid2_3aer-mid2
2017-07-15 11:40:00,-55.55143356323242,-0.00016912550199776888,-55.55126190185547,-50.625274658203125,-21.132116317749023,16.198883056640625,0.007251424249261618,-58.7835578918457,0.16476915776729584,0.3346572816371918,0.9113255076985569,0.3804074904761125,-0.2916024624452554,-0.00013053572941401637,2.2280916001197286,1.182000026511101,1.3404870708265972,0.8817353334352389,10404,10404,3,Box 4,mid2_3aer-mid2
2017-07-15 11:42:00,-52.59842300415039,-0.9613889455795288,-51.619720458984375,-46.020538330078125,-14.847667694091797,9.301126480102539,-0.05264765024185181,-56.271240234375,0.2710621654987335,0.8910456895828247,0.8915300585353338,0.2876355394496906,-0.18018551141346123,0.0010199134284367695,2.4764967818348995,1.1575298621984427,1.403626735680004,0.8249559436493188,10119,9614,0,Box 1,mid2_3aer-mid2
2017-07-15 11:42:00,-47.0023307800293,0.06336602568626404,-47.06510543823242,-46.002586364746094,-11.563436508178711,10.527087211608887,-0.02616451121866703,-47.194854736328125,0.14136548340320587,0.28082913160324097,0.9774245846900239,0.24569022996000214,-0.22367073628208511,0.0005559216320590588,2.4827775977747257,1.1210803797473985,1.363598591697621,0.8222901407411537,10348,10252,1,Box 2,mid2_3aer-mid2
2017-07-15 11:42:00,-62.42042541503906,-0.0010862303897738457,-62.41934585571289,-58.500667572021484,-20.54120635986328,16.60956382751465,0.012977277860045433,-63.82259750366211,0.1722494214773178,0.24681028723716736,0.9372202842660009,0.3290840518813557,-0.2660964313896203,-0.00020790475773629913,2.6854601641100917,1.1893787870906347,1.4209719770683158,0.8369566259557198,10404,10404,2,Box 3,mid2_3aer-mid2
2017-07-15 11:42:00,-56.47441482543945,-0.0064092702232301235,-56.4680061340332,-51.14204788208008,-21.989458084106445,16.702856063842773,-0.03935752063989639,-59.8074836730957,0.1857469528913498,0.3568623960018158,0.9056818305444666,0.3894144529216271,-0.29579327143407463,0.0006969879679809554,2.250823132937692,1.1905504547544505,1.3479634822811937,0.8834054260830078,10404,10404,3,Box 4,mid2_3aer-mid2
2017-07-15 11:44:00,-52.62854766845703,-0.6720002293586731,-51.940956115722656,-48.07131576538086,-15.09654712677002,11.179266929626465,0.047644004225730896,-56.53962326049805,0.27132484316825867,0.9063421487808228,0.9254993446053924,0.29064822881042446,-0.21523030098867837,-0.000917272427138488,2.6777862256361784,1.167267496928716,1.4258383994035562,0.8183870744943627,10112,9612,0,Box 1,mid2_3aer-mid2
2017-07-15 11:44:00,-48.35562515258789,0.03448845446109772,-48.392616271972656,-46.4782829284668,-12.38267707824707,10.49072265625,-0.022381247952580452,-48.710784912109375,0.13943500816822052,0.32473278045654297,0.9604415530984797,0.2558794661019095,-0.21678351217237857,0.0004624929719894144,2.501345560212869,1.1299011046210696,1.3746470154779613,0.822078238813151,10360,10275,1,Box 2,mid2_3aer-mid2
2017-07-15 11:44:00,-61.48989486694336,-0.0006322902045212686,-61.48926544189453,-53.48739242553711,-21.04167938232422,13.047185897827148,-0.0073776994831860065,-63.04515838623047,0.16535630822181702,0.2263166755437851,0.8698655653416979,0.34220086745556055,-0.2121864163335646,0.00011998353630615632,2.4796394873131224,1.1955707022647595,1.4162178852478882,0.8442349404627946,10404,10404,2,Box 3,mid2_3aer-mid2
2017-07-15 11:44:00,-54.6627082824707,-0.0011031166650354862,-54.66160202026367,-45.94236373901367,-21.649744033813477,12.93497371673584,-0.004470915533602238,-58.09149169921875,0.17134878039360046,0.36315619945526123,0.8404869129964772,0.39606857516416855,-0.23663728076516777,8.179260452206849e-05,2.0907255482154263,1.1897834216797105,1.3397641775524787,0.8880756077173345,10404,10404,3,Box 4,mid2_3aer-mid2
2017-07-15 11:46:00,-53.53813171386719,-0.5822328925132751,-53.01218032836914,-47.657623291015625,-15.879446029663086,10.480950355529785,0.043927788734436035,-57.44651412963867,0.2740230858325958,0.9381821155548096,0.8989936628583227,0.2995432963606943,-0.19770832353410905,-0.0008286356849079857,2.740665800774491,1.1828957842419836,1.4532838629999676,0.8136947302460961,10128,9641,0,Box 1,mid2_3aer-mid2
2017-07-15 11:46:00,-49.63224792480469,-0.18657997250556946,-49.46289825439453,-46.77177429199219,-12.705638885498047,10.010527610778809,0.003987443167716265,-50.10158920288086,0.14560166001319885,0.3628903329372406,0.9455930975767121,0.2568720893478964,-0.20238457210222968,-8.061482237878281e-05,2.517837809906117,1.1336264226745938,1.38473692262808,0.8186368523235414,10366,10265,1,Box 2,mid2_3aer-mid2
2017-07-15 11:46:00,-61.71974182128906,-4.619658284354955e-05,-61.71969223022461,-55.613861083984375,-21.016618728637695,14.92104721069336,-0.010253531858325005,-63.2576904296875,0.17137987911701202,0.22987741231918335,0.9010716515136282,0.3405172499632006,-0.24175503212712712,0.00016613065029830176,2.5700370478575008,1.1952494804653877,1.4179105357688166,0.8430142727688872,10404,10404,2,Box 3,mid2_3aer-mid2
2017-07-15 11:46:00,-55.92329788208008,-0.010532040148973465,-55.91350555419922,-50.4737663269043,-21.791955947875977,16.353656768798828,-0.001438806764781475,-59.34849548339844,0.1694784313440323,0.3868992328643799,0.9027115665396207,0.3897440599823718,-0.29248135924938634,2.5732727393812382e-05,2.2198406252299643,1.1878508131396799,1.3424003042161905,0.8848774915159198,10404,10403,3,Box 4,mid2_3aer-mid2
2017-07-15 11:48:00,-54.81559371948242,-0.5598685145378113,-54.30494689941406,-47.651145935058594,-17.461149215698242,10.807759284973145,-0.0004145963175687939,-58.999629974365234,0.27989837527275085,1.0403003692626953,0.877473316700303,0.3215388445865968,-0.19901979588208632,7.634595186462034e-06,2.7374773062471904,1.202626435976171,1.4660207091769446,0.8203362618802543,10144,9631,0,Box 1,mid2_3aer-mid2
2017-07-15 11:48:00,-51.53555679321289,-0.10642564296722412,-51.40393829345703,-47.615989685058594,-13.768017768859863,9.951157569885254,0.02891283668577671,-52.164268493652344,0.15604114532470703,0.33483245968818665,0.926310179085812,0.2678397485819361,-0.19358746418691844,-0.0005624634808296947,2.560727059817676,1.1456144867548326,1.4026515678183717,0.8165937308633711,10365,10277,1,Box 2,mid2_3aer-mid2
2017-07-15 11:48:00,-62.85126495361328,0.0,-62.85126495361328,-58.59784698486328,-21.073707580566406,16.82476806640625,-0.004481127485632896,-64.07612609863281,0.17381535470485687,0.19424884021282196,0.9323255846359557,0.3352948647486545,-0.26769174671302065,7.129732841043568e-05,2.65132877747543,1.1916417166570648,1.4170998974942475,0.8409226036571351,10404,10404,2,Box 3,mid2_3aer-mid2
2017-07-15 11:48:00,-56.006168365478516,-0.015373303554952145,-55.99079513549805,-48.56245803833008,-21.792724609375,14.418569564819336,-0.05417928472161293,-59.291221618652344,0.1507575362920761,0.35296016931533813,0.8673293257909622,0.3892198011348501,-0.25751677310121107,0.0009676461753987398,2.1202514717381336,1.1836798424741635,1.3348660713817648,0.8869883925057146,10404,10403,3,Box 4,mid2_3aer-mid2
2017-07-15 11:50:00,-56.894744873046875,-1.0374555587768555,-55.9775390625,-49.73717498779297,-17.0791072845459,10.781063079833984,0.05767902359366417,-61.41242218017578,0.29936516284942627,1.266261339187622,0.8885201965609971,0.3051064433876858,-0.19259624393879793,-0.0010303960098849707,2.8115840142520083,1.1942136195263355,1.4737591323620054,0.8099943034003797,10114,9516,0,Box 1,mid2_3aer-mid2
2017-07-15 11:50:00,-53.63679504394531,-0.19140291213989258,-53.439300537109375,-48.00428771972656,-15.379813194274902,9.834306716918945,0.11048827320337296,-54.473270416259766,0.166898712515831,0.33582738041877747,0.8982954962487938,0.28779966739439283,-0.1840276164160463,-0.0020675472271403095,2.587048818248384,1.1644692799106355,1.4229207394552408,0.8177689525458214,10379,10299,1,Box 2,mid2_3aer-mid2
2017-07-15 11:50:00,-63.75419998168945,-0.00022192508913576603,-63.75397872924805,-60.22506332397461,-21.089195251464844,17.563486099243164,-0.0032069922890514135,-64.64646911621094,0.1758931279182434,0.1869737207889557,0.944647916451335,0.33079028944393807,-0.2754885085243233,5.0302629050258396e-05,2.668123446408867,1.187470758797514,1.4138170596163384,0.8399187405450179,10404,10404,2,Box 3,mid2_3aer-mid2
2017-07-15 11:50:00,-54.40955352783203,-0.01373962126672268,-54.395816802978516,-47.52968978881836,-21.07699203491211,14.237252235412598,-0.026388881728053093,-57.41629409790039,0.13825176656246185,0.35868000984191895,0.8737747452720347,0.38747447546218255,-0.26173434777027205,0.0004851270360547999,2.106144405930251,1.1795741207510757,1.3286371264200574,0.887929979939675,10404,10404,3,Box 4,mid2_3aer-mid2
2017-07-15 11:52:00,-57.035423278808594,-0.8193488717079163,-56.230567932128906,-47.706382751464844,-17.547935485839844,9.2246675491333,-0.20091365277767181,-61.67355728149414,0.28877514600753784,1.1903302669525146,0.8484066053866721,0.3120711145754044,-0.16405075281116466,0.0035730328490881647,2.5117654627663977,1.1845749845071603,1.4359824490039872,0.8259902563069813,10121,9519,0,Box 1,mid2_3aer-mid2
2017-07-15 11:52:00,-55.47987365722656,-0.37582218647003174,-55.083221435546875,-48.674068450927734,-16.604337692260742,10.133834838867188,0.061354003846645355,-56.5954475402832,0.17880576848983765,0.42773357033729553,0.8836460594245064,0.30144094615506456,-0.18397316344210365,-0.0011138421374672636,2.6039107289728283,1.1773129325795109,1.4347774025250635,0.8202245302453869,10397,10328,1,Box 2,mid2_3aer-mid2
2017-07-15 11:52:00,-62.76436233520508,0.00013389183732215315,-62.764495849609375,-56.308956146240234,-20.589765548706055,14.136673927307129,-0.002455389592796564,-63.6265869140625,0.17747610807418823,0.18679676949977875,0.8971465290859888,0.32804796412525344,-0.22523361388196708,3.912067072484038e-05,2.5366894474373933,1.1855274031429244,1.4132040014537561,0.8389046751347987,10404,10404,2,Box 3,mid2_3aer-mid2
2017-07-15 11:52:00,-55.6142692565918,-0.0012398459948599339,-55.613033294677734,-51.10160827636719,-21.291555404663086,16.781736373901367,-0.0016028541140258312,-58.45292663574219,0.1382121592760086,0.43868184089660645,0.91887833160194,0.3828519136287138,-0.30175906678501874,2.8821554364955038e-05,2.1868144756887435,1.177040902053819,1.3282216660132096,0.8861853117400816,10404,10404,3,Box 4,mid2_3aer-mid2
2017-07-15 11:54:00,-55.43900680541992,-0.5584058165550232,-54.85765075683594,-47.58177185058594,-16.915943145751953,9.596525192260742,0.04354117810726166,-60.14291000366211,0.2740958631038666,1.0859512090682983,0.8673680458899699,0.3083606879975169,-0.17493502189928692,-0.0007937119881998578,2.5150076397878998,1.1781442885897082,1.4253745755520153,0.8263181629638271,10116,9551,0,Box 1,mid2_3aer-mid2
2017-07-15 11:54:00,-57.118927001953125,-0.24878759682178497,-56.87601089477539,-49.43544387817383,-17.894020080566406,10.455713272094727,-0.002260443987324834,-58.56621170043945,0.18866334855556488,0.47746893763542175,0.8691791468784448,0.31461455240968267,-0.1838334426540852,3.974336595774508e-05,2.658217771717777,1.1935592391537069,1.4548961945115495,0.8203863816590397,10404,10348,1,Box 2,mid2_3aer-mid2
2017-07-15 11:54:00,-62.55350875854492,0.00015107588842511177,-62.55365753173828,-56.29587936401367,-20.569427490234375,14.310101509094238,0.0015510284574702382,-63.690895080566406,0.16519194841384888,0.16394689679145813,0.8999614599304421,0.3288285381289679,-0.22876520289127505,-2.479516813491678e-05,2.5794326959875344,1.1889990234395595,1.4204400130668544,0.8370565920043629,10404,10404,2,Box 3,mid2_3aer-mid2
2017-07-15 11:54:00,-52.66166687011719,-8.930369949666783e-05,-52.66157913208008,-46.806968688964844,-20.92622184753418,15.083540916442871,-0.011923525482416153,-55.172115325927734,0.09866055846214294,0.3405345678329468,0.8888258346800889,0.3973717486636098,-0.2864240012739616,0.00022641793026290102,2.0180408380947963,1.1699391342909649,1.301238317624082,0.8991503491432239,10404,10404,3,Box 4,mid2_3aer-mid2
2017-07-15 11:56:00,-55.19542694091797,-0.5819259881973267,-54.58152389526367,-46.847129821777344,-17.405601501464844,9.837393760681152,-0.16619135439395905,-59.93351745605469,0.2632202208042145,1.0291169881820679,0.8582964018402038,0.3188917806668121,-0.18023301022710347,0.0030448277200875173,2.5721922077418156,1.191851496733636,1.4432713463971272,0.8267217125119453,10165,9583,0,Box 1,mid2_3aer-mid2
2017-07-15 11:56:00,-58.121456146240234,-0.5035280585289001,-57.63104248046875,-49.01512908935547,-18.144208908081055,9.606060981750488,-0.07776536792516708,-59.78709030151367,0.1914178729057312,0.4978531002998352,0.850498742462427,0.3148339427586582,-0.16668205109564763,0.0013493658745624415,2.595916920638621,1.1931091750843141,1.4533549817866331,0.8213487124474191,10404,10347,1,Box 2,mid2_3aer-mid2
2017-07-15 11:56:00,-63.728111267089844,5.207091453485191e-05,-63.72816467285156,-56.80533981323242,-21.09613037109375,14.172021865844727,0.0012776568764820695,-64.99920654296875,0.1526530385017395,0.1677519530057907,0.8913693769323446,0.3310330745174042,-0.22238240290678948,-2.0048542959366644e-05,2.555172432129436,1.1902906367717683,1.4202258695421943,0.8380936374976213,10404,10404,2,Box 3,mid2_3aer-mid2
2017-07-15 11:56:00,-52.214561462402344,-2.864467751351185e-05,-52.214534759521484,-48.67386245727539,-20.53687286376953,16.982662200927734,0.01354232057929039,-54.56732940673828,0.07024679332971573,0.2880714237689972,0.9321899649920692,0.3933171528328576,-0.3252477585894729,-0.00025935923545389317,2.0492773442366596,1.163420081688357,1.2924759625355682,0.900088436993935,10404,10404,3,Box 4,mid2_3aer-mid2
2017-07-15 11:58:00,-57.17565155029297,-0.9324895143508911,-56.2697639465332,-49.30447006225586,-16.65637969970703,9.645247459411621,0.045844219624996185,-62.000999450683594,0.2675279378890991,1.086832880973816,0.8762161203164068,0.29600942589383145,-0.17141082416585005,-0.000814722044388233,2.6250778175627922,1.177060440969692,1.4436157052397793,0.8151119443198398,10243,9604,0,Box 1,mid2_3aer-mid2
2017-07-15 11:58:00,-58.34719467163086,-0.6670287847518921,-57.684356689453125,-48.73064041137695,-18.19316291809082,9.147679328918457,0.09175708144903183,-60.111724853515625,0.18778802454471588,0.4823097288608551,0.8447807274913834,0.3153915753433455,-0.15858162775647824,-0.0015906750782506973,2.527220819751977,1.1889447560793238,1.4416997823318967,0.8242028740715508,10401,10308,1,Box 2,mid2_3aer-mid2
2017-07-15 11:58:00,-64.5413818359375,4.174549030722119e-05,-64.54142761230469,-56.436161041259766,-21.686878204345703,13.574532508850098,0.007074968423694372,-65.81242370605469,0.14426958560943604,0.1821720153093338,0.8744175347635877,0.33601487273843683,-0.21032278847253472,-0.00010961902948986024,2.5102180580605564,1.193435956999169,1.4202750532397748,0.8402527776120126,10404,10404,2,Box 3,mid2_3aer-mid2
2017-07-15 11:58:00,-53.04688262939453,-2.270692857564427e-05,-53.04685592651367,-48.639991760253906,-21.236051559448242,16.819400787353516,0.009777864441275597,-55.405235290527344,0.0537094809114933,0.30220508575439453,0.9169249678056405,0.4003262111003246,-0.317066853868719,-0.0001843250372460803,1.979652432977913,1.16076644445006,1.2817996381661265,0.9055341355469968,10404,10404,3,Box 4,mid2_3aer-mid2
2017-07-15 12:00:00,-59.86473846435547,-0.6775232553482056,-59.03427505493164,-53.23700714111328,-17.90043067932129,12.086493492126465,0.016677921637892723,-64.6948013305664,0.2614891529083252,1.0407551527023315,0.9017983763151945,0.3032210297666034,-0.20473689355376903,-0.00028251252802893867,2.6626599184990716,1.178973807262109,1.4361843728965358,0.8208230544418599,10255,9653,0,Box 1,mid2_3aer-mid2
2017-07-15 12:00:00,-57.998497009277344,-0.42300644516944885,-57.490909576416016,-48.650367736816406,-18.678646087646484,9.874802589416504,-0.03669540584087372,-59.71971893310547,0.18249563872814178,0.4209545850753784,0.8462271924007235,0.3248973863804966,-0.17176286072169353,0.0006382819404734119,2.5695084568363757,1.1986107489158924,1.4502473706112922,0.8266832284971154,10403,10269,1,Box 2,mid2_3aer-mid2
2017-07-15 12:00:00,-64.65520477294922,0.00013282708823680878,-64.65534210205078,-59.31454086303711,-21.745656967163086,16.395078659057617,0.009779741056263447,-65.81038665771484,0.1429891735315323,0.1952212154865265,0.917395865748586,0.33633196819109124,-0.25357657433469244,-0.00015125960498479918,2.6756610841818054,1.1977096051301148,1.4299009258977555,0.837571890207984,10404,10404,2,Box 3,mid2_3aer-mid2
2017-07-15 12:00:00,-50.014583587646484,0.0001049796846928075,-50.014686584472656,-46.235923767089844,-19.484867095947266,15.701761245727539,0.004345509689301252,-52.67817687988281,0.03781638294458389,0.24785126745700836,0.92444696644221,0.38958291074691326,-0.3139429925164179,-8.688467270540068e-05,1.9840938394060907,1.1553131870642064,1.2802470179090233,0.9023949067875436,10404,10404,3,Box 4,mid2_3aer-mid2
2017-07-15 12:02:00,-60.75899887084961,-1.47153639793396,-59.34030532836914,-54.41227722167969,-18.233266830444336,13.107694625854492,0.19754257798194885,-65.71266174316406,0.27366960048675537,1.146425724029541,0.9169531192400805,0.3072661354487766,-0.22089027645420956,-0.0033289782346475616,2.710313288510233,1.1818198222638214,1.4368533469175904,0.8215136869234011,10229,9670,0,Box 1,mid2_3aer-mid2
2017-07-15 12:02:00,-57.42953109741211,-0.3587004840373993,-57.090118408203125,-48.47441482543945,-18.01409912109375,9.541783332824707,-0.14338216185569763,-59.04560470581055,0.17990052700042725,0.34501010179519653,0.8490859971587835,0.31553797976232323,-0.16713548272907452,0.0025115058079677732,2.51686386261508,1.1870906845419609,1.4367099874645748,0.8270085881935624,10391,10240,1,Box 2,mid2_3aer-mid2
2017-07-15 12:02:00,-65.62103271484375,-0.01374051347374916,-65.60713195800781,-60.46115493774414,-21.881872177124023,16.74692153930664,-0.011022676713764668,-66.59917449951172,0.15297913551330566,0.21891571581363678,0.921563810904174,0.3335288703388164,-0.25526069160128173,0.00016801035829128175,2.6718865813716226,1.1946375935050049,1.42686140987602,0.8372985180815494,10404,10402,2,Box 3,mid2_3aer-mid2
2017-07-15 12:02:00,-50.246646881103516,3.142046625725925e-05,-50.24667739868164,-46.64094161987305,-19.21782112121582,15.616147994995117,-0.004067619331181049,-52.787384033203125,0.02235558070242405,0.2419126182794571,0.928239281092762,0.38246945358907614,-0.3107896876770484,8.095299521027055e-05,1.9287679893644807,1.1449144488729956,1.2660324743022922,0.9043498768178405,10404,10404,3,Box 4,mid2_3aer-mid2
2017-07-15 12:04:00,-61.049049377441406,-2.059779167175293,-59.12666702270508,-51.9474983215332,-17.758420944213867,10.656177520751953,-0.07692437618970871,-66.21451568603516,0.30281195044517517,1.462227463722229,0.8785798628323392,0.30034536132985323,-0.18022623396198173,0.0013010097997892545,2.575822957882217,1.1755374842200832,1.4318634272545232,0.8213678790226582,10228,9654,0,Box 1,mid2_3aer-mid2
2017-07-15 12:04:00,-57.188838958740234,-0.1407589614391327,-57.04269790649414,-48.92235565185547,-17.455705642700195,9.554391860961914,-0.21902267634868622,-58.74216842651367,0.1737327128648758,0.2071397304534912,0.8576445822281027,0.30601123513931083,-0.16749544412784348,0.003839626760429954,2.515292477576624,1.1788697912565798,1.431176772342156,0.8248412352015031,10397,10281,1,Box 2,mid2_3aer-mid2
2017-07-15 12:04:00,-65.210205078125,-5.81250642426312e-05,-65.21014404296875,-60.93075942993164,-21.47057342529297,17.205642700195312,-0.014455197378993034,-65.9474105834961,0.1592940092086792,0.20231617987155914,0.9343754756328938,0.3292520299209211,-0.2638491765347642,0.0002216709809492734,2.6877411109121137,1.1902906899819075,1.4229237079023198,0.8365759538229042,10404,10404,2,Box 3,mid2_3aer-mid2
2017-07-15 12:04:00,-47.29041290283203,-0.006915949285030365,-47.2841682434082,-45.40285873413086,-17.764873504638672,15.886321067810059,-0.002757064299657941,-49.3809814453125,0.013279473409056664,0.21883532404899597,0.9602126890180873,0.37570446482681397,-0.3359754622489875,5.830840408621585e-05,1.895970888479849,1.133323498856656,1.248670811388615,0.9076356747867953,10404,10403,3,Box 4,mid2_3aer-mid2
2017-07-15 12:06:00,-62.495452880859375,-1.7046760320663452,-60.796958923339844,-49.33868408203125,-21.54883575439453,10.166610717773438,-0.07606060802936554,-67.95960998535156,0.3253472149372101,1.7234901189804077,0.8115319388786175,0.35443935115915304,-0.16722234934170108,0.0012510593039305185,2.5556089616298876,1.2274033019668866,1.470200659517998,0.835256900238732,10255,9686,0,Box 1,mid2_3aer-mid2
2017-07-15 12:06:00,-57.64794158935547,0.07576654851436615,-57.7009162902832,-48.75413131713867,-18.09306526184082,9.020881652832031,0.12539835274219513,-59.27354431152344,0.1818009614944458,0.1858532726764679,0.84494553529071,0.31356633488409735,-0.1563386227837313,-0.0021732473910760775,2.5542584901479883,1.190062280767469,1.447661750053434,0.8213975844262495,10398,10281,1,Box 2,mid2_3aer-mid2
2017-07-15 12:06:00,-65.50426483154297,-0.022177038714289665,-65.48431396484375,-61.62256622314453,-21.99131965637207,18.13572120666504,-0.006152815651148558,-66.11333465576172,0.16522163152694702,0.19039411842823029,0.9410278027778286,0.3358257588641326,-0.2769475202460165,9.395860405531087e-05,2.652714918003954,1.1901494254427172,1.4128003278449104,0.8424319037336222,10404,10403,2,Box 3,mid2_3aer-mid2
2017-07-15 12:06:00,-45.07400894165039,-0.0051808650605380535,-45.06917953491211,-45.114227294921875,-16.63895606994629,16.654024124145508,0.02997574768960476,-46.82368087768555,0.002724172081798315,0.25018802285194397,1.0009993951337266,0.3691869978498154,-0.369521287781465,-0.000665105202077021,1.9162313247807248,1.1274206837386591,1.2418104591045918,0.9077539097492496,10404,10403,3,Box 4,mid2_3aer-mid2
2017-07-15 12:08:00,-61.87327575683594,-1.261461615562439,-60.676239013671875,-47.66415023803711,-23.733152389526367,10.610722541809082,0.11034376174211502,-67.5994644165039,0.327644944190979,1.8635615110397339,0.7855488944128134,0.39114409531254846,-0.17487442364052302,-0.001818566084838824,2.4914571120771942,1.2551682591143134,1.4730848728646218,0.8514678318881662,10294,9727,0,Box 1,mid2_3aer-mid2
2017-07-15 12:08:00,-58.156620025634766,0.136740043759346,-58.2921142578125,-49.144744873046875,-18.48749542236328,9.25308895111084,0.0870346873998642,-59.93324279785156,0.17111101746559143,0.18171553313732147,0.8430770522221329,0.3171525812623711,-0.1587365552414977,-0.0014930782430063183,2.609083882778631,1.1976728046373473,1.4610659546727969,0.8192614168322805,10391,10256,1,Box 2,mid2_3aer-mid2
2017-07-15 12:08:00,-64.74051666259766,-0.017702613025903702,-64.72281646728516,-61.488502502441406,-22.04325294494629,18.807287216186523,0.001654740422964096,-65.1623764038086,0.16094304621219635,0.15225467085838318,0.9500282368567505,0.3405793218801507,-0.2905819921664028,-2.5566570498458674e-05,2.6426046519138278,1.190276837689317,1.4062970660331982,0.8463833784673725,10404,10403,2,Box 3,mid2_3aer-mid2
2017-07-15 12:08:00,-46.82086944580078,-0.02230498567223549,-46.80141067504883,-49.637752532958984,-16.70526123046875,19.52741050720215,0.0142026636749506,-48.48131561279297,0.005056736990809441,0.30118757486343384,1.0606039495236064,0.3569393104771882,-0.41723979342778744,-0.0003034665730071162,2.0226211735463395,1.1258402436678001,1.2477993756868861,0.9022000107338329,10404,10402,3,Box 4,mid2_3aer-mid2
2017-07-15 12:10:00,-61.098636627197266,-1.1344679594039917,-60.00108337402344,-45.901611328125,-22.709239959716797,8.496986389160156,0.1127765104174614,-67.08248901367188,0.33172351121902466,1.8080165386199951,0.7650129837738732,0.37848047103645177,-0.14161388044267487,-0.001879574367650072,2.436428430193075,1.2464381517321235,1.474067097784045,0.8449611484546161,10310,9886,0,Box 1,mid2_3aer-mid2
2017-07-15 12:10:00,-57.84263229370117,0.2963660657405853,-58.13721466064453,-49.465003967285156,-17.955442428588867,9.305656433105469,-0.022431321442127228,-59.52629089355469,0.15450941026210785,0.1329808533191681,0.8508319181079974,0.30884589904633764,-0.16006365123264504,0.00038583407830999894,2.6190755814545192,1.1909468276337474,1.4582073596403775,0.8168386768501159,10398,10256,1,Box 2,mid2_3aer-mid2
2017-07-15 12:10:00,-65.36673736572266,-0.015882113948464394,-65.35122680664062,-61.87782287597656,-22.56859016418457,19.088022232055664,0.007156383711844683,-65.6642837524414,0.17074532806873322,0.1471274495124817,0.9468501198961283,0.34534300514471056,-0.29208361854237724,-0.00010950649846164229,2.6733468878370448,1.1964087289984133,1.4136518156790208,0.8462928158574925,10404,10403,2,Box 3,mid2_3aer-mid2
2017-07-15 12:10:00,-50.53886795043945,-0.008058353327214718,-50.53080368041992,-55.42771530151367,-17.548206329345703,22.42608642578125,0.019030768424272537,-52.335418701171875,0.027112724259495735,0.35504284501075745,1.096909445572595,0.3472773302486232,-0.44381015868751766,-0.0003766171337004631,2.1572471083712537,1.1294206245104002,1.2631847307335378,0.894026995539696,10404,10404,3,Box 4,mid2_3aer-mid2
2017-07-15 12:12:00,-63.187347412109375,-1.2297910451889038,-62.11503601074219,-46.81794738769531,-24.588520050048828,9.243775367736816,0.047656621783971786,-69.6406021118164,0.36628174781799316,1.93097984790802,0.7537296879267557,0.39585457940016144,-0.14881703566614513,-0.000767231660771972,2.534351485117892,1.2765983962238232,1.5087183498074113,0.8458806457623971,10312,9921,0,Box 1,mid2_3aer-mid2
2017-07-15 12:12:00,-58.809059143066406,0.0998629704117775,-58.91120529174805,-49.56656265258789,-18.573081970214844,9.214593887329102,0.013843969441950321,-60.534881591796875,0.16437192261219025,0.26242631673812866,0.8413774896478681,0.3152724742236257,-0.15641496665788385,-0.0002349972136099221,2.6322875213186983,1.1988132348215919,1.4673234489095044,0.816933184519904,10403,10294,1,Box 2,mid2_3aer-mid2
2017-07-15 12:12:00,-66.68267822265625,8.094398799585178e-05,-66.68275451660156,-61.25693130493164,-23.261566162109375,17.83225440979004,0.0034841825254261494,-67.04961395263672,0.18939019739627838,0.1636379510164261,0.918632229068832,0.34883929603000097,-0.26741927497771545,-5.225012111753635e-05,2.6313743848469375,1.2016544430836127,1.4205834848536256,0.8458724276006069,10404,10404,2,Box 3,mid2_3aer-mid2
2017-07-15 12:12:00,-51.9656982421875,-0.00016371658421121538,-51.96553421020508,-53.588035583496094,-18.3259220123291,19.911710739135742,0.03671596944332123,-53.901912689208984,0.038108840584754944,0.3587150275707245,1.0312227478891967,0.35265530697744396,-0.38317151017695433,-0.0007065446896862837,2.074144319947162,1.132859237587527,1.2659463568904408,0.8947223499326231,10404,10404,3,Box 4,mid2_3aer-mid2
2017-07-15 12:14:00,-64.93074035644531,-1.1844007968902588,-63.76502227783203,-48.9633903503418,-25.657939910888672,10.920830726623535,-0.06451940536499023,-71.7322006225586,0.39902445673942566,2.254723310470581,0.7678723005855844,0.4023826743598134,-0.17126680566348063,0.0010118307180828068,2.802500612440208,1.3099722728075702,1.5641542409682052,0.8378747539700518,10352,10023,0,Box 1,mid2_3aer-mid2
2017-07-15 12:14:00,-59.153411865234375,0.19445368647575378,-59.34622573852539,-50.21906661987305,-18.933998107910156,9.849359512329102,-0.04253040626645088,-60.86587905883789,0.16808032989501953,0.38897618651390076,0.8462047874337244,0.31904293125513183,-0.16596436740134035,0.0007166487124841137,2.6639105050393415,1.2028636913572364,1.471020937178734,0.8179329154826604,10400,10326,1,Box 2,mid2_3aer-mid2
2017-07-15 12:14:00,-67.87637329101562,-0.023473059758543968,-67.85305786132812,-62.614463806152344,-23.906803131103516,18.66032600402832,0.007874040864408016,-68.33570861816406,0.19766685366630554,0.20148679614067078,0.9227949129616116,0.35233196328987026,-0.2750108307732507,-0.00011604547823118594,2.7075988776745765,1.2094347024005847,1.4330414263348634,0.8439282937938946,10404,10403,2,Box 3,mid2_3aer-mid2
2017-07-15 12:14:00,-51.640323638916016,3.8380621845135465e-05,-51.64036178588867,-53.9802360534668,-18.420984268188477,20.735286712646484,0.025573721155524254,-53.55098342895508,0.039555519819259644,0.36212679743766785,1.045310972200997,0.35671680454881377,-0.40153254933801447,-0.0004952274117963062,2.138605814292921,1.1384900999421996,1.2743054334004558,0.8933128665089041,10404,10404,3,Box 4,mid2_3aer-mid2
2017-07-15 12:16:00,-66.59864807128906,-0.7160415053367615,-65.79327392578125,-49.16425323486328,-26.998191833496094,10.374862670898438,-0.005690149962902069,-73.4561538696289,0.4096244275569916,2.25429368019104,0.7472535062814802,0.4103488116542651,-0.15768880322214596,8.648528640059494e-05,2.699443305129417,1.3134560439511016,1.5573345833249579,0.8434323482206687,10370,10068,0,Box 1,mid2_3aer-mid2
2017-07-15 12:16:00,-59.35560989379883,-0.01711626909673214,-59.34049987792969,-50.71348571777344,-17.995643615722656,9.397565841674805,-0.028941256925463676,-60.916160583496094,0.16258098185062408,0.35831454396247864,0.8546183666135583,0.30326073590691927,-0.1583668176175832,0.0004877150971056565,2.6145013698520505,1.1859191348574993,1.4547801696903504,0.8153369092523984,10398,10350,1,Box 2,mid2_3aer-mid2
2017-07-15 12:16:00,-72.22667694091797,-0.021285872906446457,-72.20539855957031,-69.90261840820312,-25.6415958404541,23.334810256958008,0.0040102084167301655,-72.74888610839844,0.21753056347370148,0.2427128553390503,0.9681080265235865,0.3551202145114025,-0.32317270213399024,-5.5538900998797214e-05,2.9493264557212395,1.2194151404980824,1.4512166168982281,0.8402535538983803,10404,10403,2,Box 3,mid2_3aer-mid2
2017-07-15 12:16:00,-54.417747497558594,-8.745330706005916e-05,-54.417659759521484,-58.171424865722656,-19.854347229003906,23.58030128479004,0.02781439945101738,-56.56218719482422,0.06436234712600708,0.43443217873573303,1.068980730933589,0.36485116696495307,-0.433320769669674,-0.0005111282288681185,2.207048574923159,1.1446502113765167,1.2799960632969136,0.8941479012308091,10404,10404,3,Box 4,mid2_3aer-mid2
2017-07-15 12:18:00,-69.29386901855469,-0.7756860256195068,-68.5454330444336,-49.62225341796875,-27.770830154418945,8.689251899719238,0.15840181708335876,-76.27539825439453,0.40766313672065735,2.063392400741577,0.7239323287330733,0.40514487961398093,-0.12676630570365105,-0.002310902643403223,2.5890835176285925,1.304990944805099,1.5496454917998772,0.8412702527008245,10389,10072,0,Box 1,mid2_3aer-mid2
2017-07-15 12:18:00,-60.21025085449219,-0.08023570477962494,-60.13969421386719,-50.71294403076172,-18.29845428466797,8.868955612182617,0.0027479431591928005,-61.754974365234375,0.17818011343479156,0.40838271379470825,0.843252427110215,0.3042658492436496,-0.14747258368686486,-4.5692666999691545e-05,2.6362874973222277,1.1911108519945257,1.4669532367037776,0.8119481707917723,10403,10368,1,Box 2,mid2_3aer-mid2
2017-07-15 12:18:00,-76.52738952636719,-8.852810424286872e-05,-76.52730560302734,-72.98020935058594,-27.187467575073242,23.639753341674805,0.0006158864125609398,-77.3381576538086,0.23697227239608765,0.2519935369491577,0.9536492336568756,0.3552649418901833,-0.3089061276165397,-8.047930519228252e-06,2.9937266823725963,1.2265977207460748,1.4670759162621505,0.8360807533306592,10404,10404,2,Box 3,mid2_3aer-mid2
2017-07-15 12:18:00,-54.197044372558594,0.016959883272647858,-54.20985794067383,-58.94331359863281,-19.42902946472168,24.138731002807617,0.023759694769978523,-56.46616744995117,0.09168691188097,0.4695560932159424,1.0873173199077777,0.35840399002493767,-0.44528301886792454,-0.0004382910647908189,2.285154140878593,1.1459172807021367,1.2883412047017173,0.8893529423520656,10404,10403,3,Box 4,mid2_3aer-mid2
2017-07-15 12:20:00,-69.7174072265625,-1.056586503982544,-68.6510238647461,-50.09807586669922,-28.15195083618164,9.592744827270508,0.006260700523853302,-76.94070434570312,0.42097145318984985,2.135742664337158,0.7297498644185866,0.4100733213829441,-0.13973198977612264,-9.119602540805238e-05,2.6696114516578646,1.3177057266207792,1.5660004615966683,0.8414121585611883,10404,10142,0,Box 1,mid2_3aer-mid2
2017-07-15 12:20:00,-61.81742477416992,-0.11746564507484436,-61.707061767578125,-51.4046745300293,-19.279508590698242,8.972023010253906,0.005098590161651373,-63.33262634277344,0.1961711049079895,0.4654739201068878,0.8330436388339711,0.31243601583264646,-0.14539702895220968,-8.262571440792454e-05,2.708817612171653,1.2054738793662834,1.4899514123226938,0.809042599607663,10403,10372,1,Box 2,mid2_3aer-mid2
2017-07-15 12:20:00,-78.07563018798828,-6.981917977100238e-05,-78.07556915283203,-73.09759521484375,-27.840160369873047,22.8663387298584,-0.004140716046094894,-79.07418060302734,0.2526399791240692,0.2697770595550537,0.9362417106099976,0.3565797099005688,-0.29287445523489897,5.3034724332545746e-05,2.980846831502142,1.2312016349344794,1.4753014497794912,0.8345596262422327,10404,10404,2,Box 3,mid2_3aer-mid2
2017-07-15 12:20:00,-56.70912551879883,-7.390741666313261e-05,-56.70905303955078,-57.865135192871094,-20.234487533569336,21.378942489624023,0.011621249839663506,-59.282005310058594,0.11975932121276855,0.5690346956253052,1.0203860697672615,0.35681231183535056,-0.37699345398752604,-0.00020492761508605906,2.2079976515739332,1.1485379295655,1.2953147514676047,0.886639349823609,10404,10404,3,Box 4,mid2_3aer-mid2
2017-07-15 12:22:00,-72.97467041015625,-0.5592643618583679,-72.27764129638672,-52.2651252746582,-30.417055130004883,10.448296546936035,-0.043755896389484406,-80.40116119384766,0.44679397344589233,2.267263412475586,0.7231160777304186,0.4208363392480556,-0.14455780332459472,0.0006053863461205067,2.7315737953797203,1.339648830283676,1.58917738336102,0.8432189936455602,10400,10220,0,Box 1,mid2_3aer-mid2
2017-07-15 12:22:00,-62.88893508911133,-0.1513689160346985,-62.75107955932617,-51.666019439697266,-19.78765296936035,8.678107261657715,0.024481646716594696,-64.52086639404297,0.19828370213508606,0.528598964214325,0.8233486375800991,0.3153356468024985,-0.13829414534491022,-0.00039013903768739255,2.6766194225897104,1.2074830744099738,1.489734159330954,0.8104099026956348,10404,10368,1,Box 2,mid2_3aer-mid2
2017-07-15 12:22:00,-77.71641540527344,0.0,-77.71641540527344,-69.70407104492188,-28.145875930786133,20.14397430419922,-0.010440669022500515,-78.92589569091797,0.26082843542099,0.27655938267707825,0.8969028607147953,0.3621612593222199,-0.2591984632023663,0.0001343431653511029,2.8371027685777523,1.2343360897688933,1.4733662195812494,0.8378095956877089,10404,10404,2,Box 3,mid2_3aer-mid2
2017-07-15 12:22:00,-54.46249008178711,-0.006089273374527693,-54.45732498168945,-54.36894607543945,-19.620426177978516,19.524959564208984,0.007085407618433237,-57.204566955566406,0.12477831542491913,0.5988773703575134,0.998377052274014,0.3602899706616696,-0.35853691356763595,-0.00013010936804763729,2.1670195456499934,1.1497471951591653,1.2946019816770622,0.8880787969622869,10404,10402,3,Box 4,mid2_3aer-mid2
2017-07-15 12:24:00,-75.07147216796875,-0.3865208327770233,-74.6124496459961,-56.23243713378906,-29.050052642822266,10.725656509399414,-0.05561545491218567,-82.5787124633789,0.45626869797706604,2.2366485595703125,0.7536602435695077,0.3893459483452667,-0.1437515831250867,0.000745391210312335,2.9372195084997768,1.3208988012004272,1.610503581105782,0.8204688903736977,10392,10191,0,Box 1,mid2_3aer-mid2
2017-07-15 12:24:00,-63.53155517578125,-0.2406817376613617,-63.30555725097656,-52.485084533691406,-19.91657066345215,9.102110862731934,-0.006002154666930437,-65.14064025878906,0.19983705878257751,0.5672504901885986,0.8290755934934245,0.3146102199383978,-0.1437806258930713,9.481246124901088e-05,2.710670493040581,1.2082868507454423,1.4932080485614632,0.8092193068635554,10404,10347,1,Box 2,mid2_3aer-mid2
2017-07-15 12:24:00,-78.98053741455078,-0.00016932202561292797,-78.98036193847656,-71.72145080566406,-28.649789810180664,21.394378662109375,-0.0035095170605927706,-79.80149841308594,0.2649424374103546,0.2651262879371643,0.9080920861809053,0.3627456997604149,-0.27088222124745837,4.44353061381797e-05,2.9469078254760737,1.2409274278144902,1.4869294577324643,0.8345717389040536,10404,10404,2,Box 3,mid2_3aer-mid2
2017-07-15 12:24:00,-55.18907928466797,-0.00017437752103433013,-55.18890380859375,-56.03836441040039,-19.654823303222656,20.506221771240234,-0.0019393936963751912,-57.91946792602539,0.14043545722961426,0.68814617395401,1.0153918577603034,0.3561372133424165,-0.3715642121132329,3.5141010512995674e-05,2.214529073489387,1.1496132776725292,1.2982225292424971,0.8855367979626828,10404,10404,3,Box 4,mid2_3aer-mid2
2017-07-15 12:26:00,-80.0216293334961,-0.3308478593826294,-79.61869812011719,-62.591522216796875,-30.15705680847168,13.10342788696289,0.026449695229530334,-87.32902526855469,0.4519762694835663,2.112067461013794,0.7861409517732616,0.3787685135126516,-0.16457726073025553,-0.00033220455565768914,3.043460007284763,1.307510058935195,1.6030746487471041,0.8154985739322885,10391,10145,0,Box 1,mid2_3aer-mid2
2017-07-15 12:26:00,-64.91253662109375,-0.5348793268203735,-64.39131164550781,-53.560096740722656,-20.66956901550293,9.805488586425781,0.032866377383470535,-66.51708221435547,0.21399587392807007,0.6550191044807434,0.8317907777440258,0.3209993214582137,-0.15227968286396681,-0.0005104163382726457,2.744588833006342,1.2150864039745097,1.4987050792018044,0.8105900973708223,10404,10348,1,Box 2,mid2_3aer-mid2
2017-07-15 12:26:00,-81.54889678955078,-2.2842123144073412e-05,-81.54887390136719,-72.39264678955078,-30.177295684814453,21.025968551635742,-0.0048943511210381985,-82.7245864868164,0.2634686231613159,0.2717221975326538,0.8877210091555033,0.3700516772134702,-0.25783270376706147,6.001739808791928e-05,2.955673093379643,1.2534237846387666,1.5022020365044628,0.834411328786644,10404,10404,2,Box 3,mid2_3aer-mid2
2017-07-15 12:26:00,-55.2569580078125,0.03737439960241318,-55.28988265991211,-57.40766906738281,-19.399267196655273,21.493812561035156,0.02324536070227623,-57.89356231689453,0.14317496120929718,0.7027851939201355,1.0383034267464772,0.3508646642287715,-0.3887476640256705,-0.00042042694957822313,2.2583916931958243,1.1475671920690393,1.2989202595186655,0.8833806456398475,10404,10402,3,Box 4,mid2_3aer-mid2
2017-07-15 12:28:00,-79.87662506103516,-0.42350882291793823,-79.31986236572266,-63.37505340576172,-29.83951187133789,14.019930839538574,-0.12524211406707764,-87.09146118164062,0.42750221490859985,2.054267406463623,0.798980718264198,0.3761921279325611,-0.17675179628489673,0.0015789500881375762,3.021978086530374,1.2973889490963932,1.5862684259480286,0.8184834444077724,10396,10188,0,Box 1,mid2_3aer-mid2
2017-07-15 12:28:00,-65.95991516113281,-0.6478176116943359,-65.34811401367188,-53.38886642456055,-21.730541229248047,9.75714111328125,0.014143149368464947,-67.5764389038086,0.22031842172145844,0.7708723545074463,0.8169916031888241,0.33253503289937847,-0.14931020829409836,-0.00021642779410424584,2.7275191450359655,1.2265462700142238,1.505891460355857,0.8144262931889087,10404,10348,1,Box 2,mid2_3aer-mid2
2017-07-15 12:28:00,-83.22100830078125,-9.066081474884413e-06,-83.22100067138672,-78.14783477783203,-30.575119018554688,25.513948440551758,-0.01199069619178772,-84.60408020019531,0.24899274110794067,0.2784619629383087,0.9390399042926704,0.36739667799058906,-0.30658066487584584,0.0001440825925864142,3.2381802332677982,1.2584237530229188,1.5175493497472436,0.8292971706132507,10404,10404,2,Box 3,mid2_3aer-mid2
2017-07-15 12:28:00,-57.209476470947266,0.03223820775747299,-57.242977142333984,-57.791534423828125,-20.220914840698242,20.739486694335938,0.029981840401887894,-59.889862060546875,0.15214332938194275,0.8015162348747253,1.0095828735779289,0.3532470837959712,-0.3623061929197091,-0.0005237644541909448,2.304944511264819,1.1573011346746047,1.3174658830712362,0.8783028380827768,10404,10400,3,Box 4,mid2_3aer-mid2
2017-07-15 12:30:00,-79.48741912841797,-0.4049011170864105,-78.97001647949219,-62.99409484863281,-30.04627227783203,14.139853477478027,-0.06950809806585312,-86.35470581054688,0.4249288737773895,2.1149404048919678,0.797696273841382,0.38047696615936727,-0.17905342329207208,0.0008801832913228336,2.885698221756968,1.287546354741391,1.5571306151199886,0.8271934966564417,10385,10204,0,Box 1,mid2_3aer-mid2
2017-07-15 12:30:00,-66.97252655029297,-0.2581321895122528,-66.72114562988281,-52.83218002319336,-23.112077713012695,9.233539581298828,-0.010429336689412594,-68.666748046875,0.20332880318164825,0.7671688795089722,0.7918356026286879,0.34639810600928694,-0.1383900209558367,0.00015631231786183974,2.7300798926875522,1.2456760220439507,1.526207557627885,0.8162443837295617,10404,10380,1,Box 2,mid2_3aer-mid2
2017-07-15 12:30:00,-90.3539047241211,5.888713712920435e-05,-90.35396575927734,-88.45327758789062,-33.552730560302734,31.65193748474121,0.00010915243183262646,-91.65660095214844,0.26987436413764954,0.2960479259490967,0.9789639926898269,0.3713476229719026,-0.3503104076082792,-1.2080534503300377e-06,3.5534342620317867,1.2718559406812893,1.5399036346620991,0.8259317328229969,10404,10404,2,Box 3,mid2_3aer-mid2
2017-07-15 12:30:00,-59.07575225830078,-0.005074427928775549,-59.071224212646484,-55.483604431152344,-21.210708618164062,17.620624542236328,0.0024765024427324533,-61.83449935913086,0.15597626566886902,0.8961899876594543,0.9392664373376075,0.3590700928373199,-0.2982946061594431,-4.192401548430702e-05,2.171004957882465,1.1597133590066457,1.3166686818046607,0.8807834495931588,10404,10403,3,Box 4,mid2_3aer-mid2
2017-07-15 12:32:00,-77.38640594482422,-0.6011579036712646,-76.67963409423828,-60.4893798828125,-28.10590171813965,11.925090789794922,-0.009445473551750183,-83.84852600097656,0.40274906158447266,1.995206594467163,0.7888584704991622,0.36653666881112046,-0.15551832029791826,0.00012318098763555718,2.771688288544732,1.2672397530641857,1.5384461759093615,0.8237577747473568,10358,10208,0,Box 1,mid2_3aer-mid2
2017-07-15 12:32:00,-67.82730102539062,-0.12519687414169312,-67.70732116699219,-53.01193618774414,-24.052457809448242,9.328248977661133,0.028819259256124496,-69.6581039428711,0.19278018176555634,0.7284886837005615,0.782957204628121,0.35524155053181056,-0.13777311058248218,-0.00042564457744939665,2.7232137169563146,1.2551688202183755,1.5318988878438802,0.819206141115651,10404,10390,1,Box 2,mid2_3aer-mid2
2017-07-15 12:32:00,-95.00004577636719,-0.00013891179696656764,-94.99991607666016,-90.60771942138672,-36.1136589050293,31.72544288635254,-0.0039809150621294975,-96.60128021240234,0.29914915561676025,0.3114302158355713,0.9537663635154953,0.38014408032373787,-0.3339523482500928,4.190441085966112e-05,3.5529331757571048,1.287431551220212,1.5574910002508624,0.8266214410094119,10404,10404,2,Box 3,mid2_3aer-mid2
2017-07-15 12:32:00,-56.1323127746582,-0.00012228803825564682,-56.1321907043457,-52.36302185058594,-19.995214462280273,16.230627059936523,-0.004568875301629305,-58.8688850402832,0.11997802555561066,0.6666198968887329,0.9328521115252381,0.35621657441148247,-0.2891500808710915,8.139493437098189e-05,2.0800408703452056,1.1500826826504917,1.299139226485802,0.8852840077619187,10404,10404,3,Box 4,mid2_3aer-mid2
2017-07-15 12:34:00,-76.36524200439453,-0.5807954668998718,-75.64480590820312,-58.5095100402832,-26.43448257446289,9.3945951461792,-0.09540972113609314,-82.68880462646484,0.36892271041870117,1.9267019033432007,0.773476887404785,0.34945534635208664,-0.12419351956539265,0.0012612858085209733,2.7140763956554053,1.253010763101175,1.5376991517991012,0.8153031587324358,10346,10165,0,Box 1,mid2_3aer-mid2
2017-07-15 12:34:00,-68.26737213134766,-0.2308274507522583,-68.03744506835938,-54.52457046508789,-23.740983963012695,10.230920791625977,-0.0028170733712613583,-69.9743881225586,0.19039562344551086,0.6756924390792847,0.8013905401000913,0.348939973790612,-0.15037191864392585,4.140475322261805e-05,2.71651393104321,1.2430492441829084,1.5153903720751016,0.8202973050356207,10404,10386,1,Box 2,mid2_3aer-mid2
2017-07-15 12:34:00,-95.38667297363281,3.926413046428934e-05,-95.38671875,-92.83003997802734,-36.32060241699219,33.79046630859375,-0.026537030935287476,-97.3384780883789,0.32277143001556396,0.31951162219047546,0.9731967634843058,0.3807721350554498,-0.35424710320897174,0.00027820466921607556,3.7486660111998797,1.2949925304704188,1.5723915916906408,0.8236851470855163,10404,10404,2,Box 3,mid2_3aer-mid2
2017-07-15 12:34:00,-56.142276763916016,-2.299869629496243e-05,-56.14225387573242,-55.661922454833984,-18.350841522216797,17.87337875366211,-0.0028707662131637335,-58.669898986816406,0.11466945707798004,0.47108760476112366,0.9914443711975525,0.3268632502015869,-0.3183587551870838,5.113378794441292e-05,2.1797766747947436,1.137062913274406,1.2995034530786396,0.8750097146267817,10404,10404,3,Box 4,mid2_3aer-mid2
2017-07-15 12:36:00,-73.61170196533203,-0.31318679451942444,-73.1134033203125,-57.16331481933594,-27.070289611816406,11.169878959655762,-0.04967910051345825,-79.73612976074219,0.3438040614128113,1.8823143243789673,0.7818445686679732,0.37025068000973377,-0.15277472876622283,0.0006794800885158159,2.6034873636789246,1.254282383025455,1.5037264365442742,0.8343473101331054,10366,10129,0,Box 1,mid2_3aer-mid2
2017-07-15 12:36:00,-65.94932556152344,-0.13614562153816223,-65.81610870361328,-55.29403305053711,-21.55402946472168,11.056734085083008,-0.02478337474167347,-66.98823547363281,0.16858354210853577,0.5434675812721252,0.8401291573000029,0.3274886208396473,-0.1679943329340565,0.00037655479440626416,2.7033300502105453,1.2138883465582786,1.4837549206338114,0.8182407363719809,10404,10392,1,Box 2,mid2_3aer-mid2
2017-07-15 12:36:00,-100.07728576660156,0.0003943967167288065,-100.07769012451172,-93.41197967529297,-38.1057014465332,31.45633888244629,-0.016345681622624397,-101.88312530517578,0.3454417884349823,0.3116421401500702,0.9333946833724832,0.3807612126799008,-0.3143192259957841,0.00016332994340007012,3.5361780714028153,1.293844874212312,1.569972946615013,0.8241799323996258,10404,10404,2,Box 3,mid2_3aer-mid2
2017-07-15 12:36:00,-59.07060241699219,0.10345148295164108,-59.17017364501953,-57.096927642822266,-19.60948944091797,17.549606323242188,-0.01335613802075386,-61.770450592041016,0.13891300559043884,0.46660929918289185,0.9649613902708944,0.33140838448292714,-0.29659549895367826,0.00022572419985666947,2.182091344125296,1.1433827030047443,1.309360499359514,0.8732906412953335,10404,10394,3,Box 4,mid2_3aer-mid2
2017-07-15 12:38:00,-72.30132293701172,-0.3464573323726654,-71.81468200683594,-57.85921859741211,-25.801834106445312,11.803228378295898,0.04314247518777847,-78.18433380126953,0.31879574060440063,1.6945542097091675,0.805673951977061,0.359283562274878,-0.16435676695108806,-0.0006007473008509956,2.7067662567000017,1.2486016337986856,1.5097979902647598,0.8267944847180932,10380,10143,0,Box 1,mid2_3aer-mid2
2017-07-15 12:38:00,-64.07975769042969,-0.28193506598472595,-63.80490493774414,-54.61231231689453,-19.709386825561523,10.530966758728027,-0.014171664603054523,-64.58992767333984,0.1415652632713318,0.47803542017936707,0.8559265589874415,0.30890083179245953,-0.16504950013719827,0.0002221093572972177,2.644005300310308,1.1917810627688454,1.4603147671005576,0.816181089988209,10404,10390,1,Box 2,mid2_3aer-mid2
2017-07-15 12:38:00,-97.3812026977539,3.8646074244752526e-05,-97.38124084472656,-88.83562469482422,-37.26914596557617,28.745773315429688,-0.0222434401512146,-99.3275375366211,0.32915085554122925,0.336590439081192,0.912245795764398,0.3827138120057189,-0.2951880238421001,0.00022841607198315073,3.4770475016009543,1.2987538522763775,1.5767309853193079,0.8237860198855183,10404,10404,2,Box 3,mid2_3aer-mid2
2017-07-15 12:38:00,-58.42090606689453,0.07265608757734299,-58.48356246948242,-55.4706916809082,-19.875709533691406,16.84669303894043,0.0161442831158638,-61.120445251464844,0.14376789331436157,0.445904940366745,0.9484834267788322,0.33985119795177104,-0.2880585765263441,-0.00027604820425919385,2.113793360735765,1.1435011213597706,1.3008864761708427,0.8789530153954311,10403,10386,3,Box 4,mid2_3aer-mid2
2017-07-15 12:40:00,-72.42267608642578,-0.9070415496826172,-71.490966796875,-58.075496673583984,-25.354473114013672,12.111980438232422,-0.1729702204465866,-78.15145111083984,0.30874010920524597,1.720704436302185,0.8123474114373276,0.3546528769840603,-0.16941975842525253,0.0024194700038646655,2.6457072434292264,1.236619782910465,1.4906752402748777,0.8303719053748738,10378,10159,0,Box 1,mid2_3aer-mid2
2017-07-15 12:40:00,-61.21006393432617,-0.0990123301744461,-61.11104965209961,-53.764068603515625,-17.654495239257812,10.352625846862793,-0.04511243477463722,-61.24169921875,0.09999395161867142,0.3505624532699585,0.8797765223741502,0.2888920283635257,-0.1694067548859039,0.000738204148228061,2.586751691669944,1.1688750621868702,1.4334620760762913,0.8156377733953948,10404,10400,1,Box 2,mid2_3aer-mid2
2017-07-15 12:40:00,-95.59210968017578,-0.012188751250505447,-95.58030700683594,-84.27393341064453,-36.61097717285156,25.358356475830078,-0.0537470281124115,-97.69609832763672,0.3304038643836975,0.33974289894104004,0.8817081519630612,0.38303896336173043,-0.26530943859450007,0.0005623232697084535,3.1986135861187064,1.2873150315102908,1.5520397592568034,0.8296393583244916,10404,10403,2,Box 3,mid2_3aer-mid2
2017-07-15 12:40:00,-58.981449127197266,0.11678773164749146,-59.091522216796875,-57.936004638671875,-19.634984970092773,18.490917205810547,-0.011444628238677979,-61.784610748291016,0.14306245744228363,0.3951953053474426,0.9804453319420572,0.33228093321893915,-0.31291994147950664,0.0001936763185103052,2.1410142012452757,1.1376923372677745,1.295401959456221,0.8782983228267853,10403,10385,3,Box 4,mid2_3aer-mid2
2017-07-15 12:42:00,-71.4849624633789,-1.05337655544281,-70.48014068603516,-55.97439193725586,-26.167692184448242,11.739726066589355,-0.07778424769639969,-77.17871856689453,0.319610059261322,1.9877835512161255,0.7941867109483071,0.37127750718681907,-0.1665678517349485,0.001103633599822379,2.6261626697379117,1.2531849412357685,1.4996718498171109,0.8360132555010511,10360,10089,0,Box 1,mid2_3aer-mid2
2017-07-15 12:42:00,-58.191890716552734,0.00266143842600286,-58.20013427734375,-53.469818115234375,-15.357736587524414,10.61207389831543,0.015355654060840607,-57.559200286865234,0.07243593782186508,0.17694999277591705,0.9187234156488299,0.2638780461718318,-0.18233761957022687,-0.00026384225043479814,2.5857185674848626,1.1461760037011675,1.4115415785314838,0.8119291635314787,10404,10402,1,Box 2,mid2_3aer-mid2
2017-07-15 12:42:00,-90.53496551513672,6.285736162681133e-05,-90.53502655029297,-77.56293487548828,-34.741641998291016,21.80457878112793,-0.03504585847258568,-92.67516326904297,0.31445401906967163,0.25862598419189453,0.8567172601593905,0.3837369847169495,-0.24084134213268388,0.00038709725634383796,2.9636669348781326,1.275468865900228,1.52609075782525,0.83591200651766,10404,10404,2,Box 3,mid2_3aer-mid2
2017-07-15 12:42:00,-59.738460540771484,0.1344626545906067,-59.85291290283203,-63.14514923095703,-19.15058708190918,22.429950714111328,0.012874484062194824,-62.27629852294922,0.15168122947216034,0.2885420322418213,1.0550054802915465,0.3199608312902159,-0.3747512095112119,-0.00021510207055053243,2.2578802307089174,1.131449040087689,1.2934607621244447,0.8746971294646987,10404,10383,3,Box 4,mid2_3aer-mid2
2017-07-15 12:44:00,-70.16722106933594,-1.0663554668426514,-68.78715515136719,-58.02945327758789,-25.34223747253418,14.767524719238281,-0.18298576772212982,-75.8232421875,0.3314780592918396,2.1673994064331055,0.8436088760741506,0.3684152666588657,-0.21468431629437432,0.0026601735613580313,2.7123267533537665,1.2434350985424352,1.4832879936424828,0.8391761457451932,10353,10025,0,Box 1,mid2_3aer-mid2
2017-07-15 12:44:00,-56.834407806396484,0.03477601334452629,-56.85819625854492,-52.839881896972656,-13.962051391601562,9.941923141479492,0.001813260605558753,-55.87022399902344,0.072159543633461,0.06498629599809647,0.9293274354164928,0.24555915267961337,-0.17485469717535457,-3.1890920751564966e-05,2.5747624304995624,1.1330920578095265,1.4038611780665131,0.8071166989396545,10404,10399,1,Box 2,mid2_3aer-mid2
2017-07-15 12:44:00,-87.13352966308594,-1.0530371582717635e-05,-87.1335220336914,-75.44905853271484,-33.868011474609375,22.21197509765625,-0.028437498956918716,-89.67636108398438,0.3211671710014343,0.22445102035999298,0.865901517157889,0.38869092486207696,-0.2549188089401759,0.00032636692020993063,2.964007532399209,1.2761742202582695,1.519331052406896,0.8400726359672116,10404,10404,2,Box 3,mid2_3aer-mid2
2017-07-15 12:44:00,-59.638954162597656,0.0572182722389698,-59.68586730957031,-60.0095100402832,-20.982221603393555,21.285024642944336,0.020839041098952293,-62.25684356689453,0.1804054230451584,0.34392258524894714,1.005422441104615,0.35154422563526566,-0.3566175213988918,-0.00034914534098895444,2.1762442858585085,1.1456169961925426,1.2940829244087189,0.8851935696771647,10404,10388,3,Box 4,mid2_3aer-mid2
2017-07-15 12:46:00,-68.41895294189453,-1.993565320968628,-66.19524383544922,-59.219810485839844,-22.354660034179688,15.149263381958008,0.22995387017726898,-73.79719543457031,0.3022623360157013,1.9439408779144287,0.8946232105548172,0.33770792296043944,-0.22885726084635372,-0.003473872668902922,2.612147274404413,1.1986859983731994,1.4301177642436937,0.8371318955879012,10328,9915,0,Box 1,mid2_3aer-mid2
2017-07-15 12:46:00,-57.55645751953125,-0.013057428412139416,-57.558937072753906,-52.90024185180664,-14.152628898620605,9.488325119018555,0.005605781450867653,-56.66877365112305,0.08913175761699677,0.045183997601270676,0.9190621319775198,0.24588065217310284,-0.1648453921256233,-9.739202499939315e-05,2.5618659419529357,1.1341002000380602,1.4066263148349036,0.806228706956362,10404,10399,1,Box 2,mid2_3aer-mid2
2017-07-15 12:46:00,-87.37303924560547,-0.0004032904689665884,-87.37264251708984,-75.32582092285156,-34.822105407714844,22.80305290222168,-0.027772122994065285,-89.88483428955078,0.36494994163513184,0.32397109270095825,0.862121332014316,0.3985470132787717,-0.26098620365021535,0.0003178583571277205,2.897106492481313,1.2787332437216576,1.5087434845074317,0.8476592832886262,10404,10404,2,Box 3,mid2_3aer-mid2
2017-07-15 12:46:00,-57.17409896850586,0.05471371114253998,-57.218196868896484,-49.538333892822266,-22.57946014404297,14.877467155456543,0.022117916494607925,-59.70905303955078,0.18601970374584198,0.4024440050125122,0.8657791933523975,0.3946202166249042,-0.26001285613673086,-0.00038655384057084685,1.90646283288427,1.1584138076975075,1.2820076382402414,0.9035067618886466,10404,10391,3,Box 4,mid2_3aer-mid2
2017-07-15 12:48:00,-64.39126586914062,-2.58313250541687,-61.810829162597656,-56.97727584838867,-20.56560707092285,15.744832992553711,-0.012777582742273808,-69.44483947753906,0.26544180512428284,1.7799201011657715,0.9218008399809422,0.3327185331734132,-0.25472609391703027,0.00020672076267486128,2.6133143216829957,1.1893000104088316,1.4153410196332332,0.8403525362856216,10317,9838,0,Box 1,mid2_3aer-mid2
2017-07-15 12:48:00,-57.296058654785156,-0.09525927156209946,-57.23322677612305,-52.704505920410156,-13.98214054107666,9.511598587036133,-0.058176178485155106,-56.28097915649414,0.07966898381710052,0.039971351623535156,0.9208725429808278,0.24430112635544673,-0.16619014492123968,0.0010164755849651763,2.5598291351458373,1.1327857488942512,1.4052784549500053,0.8063722719632602,10404,10399,1,Box 2,mid2_3aer-mid2
2017-07-15 12:48:00,-85.68746948242188,-0.001267166226170957,-85.68620300292969,-74.90144348144531,-33.86807632446289,23.119857788085938,-0.03654308244585991,-88.20801544189453,0.36348381638526917,0.42796170711517334,0.874136529720013,0.39525706930329907,-0.2698200747223399,0.00042647569902781735,2.915993126126355,1.2737404000920454,1.5039604762834522,0.8470715343517883,10404,10404,2,Box 3,mid2_3aer-mid2
2017-07-15 12:48:00,-50.87092590332031,0.05908142030239105,-50.91221618652344,-40.524620056152344,-20.95229721069336,10.514009475708008,0.05069343000650406,-53.465518951416016,0.20073482394218445,0.5195531845092773,0.7959704367886479,0.4115377552918637,-0.20651248944277573,-0.0009957026377358513,1.8445126600722657,1.1714774090237015,1.2922449860212402,0.906312971607202,10404,10391,3,Box 4,mid2_3aer-mid2
2017-07-15 12:50:00,-64.53372192382812,-1.54149329662323,-62.788578033447266,-56.5723762512207,-20.817773818969727,14.797809600830078,-0.19623038172721863,-69.58206939697266,0.25425219535827637,1.821025013923645,0.9009979650816217,0.331553551224166,-0.23567677247181876,0.0031252561660310707,2.6848359796546264,1.1992717588583184,1.4410613630100966,0.8331650734853974,10315,9748,0,Box 1,mid2_3aer-mid2
2017-07-15 12:50:00,-57.6643180847168,0.01628883369266987,-57.68061065673828,-53.21111297607422,-14.285592079162598,9.83533763885498,-0.019233541563153267,-56.64931869506836,0.07733872532844543,0.055091727524995804,0.9225131416329655,0.2476671805466021,-0.17051377115624608,0.0003334489766784743,2.5734662608887677,1.1352877852531282,1.40712727291268,0.8069043304869924,10404,10403,1,Box 2,mid2_3aer-mid2
2017-07-15 12:50:00,-84.79520416259766,-0.0005844029947184026,-84.79463195800781,-74.13642883300781,-33.220558166503906,22.614404678344727,-0.052046798169612885,-87.21636199951172,0.34783801436424255,0.3986682593822479,0.8743056847716667,0.39177669134865123,-0.2666961743878324,0.0006137982675144538,2.7837261152703316,1.2578204403753075,1.4774610372603283,0.8515431503526837,10404,10404,2,Box 3,mid2_3aer-mid2
2017-07-15 12:50:00,-51.73285675048828,-0.021867182105779648,-51.711090087890625,-41.58790969848633,-22.056978225708008,11.908370971679688,0.025418365374207497,-54.26256561279297,0.24494938552379608,0.5949060320854187,0.804235612310019,0.4265425011056304,-0.2302865677787683,-0.0004915456368811688,1.8214745939278307,1.17235816961652,1.2821479795157937,0.9142587075850674,10404,10383,3,Box 4,mid2_3aer-mid2
2017-07-15 12:52:00,-64.76648712158203,-1.2804296016693115,-63.036685943603516,-58.1322021484375,-20.418386459350586,15.572030067443848,-0.058127451688051224,-69.82134246826172,0.24219734966754913,1.7123939990997314,0.922196384206704,0.3239127567383501,-0.24703126205293388,0.0009221211078797309,2.687733421234114,1.1896218136833943,1.429565888376367,0.8324302607926204,10309,9742,0,Box 1,mid2_3aer-mid2
2017-07-15 12:52:00,-57.29283142089844,0.00010989204747602344,-57.292945861816406,-52.29838943481445,-13.881372451782227,8.89942455291748,-0.01260467804968357,-56.18944549560547,0.06077258288860321,-0.026786834001541138,0.9128242835731786,0.24228763159221312,-0.15533191916122557,0.00022000399583388397,2.5286362727176477,1.131014913412982,1.4032040100303431,0.806083221631844,10404,10404,1,Box 2,mid2_3aer-mid2
2017-07-15 12:52:00,-78.65016174316406,0.01706506498157978,-78.66439819335938,-64.9468994140625,-31.33025550842285,17.653507232666016,-0.04074147716164589,-81.14060974121094,0.30123400688171387,0.28894558548927307,0.8256200905059035,0.3982774833275531,-0.2244154889914745,0.0005179151580179675,2.4525483536454735,1.241581895068219,1.4364913361828076,0.8644777694620525,10404,10402,2,Box 3,mid2_3aer-mid2
2017-07-15 12:52:00,-45.43915939331055,-0.046956393867731094,-45.388427734375,-26.321989059448242,-22.719640731811523,3.6942808628082275,-0.04107661172747612,-47.5014762878418,0.22467604279518127,0.4825804531574249,0.579927338030254,0.5005602306900923,-0.08139257061588524,0.0009050018955390066,1.4329945337591836,1.1679673136603757,1.229722048916873,0.9499593122271044,10404,10386,3,Box 4,mid2_3aer-mid2
2017-07-15 12:54:00,-64.23033142089844,-1.2037724256515503,-62.6504020690918,-54.76955795288086,-20.868677139282227,12.809341430664062,0.17848806083202362,-69.36810302734375,0.25326210260391235,1.6806848049163818,0.8742091525671124,0.3330972496814907,-0.20445744904466337,-0.0028489532039397136,2.593874377336372,1.199120565735518,1.438260295550813,0.8328670644240285,10354,9744,0,Box 1,mid2_3aer-mid2
2017-07-15 12:54:00,-57.107566833496094,0.00014912286133039743,-57.10771560668945,-52.51730728149414,-13.490489959716797,8.913355827331543,-0.01327505987137556,-55.875648498535156,0.06934507936239243,-0.038607846945524216,0.919618371915551,0.23622888012035642,-0.15607970853654105,0.0002324565006336654,2.5443144837033684,1.1274334601177705,1.4028360533858002,0.8037447951557629,10404,10404,1,Box 2,mid2_3aer-mid2
2017-07-15 12:54:00,-75.94757843017578,0.005586572922766209,-75.95262908935547,-65.8132095336914,-29.628189086914062,19.525089263916016,-0.03631870821118355,-78.27735137939453,0.2841257154941559,0.25175991654396057,0.8665033779641946,0.3900877720260339,-0.25706932576668456,0.0004781757764560357,2.510509536019184,1.2302223670398327,1.4248972287069164,0.8635224095246757,10404,10402,2,Box 3,mid2_3aer-mid2
2017-07-15 12:54:00,-39.602420806884766,-0.06374428421258926,-39.54096221923828,-33.52085876464844,-17.534029006958008,11.55439567565918,-0.04046935215592384,-41.2790412902832,0.21070095896720886,0.33250492811203003,0.8477502200972405,0.4434396442155781,-0.29221334348183664,0.0010234791690180156,1.753190148458868,1.1581660250800536,1.2470187420505365,0.9289577536309694,10404,10388,3,Box 4,mid2_3aer-mid2
2017-07-15 12:56:00,-63.94643783569336,-1.4971872568130493,-62.12621307373047,-53.31962966918945,-21.894546508789062,12.922369003295898,0.1655915379524231,-69.22496032714844,0.2696612775325775,1.7365895509719849,0.8582468687257416,0.3524204361228227,-0.20800189934540295,-0.0026654055031613832,2.4314147080305895,1.2001134885718532,1.4120928929153662,0.8491014908039738,10372,9741,0,Box 1,mid2_3aer-mid2
2017-07-15 12:56:00,-57.028953552246094,4.892026481684297e-05,-57.02900314331055,-53.83365249633789,-13.12857723236084,9.947646141052246,-0.01441946905106306,-55.74863052368164,0.07054954767227173,-0.02471441961824894,0.9439697244347734,0.23020880375430877,-0.17443137268971443,0.00025284450063220443,2.562439238546582,1.121578829294714,1.394129789252248,0.8045686053181518,10404,10404,1,Box 2,mid2_3aer-mid2
2017-07-15 12:56:00,-74.78495025634766,0.028566069900989532,-74.7967758178711,-63.755828857421875,-29.021242141723633,18.009963989257812,-0.02967819571495056,-76.86804962158203,0.2666923701763153,0.20313063263893127,0.8523873085783829,0.38800121272964955,-0.2407853057143747,0.0003967844063423043,2.3900491475436945,1.2193381900049907,1.4059802551800382,0.8673685487603018,10404,10401,2,Box 3,mid2_3aer-mid2
2017-07-15 12:56:00,-42.92586898803711,0.032326605170965195,-42.94175338745117,-40.08906555175781,-19.840473175048828,17.093820571899414,-0.10602770000696182,-45.09592819213867,0.22609193623065948,0.4136731028556824,0.9335685683866363,0.46203224237875756,-0.3980699159701714,0.0024691052047775552,1.765286714724454,1.15100085138991,1.224971807144487,0.9400850451445881,10404,10396,3,Box 4,mid2_3aer-mid2
2017-07-15 12:58:00,-61.789337158203125,-1.8281019926071167,-59.831729888916016,-52.73738479614258,-21.316394805908203,14.183820724487305,0.038230642676353455,-66.8731689453125,0.26861411333084106,1.6785207986831665,0.8814283831459261,0.35627245235528143,-0.237061866169189,-0.000638969332018513,2.4534430122358817,1.1988739551070435,1.4041165405767417,0.8536428046158964,10378,9779,0,Box 1,mid2_3aer-mid2
2017-07-15 12:58:00,-56.30109786987305,-0.03813358396291733,-56.27037048339844,-54.30208206176758,-12.230535507202148,10.278623580932617,-0.01638074964284897,-54.73774337768555,0.069888174533844,-0.057264529168605804,0.9650208014513941,0.2173530161479908,-0.18266492548850696,0.00029110788912203867,2.5700039598631146,1.112154151570412,1.385471405566557,0.8028023602207226,10404,10402,1,Box 2,mid2_3aer-mid2
2017-07-15 12:58:00,-72.18233489990234,0.031955938786268234,-72.21428680419922,-61.02753829956055,-27.74516487121582,16.588394165039062,-0.029990408569574356,-74.19849395751953,0.25758761167526245,0.15471220016479492,0.8450894181749521,0.3842059661072443,-0.22971068169730263,0.00041529741510626383,2.3106640807996035,1.2097161303571977,1.391460044878473,0.8695054616836366,10404,10401,2,Box 3,mid2_3aer-mid2
2017-07-15 12:58:00,-47.99493408203125,-0.00016690509801264852,-48.00107192993164,-46.30232238769531,-19.847270965576172,18.307735443115234,-0.15922126173973083,-50.26797866821289,0.20656272768974304,0.3450107276439667,0.9646100702708821,0.4134755259663821,-0.38140263149664194,0.0033170352593777652,1.805826925151716,1.1350408731068025,1.2265851822871354,0.925993632695055,10404,10383,3,Box 4,mid2_3aer-mid2
2017-07-15 13:00:00,-59.4388313293457,-1.776392936706543,-57.54220199584961,-51.42909622192383,-20.614730834960938,14.40369701385498,0.09792577475309372,-64.21324920654297,0.27227291464805603,1.5565271377563477,0.8937630587765522,0.3582540889645627,-0.25031533987029275,-0.0017018078708220807,2.436415505429209,1.195397371068803,1.3939295408029857,0.857089163657305,10373,9791,0,Box 1,mid2_3aer-mid2
2017-07-15 13:00:00,-56.00797653198242,0.00010272378131048754,-56.008087158203125,-54.38052749633789,-12.054681777954102,10.425116539001465,0.0020132609643042088,-54.18327713012695,0.07769352942705154,-0.07151052355766296,0.9709407682215393,0.2152311149279598,-0.18613593725032834,-3.594589917074731e-05,2.5974326211761523,1.1115950072148386,1.3877685924626308,0.8009850629584103,10404,10404,1,Box 2,mid2_3aer-mid2
2017-07-15 13:00:00,-72.3567886352539,-0.01232385728508234,-72.34430694580078,-61.6650505065918,-27.382680892944336,16.749221801757812,-0.0458027645945549,-74.37195587158203,0.2584802508354187,0.14648421108722687,0.8523828277114006,0.3785049896297799,-0.23152093919612002,0.0006331218549394946,2.346683290391233,1.2085124008854211,1.3959509180954965,0.8659098560904448,10404,10401,2,Box 3,mid2_3aer-mid2
2017-07-15 13:00:00,-48.80370330810547,0.04619084671139717,-48.83936309814453,-45.97026824951172,-19.387697219848633,16.643829345703125,-0.12522417306900024,-51.02166748046875,0.18143969774246216,0.19164405763149261,0.9412544770719021,0.3969687502156104,-0.3407872287046166,0.002564001417104056,1.7525456170987765,1.1255973989772226,1.2198105990743746,0.9232343021545687,10404,10355,3,Box 4,mid2_3aer-mid2
