time,DCRE_total,DCRE_CF,DCRE_A,DCRE_A_Nc,DCRE_A_LWP,DCRE_A_re,DCRE_A_cov,DCRE_sfc,DCRE_lw_toa,DCRE_lw_sfc,frac_Nc,frac_LWP,frac_re,frac_cov,R_Nc,R_LWP,R_tau,R_re,n_any_pix,n_both_pix,box,box_label,pair
2017-07-15 09:04:00,0.691554069519043,0.009160584119730654,0.6823934853985165,0.6662379172769769,0.005810927746606399,-0.007403872911866089,0.017748513286799338,0.7482986450195312,-0.0026601403951644897,-0.04836249351501465,0.9763251430923248,0.008515508824374001,-0.010849858725632823,0.02600920680893406,2.031124710118271,1.0030949394142548,1.2736974891407422,0.7925167277031956,1497,1496,0,Box 1,org_3aer-org
2017-07-15 09:04:00,1.0446033477783203,-0.00942603036641797,1.0540293781438104,1.12433198659256,0.021371713596888105,-0.2466138708968372,0.15493954885119937,1.1425189971923828,-0.0049956440925598145,-0.11974477767944336,1.066698907930399,0.020276202959849738,-0.23397248313053143,0.1469973722402827,2.2191773602803617,1.0076049032147287,1.2828672969846606,0.8147248606779538,1984,1985,1,Box 2,org_3aer-org
2017-07-15 09:04:00,0.5286407470703125,-0.05795813267630387,0.586598879746164,0.6286768997654454,0.014781361989909323,-0.1407289357128037,0.08386955370361297,0.6241054534912109,-0.002208024263381958,-0.09345340728759766,1.0717321861192262,0.025198414965104585,-0.23990658791182934,0.1429759868274986,2.2359968608866945,1.0095047307753047,1.2843801033091473,0.8146205463045492,2267,2273,2,Box 3,org_3aer-org
2017-07-15 09:04:00,0.8609542846679688,-0.131959878050433,0.9929141627181045,1.04105757386087,0.024639201230769778,-0.21525654039870973,0.14247392802517442,1.0334892272949219,-0.005398213863372803,-0.20890235900878906,1.0484869820075613,0.024815036541849616,-0.21679269818192998,0.14349067963251905,2.276359663928355,1.0097816964973105,1.2988932489526743,0.8071435259705805,5860,5877,3,Box 4,org_3aer-org
2017-07-15 09:06:00,2.7788610458374023,-0.0362721593356273,2.8151332051698406,3.124379815207519,-0.00957211500959588,-0.7053286609772998,0.40565416594921716,2.925344467163086,-0.007952079176902771,-0.11391639709472656,1.1098515016872963,-0.003400235197402811,-0.2505489472689966,0.14409768077910315,2.0353283389255314,0.9989119775622607,1.2379281190996925,0.832125802703221,1548,1551,0,Box 1,org_3aer-org
2017-07-15 09:06:00,2.3571949005126953,0.019838335116063435,2.337356565394663,2.4815737148625074,0.04817320202815956,-0.4378218453487507,0.24543149385274637,2.543966293334961,-0.008495420217514038,-0.17637109756469727,1.061700962361938,0.02061012116909322,-0.18731495734576742,0.10500387381473619,2.2115027903086224,1.0077332744611338,1.282976307875866,0.8062882638207919,2086,2084,1,Box 2,org_3aer-org
2017-07-15 09:06:00,1.6891002655029297,0.13304814859513678,1.5560521169066432,1.6432564632413764,0.07237204701958204,-0.26874170846595286,0.10916531511163752,1.8698558807373047,-0.005048841238021851,-0.15055131912231445,1.0560420472985772,0.0465100405270835,-0.17270739555960274,0.07015530773394205,2.258339819899709,1.0181007717340387,1.2932171830525836,0.801592502119752,2386,2373,2,Box 3,org_3aer-org
2017-07-15 09:06:00,2.8519554138183594,-0.01887707973203547,2.870832493549546,3.048430058582791,0.11225394871345094,-0.5496740063339968,0.2598224925873012,3.184917449951172,-0.010374069213867188,-0.32229042053222656,1.061862740313929,0.03910153203493188,-0.1914685052398757,0.09050423289101492,2.2779919989801827,1.0152737709542965,1.294912897131851,0.8026031421228066,6016,6019,3,Box 4,org_3aer-org
2017-07-15 09:08:00,4.361388206481934,-0.031564323377885936,4.392952529855046,4.731707573905173,-0.0320381264222803,-1.0581357469788335,0.7514188293509867,4.580423355102539,-0.012338995933532715,-0.17393875122070312,1.0771132949304383,-0.007293073668459937,-0.2408711999020278,0.17105097864004945,2.0492323856549395,0.9975739889709627,1.2486130405927367,0.8298724194784923,1593,1596,0,Box 1,org_3aer-org
2017-07-15 09:08:00,3.2814579010009766,0.10844945030760596,3.1730084506908045,3.380607605513827,0.08720532846831149,-0.7334137160678584,0.43860923277652436,3.5360984802246094,-0.011604160070419312,-0.2361893653869629,1.065426600038782,0.02748348446702869,-0.23114143169337759,0.1382313471875669,2.207816485014683,1.0102675240326917,1.2811899878996627,0.8160155229736165,2149,2139,1,Box 2,org_3aer-org
2017-07-15 09:08:00,1.8670368194580078,-0.010882045188426332,1.8779188646451117,2.0370574983700154,0.059527097682421044,-0.31146652272957975,0.09280079132225494,2.0562744140625,-0.006390124559402466,-0.18422794342041016,1.0847420177308766,0.03169843958816104,-0.1658572841422734,0.04941682682323573,2.2445590727215277,1.0118832178299306,1.2820353931973592,0.7990288393296365,2467,2468,2,Box 3,org_3aer-org
2017-07-15 09:08:00,3.4506301879882812,0.07719236072514138,3.3734378272621672,3.689706886734788,0.15953081797524266,-0.6913567605042343,0.21555688305637113,3.8242950439453125,-0.014925003051757812,-0.4272880554199219,1.0937527459130023,0.047290279573557616,-0.2049413079195028,0.06389828243294288,2.268558887130151,1.0178662924101674,1.2835677383346884,0.8057488871049733,6058,6051,3,Box 4,org_3aer-org
2017-07-15 09:10:00,4.650594711303711,0.056656992822818136,4.593937718476062,5.062216044664959,0.02739474242176743,-1.327922378746136,0.8322493101354719,4.872922897338867,-0.013768941164016724,-0.18671083450317383,1.1019339736160458,0.005963237662450294,-0.2890597261267715,0.18116251484827536,2.073220270794308,1.001974758293034,1.2467654561495256,0.8364204224704622,1629,1624,0,Box 1,org_3aer-org
2017-07-15 09:10:00,3.556568145751953,0.12679463982633493,3.429773505922913,3.6553569671611505,0.08603467195501632,-0.8379136209363615,0.5262954877431073,3.8226375579833984,-0.01324203610420227,-0.263486385345459,1.0657721161029075,0.025084651160329426,-0.2443058177134319,0.15344905045019502,2.206339630094506,1.0093561635952988,1.280818989915916,0.8185601080499525,2179,2168,1,Box 2,org_3aer-org
2017-07-15 09:10:00,1.027090072631836,0.022660393286874504,1.0044296793442815,1.0975451363630429,0.034952229869758045,-0.19852162139381313,0.07045393450529366,1.162811279296875,-0.005580216646194458,-0.17365312576293945,1.0927048044613235,0.03479808550915759,-0.19764611249183053,0.0701432225213495,2.2485158016026943,1.0129854519254837,1.280404110792298,0.8049813472372829,2540,2538,2,Box 3,org_3aer-org
2017-07-15 09:10:00,1.588897705078125,0.11848233312166252,1.470415371956042,1.630824508238155,0.07082466274248918,-0.38090529774420917,0.149671498719607,1.8513336181640625,-0.013988375663757324,-0.4256448745727539,1.1090910360034705,0.04816643248789872,-0.25904605257050883,0.10178858407913965,2.291597754219237,1.0181697248994914,1.283034401022345,0.8139529503078238,6081,6071,3,Box 4,org_3aer-org
2017-07-15 09:12:00,3.433382034301758,0.008568744251786511,3.4248132900464205,3.786515930177868,-0.006779495698890024,-0.9155276600043326,0.560604515571775,3.596010208129883,-0.012543797492980957,-0.16966676712036133,1.1056123675946565,-0.0019795227140099463,-0.26732191873499866,0.16368907385435208,2.089259045926763,0.9993406142046848,1.2487489330405372,0.8299087288945349,1630,1629,0,Box 1,org_3aer-org
2017-07-15 09:12:00,2.9356765747070312,0.20743022787649953,2.728246346828408,2.899011129209692,0.08437265116182557,-0.6752015454020169,0.4200641118589077,3.175151824951172,-0.012936770915985107,-0.26332855224609375,1.0625914087926107,0.03092559851125942,-0.24748554916492058,0.15396854186105044,2.215101986690377,1.0116403879528046,1.2833629423144632,0.8191417818192879,2182,2165,1,Box 2,org_3aer-org
2017-07-15 09:12:00,-0.15994644165039062,0.06950470903869703,-0.22945115068894173,-0.25129386835301243,-0.008739047154674775,0.05420232240859872,-0.023620557589853246,-0.0861053466796875,-0.002838224172592163,-0.12706565856933594,1.0951955028270137,0.038086743642100844,-0.23622597771182577,0.1029437312427112,2.2512980187007163,1.014210590042892,1.280166285859831,0.8126511558808927,2634,2628,2,Box 3,org_3aer-org
2017-07-15 09:12:00,-1.4236831665039062,0.23481230938573017,-1.6584954758891701,-1.8577835873371291,-0.08553187934224131,0.4484002546784918,-0.16358026388829155,-1.3426361083984375,-0.006701827049255371,-0.2917346954345703,1.1201619867796833,0.05157197024995504,-0.27036567853047094,0.09863172150083266,2.290695258367568,1.0192633335765104,1.2797278975051247,0.816082304467814,6124,6106,3,Box 4,org_3aer-org
2017-07-15 09:14:00,2.194368362426758,0.08637600869135724,2.107992353733248,2.3250265255589606,0.024802421800121106,-0.650185514301562,0.40834892067572837,2.300870895385742,-0.009547978639602661,-0.12746572494506836,1.102957760468792,0.011765897421874465,-0.3084382697831354,0.19371461189246902,2.11545177274551,1.0040044391636418,1.2541300615814173,0.8364566713491087,1636,1629,0,Box 1,org_3aer-org
2017-07-15 09:14:00,2.0945205688476562,0.13615316292166496,1.9583674059245284,2.10294252999016,0.04430794884269646,-0.4794779964001057,0.2905949234917778,2.2937049865722656,-0.011358648538589478,-0.23933076858520508,1.0738243108153542,0.022624941933088935,-0.24483556811125962,0.14838631536281643,2.2084626636366647,1.0083815776974243,1.2788258561128751,0.8178296388215344,2243,2232,1,Box 2,org_3aer-org
2017-07-15 09:14:00,-1.040985107421875,-0.02332403047833515,-1.01766107694291,-1.124832252496962,-0.02893781594683859,0.26106130282911744,-0.12495231132822664,-1.0162162780761719,-0.0010335445404052734,-0.08666610717773438,1.1053112651964623,0.028435612408178976,-0.25653069449541577,0.1227838168907745,2.2284992362080986,1.0103609292329296,1.2733611033008332,0.8173561215909778,2704,2706,2,Box 3,org_3aer-org
2017-07-15 09:14:00,-3.2381057739257812,0.29566553362591913,-3.5337713075507287,-3.9215442516541654,-0.18468716225731432,0.8770221453597238,-0.3045620389989727,-3.2646102905273438,-0.0013813972473144531,-0.18215370178222656,1.1097334576447744,0.05226347326514509,-0.24818305120248188,0.08618612029256242,2.292406488980875,1.0197273336278505,1.2829852736856984,0.8120627605753646,6140,6117,3,Box 4,org_3aer-org
2017-07-15 09:16:00,1.4230594635009766,0.11560221650273632,1.3074572469969206,1.4239707112702755,0.024417587159912203,-0.42847449707763974,0.2875434456443726,1.5178508758544922,-0.008090496063232422,-0.11313295364379883,1.089114550048174,0.01867562952134504,-0.32771587603479696,0.21992569646527788,2.125432223919102,1.0064853471648822,1.259558050773715,0.8406782728363421,1635,1626,0,Box 1,org_3aer-org
2017-07-15 09:16:00,0.9893436431884766,0.1636430699997406,0.8257005731881475,0.8811479933180295,0.01920696074462857,-0.17364032711428745,0.09898594623977684,1.1371612548828125,-0.009305953979492188,-0.21257257461547852,1.0671519700123153,0.023261411422384942,-0.21029454593187144,0.11988116449717118,2.210105496946141,1.0086806696247257,1.2810914067357235,0.811092545316547,2314,2301,1,Box 2,org_3aer-org
2017-07-15 09:16:00,-1.6137981414794922,0.14149858864414885,-1.7552967301225835,-1.8903680514109438,-0.06738772989556253,0.4278587129592451,-0.22539966177532234,-1.6169700622558594,0.00028073787689208984,-0.05555009841918945,1.076950705239978,0.0383910758443995,-0.24375292542666846,0.12841114434229092,2.267734144720726,1.0147009428224525,1.2884317251482176,0.8135977999864237,2744,2732,2,Box 3,org_3aer-org
2017-07-15 09:16:00,-4.541290283203125,0.2999807624404362,-4.841271045642283,-5.380717547499078,-0.26320214842330014,1.2734984924639667,-0.4708498421838716,-4.640373229980469,0.003961920738220215,-0.09542465209960938,1.1114266267620692,0.05436633188720413,-0.26305044283985424,0.09725748419058095,2.293924029475188,1.0205140949085079,1.282752886230711,0.8150677751668369,6297,6273,3,Box 4,org_3aer-org
2017-07-15 09:18:00,0.8638648986816406,0.05330879364645602,0.810556105034377,0.8828743132186136,0.011325509739093957,-0.24669288106609383,0.16304916314276327,0.9343242645263672,-0.006236046552658081,-0.08858919143676758,1.0892204842268993,0.01397251796482814,-0.30435016099919593,0.20115715880746848,2.1216750986250656,1.004836305277881,1.2588479994069321,0.8360502242717953,1639,1635,0,Box 1,org_3aer-org
2017-07-15 09:18:00,0.17977523803710938,0.2664711143975079,-0.08669587636033914,-0.0915414170732562,-0.002630550383595278,0.016771709871915532,-0.009295618775403188,0.28757476806640625,-0.007523864507675171,-0.18989849090576172,1.0558912478464058,0.03034227801864264,-0.19345452835849186,0.10722100249344346,2.2164762946678556,1.0115014692009734,1.2856479511981656,0.8082479890373657,2388,2367,1,Box 2,org_3aer-org
2017-07-15 09:18:00,-2.1752147674560547,-0.058915379967088045,-2.116299387487722,-2.2979208946533864,-0.0455020843249376,0.5283982075478152,-0.301274616057213,-2.2087173461914062,0.0021375417709350586,-0.02032327651977539,1.0858203278040301,0.021500778478679018,-0.24968027239996576,0.1423591661172566,2.275657618019148,1.0081742738338824,1.2871447289081521,0.8119227142465103,2779,2784,2,Box 3,org_3aer-org
2017-07-15 09:18:00,-5.180915832519531,0.21554213675254824,-5.39645796927068,-6.0339491504101375,-0.28704715334620523,1.508363626067267,-0.583825291581605,-5.319480895996094,0.007371187210083008,-0.034114837646484375,1.118131408559013,0.05319177041325109,-0.27950993682456476,0.10818675785230061,2.2886894345666766,1.0198895381056443,1.2799669298091865,0.8183740936359521,6324,6304,3,Box 4,org_3aer-org
2017-07-15 09:20:00,0.4190807342529297,-0.0021102876355925883,0.4211910218881101,0.4594547969459923,0.004144320245643105,-0.11787859796783945,0.07547050266431414,0.4730701446533203,-0.004594385623931885,-0.06624937057495117,1.0908466065737912,0.009839526557486898,-0.2798696834500761,0.17918355031879804,2.1201282299459754,1.0033949401998787,1.2581356650259214,0.831024745098196,1636,1636,0,Box 1,org_3aer-org
2017-07-15 09:20:00,-0.744598388671875,0.07663289143048574,-0.821231280101814,-0.8774964098768397,-0.011490069322223215,0.16098825236211592,-0.09323305326486703,-0.6942367553710938,-0.004203289747238159,-0.13399124145507812,1.06851313526203,0.013991270913108311,-0.19603278182749814,0.11352837565235976,2.197732209421958,1.0051686486598606,1.2784461582468434,0.8084775715532629,2428,2422,1,Box 2,org_3aer-org
2017-07-15 09:20:00,-2.7710609436035156,0.011662227017467405,-2.782723170619423,-2.98324049397123,-0.07387969189861533,0.6536602003003805,-0.379263185049958,-2.840381622314453,0.004396885633468628,0.020764827728271484,1.0720579486558028,0.026549422047673545,-0.2348994708499439,0.1362921001464675,2.282562947478401,1.0102716225895143,1.2925395472725039,0.8094373298115161,2878,2877,2,Box 3,org_3aer-org
2017-07-15 09:20:00,-5.759063720703125,0.23060883020151493,-5.989672550903116,-6.626926606286978,-0.32509471411065544,1.5382064258689294,-0.5758576563744117,-5.9309234619140625,0.011004090309143066,0.021490097045898438,1.10639213579176,0.05427587423984272,-0.25680976928146104,0.09614175924985824,2.2813537712753837,1.0204362135192528,1.282082933854294,0.8151639947221421,6350,6330,3,Box 4,org_3aer-org
2017-07-15 09:22:00,-0.09325790405273438,0.14010331633849935,-0.2333612203910058,-0.24961448318056353,-0.006946782107972902,0.0650393851308017,-0.04183934023327105,-0.06591796875,-0.0025607943534851074,-0.03906393051147461,1.0696485164172727,0.029768365525057242,-0.27870691206459103,0.17929003012226113,2.148588064241212,1.0106991921055093,1.2691370005105025,0.8311347791686843,1624,1614,0,Box 1,org_3aer-org
2017-07-15 09:22:00,-1.5456295013427734,0.0902902955634483,-1.6359197969051582,-1.7348363063475842,-0.027823266810610224,0.3264648816196337,-0.19972510536659735,-1.5488014221191406,-0.0010463893413543701,-0.07806968688964844,1.060465378333068,0.017007720588287048,-0.19956044436728604,0.12208734544593101,2.1992621698639794,1.0063399540946611,1.2811118352665996,0.8096413656471043,2451,2444,1,Box 2,org_3aer-org
2017-07-15 09:22:00,-3.0992088317871094,-0.11617626700643277,-2.9830325647790437,-3.232241803787105,-0.05054269496480574,0.7522070819354911,-0.4524551479626239,-3.1944046020507812,0.0060103535652160645,0.057478904724121094,1.0835422455492103,0.01694339363289837,-0.252161874066302,0.15167623488419335,2.2774071764754056,1.0064556846351749,1.2881325190076547,0.811918644292161,2907,2917,2,Box 3,org_3aer-org
2017-07-15 09:22:00,-6.101837158203125,-0.11447531769652046,-5.987361840505118,-6.768748712403817,-0.26148658703056976,1.7778174020187483,-0.7349439430894795,-6.3006591796875,0.013897895812988281,0.07091522216796875,1.1305060380036724,0.04367308908267179,-0.29692833828609305,0.12274921119974883,2.282871999213381,1.016071644093762,1.2755557322326707,0.820728312527575,6433,6443,3,Box 4,org_3aer-org
2017-07-15 09:24:00,-0.45621490478515625,0.028137521475662345,-0.4843524262603539,-0.5264467128634464,-0.009826905696441875,0.14286770003511592,-0.09094650773558162,-0.4437541961669922,-0.0012302100658416748,-0.021785259246826172,1.0869083838974423,0.020288750842675906,-0.29496641761080034,0.18776928287068217,2.148683131288877,1.0071641161455698,1.2643598792349882,0.8324491749706615,1634,1632,0,Box 1,org_3aer-org
2017-07-15 09:24:00,-2.016887664794922,0.025801131854385397,-2.0426887966480036,-2.162109856958055,-0.026795170174746096,0.3967343754121294,-0.250518144927332,-2.0523414611816406,0.0010927319526672363,-0.04082345962524414,1.0584626794380123,0.013117597853728985,-0.19422164358230176,0.12264136629056047,2.1953694197656715,1.0048845364345755,1.2809975758734977,0.8086446669559866,2458,2456,1,Box 2,org_3aer-org
2017-07-15 09:24:00,-3.2819671630859375,-0.025245200685830943,-3.256721962398372,-3.515881181588951,-0.08443382748572936,0.8187796566392337,-0.4751866099629253,-3.390522003173828,0.0072228312492370605,0.07790279388427734,1.0795767100117213,0.025926016546880513,-0.2514122071496253,0.14590948059102352,2.295407984854791,1.0100270897557122,1.2924691275276141,0.8112787568950813,2951,2953,2,Box 3,org_3aer-org
2017-07-15 09:24:00,-6.094337463378906,0.057599434178096265,-6.151936897555535,-6.845117630243253,-0.32770763819543897,1.7036132512979674,-0.68272488041481,-6.300102233886719,0.014991283416748047,0.08794593811035156,1.112676827514787,0.053269018140555575,-0.2769230698668083,0.11097722421146583,2.282063193522551,1.019946534132896,1.2804040301200874,0.8187351760676173,6601,6593,3,Box 4,org_3aer-org
2017-07-15 09:26:00,-0.6039867401123047,0.04263317148711367,-0.6466199115988125,-0.6941961726063509,-0.01505041406060492,0.17766061510417644,-0.11503394003603314,-0.5896129608154297,-0.0007111728191375732,-0.016922950744628906,1.07357685736881,0.023275519034654732,-0.274752775034252,0.17790039863078722,2.159471500970305,1.0083803745495434,1.2700214818485371,0.828478701298348,1660,1657,0,Box 1,org_3aer-org
2017-07-15 09:26:00,-2.392597198486328,0.18021115687870354,-2.572808355363401,-2.6701871934737267,-0.06913797008665035,0.4937113929976026,-0.3271945848006268,-2.454376220703125,0.00297623872756958,-0.003863811492919922,1.0378492389094294,0.026872569012970585,-0.19189590704196363,0.12717409911956368,2.210819534972681,1.0103240301581347,1.2902165324525119,0.8088565317582801,2458,2444,1,Box 2,org_3aer-org
2017-07-15 09:26:00,-3.3651275634765625,-0.1329741274091364,-3.2321534360657296,-3.5096618553633925,-0.059249731621152525,0.8366477474244661,-0.4998895965056505,-3.48321533203125,0.00823146104812622,0.09249019622802734,1.0858586774381151,0.01833134867918678,-0.25885149451409023,0.1546614683967883,2.2732305929499113,1.006955801536867,1.2867116964952205,0.8136950804977102,2958,2970,2,Box 3,org_3aer-org
2017-07-15 09:26:00,-6.397224426269531,-0.40551437405331914,-5.9917100522148115,-6.744791368090682,-0.233646068750816,1.6684274105945274,-0.6817000259678412,-6.619758605957031,0.01763594150543213,0.12435531616210938,1.1256872093798158,0.03899488905749865,-0.2784559660021933,0.11377386756487884,2.2875457450815087,1.014435544160768,1.277658925503292,0.8164258801022126,6658,6690,3,Box 4,org_3aer-org
2017-07-15 09:28:00,-1.1057205200195312,0.014370519343576854,-1.1200910393620926,-1.1934882882508078,-0.025348870948009923,0.27584757979311847,-0.17710145995639348,-1.1138687133789062,0.0009652674198150635,0.0034646987915039062,1.065527931488958,0.02263108091860681,-0.24627246366529054,0.15811345125772563,2.158772814818931,1.008205733465518,1.272187968774863,0.8232445098664639,1693,1692,0,Box 1,org_3aer-org
2017-07-15 09:28:00,-2.4919815063476562,-0.050540642338576504,-2.441440864007563,-2.588793939902756,-0.020127671055247747,0.5202743445055431,-0.3527935975551022,-2.5630340576171875,0.003679245710372925,0.013013362884521484,1.0603549641801755,0.008244177179130478,-0.21310135018037096,0.144502208821065,2.2052467099147557,1.0030790879809934,1.2822397838307409,0.8109007902021325,2471,2475,1,Box 2,org_3aer-org
2017-07-15 09:28:00,-3.5450897216796875,-0.03545638663643949,-3.5096333350414413,-3.812449753026924,-0.10297228271624607,0.9702232670074026,-0.5644345663056737,-3.678142547607422,0.009292781352996826,0.10626649856567383,1.0862814969763521,0.029339897614982676,-0.27644576352758693,0.16082436893625213,2.2791697913193483,1.0111874733777926,1.2876159913632061,0.8179026994302354,2986,2989,2,Box 3,org_3aer-org
2017-07-15 09:28:00,-7.576911926269531,-0.2247820940606565,-7.3521298322071775,-8.103157059912705,-0.3203528592835201,1.8377138959553498,-0.7663338089663014,-7.854896545410156,0.02476954460144043,0.21593284606933594,1.1021509745945364,0.04357279680782612,-0.24995667077381453,0.10423289937145205,2.3212859331584825,1.0167856720820783,1.2900619591192137,0.8093718750902501,6722,6742,3,Box 4,org_3aer-org
2017-07-15 09:30:00,-1.5315399169921875,-0.1798263158714171,-1.3517136011195654,-1.480686060946138,-0.0015320604859488192,0.31812407474582266,-0.18761955443330125,-1.5660953521728516,0.0017996430397033691,0.014137744903564453,1.0954140431225596,0.0011334209293151155,-0.23534872659588124,0.1388012625440065,2.143986632900617,1.000394642241739,1.2612190624025814,0.8191636703841441,1695,1707,0,Box 1,org_3aer-org
2017-07-15 09:30:00,-2.617311477661133,-0.08777338014576974,-2.5295380975138126,-2.693969158050919,-0.016941010697814844,0.5580290709576468,-0.37665699972272537,-2.6973495483398438,0.004588961601257324,0.029104232788085938,1.0650043819062143,0.0066972743816215,-0.2206051260924326,0.14890346980459684,2.2038332290158706,1.002487667774856,1.2805918696964564,0.8121984016452084,2477,2484,1,Box 2,org_3aer-org
2017-07-15 09:30:00,-3.5307998657226562,0.012081872541392577,-3.542881738262232,-3.8557907525505732,-0.12525952585573227,1.082158364560076,-0.6439898244160027,-3.6622848510742188,0.009958207607269287,0.11205339431762695,1.0883204795997006,0.035355265885101635,-0.30544580499908813,0.18177005951428593,2.276263472914908,1.013450123133681,1.2865034315521895,0.8246678533738536,2962,2961,2,Box 3,org_3aer-org
2017-07-15 09:30:00,-7.939910888671875,-0.4950854568495153,-7.444825431820668,-8.202328291835292,-0.27272520243187737,1.821756565327307,-0.7915285028808067,-8.243400573730469,0.027947068214416504,0.2616310119628906,1.1017489082788838,0.036632853910340935,-0.24470104531138584,0.10631928312216107,2.2935910893307137,1.0138962802656408,1.2855052427287479,0.8100584027621172,6691,6735,3,Box 4,org_3aer-org
2017-07-15 09:32:00,-1.4513053894042969,-0.1378775702852211,-1.313427819117928,-1.4664666182231534,-0.008125020384273648,0.3414277441312479,-0.18026392464174887,-1.4776878356933594,0.0006875097751617432,-0.0008707046508789062,1.1165186216384568,0.006186118693397441,-0.25995166172172596,0.13724692138987168,2.159487442671771,1.002135027085028,1.2584020231796393,0.8218768365408416,1715,1724,0,Box 1,org_3aer-org
2017-07-15 09:32:00,-2.467945098876953,0.06186417419027322,-2.5298092730657213,-2.6843460302449373,-0.050043809131654494,0.6097212300693561,-0.4051406637584854,-2.5408363342285156,0.0037446320056915283,0.018616676330566406,1.0610863272676452,0.01978165297457759,-0.24101470279238568,0.1601467225501629,2.2219405271667143,1.0074698010997936,1.2850609493951084,0.8161163685567628,2533,2528,1,Box 2,org_3aer-org
2017-07-15 09:32:00,-3.258831024169922,-0.2807615023468479,-2.978069521821549,-3.364590732731034,-0.04335284468243802,1.0316518238447336,-0.6017777682528109,-3.3792953491210938,0.008596360683441162,0.09470987319946289,1.1297891832535418,0.014557364885129029,-0.34641629964827664,0.20206975150960577,2.212209236407364,1.0051284078180582,1.263972496436291,0.8337618510335808,2929,2953,2,Box 3,org_3aer-org
2017-07-15 09:32:00,-8.537185668945312,-0.3381394884025525,-8.199046180540929,-8.991791823830923,-0.3752080388420689,2.019248063910932,-0.85129438177887,-8.871261596679688,0.028841495513916016,0.27387046813964844,1.0966875446038398,0.04576240096470766,-0.24627841085994626,0.10382846529139883,2.313840400273035,1.0176569962696553,1.2904391397768216,0.8097698507914517,6740,6763,3,Box 4,org_3aer-org
2017-07-15 09:34:00,-1.4032135009765625,-0.046056192085785555,-1.3571573088896456,-1.4851559150948892,-0.024111124385499654,0.3528067127122908,-0.20069698212154755,-1.4213333129882812,0.0005973577499389648,-0.0026292800903320312,1.0943137581522995,0.01776590246949788,-0.259960072720633,0.14788041209883562,2.149859414218942,1.0062323970568972,1.2625649639673857,0.824931725632926,1778,1781,0,Box 1,org_3aer-org
2017-07-15 09:34:00,-2.3934764862060547,0.024653786975632287,-2.4181302731802865,-2.615722613419598,-0.039975653948910075,0.6346364593217785,-0.3970684651335569,-2.4565811157226562,0.0033939480781555176,0.010399818420410156,1.0817128599028873,0.016531637849409465,-0.2624492428553548,0.164204745103058,2.2275066121080362,1.0061386444562461,1.2799162584488093,0.8186080182197347,2573,2571,1,Box 2,org_3aer-org
2017-07-15 09:34:00,-3.323169708251953,-0.35629111795958973,-2.9668785902908326,-3.364125505957784,-0.02812211489490762,0.9012714132574114,-0.4759023826955523,-3.4516677856445312,0.00891074538230896,0.10311126708984375,1.133893890018604,0.009478687461946635,-0.3037776524482126,0.160405074967662,2.209589225197787,1.0033191954314726,1.2624611945478124,0.8250057405382052,2873,2902,2,Box 3,org_3aer-org
2017-07-15 09:34:00,-8.980583190917969,-0.5192507529951043,-8.461332437920962,-9.342732699942994,-0.3268963869511778,2.0634637758833803,-0.8551671269101707,-9.340782165527344,0.030236363410949707,0.28920745849609375,1.1041680218202845,0.03863415004073515,-0.24386983858896755,0.1010676667279479,2.3101685627571573,1.0147564782091505,1.2875944210197054,0.8084959753732195,6684,6727,3,Box 4,org_3aer-org
2017-07-15 09:36:00,-1.4911270141601562,-0.14076928310867867,-1.3503577310503856,-1.4875878060264254,-0.011137543920549348,0.34346482894498065,-0.19509721004839164,-1.5113239288330078,0.0002961456775665283,-0.007444858551025391,1.1016249781969214,0.008247846970066168,-0.2543509923683808,0.14447816720139325,2.1344940013958555,1.0028424580940256,1.2578798285828057,0.824117700544765,1811,1820,0,Box 1,org_3aer-org
2017-07-15 09:36:00,-2.714517593383789,0.012619070687604952,-2.72713666406984,-2.9450277290507034,-0.04933268918046744,0.7491271870772401,-0.4819034329159091,-2.7977981567382812,0.0047837793827056885,0.02673196792602539,1.079897376560401,0.018089555184537708,-0.2746936730186748,0.17670674127373615,2.21896301670807,1.006698012024247,1.2789294624281118,0.8221160593864328,2580,2579,1,Box 2,org_3aer-org
2017-07-15 09:36:00,-3.3475494384765625,-0.43904310571790894,-2.9085063327571623,-3.3160382570598426,-0.01708051576410044,0.8816086335065947,-0.4569961934398138,-3.4729156494140625,0.009220093488693237,0.10869693756103516,1.1401172552773349,0.0058726073832917215,-0.3031138779302091,0.1571240152695825,2.192928661850251,1.0020243795668577,1.2580691477303616,0.8257332055272761,2853,2889,2,Box 3,org_3aer-org
2017-07-15 09:36:00,-9.795265197753906,-0.7003512344859824,-9.09491396326589,-10.087497586903154,-0.3301142109318099,2.2110718354707823,-0.8883740009017083,-10.19830322265625,0.03324687480926514,0.3242912292480469,1.1091361202146917,0.036296573256782004,-0.24311080285104852,0.09767810937957486,2.304850502678994,1.0137567466602695,1.2852468588569137,0.808337648525464,6638,6688,3,Box 4,org_3aer-org
2017-07-15 09:38:00,-1.5543670654296875,-0.07848276799079844,-1.4758842974377269,-1.613794931512277,-0.025277678852501602,0.40398245779542175,-0.2407941448683699,-1.577383041381836,0.0008961260318756104,0.0038251876831054688,1.0934427138455067,0.0171271412646547,-0.2737223090568638,0.16315245394670236,2.137368484129384,1.0059665343130786,1.2605582746657038,0.8287579243347704,1841,1846,0,Box 1,org_3aer-org
2017-07-15 09:38:00,-2.905517578125,-0.15524653371550298,-2.750271044407933,-3.0482399425953797,-0.014999864856767754,0.8745402190379155,-0.5615714559937008,-3.0066680908203125,0.00576743483543396,0.04479646682739258,1.1083416482871027,0.005453958760634395,-0.3179832841625189,0.20418767711478183,2.2031000981526865,1.001945285813785,1.2681406250094576,0.8293581288878344,2555,2567,1,Box 2,org_3aer-org
2017-07-15 09:38:00,-3.518310546875,-0.39501410097329176,-3.1232964459001242,-3.542998732783255,-0.04175342168032799,0.8636587127329436,-0.40220300416948523,-3.6565208435058594,0.010712534189224243,0.1289076805114746,1.1343779862568164,0.013368382541829064,-0.276521530278257,0.12877516147961152,2.190612917236108,1.0046313900752593,1.2591402947748207,0.8219013288735427,2865,2897,2,Box 3,org_3aer-org
2017-07-15 09:38:00,-10.353172302246094,-0.7234445957895718,-9.629727706454382,-10.624630362894239,-0.40597505607812384,2.434381164767912,-1.0335034522499318,-10.793754577636719,0.035606980323791504,0.35820770263671875,1.1033157620617888,0.04215851875084865,-0.2527985462284934,0.10732426541585594,2.303335169088186,1.0160684548949113,1.286693773317977,0.8113292145009972,6614,6652,3,Box 4,org_3aer-org
2017-07-15 09:40:00,-1.9917850494384766,-0.2629194758042335,-1.7288655736329324,-1.9357437818558179,-0.005517709815076733,0.5329041777113679,-0.3205082596734055,-2.0477428436279297,0.003050565719604492,0.03809404373168945,1.1196612457197377,0.0031915204393145238,-0.30823922104687157,0.18538645488781935,2.116062902436779,1.0010688525232134,1.250008068198231,0.8346750966576499,1891,1908,0,Box 1,org_3aer-org
2017-07-15 09:40:00,-3.019573211669922,-0.06540241352372657,-2.9541707981445575,-3.2887524018998366,-0.04081732316275515,1.057415517128989,-0.6820165902109547,-3.1286048889160156,0.005731433629989624,0.04470634460449219,1.113257366150062,0.013816846063332397,-0.3579398719238325,0.2308656597104381,2.2061233652149266,1.0049221687237162,1.2673313920214495,0.8375216580145463,2601,2606,1,Box 2,org_3aer-org
2017-07-15 09:40:00,-3.456146240234375,-0.5534336902551382,-2.9027125499777653,-3.316452812806033,-0.005034435245745285,0.7716819999448812,-0.35290730187086805,-3.58697509765625,0.010022163391113281,0.1178126335144043,1.1425357336300617,0.001734389871220231,-0.2658485766876201,0.12157845318633817,2.1841284377347345,1.0005931264823742,1.2559836082684068,0.8190451855809188,2821,2865,2,Box 3,org_3aer-org
2017-07-15 09:40:00,-10.806251525878906,-0.807367599997001,-9.998883925879714,-11.109676673315768,-0.37571174535158425,2.703395489741042,-1.2168909969534025,-11.273826599121094,0.0371018648147583,0.3698158264160156,1.1110916733977714,0.03757536822476201,-0.27036972423931743,0.12170268261678405,2.2864604509801536,1.0140822354302554,1.2815955569335475,0.815522160261029,6621,6676,3,Box 4,org_3aer-org
2017-07-15 09:42:00,-1.948171615600586,-0.14076282398510823,-1.807408791614152,-2.023819280640205,-0.03534683368232531,0.5947367986851149,-0.34297947597673667,-1.9998016357421875,0.0032802224159240723,0.03905153274536133,1.119735219851831,0.019556634805764073,-0.32905494398639623,0.18976308932880104,2.1293491278270054,1.006622151456013,1.252320884176262,0.8388680979556699,1932,1941,0,Box 1,org_3aer-org
2017-07-15 09:42:00,-3.1946372985839844,-0.10587109715190642,-3.088766201430408,-3.392937852704956,-0.03435882170972354,1.0608840347169923,-0.7223535617327209,-3.3126068115234375,0.005438774824142456,0.0363154411315918,1.0984767481377147,0.011123801372150462,-0.3434653080008765,0.23386475849101135,2.218671354726281,1.0040431263536942,1.2735678622733064,0.8342404466170517,2631,2639,1,Box 2,org_3aer-org
2017-07-15 09:42:00,-3.444793701171875,-0.5195947451735865,-2.9251989559968097,-3.2793408051349573,-0.012370616336798467,0.6884067381945047,-0.3218942727195585,-3.573284149169922,0.01003459095954895,0.11523866653442383,1.1210659016584628,0.004228982890698105,-0.2353367236041279,0.11004183905496703,2.19983013194551,1.0014881044136947,1.264167568090107,0.8129127234209856,2808,2848,2,Box 3,org_3aer-org
2017-07-15 09:42:00,-11.385391235351562,-1.3324348432446782,-10.05295639210472,-11.459465881862334,-0.2552561618043408,3.025417761300486,-1.36365210973853,-11.89019775390625,0.03968644142150879,0.40177345275878906,1.1399100359036913,0.025391153790820284,-0.30094806376326816,0.13564687406875653,2.2943876790797657,1.009292096358076,1.2748716164571308,0.8181946110729391,6660,6752,3,Box 4,org_3aer-org
2017-07-15 09:44:00,-2.242298126220703,-0.06262307746220705,-2.1796750487569403,-2.4338532583277854,-0.06584330550366635,0.7780486384534178,-0.4580271233789062,-2.316162109375,0.004302918910980225,0.05052042007446289,1.116612891318732,0.030207853937318094,-0.35695625313375756,0.21013550787770738,2.143068405864289,1.0103637996947321,1.255513785013637,0.8441549959358231,1973,1977,0,Box 1,org_3aer-org
2017-07-15 09:44:00,-3.1761093139648438,0.03991045572773771,-3.216019769690874,-3.4923662158090547,-0.06917865612839205,1.015802584039415,-0.6702774817928423,-3.2928619384765625,0.0044231414794921875,0.018747329711914062,1.0859280930803306,0.021510643927117885,-0.3158570707844419,0.20841833377699348,2.2132402212010476,1.0078995585400201,1.2761712686057376,0.8309629525553527,2661,2658,1,Box 2,org_3aer-org
2017-07-15 09:44:00,-3.579296112060547,-0.5530620314277448,-3.026234080631274,-3.3626441767723927,-0.00685453960255974,0.5849869355442914,-0.24172229980061322,-3.71661376953125,0.01114693284034729,0.12824392318725586,1.1111645983680625,0.00226503945825958,-0.19330525000969612,0.07987561218337406,2.201018113958628,1.0008044054045475,1.2670161108817657,0.8049647399575671,2788,2830,2,Box 3,org_3aer-org
2017-07-15 09:44:00,-11.73919677734375,-1.5706227748471076,-10.168574002494488,-11.567062547681443,-0.24267475613683132,3.071167554574866,-1.4300042532510788,-12.274177551269531,0.042833805084228516,0.4435443878173828,1.1375304486984987,0.023865170876201516,-0.3020253925301097,0.14062977295540943,2.27523656556553,1.0086608729477018,1.2723903505973762,0.8200447375037767,6693,6799,3,Box 4,org_3aer-org
2017-07-15 09:46:00,-2.1064109802246094,-0.20448642727340535,-1.9019245529498827,-2.139574784092447,-0.03900055204338536,0.7238336065951144,-0.447182823409165,-2.1737098693847656,0.004557907581329346,0.05221223831176758,1.1249525018087436,0.020505835514292903,-0.3805795584648452,0.23512122114180867,2.127491866314487,1.0069043508474826,1.2506913571152707,0.848555260929316,2003,2016,0,Box 1,org_3aer-org
2017-07-15 09:46:00,-3.1549606323242188,-0.09486979069975651,-3.06009084162286,-3.339011012510793,-0.03893536824767994,0.8426260261966059,-0.5247704870609929,-3.264842987060547,0.004304617643356323,0.011274337768554688,1.0911476767598223,0.0127235988285339,-0.27535980786431014,0.17148853227595395,2.214581510156057,1.00464627817542,1.2749193671141614,0.8215226424763675,2663,2670,1,Box 2,org_3aer-org
2017-07-15 09:46:00,-3.6171112060546875,-0.5424811279775743,-3.0746300780755846,-3.4403723564574213,-0.0071822771914518265,0.6817344067741152,-0.3088098512008267,-3.757190704345703,0.01063448190689087,0.1198892593383789,1.1189548885863874,0.0023359809177262796,-0.22172892005298203,0.10043805054886838,2.20901430987862,1.000827620176037,1.2662974086772898,0.8093233149690118,2794,2835,2,Box 3,org_3aer-org
2017-07-15 09:46:00,-12.301017761230469,-1.4498640686037962,-10.851153692624395,-12.329294808641352,-0.31988791716173676,3.3570457147104475,-1.5590166815317534,-12.880653381347656,0.04651796817779541,0.4892711639404297,1.1362197198461634,0.02947962274086734,-0.30937223910046124,0.14367289651343046,2.28940926408037,1.010803125022555,1.2750647507437536,0.8209117249785954,6730,6834,3,Box 4,org_3aer-org
2017-07-15 09:48:00,-1.9321117401123047,-0.0804077728237903,-1.8517039672872448,-2.0330962641272072,-0.06452425629131722,0.7249875342560159,-0.4790709811247362,-1.9829978942871094,0.004645437002182007,0.0475926399230957,1.09795966312353,0.03484588110800754,-0.3915245347333387,0.25871899050180114,2.1247370591282153,1.0120310396577565,1.2570938569304457,0.8541505812986204,2012,2017,0,Box 1,org_3aer-org
2017-07-15 09:48:00,-3.3232650756835938,0.013445490819506353,-3.3367105665014027,-3.580601386176341,-0.07192299711763024,0.8002547748204895,-0.4844409580279211,-3.444530487060547,0.005179077386856079,0.024707317352294922,1.0730931900787133,0.021555060196018952,-0.23983344041121615,0.1451851901364839,2.2313736743544537,1.0080936044941045,1.2831472395132892,0.8146001934945705,2728,2727,1,Box 2,org_3aer-org
2017-07-15 09:48:00,-3.6350250244140625,-0.2212631617155641,-3.4137618626968083,-3.778668160331043,-0.08345609877329489,0.8926850343499076,-0.4443226379423782,-3.7753982543945312,0.00957024097442627,0.10039138793945312,1.106892721962148,0.024446959726524723,-0.26149598895709236,0.1301563072684196,2.2385960290973204,1.0089387497564806,1.2746555695911568,0.8169387528086305,2789,2805,2,Box 3,org_3aer-org
2017-07-15 09:48:00,-12.79730224609375,-1.4185478743461044,-11.378754371745325,-13.038034986781039,-0.3913218614118927,3.7005753285663907,-1.649972852118784,-13.42584228515625,0.050277113914489746,0.5334262847900391,1.1458226938403633,0.034390571114144716,-0.3252179639060773,0.1450046989515693,2.310080698464509,1.0126443144200945,1.275802433779526,0.8222664985781099,6819,6931,3,Box 4,org_3aer-org
2017-07-15 09:50:00,-2.047473907470703,-0.20965780071606716,-1.8378161067534096,-2.012786240978588,-0.051242487386904546,0.7395617190334026,-0.5133490974213197,-2.1069679260253906,0.0051895976066589355,0.052114009857177734,1.0952054634749455,0.027882271353811813,-0.4024133406578278,0.27932560582907046,2.1025243385333208,1.009504475766498,1.2538005559300847,0.8576646578214934,2045,2058,0,Box 1,org_3aer-org
2017-07-15 09:50:00,-3.6065444946289062,0.2973834244197739,-3.9039279190467333,-4.0774250262463845,-0.1661120987185786,0.8773725649326515,-0.5377633590144214,-3.7467002868652344,0.006576657295227051,0.0459599494934082,1.0444416779196108,0.0425499912301506,-0.2247409745072572,0.13774930535749574,2.26328289806897,1.0167775172757214,1.297821079720568,0.8120941352397919,2763,2741,1,Box 2,org_3aer-org
2017-07-15 09:50:00,-3.6536178588867188,-0.02180408403081278,-3.6318137748541344,-3.9473213820154616,-0.13140126305222202,0.9710231852959356,-0.5241143150823866,-3.7972984313964844,0.008783578872680664,0.08782720565795898,1.086873288863496,0.03618061695839554,-0.26736590736537286,0.14431200154348134,2.234661186322073,1.0134735164656037,1.279675292228437,0.8206697092390702,2814,2818,2,Box 3,org_3aer-org
2017-07-15 09:50:00,-12.971763610839844,-1.2619303712139425,-11.709833239623553,-13.194216163092682,-0.6751702972708198,3.840827752543446,-1.681274531803498,-13.624183654785156,0.05170142650604248,0.5352821350097656,1.1267637969810105,0.057658404133902524,-0.3280002092213331,0.1435780081064201,2.316139948296922,1.0217221650418866,1.2820627326371077,0.8258799783788598,6909,6988,3,Box 4,org_3aer-org
2017-07-15 09:52:00,-2.2048377990722656,-0.2958087978079132,-1.9090290012631077,-2.075786161487003,-0.043989406470390666,0.7314493684320101,-0.5207028017377243,-2.270771026611328,0.005310177803039551,0.047509193420410156,1.0873518213256899,0.023042817286319437,-0.38315257020613475,0.2727579315941254,2.092932439372279,1.0078564318117837,1.2540913459846588,0.8548493031625427,2070,2088,0,Box 1,org_3aer-org
2017-07-15 09:52:00,-3.8815040588378906,0.04022043646191167,-3.9217244952979056,-4.140076202744526,-0.11183593244019542,0.9467501273070583,-0.6165624874202424,-4.044120788574219,0.007759511470794678,0.06192588806152344,1.0556774724253122,0.028517029325819593,-0.24141168724172207,0.1572171854905903,2.252875516325933,1.0110304766557972,1.2923431019843281,0.8145109495850724,2806,2803,1,Box 2,org_3aer-org
2017-07-15 09:52:00,-3.779338836669922,-0.3016300388203658,-3.4777087978479253,-3.8393898340252575,-0.07426842342148911,1.0632945162147014,-0.6273450566158801,-3.934051513671875,0.009955614805221558,0.10221529006958008,1.10399980481435,0.02135556130158105,-0.30574570155864944,0.18039033544271837,2.206283850026505,1.0076828333768122,1.2698795052306775,0.8284744143545439,2890,2912,2,Box 3,org_3aer-org
2017-07-15 09:52:00,-13.207618713378906,-1.1147605657926263,-12.092858147583913,-13.497283792769373,-0.8731769414996643,4.0228928691172605,-1.7452902824321357,-13.892242431640625,0.05337679386138916,0.5447959899902344,1.116136783219115,0.07220600215790345,-0.33266683690662596,0.1443240515296076,2.3066550490906623,1.027403829573042,1.2835254102649032,0.8298165299244299,7056,7133,3,Box 4,org_3aer-org
2017-07-15 09:54:00,-2.2878952026367188,-0.15056989165744816,-2.137325310977904,-2.2713476809084776,-0.07796485798568951,0.7954575686807852,-0.5834703407645219,-2.3546295166015625,0.005439251661300659,0.04557657241821289,1.062705648617081,0.03647776853866844,-0.372174308045243,0.2729908908894936,2.10570266115713,1.0128621968701181,1.263101535922566,0.8546805500592467,2096,2105,0,Box 1,org_3aer-org
2017-07-15 09:54:00,-3.9644203186035156,0.026105163571720668,-3.9905254821734046,-4.179086063629032,-0.11490239398995768,0.9937062398866333,-0.6902432644410491,-4.131145477294922,0.008726835250854492,0.07206296920776367,1.0472520680040687,0.028793800341146324,-0.24901638752233202,0.17297051917711703,2.2547473768528103,1.0112397826215531,1.2953546795482151,0.8164044809826656,2936,2934,1,Box 2,org_3aer-org
2017-07-15 09:54:00,-3.9310379028320312,0.09439106258525962,-4.025428965415429,-4.363984872813762,-0.17772581934865428,1.215166601148064,-0.698884874401077,-4.098609924316406,0.0118025541305542,0.1192622184753418,1.0841043054807435,0.04415077768744399,-0.3018725734792981,0.17361749031111054,2.236199240944751,1.016522530709539,1.2807524979569889,0.8285326698388451,2917,2912,2,Box 3,org_3aer-org
2017-07-15 09:54:00,-14.094924926757812,-0.8531450119102365,-13.241779914845074,-14.716574691913337,-1.2121210837679643,4.581124752373893,-1.8942088915376658,-14.869522094726562,0.06014871597290039,0.6144523620605469,1.111374361041517,0.09153762496906338,-0.3459598922376057,0.14304790622702535,2.3161340596664965,1.0351940376102542,1.2864804403526087,0.8341967072624064,7230,7286,3,Box 4,org_3aer-org
2017-07-15 09:56:00,-2.4752540588378906,-0.22269701535223643,-2.2525570434842344,-2.3643459490590546,-0.07707449571215542,0.738746661989112,-0.5498832607021361,-2.5500755310058594,0.00579601526260376,0.04702949523925781,1.049627558111428,0.03421644567674846,-0.3279591360964717,0.24411513230829518,2.099602196503554,1.0121633709142974,1.2656161479347796,0.8470754152196389,2106,2119,0,Box 1,org_3aer-org
2017-07-15 09:56:00,-4.01812744140625,0.026094792569415184,-4.044222233973866,-4.19289147199407,-0.12751435751477777,1.039997474090044,-0.7638138785550616,-4.1865081787109375,0.008973777294158936,0.07045412063598633,1.0367608972551743,0.031530007536079874,-0.2571563613278836,0.18886545653662945,2.2501676717856784,1.0124085062606574,1.2979025324711553,0.8194099301610603,2990,2988,1,Box 2,org_3aer-org
2017-07-15 09:56:00,-4.002643585205078,-0.24569794235481915,-3.7569456428485415,-4.182616548671527,-0.07569987393414565,1.1527875834145616,-0.6514168036574306,-4.1787261962890625,0.012789279222488403,0.13534307479858398,1.1133023861107127,0.020149313067183344,-0.30684169881694384,0.17338999963904775,2.215006258436906,1.007222495636699,1.2688449349607573,0.8272692372862281,2917,2937,2,Box 3,org_3aer-org
2017-07-15 09:56:00,-14.933631896972656,-0.46847233175001723,-14.465159565220002,-15.966965464893795,-1.551475943428249,4.946095171820287,-1.892813328718245,-15.790634155273438,0.06647098064422607,0.6717891693115234,1.1038222836673528,0.10725605455183601,-0.34193160120491634,0.13085326298572753,2.3127945924500115,1.0415765903760068,1.2881382212351582,0.8358294926771013,7444,7480,3,Box 4,org_3aer-org
2017-07-15 09:58:00,-2.7276649475097656,-0.10609345050086143,-2.621571497007294,-2.694116141894558,-0.1254443425840992,0.8119667720830654,-0.613977784611702,-2.8145790100097656,0.0063626766204833984,0.04802083969116211,1.0276721977524088,0.04785081876550101,-0.3097252060491129,0.2342021895312031,2.0968088498816893,1.0173871909287309,1.2714522895868527,0.8464737634175753,2143,2149,0,Box 1,org_3aer-org
2017-07-15 09:58:00,-4.327384948730469,-0.07817282909473168,-4.249212119633909,-4.386098557940916,-0.12431034433464788,1.0182908329191207,-0.7570940502774656,-4.524906158447266,0.010780155658721924,0.09771919250488281,1.0322145457682637,0.02925491616675466,-0.23964226879002018,0.17817280685500186,2.2174723954194064,1.0113492079825224,1.293266693128138,0.8186774474685504,3064,3070,1,Box 2,org_3aer-org
2017-07-15 09:58:00,-3.9868240356445312,-0.09642995909151543,-3.8903940765512504,-4.3148481024685275,-0.12023957225861977,1.2251398834653109,-0.6804462852894138,-4.165134429931641,0.012991398572921753,0.1376204490661621,1.1091030927883652,0.030906784735085124,-0.31491408308727703,0.17490420556382674,2.230053697604309,1.0112374822895671,1.2725761581746642,0.8288558557773577,2914,2923,2,Box 3,org_3aer-org
2017-07-15 09:58:00,-15.344161987304688,-0.942964947709199,-14.401197039592935,-15.786536523998057,-1.5667396066075272,4.733153579109915,-1.7810744880972653,-16.260543823242188,0.07062220573425293,0.7262382507324219,1.0961961342933115,0.10879231790941545,-0.3286638996811964,0.12367544747846942,2.3028675992697,1.0422616228450667,1.2887225071696748,0.8345288369543702,7542,7600,3,Box 4,org_3aer-org
2017-07-15 10:00:00,-2.8799476623535156,-0.16260776057669546,-2.717339901775192,-2.744618373217005,-0.12489367438008661,0.6604474460348987,-0.5082753002129988,-2.9688796997070312,0.005626320838928223,0.03409528732299805,1.0100386673834925,0.045961741590919744,-0.2430492576962638,0.18704884872185157,2.0901451228865233,1.0169153518449434,1.275453844250625,0.8344196558033281,2179,2188,0,Box 1,org_3aer-org
2017-07-15 10:00:00,-4.575584411621094,-0.1938509991774098,-4.381733412441845,-4.647042508168479,-0.1069745630061505,1.050738832326882,-0.6784551735940979,-4.796176910400391,0.012509047985076904,0.11911582946777344,1.060548890302932,0.024413754315221088,-0.23979980830037034,0.15483716368221717,2.211687072783891,1.009177958174648,1.283357249319048,0.8173280774130252,3110,3125,1,Box 2,org_3aer-org
2017-07-15 10:00:00,-4.389015197753906,-0.32415199201038114,-4.064863205741721,-4.571535514147883,-0.07880037546217847,1.428303716426588,-0.8428310325582474,-4.6000213623046875,0.015506267547607422,0.17766189575195312,1.1246468288749483,0.019385738578083258,-0.3513780523804769,0.2073454849274454,2.2205240247055715,1.006899111224973,1.266734825792122,0.8348177324478483,2942,2967,2,Box 3,org_3aer-org
2017-07-15 10:00:00,-15.809799194335938,-0.8960816976357605,-14.91371749669759,-16.286997117747443,-1.8512613692164193,4.936508891058251,-1.7119679007919801,-16.804656982421875,0.07591164112091064,0.7988929748535156,1.0920816437185392,0.12413144942743834,-0.3310045863582547,0.11479149321227713,2.2907908617240706,1.0482355175276703,1.2878860854505414,0.8379042949196907,7693,7738,3,Box 4,org_3aer-org
2017-07-15 10:02:00,-3.648223876953125,-0.18716269337880587,-3.4610611835722964,-3.3865510231291296,-0.15821052809195785,0.40207763155749077,-0.3183772639086996,-3.7887001037597656,0.006773769855499268,0.04495954513549805,0.9784718742341729,0.04571156639555923,-0.11617177802748078,0.09198833739774863,2.1107945861733697,1.0176035661567318,1.2898170706005858,0.8076399585630964,2213,2223,0,Box 1,org_3aer-org
2017-07-15 10:02:00,-4.7509613037109375,-0.05225498367714488,-4.698706320031881,-4.89074832977676,-0.14999937992696183,0.8484163967706003,-0.5063750070987595,-4.984375,0.01348644495010376,0.13355445861816406,1.0408712519286747,0.03192354867710568,-0.1805638273568125,0.10776902675103214,2.20126965664717,1.01217335087836,1.2874762777754294,0.8078712511510375,3186,3190,1,Box 2,org_3aer-org
2017-07-15 10:02:00,-4.787769317626953,-0.5423934578568109,-4.245375859768297,-4.880923407520266,-0.04370350280256824,1.7069791302115724,-1.0277280796570356,-5.038112640380859,0.018330812454223633,0.22153615951538086,1.149703481798819,0.010294377752681121,-0.4020796241830837,0.24208176463158357,2.2169983475499992,1.003570718893505,1.259643628479652,0.8424971218716492,2978,3018,2,Box 3,org_3aer-org
2017-07-15 10:02:00,-15.082733154296875,-0.9953309832714582,-14.087402171023053,-15.278826793989476,-1.7345597276319573,4.155298272164958,-1.2293139215665772,-16.153289794921875,0.0774451494216919,0.8279323577880859,1.0845737637431203,0.12312843110277943,-0.29496554593381025,0.0872633510879105,2.292872807017544,1.048229631637632,1.2905039014689548,0.8305434164856993,7818,7884,3,Box 4,org_3aer-org
2017-07-15 10:04:00,-4.847869873046875,-0.1724380898485206,-4.675431783195703,-4.45594182279935,-0.23172190607742366,0.014745032862043348,-0.002513087180972363,-5.069843292236328,0.010466694831848145,0.09672927856445312,0.9530546117290735,0.049561605606196976,-0.0031537264461946606,0.0005375091109242201,2.1296101763775575,1.0198499508926306,1.3026382305778197,0.7830223857131992,2260,2269,0,Box 1,org_3aer-org
2017-07-15 10:04:00,-5.1285400390625,-0.39974824400761,-4.728791795053005,-5.09636336263795,-0.037864246111421626,0.8711686432432012,-0.46573282954683437,-5.390960693359375,0.015640676021575928,0.1663360595703125,1.077730545880552,0.008007171335188211,-0.18422647496440184,0.09848875774866167,2.1712067511295787,1.0028841962353572,1.2709806816264553,0.8079199901131763,3212,3242,1,Box 2,org_3aer-org
2017-07-15 10:04:00,-4.917930603027344,-0.72767467159426,-4.190255931431306,-4.864319603762043,0.003179482630212368,1.6377647410020835,-0.9668805513015585,-5.185462951660156,0.01985245943069458,0.2450861930847168,1.1608645589579754,-0.0007587800559777076,-0.3908507661112376,0.23074498720923994,2.2095858384658826,0.9997409315484718,1.255643120305318,0.8391394463969809,3015,3068,2,Box 3,org_3aer-org
2017-07-15 10:04:00,-17.035545349121094,-1.2344495911538846,-15.801095757964628,-16.857274381785725,-1.905390016502128,3.949704990804731,-0.9881363504815049,-18.116416931152344,0.0874946117401123,0.9393863677978516,1.0668421127242853,0.12058594199340295,-0.24996399308660988,0.06253593836892163,2.306179108969477,1.0483565962554562,1.298330989612241,0.8207563900690032,7955,8030,3,Box 4,org_3aer-org
2017-07-15 10:06:00,-5.237579345703125,-0.0195190426246982,-5.218060303075554,-4.8720008702391535,-0.3202898432127344,-0.24950342557704727,0.22373383595338073,-5.4859619140625,0.011694788932800293,0.11305713653564453,0.9336804458483488,0.06138101604995898,0.04781535878954648,-0.04287682068785421,2.14160223977199,1.0253485880406317,1.3124328458759216,0.7722033416137078,2316,2317,0,Box 1,org_3aer-org
2017-07-15 10:06:00,-5.4881744384765625,-0.4507495533080572,-5.037424885166542,-5.413781946307355,-0.023693611527456682,0.8943053960369356,-0.494254723368666,-5.7744598388671875,0.016697406768798828,0.17853355407714844,1.0747121931781163,0.004703516591825736,-0.17753225436082487,0.09811654459088286,2.1574165215341155,1.0016840006582977,1.2693259411360278,0.8078297100678259,3259,3292,1,Box 2,org_3aer-org
2017-07-15 10:06:00,-5.144718170166016,-0.6948044663765653,-4.449913703787603,-5.2372499933198675,-0.002430295958486309,1.7088952086387459,-0.9191286231479954,-5.435493469238281,0.022226333618164062,0.2840409278869629,1.176932934421203,0.0005461445143122057,-0.3840288424434382,0.20654976350792306,2.2556607152327417,1.0001887530322056,1.2590846099671475,0.8330927792859774,3053,3103,2,Box 3,org_3aer-org
2017-07-15 10:06:00,-17.770408630371094,-1.621869478933592,-16.148539151434885,-17.580568433747214,-1.905669802690677,4.524633647509253,-1.186934562506249,-18.925491333007812,0.09401881694793701,1.0056133270263672,1.088678565217776,0.1180088046862956,-0.280188418598051,0.07350104869397944,2.287591909597331,1.045869902465692,1.2883536618763465,0.827047139767231,8011,8129,3,Box 4,org_3aer-org
2017-07-15 10:08:00,-5.2250823974609375,-0.1171950685861425,-5.107887328872099,-4.804022828884969,-0.32442143552183494,-0.11810961426009668,0.13866654979480225,-5.473117828369141,0.012852787971496582,0.13184261322021484,0.9405107277387367,0.06351381983076597,0.023122987383156927,-0.02714753495265957,2.1276142316392894,1.0258207990442765,1.3068054370014803,0.7793018860373883,2387,2393,0,Box 1,org_3aer-org
2017-07-15 10:08:00,-5.703254699707031,-0.42669340674319106,-5.276561292961819,-5.619158727394841,-0.04036218006001958,0.9484693705208725,-0.5655097560278317,-6.009101867675781,0.018080294132232666,0.1930227279663086,1.0649281635162653,0.007649334067976615,-0.17975141723189977,0.10717391964765786,2.1529345008379352,1.0027578561250465,1.2712823836932834,0.8093308051295006,3286,3317,1,Box 2,org_3aer-org
2017-07-15 10:08:00,-5.313819885253906,-1.0773363762195198,-4.236483509032654,-5.104205150190643,0.13424394338695259,1.5743334851372948,-0.8408557873662577,-5.616977691650391,0.022876858711242676,0.29755735397338867,1.2048212011938464,-0.031687587854580236,-0.37161326883030243,0.19847965549103627,2.2389715115159774,0.9894565927033987,1.2498175412849828,0.8275080241677747,3056,3138,2,Box 3,org_3aer-org
2017-07-15 10:08:00,-18.14299774169922,-1.5149985004128734,-16.627999241283707,-17.763583702631575,-2.144029318724298,4.293440732083833,-1.0138269520116667,-19.33782958984375,0.09946763515472412,1.0640316009521484,1.068293511737026,0.1289409078995589,-0.25820549242173124,0.060971072785146324,2.326790914368787,1.052285153115473,1.3014789222533372,0.8216250259935599,8054,8142,3,Box 4,org_3aer-org
2017-07-15 10:10:00,-5.246593475341797,0.2355173235183727,-5.482110798857359,-5.053072064783086,-0.4737889650986761,-0.2315903923524344,0.27634062337683707,-5.499713897705078,0.01301342248916626,0.1280803680419922,0.9217384051844231,0.08642455114140128,0.04224474857398084,-0.05040770489980519,2.156882178561212,1.036693104147092,1.3204546388292595,0.7741788975500807,2451,2439,0,Box 1,org_3aer-org
2017-07-15 10:10:00,-5.687324523925781,-0.4370924399715106,-5.250232083952283,-5.544565459782983,-0.047249843110853174,0.8673514571906802,-0.5257682382491274,-5.984294891357422,0.01822584867477417,0.18723201751708984,1.0560610218985083,0.008999572277057192,-0.16520249835084494,0.10014190417527949,2.1394521253914,1.0032458944301654,1.2713237234614114,0.8083354947073039,3299,3330,1,Box 2,org_3aer-org
2017-07-15 10:10:00,-5.691474914550781,-0.7054634176720131,-4.986011496876755,-5.891872995791274,0.019082790491242087,1.739106823065516,-0.8523281146422401,-6.026557922363281,0.024339139461517334,0.3232688903808594,1.1816805876765328,-0.0038272656417249686,-0.3487971947427107,0.17094387270790284,2.242608972337599,0.9986929496931222,1.255862259295992,0.8268057815885113,3084,3136,2,Box 3,org_3aer-org
2017-07-15 10:10:00,-18.91107177734375,-1.321179837017947,-17.589891940323017,-18.593710159955585,-2.329678779923531,4.504636116551862,-1.1711391169957641,-20.182228088378906,0.1066274642944336,1.131265640258789,1.0570679014423856,0.13244417804426542,-0.2560923132350488,0.06658023374839775,2.374728356378771,1.055677027032288,1.3135458165052525,0.8184119386166728,8071,8150,3,Box 4,org_3aer-org
2017-07-15 10:12:00,-5.6889801025390625,-0.09953303517023357,-5.589447067366053,-5.143167701021944,-0.45243442531104067,-0.33246514623992496,0.33862020520685615,-5.978363037109375,0.014363110065460205,0.13974571228027344,0.9201567953027575,0.08094439751519893,0.059480864964447086,-0.060582057782403526,2.1212630206414547,1.03362960862218,1.3131404649209397,0.7742589278214342,2494,2499,0,Box 1,org_3aer-org
2017-07-15 10:12:00,-5.613121032714844,-0.7698844173261037,-4.843236615386909,-5.227377793305394,0.04734141138964867,0.904315644936997,-0.5675158784081598,-5.898380279541016,0.017956554889678955,0.1781635284423828,1.0793149722848712,-0.009774746754937707,-0.18671721345680206,0.1171769879268686,2.115104864403743,0.996613638778963,1.260302538910592,0.812503706492102,3267,3320,1,Box 2,org_3aer-org
2017-07-15 10:12:00,-5.776882171630859,-1.2684694465796238,-4.508412725049429,-5.538258690550282,0.20785532284658084,1.514221132246385,-0.6922304895921135,-6.120037078857422,0.02471691370010376,0.3318910598754883,1.2284276148407778,-0.04610388079416619,-0.33586568590607097,0.15354195185945937,2.198591590086263,0.9853250387648504,1.2383425272673918,0.8222306979007747,3068,3165,2,Box 3,org_3aer-org
2017-07-15 10:12:00,-19.906410217285156,-1.1157783110925437,-18.790631906189656,-19.55236239775923,-2.5242596252342895,4.359420754410583,-1.0734306376067206,-21.259300231933594,0.11237406730651855,1.184915542602539,1.0405377794303265,0.13433606904953502,-0.23199968879037988,0.05712584031051832,2.387798969200483,1.0577918955221164,1.321571039102125,0.81325570700274,8042,8118,3,Box 4,org_3aer-org
2017-07-15 10:14:00,-5.548694610595703,0.020265124924704295,-5.568959735517735,-5.185021998293987,-0.5476178170580153,-0.024489519568679122,0.1881695994029459,-5.824043273925781,0.012607276439666748,0.10044670104980469,0.9310575483649004,0.0983339515934037,0.004397503435424351,-0.03378900339372846,2.0950847021907104,1.0398289535081386,1.3031525245025133,0.7908262589725206,2568,2567,0,Box 1,org_3aer-org
2017-07-15 10:14:00,-5.640480041503906,-0.6540378246147354,-4.986442216887305,-5.325259238775197,0.005207069386487057,0.9678936625040291,-0.6342837100026237,-5.923793792724609,0.01875460147857666,0.18459415435791016,1.0679476482732397,-0.0010442454078486193,-0.1941050593599817,0.1272016564945906,2.1023096109997406,0.9996367932477973,1.261019354714184,0.8164553778933827,3275,3319,1,Box 2,org_3aer-org
2017-07-15 10:14:00,-6.062957763671875,-1.0070237408016103,-5.055934022868253,-6.016188339990302,0.07327952876837487,1.6536620731119205,-0.7666872847582459,-6.432621002197266,0.024504244327545166,0.33136749267578125,1.1899261961842795,-0.014493766816759821,-0.32707350721594086,0.15164107784842115,2.217458998055891,0.9951617421638314,1.2499260736546831,0.8235708907004413,3084,3156,2,Box 3,org_3aer-org
2017-07-15 10:14:00,-20.624610900878906,-1.4824230016994169,-19.14218789917648,-19.61426389675447,-2.6191749371135775,4.066668630237606,-0.9754176955460393,-22.05242919921875,0.11862587928771973,1.245574951171875,1.0246615486204844,0.13682735489323336,-0.21244534071325039,0.050956437199532606,2.389939973801994,1.0598973376258531,1.3276797327105903,0.8099213975107531,7946,8030,3,Box 4,org_3aer-org
2017-07-15 10:16:00,-5.917686462402344,0.14207067819475327,-6.059757140594287,-5.661074834435039,-0.6692370170019192,-0.025747854711676108,0.29630256555434753,-6.230182647705078,0.01385962963104248,0.1122140884399414,0.9342082039082925,0.11043957727591149,0.004248991191279159,-0.048896772375483157,2.1124693733318454,1.045196446042576,1.3058339338292682,0.790029716783743,2640,2633,0,Box 1,org_3aer-org
2017-07-15 10:16:00,-5.636726379394531,-1.2433614434743998,-4.39336493591848,-4.891039640946179,0.14529800962022854,0.8670239327743896,-0.5146472373669189,-5.9222259521484375,0.01931023597717285,0.18861961364746094,1.1132787082991673,-0.033072146689278485,-0.19734848923792603,0.11714192762803721,2.069611992800452,0.989254301003508,1.2433178400254368,0.8162164044137002,3213,3295,1,Box 2,org_3aer-org
2017-07-15 10:16:00,-5.995250701904297,-1.0865696521578978,-4.908681049744472,-5.8305638884912945,0.05358790117623468,1.6972779767085935,-0.8289830391380055,-6.3574066162109375,0.023029685020446777,0.30708980560302734,1.1878066285840292,-0.010916965399294841,-0.3457706784181766,0.16888101523344226,2.199401028537747,0.9963845021010833,1.247557720394188,0.8290660580215272,3089,3167,2,Box 3,org_3aer-org
2017-07-15 10:16:00,-21.635025024414062,-1.5324179676506817,-20.102607056760213,-20.58865158530983,-2.845596859409072,4.41527483486254,-1.083633446903852,-23.161651611328125,0.1251133680343628,1.319192886352539,1.024178183813535,0.1415536229392764,-0.21963692681232347,0.05390512005951198,2.386071431153991,1.0619404773635504,1.3271574183627772,0.8124635474385207,7859,7950,3,Box 4,org_3aer-org
2017-07-15 10:18:00,-6.421211242675781,-0.02046749533604625,-6.4007437473368505,-5.899923770525454,-0.6852924790171308,-0.11596282395002634,0.3004353261557613,-6.760215759277344,0.0154341459274292,0.12257671356201172,0.9217559714025778,0.10706450782415083,0.01811708584619949,-0.046937565072928136,2.11130840008844,1.0443565329345526,1.310289232779514,0.7869962922106116,2696,2697,0,Box 1,org_3aer-org
2017-07-15 10:18:00,-6.027000427246094,-0.8629863010668466,-5.164014126177338,-5.647109944949436,0.02875961072620279,1.1189342752134974,-0.6645980671676016,-6.351703643798828,0.02184659242630005,0.2370166778564453,1.0935504448609459,-0.00556923548686961,-0.21667916622098568,0.1286979568469094,2.0842000772385836,0.9981317085512476,1.2508876907462039,0.82126125146341,3252,3308,1,Box 2,org_3aer-org
2017-07-15 10:18:00,-6.097633361816406,-1.3233688834068569,-4.77426447840767,-5.7209574133049585,0.14959175712349473,1.5859725725322125,-0.788871394758419,-6.478157043457031,0.023229360580444336,0.31571435928344727,1.198290844417784,-0.031332943074277926,-0.33219202239528456,0.16523412105177848,2.1654755850830245,0.9899493424170851,1.239773058898958,0.8273591845223112,3056,3155,2,Box 3,org_3aer-org
2017-07-15 10:18:00,-22.443862915039062,-2.0443215895259605,-20.399541325509862,-20.64127559672932,-2.8288354888259915,3.8886932866737425,-0.8181235266282955,-24.055679321289062,0.13191711902618408,1.374053955078125,1.0118499856130179,0.13867152421160078,-0.19062650598966588,0.04010499616504723,2.334142727621497,1.0598038013811775,1.3221236198496444,0.81061945859496,7755,7881,3,Box 4,org_3aer-org
2017-07-15 10:20:00,-6.593208312988281,-0.3354353049729171,-6.257773008012626,-5.868269620385057,-0.610076987570885,0.12745015414378058,0.09312344579953448,-6.925994873046875,0.01592952013015747,0.1221466064453125,0.937756868597049,0.09749107019217947,-0.020366694985674595,-0.014881243803553858,2.1287545491354583,1.0400549722570163,1.3080818475653533,0.7919280082473297,2739,2755,0,Box 1,org_3aer-org
2017-07-15 10:20:00,-6.369636535644531,-0.9381423649986578,-5.431494170643884,-5.9662677833311735,0.04700181443103068,1.1953851369642765,-0.7076133387080173,-6.721340179443359,0.022374987602233887,0.25147533416748047,1.0984579189236052,-0.0086535698933575,-0.22008403201923496,0.13027968298898723,2.0869319424834782,0.9971063194376643,1.2501341400684718,0.8211383399117669,3262,3322,1,Box 2,org_3aer-org
2017-07-15 10:20:00,-6.107944488525391,-1.6562891178558852,-4.451655370667764,-5.410488009735177,0.19513800346823884,1.4882932629576415,-0.7245986273584668,-6.493396759033203,0.023195326328277588,0.3052549362182617,1.2153878859053695,-0.04383493042925456,-0.33432355810022923,0.1627706026241143,2.138519742961595,0.9863861497576101,1.2317913484172853,0.828412421903749,3029,3146,2,Box 3,org_3aer-org
2017-07-15 10:20:00,-22.997833251953125,-2.2040815470898294,-20.79375170485999,-21.103511196823924,-2.9611848267025684,3.9390890370268163,-0.6681447183603152,-24.65796661376953,0.13541221618652344,1.4159164428710938,1.0148967582358663,0.14240743415294652,-0.1894361870304606,0.03213199464164776,2.383876698256372,1.0628444167555138,1.33019504636691,0.8063730708148887,7661,7788,3,Box 4,org_3aer-org
2017-07-15 10:22:00,-6.946399688720703,0.11304493682333269,-7.05944462554101,-6.430836110832295,-0.8077350272438705,0.2682956902692989,-0.08916917773414405,-7.287273406982422,0.016823530197143555,0.1279916763305664,0.91095496203279,0.1144190612844376,-0.03800521209538317,0.012631188778155542,2.126573099214019,1.0485252289176445,1.317964133833304,0.7983435441744137,2790,2785,0,Box 1,org_3aer-org
2017-07-15 10:22:00,-6.854606628417969,-1.0099645859219382,-5.8446420424939,-6.454908928132516,0.06162885201984808,1.2809779180818295,-0.7323398844630614,-7.246269226074219,0.024135470390319824,0.2777853012084961,1.104414758201037,-0.01054450410679918,-0.2191713211465108,0.1253010670522729,2.0951808378154366,0.9964753355495707,1.250117252592332,0.8197168020988925,3243,3306,1,Box 2,org_3aer-org
2017-07-15 10:22:00,-6.220054626464844,-1.4368456442827895,-4.783208982180197,-5.550622586021169,0.10849061640300801,1.392075136474044,-0.7331521490360802,-6.623607635498047,0.024146437644958496,0.3130660057067871,1.160439070653188,-0.022681554748535733,-0.2910337268683446,0.15327621096369237,2.104342175879588,0.9927553535868939,1.2382672806604451,0.8284266842746351,3043,3144,2,Box 3,org_3aer-org
2017-07-15 10:22:00,-23.585906982421875,-2.517564793096576,-21.068342189321918,-21.393450185810938,-3.136205111641771,4.007577573593393,-0.5462644654626025,-25.314048767089844,0.13805711269378662,1.4435138702392578,1.015431114302567,0.14885865643625704,-0.190217983815763,0.025928213076939016,2.3934446665035334,1.0660602569158462,1.331745301335642,0.8064669952063885,7544,7680,3,Box 4,org_3aer-org
2017-07-15 10:24:00,-6.972545623779297,-0.5112061363058661,-6.461339487470722,-6.020851741274408,-0.6084421653656006,0.5236680244907576,-0.3557136053214713,-7.317268371582031,0.01774275302886963,0.13284969329833984,0.931827178087381,0.0941665681776108,-0.08104635664264505,0.05505261037765323,2.088550737615744,1.0379133603706,1.301412589673973,0.8091796333774873,2806,2829,0,Box 1,org_3aer-org
2017-07-15 10:24:00,-7.225151062011719,-1.3880389014526695,-5.837112160556925,-6.6477936976801395,0.17645081054482029,1.4211481305675826,-0.786917403989189,-7.646121978759766,0.025140345096588135,0.2901439666748047,1.1388840088770653,-0.030229127981667037,-0.2434676757062673,0.134812794810869,2.090729372247997,0.9902599286740099,1.240926632171642,0.8215637615224956,3220,3305,1,Box 2,org_3aer-org
2017-07-15 10:24:00,-6.1904144287109375,-1.332610753656534,-4.857803675052534,-5.742319932015758,0.08168753830340411,1.5249535423116105,-0.7221248236517908,-6.599040985107422,0.025103867053985596,0.31324243545532227,1.1820815158722235,-0.01681573479861158,-0.31391831459617786,0.1486525335225659,2.1137624460894595,0.994690458381395,1.2349861508396778,0.831096907021293,3042,3138,2,Box 3,org_3aer-org
2017-07-15 10:24:00,-23.889053344726562,-3.0186106161859234,-20.870442728537277,-21.580641451965345,-3.0414444711464297,4.403097324650077,-0.6514541300755784,-25.66828155517578,0.13911890983581543,1.4489498138427734,1.034028924669479,0.1457297533505458,-0.21097287594333042,0.03121419792330568,2.3873287195821025,1.0632375992045093,1.323808488791955,0.8102291038483858,7402,7584,3,Box 4,org_3aer-org
2017-07-15 10:26:00,-7.487213134765625,-0.0005664572870896326,-7.486646677475463,-6.983980866635926,-0.8297208597948419,0.8040120249207383,-0.476956975965433,-7.874504089355469,0.02056056261062622,0.1731739044189453,0.9328583500071038,0.11082676871758401,-0.10739281010010952,0.06370769137542169,2.106072395106392,1.0452372243928643,1.3049233413810635,0.8146921318431547,2863,2863,0,Box 1,org_3aer-org
2017-07-15 10:26:00,-7.510768890380859,-1.3839243365698488,-6.126844553808759,-7.101949216538317,0.19074259228251111,1.5421087790118624,-0.7577467085648152,-7.9654998779296875,0.02678811550140381,0.32245635986328125,1.159152832125206,-0.031132272184698367,-0.25169706289564814,0.12367650295514046,2.111478359553557,0.990013602516818,1.2397673347110527,0.8200587380044222,3168,3252,1,Box 2,org_3aer-org
2017-07-15 10:26:00,-6.093845367431641,-1.279294739448976,-4.814550627980814,-5.630600971326655,0.06389409762829383,1.376905610979676,-0.6247493652621287,-6.504493713378906,0.026350796222686768,0.32035017013549805,1.1694966792130477,-0.013271040760680615,-0.28598839588008235,0.1297627574277153,2.104107802054702,0.9957881837576461,1.2361801738737905,0.8280069448924421,3037,3128,2,Box 3,org_3aer-org
2017-07-15 10:26:00,-23.847877502441406,-2.7900018205376718,-21.05787568190032,-21.772134993955994,-3.378919997641638,5.159247776127595,-1.0660684664302822,-25.679397583007812,0.13875842094421387,1.431772232055664,1.033918868305866,0.16045873043812722,-0.24500324031080092,0.05062564156680771,2.2970324944594203,1.0666590272870267,1.307493530301566,0.8269531226547141,7333,7510,3,Box 4,org_3aer-org
2017-07-15 10:28:00,-7.995220184326172,-0.8035505864239503,-7.191669597899345,-7.011788057120021,-0.5766619652906328,0.86849892208835,-0.4717184975770413,-8.409233093261719,0.023333966732025146,0.2154073715209961,0.9749875132150305,0.08018471336045155,-0.12076457493848643,0.06559234836300436,2.120727921983333,1.0313957860825609,1.293064585378508,0.8111974327009044,2892,2927,0,Box 1,org_3aer-org
2017-07-15 10:28:00,-7.795444488525391,-1.625334794293183,-6.1701096942299465,-7.328855775540447,0.28200296173390677,1.7493119589721446,-0.8725688393955505,-8.279850006103516,0.02762579917907715,0.3380546569824219,1.1877999158417096,-0.04570469176546817,-0.28351391558046934,0.14141869150422787,2.1164169244020967,0.9856794127943374,1.234166511561556,0.8227803009130858,3140,3237,1,Box 2,org_3aer-org
2017-07-15 10:28:00,-6.150718688964844,-1.1307927987096063,-5.019925890253299,-5.747315724940104,0.02032558120823728,1.352940254451788,-0.6458760009732208,-6.565277099609375,0.028704047203063965,0.3499898910522461,1.1449005125950378,-0.004048980334092477,-0.26951398965444096,0.12866245739349566,2.1151543702715676,0.9986762187645437,1.2437184547131483,0.8258283829031976,2999,3080,2,Box 3,org_3aer-org
2017-07-15 10:28:00,-24.436546325683594,-2.9073003065065364,-21.529246019173566,-21.745327160164972,-3.675181029355567,4.989494340801371,-1.0982321704543965,-26.35033416748047,0.14282691478729248,1.4659996032714844,1.0100366329967603,0.1707064439731199,-0.2317542535562005,0.05101117658632032,2.3236890385051296,1.0738506895429014,1.320828541758731,0.8246354007342065,7254,7409,3,Box 4,org_3aer-org
2017-07-15 10:30:00,-8.589454650878906,-1.2314487821215028,-7.358005868754538,-7.295286518412631,-0.4814326941281743,1.07351649637739,-0.6548031525911227,-9.0479736328125,0.026862800121307373,0.2609720230102539,0.9914760396416314,0.06542977849101181,-0.14589774940735406,0.0889919312747108,2.1010026557411896,1.0247993365254893,1.2835107991195847,0.8163680354681396,2952,3005,0,Box 1,org_3aer-org
2017-07-15 10:30:00,-7.9545745849609375,-1.1285645544036889,-6.826010030554768,-7.8478913787188,0.07774067049211797,2.0181873345445958,-1.074046656872681,-8.4554443359375,0.028483331203460693,0.3513774871826172,1.1497040501830293,-0.011388888991392206,-0.295661349091304,0.15734618789966684,2.1592307280404976,0.9961947033929326,1.250038010244155,0.8254133873891647,3157,3224,1,Box 2,org_3aer-org
2017-07-15 10:30:00,-6.202919006347656,-1.1968487196261817,-5.006070286719495,-5.697886665655704,0.02741003241372477,1.3797844982103844,-0.7153781516878994,-6.629741668701172,0.02976059913635254,0.35965728759765625,1.138195498527361,-0.005475359082839948,-0.2756222783908543,0.14290213894633322,2.1683545177458328,0.9981401200889831,1.2544100644972536,0.8219004190654244,2899,2981,2,Box 3,org_3aer-org
2017-07-15 10:30:00,-25.147628784179688,-3.1624899363054824,-21.985138847870594,-22.195270262123223,-3.7357446904968756,5.203661906726953,-1.2577858019774486,-27.15210723876953,0.14849305152893066,1.5372600555419922,1.0095578843375366,0.16992135989437734,-0.2366899723824561,0.05721072815054218,2.3308551894899345,1.0738131940412585,1.3223465706774868,0.8251363035092973,7121,7296,3,Box 4,org_3aer-org
2017-07-15 10:32:00,-9.064079284667969,-0.7024487302315229,-8.361630554433274,-8.154680303298775,-0.6826109798031109,1.3310097116411417,-0.8553489829725288,-9.571823120117188,0.030018270015716553,0.3022737503051758,0.9752500125678508,0.08163610857468412,-0.1591806410216785,0.10229451987914356,2.1179169191395073,1.0319070319326467,1.292389107641743,0.8196759749108022,3017,3047,0,Box 1,org_3aer-org
2017-07-15 10:32:00,-7.884815216064453,-1.5182121911749153,-6.366603024887262,-7.447646777811501,0.1948885173010321,2.025557565158472,-1.1394023295352644,-8.382434844970703,0.029133200645446777,0.3565988540649414,1.1697991454309942,-0.03061106787076349,-0.31815358319664355,0.17896550563641286,2.1494473571384685,0.990038012210699,1.243644519349519,0.8277572120210048,3176,3267,1,Box 2,org_3aer-org
2017-07-15 10:32:00,-6.3488922119140625,-0.8244930151654046,-5.524399196746414,-6.096876882806535,-0.10721343255110903,1.4253753190521177,-0.7456842004408867,-6.791229248046875,0.03064417839050293,0.3633284568786621,1.1036271394719777,0.019407256559998816,-0.2580145402764504,0.1349801442444739,2.1953463747454256,1.0069378395691209,1.2680771028874318,0.81993536178677,2820,2879,2,Box 3,org_3aer-org
2017-07-15 10:32:00,-25.524765014648438,-4.296414833468459,-21.228350181176456,-21.9375683769669,-3.3193611645556564,5.260790571851385,-1.232211211505282,-27.600662231445312,0.15290045738220215,1.5947799682617188,1.0334090115217396,0.15636453781033777,-0.2478190969600746,0.05804554762799724,2.321488070695973,1.065790779400887,1.31214109962894,0.8251628453227748,6940,7184,3,Box 4,org_3aer-org
2017-07-15 10:34:00,-9.555152893066406,-0.9796188040059727,-8.575534089057287,-8.615520469674768,-0.59900736618567,1.5481417630177208,-0.9091480162145696,-10.10760498046875,0.03276139497756958,0.3406715393066406,1.0046628443432468,0.0698507358218104,-0.18053006925751824,0.10601648909246103,2.168801638574887,1.0272782699291108,1.2928648338122408,0.8165098895290028,3088,3130,0,Box 1,org_3aer-org
2017-07-15 10:34:00,-8.035064697265625,-1.420013284245833,-6.615051413017455,-7.68237231442112,0.14916821567199676,2.0700430673191947,-1.1518903815875265,-8.555164337158203,0.030309736728668213,0.3687448501586914,1.1613473327362707,-0.022549819549165635,-0.31292924847804693,0.1741317352909419,2.1627191511376056,0.9925391818888809,1.2478222440740683,0.8266814213047818,3189,3275,1,Box 2,org_3aer-org
2017-07-15 10:34:00,-6.452583312988281,-0.9985841010750564,-5.453999211910996,-6.165101812242739,-0.07199389095114604,1.520484019468261,-0.7373875281853722,-6.914333343505859,0.03298211097717285,0.38329362869262695,1.1303818670854893,0.013200201935108184,-0.27878332218084556,0.1352012531602481,2.2117443506381114,1.0046455076956886,1.2637389324071682,0.8205398631689158,2777,2845,2,Box 3,org_3aer-org
2017-07-15 10:34:00,-25.891281127929688,-5.876966005284609,-20.0143151226417,-21.304591012203883,-2.667965805016783,5.1808329240782385,-1.2225912294992747,-28.024032592773438,0.15732884407043457,1.6612682342529297,1.064467651361326,0.13330287789855869,-0.2588563681710642,0.061085838911179496,2.30222435894208,1.053600106118701,1.2983893123547228,0.824514521929318,6750,7081,3,Box 4,org_3aer-org
2017-07-15 10:36:00,-9.953201293945312,-1.6857481328476576,-8.267453161094737,-8.464783687352526,-0.3806654454489427,1.0654007008688453,-0.48740472916211386,-10.530685424804688,0.034575045108795166,0.36126708984375,1.0238683573299687,0.046043858735153306,-0.1288668565892147,0.058954640524092675,2.2611223186210054,1.018514140078659,1.304231520323533,0.7932554511338227,3176,3249,0,Box 1,org_3aer-org
2017-07-15 10:36:00,-8.14791488647461,-2.0093634178935087,-6.138551468578936,-7.338361082316851,0.3340217304084904,1.9971367099116135,-1.131348826582189,-8.683425903320312,0.031045079231262207,0.3716106414794922,1.1954548430324832,-0.054413770433990656,-0.3253433192071854,0.18430224660869288,2.1366246984507162,0.9828694694942162,1.23577501831559,0.8269915527752126,3160,3281,1,Box 2,org_3aer-org
2017-07-15 10:36:00,-6.754383087158203,-1.1587919867906975,-5.595591100365239,-6.568390391977866,-0.018723766142229172,1.6630239289428053,-0.671500871187949,-7.250026702880859,0.03507280349731445,0.4131898880004883,1.1738510327441778,0.0033461641149952898,-0.29720254734736695,0.12000535048819388,2.2335274313229565,1.0011459964288174,1.2563236268786273,0.8190088622104991,2781,2859,2,Box 3,org_3aer-org
2017-07-15 10:36:00,-25.569351196289062,-6.001827843956349,-19.567523352329342,-21.207829224709585,-2.5181561194872795,5.672000714537501,-1.5135387226699781,-27.67096710205078,0.15264010429382324,1.6002483367919922,1.0838279757149225,0.1286905897157146,-0.28986809482265413,0.07734952939201703,2.2800551875137987,1.0501484526040725,1.2885069597426,0.8311493849403548,6566,6915,3,Box 4,org_3aer-org
2017-07-15 10:38:00,-10.279884338378906,-2.25250741520342,-8.027376923172755,-8.518486361003719,-0.25973399730572555,1.1148785096468168,-0.36403507451012634,-10.869308471679688,0.0364762544631958,0.37978553771972656,1.0611793170460542,0.03235602361662467,-0.13888453480096088,0.045349194138282034,2.319225708572144,1.0129074583130626,1.3024470104078811,0.7870711291034053,3264,3362,0,Box 1,org_3aer-org
2017-07-15 10:38:00,-8.077796936035156,-1.337148624668619,-6.740648311364171,-7.675349246956019,0.05976694798095632,1.9796606318563845,-1.104726644245493,-8.609477996826172,0.030320465564727783,0.3529338836669922,1.138666325910524,-0.008866646829830037,-0.29368994500407947,0.16389026592338543,2.168258782463295,0.9969913106386177,1.2542762900358988,0.8249428262715955,3180,3260,1,Box 2,org_3aer-org
2017-07-15 10:38:00,-6.874774932861328,-1.3972882519640886,-5.477486680895054,-6.679610125929234,0.06545895517370383,1.844518065542113,-0.7078535756816366,-7.3946075439453125,0.03649461269378662,0.43913793563842773,1.2194662470338944,-0.011950545749753872,-0.33674533102483195,0.12922962974069144,2.2574011938852756,0.9960183726224145,1.2492711197714264,0.8205434043113116,2787,2884,2,Box 3,org_3aer-org
2017-07-15 10:38:00,-25.662872314453125,-5.928506349435785,-19.73436596501396,-21.420591219016902,-2.6119561155141553,5.8767610752254145,-1.5785797057083182,-27.766036987304688,0.14929306507110596,1.5578460693359375,1.0854461327509768,0.13235571490590362,-0.29779325495655756,0.07999140729967716,2.29446071574058,1.0519378986334837,1.2905137510374778,0.8319314156415988,6518,6861,3,Box 4,org_3aer-org
2017-07-15 10:40:00,-10.720123291015625,-2.053476854371894,-8.666646436640876,-9.000062003147175,-0.37833793675041294,1.1265850361971455,-0.41483153294043446,-11.3409423828125,0.03935283422470093,0.4167032241821289,1.0384711167051517,0.04365447921711385,-0.12999088452877985,0.04786528860651432,2.3247150641965484,1.0178893949002563,1.3109890839734886,0.7865574117134572,3353,3442,0,Box 1,org_3aer-org
2017-07-15 10:40:00,-8.208080291748047,-1.5191504349194291,-6.688929856826299,-7.502844703618972,0.0848878689850866,1.5799971117569835,-0.8509701339493972,-8.752483367919922,0.031878769397735596,0.36663246154785156,1.1216808763455701,-0.012690799694730751,-0.23621074604998862,0.12722066939914925,2.153399817029845,0.9956701758799807,1.256017459954482,0.8160450188712614,3185,3275,1,Box 2,org_3aer-org
2017-07-15 10:40:00,-7.1870880126953125,-1.2105098048190983,-5.976578207873874,-7.1360180148366705,-0.0641046467766029,2.0331051990591127,-0.8095607453197124,-7.745937347412109,0.03639101982116699,0.43764352798461914,1.193997261750091,0.010725978067541709,-0.3401787993639216,0.13545555954628896,2.254808774648074,1.0036586611969203,1.2548134149234373,0.82482150994132,2833,2917,2,Box 3,org_3aer-org
2017-07-15 10:40:00,-25.966842651367188,-5.589824880566425,-20.37701777079724,-21.95557339947762,-2.8758265321580403,6.117152433424781,-1.6627702725863638,-28.11060333251953,0.1489022970199585,1.5621185302734375,1.07746745114698,0.14113088404327012,-0.30019861111332047,0.0816002759230704,2.301155202036454,1.0560987842594907,1.2941191839955486,0.8334266800944657,6440,6758,3,Box 4,org_3aer-org
2017-07-15 10:42:00,-11.100921630859375,-2.2499364221718428,-8.850985208684726,-9.12202275687701,-0.3915391567012897,1.251912498557145,-0.5893357936635705,-11.743148803710938,0.04197973012924194,0.4463024139404297,1.0306223026930763,0.044236788048985246,-0.1414432934910736,0.06658420274901204,2.3035871773026964,1.0180699990854503,1.3098218836025655,0.7913523225331335,3462,3560,0,Box 1,org_3aer-org
2017-07-15 10:42:00,-8.298469543457031,-1.5761501326430452,-6.722319410811683,-7.450524305198126,0.0697203087631622,1.3461020794506047,-0.6876174938273241,-8.849166870117188,0.03195345401763916,0.3616771697998047,1.1083264346551656,-0.010371466230990034,-0.2002436952468568,0.10228872682268128,2.1647733401388436,0.9963929441144072,1.2614688969731864,0.8088586422384823,3198,3291,1,Box 2,org_3aer-org
2017-07-15 10:42:00,-7.271644592285156,-1.2016162526284329,-6.070028339654399,-7.135800466300533,-0.1095620725778483,2.058310357607821,-0.882976158383839,-7.8521881103515625,0.03827434778213501,0.46179962158203125,1.175579431760415,0.01804968056938039,-0.33909402764419594,0.14546491531440064,2.24114000067397,1.0062143940107497,1.257114457629718,0.8275061964738728,2876,2961,2,Box 3,org_3aer-org
2017-07-15 10:42:00,-26.201431274414062,-6.623134661042717,-19.578296613367943,-21.384803677929604,-2.456208832417962,5.899239309293673,-1.6365234123140509,-28.381935119628906,0.14973247051239014,1.5805492401123047,1.0922709007957407,0.1254556962192961,-0.30131524850153246,0.08358865148649564,2.2783220297317692,1.048425124923466,1.2856863923341255,0.8327695253906321,6347,6707,3,Box 4,org_3aer-org
2017-07-15 10:44:00,-11.632568359375,-1.9414771697472826,-9.691091189624736,-9.709206449777069,-0.56490493395164,1.1320842148163914,-0.5490640207124181,-12.308341979980469,0.044838905334472656,0.4774484634399414,1.0018692693937012,0.0582911586423236,-0.11681700158062683,0.05665657354460198,2.2801123595366892,1.0242674624036705,1.3155159765443525,0.7907966638408319,3553,3637,0,Box 1,org_3aer-org
2017-07-15 10:44:00,-8.52535629272461,-0.9732023196250772,-7.552153973096949,-8.062136218223213,-0.1781590341594695,1.3557975549506778,-0.6676562756649451,-9.088993072509766,0.03264731168746948,0.35860443115234375,1.0675280518568575,0.02359049283080373,-0.17952461771574543,0.0884060730280842,2.1990379590913496,1.0087449434379763,1.2789731613198416,0.8060595710798004,3200,3256,1,Box 2,org_3aer-org
2017-07-15 10:44:00,-7.532230377197266,-0.9687939648807872,-6.563436412313999,-7.409822088108928,-0.2521777577688137,2.0130792409651614,-0.914515807401419,-8.144908905029297,0.04081583023071289,0.5019464492797852,1.1289546546389908,0.03842160446556473,-0.3067111669107238,0.13933490780616828,2.2489391241014705,1.0138866659221246,1.2703528575770582,0.8251736189577636,2893,2963,2,Box 3,org_3aer-org
2017-07-15 10:44:00,-26.09075164794922,-6.461332445058617,-19.6294192028872,-21.688443746142823,-2.359439702472703,6.116791399951051,-1.6983271542227245,-28.276092529296875,0.1491096019744873,1.5668010711669922,1.1048948276041082,0.12019916015271935,-0.31161346837258236,0.08651948061575482,2.2755267804502974,1.0457384902518396,1.2815255886437062,0.833712512465732,6309,6675,3,Box 4,org_3aer-org
2017-07-15 10:46:00,-12.352859497070312,-2.523949503789415,-9.828909993277993,-10.058887832045658,-0.4742141788221193,1.5146438676673126,-0.810451850077529,-13.086471557617188,0.04902994632720947,0.5286445617675781,1.023398102019954,0.04824687367637257,-0.15410089915394282,0.08245592345761618,2.254787930383174,1.019350104973639,1.3031993795494443,0.7994583345219745,3665,3774,0,Box 1,org_3aer-org
2017-07-15 10:46:00,-8.774269104003906,-0.927580351372661,-7.846688752628615,-8.245227620507695,-0.2134173849504079,1.0119312305743107,-0.39997497774482216,-9.353153228759766,0.03339952230453491,0.36420345306396484,1.0507907068119111,0.027198400711244446,-0.12896283546805867,0.05097372794490311,2.2004529313227756,1.0102590464024086,1.2842576864550967,0.7967443284402008,3241,3294,1,Box 2,org_3aer-org
2017-07-15 10:46:00,-7.609245300292969,-1.42374508872912,-6.185500211561512,-7.136941444415513,-0.11546582914407703,1.8696824519591797,-0.8027753899611019,-8.2403564453125,0.04190933704376221,0.535975456237793,1.1538179937453776,0.018667177300916788,-0.3022685939715106,0.1297834229252162,2.24143794593007,1.0065503830555622,1.2625998868929802,0.8216982982068196,2867,2964,2,Box 3,org_3aer-org
2017-07-15 10:46:00,-25.463485717773438,-6.566175238710425,-18.897310479059712,-21.314897519482564,-2.044412388981939,5.855603492646608,-1.3936040632418156,-27.59113311767578,0.1415773630142212,1.4724102020263672,1.1279328634147068,0.10818536273970689,-0.309864385153393,0.07374615899897932,2.2773864869603955,1.0402595753558526,1.2753570905190077,0.830423939664778,6201,6571,3,Box 4,org_3aer-org
2017-07-15 10:48:00,-13.077102661132812,-3.027694686327496,-10.049407974802435,-10.412022690917178,-0.38782185872924735,1.723464689112324,-0.9730281142683326,-13.877403259277344,0.05386662483215332,0.5920858383178711,1.0360831918680138,0.03859151302262377,-0.17149912645935805,0.0968244215687205,2.223298118572356,1.0149914856611844,1.2931165115201109,0.8046999856355198,3725,3855,0,Box 1,org_3aer-org
2017-07-15 10:48:00,-8.860485076904297,-1.6417235096206841,-7.218761567281196,-7.830046280330497,0.04311889960542884,0.9020758283910727,-0.3339100149472005,-9.43618392944336,0.032134294509887695,0.34571361541748047,1.0846799977187125,-0.005973171326348257,-0.12496268507879556,0.046255858686431325,2.180688806305601,0.9978556195648481,1.270730134663126,0.7940127101482864,3219,3311,1,Box 2,org_3aer-org
2017-07-15 10:48:00,-7.540718078613281,-1.5305742659333808,-6.010143812677642,-7.187218471233279,-0.04800680063757495,2.0432313543687304,-0.818149895175518,-8.16530990600586,0.04060274362564087,0.509918212890625,1.1958480021846976,0.007987629270419561,-0.3399638042036184,0.13612817274850125,2.218312907246,1.0026644665630318,1.2486800324896554,0.8276261004669501,2845,2958,2,Box 3,org_3aer-org
2017-07-15 10:48:00,-24.947280883789062,-5.634278877539912,-19.313002006245735,-21.29842637664054,-2.5881837339749456,5.933420516045572,-1.3598124116758243,-27.02458953857422,0.1327228546142578,1.3479595184326172,1.1028024731604504,0.13401250272422377,-0.30722414434207235,0.07040916845739814,2.2985253374578507,1.0518689862466557,1.2860319212046467,0.8325344750760857,6138,6428,3,Box 4,org_3aer-org
2017-07-15 10:50:00,-13.508872985839844,-3.005837583698324,-10.503035402138591,-10.959373005577387,-0.44512546214549387,1.8726713296309727,-0.9712082640466839,-14.356887817382812,0.05616497993469238,0.6209573745727539,1.0434481638846878,0.04238064950774697,-0.17829810696912113,0.0924692935766864,2.194370379346144,1.0160879836333376,1.2853834579971763,0.8090601044140671,3811,3940,0,Box 1,org_3aer-org
2017-07-15 10:50:00,-8.913787841796875,-1.8458022690670661,-7.067985572727443,-7.715696422551243,0.11150878641207383,0.912456523440849,-0.3762544600291228,-9.485111236572266,0.03228402137756348,0.3446340560913086,1.0916400922383118,-0.015776600739302874,-0.12909711176571403,0.053233620266705084,2.1650473704457593,0.994433804185243,1.2660046137178786,0.7954146615319061,3193,3294,1,Box 2,org_3aer-org
2017-07-15 10:50:00,-7.205554962158203,-1.4794551488278718,-5.726099813328152,-6.902018427843695,-0.11960889947418442,2.134025325430913,-0.8384978114411861,-7.7924652099609375,0.03633320331573486,0.43713903427124023,1.2053611800092023,0.020888371382521316,-0.3726839201202405,0.14643436872851684,2.21953184437779,1.0069323124920226,1.2466826425205655,0.8341925777703362,2800,2906,2,Box 3,org_3aer-org
2017-07-15 10:50:00,-24.546173095703125,-6.028164842150014,-18.51800825354981,-20.63839497907612,-2.381627368049437,5.89980298384778,-1.3977888902720308,-26.606109619140625,0.13027608394622803,1.3133544921875,1.1145040382579938,0.12861142167343462,-0.3185981398791535,0.07548267994772503,2.280858089774351,1.0487256573810284,1.2796830805018744,0.834918037579869,6054,6354,3,Box 4,org_3aer-org
2017-07-15 10:52:00,-13.870025634765625,-3.7291378057245055,-10.140887829038347,-10.684142907539872,-0.25425408475178846,1.5674836752857884,-0.7699745120324742,-14.75018310546875,0.056876182556152344,0.6289072036743164,1.0535707610280354,0.025072172085735336,-0.15457065512521617,0.07592772201144546,2.1654610552799403,1.0092356933683273,1.2769176753112619,0.8051752376956537,3870,4030,0,Box 1,org_3aer-org
2017-07-15 10:52:00,-8.87618637084961,-1.9692933039589444,-6.906893066888348,-7.6285248955226415,0.15765622868257229,0.9229865759315637,-0.3590109759798432,-9.44113540649414,0.031388044357299805,0.3304023742675781,1.1044799480237788,-0.02282592580423409,-0.1336326720267847,0.051978649807239985,2.1517145002192835,0.9921131916660442,1.260186414899807,0.7967955422749639,3154,3260,1,Box 2,org_3aer-org
2017-07-15 10:52:00,-6.904457092285156,-1.7830378971301322,-5.121419195153034,-6.351844821463773,-0.00989937683112411,2.086633818032414,-0.8463088148905504,-7.463893890380859,0.031834542751312256,0.3637871742248535,1.2402509108169133,0.0019329362533910498,-0.40743273270956354,0.16524888563925919,2.1898171545730722,1.0006109784321977,1.2344939758302886,0.8392565506349,2721,2845,2,Box 3,org_3aer-org
2017-07-15 10:52:00,-24.06682586669922,-4.985765166284987,-19.081060700410816,-20.759513996463845,-2.680603166687476,5.8003709910230805,-1.4413145282825752,-26.101341247558594,0.12614822387695312,1.2651500701904297,1.087964360179248,0.140485018562399,-0.30398577322791065,0.07553639448626373,2.2761031974807877,1.054536147746298,1.286581767876512,0.8353925242980416,5993,6251,3,Box 4,org_3aer-org
2017-07-15 10:54:00,-14.598945617675781,-4.283900485293439,-10.315045132379604,-11.101444254728692,-0.1457356737032757,2.125050433256598,-1.1929156372042333,-15.543548583984375,0.06176292896270752,0.690826416015625,1.0762380689814464,0.014128457203333203,-0.2060146519946796,0.11564812580990004,2.1403284859870855,1.0050072916828272,1.2657754526095106,0.8159243620700188,3930,4114,0,Box 1,org_3aer-org
2017-07-15 10:54:00,-8.99691390991211,-1.7720123115801876,-7.2249015983295095,-7.8235488898068235,0.10998117845364576,0.65368693328757,-0.16502082026390155,-9.568077087402344,0.03171050548553467,0.33551979064941406,1.082858885111422,-0.015222515761193873,-0.09047693236939183,0.02284056301916368,2.152247919598243,0.9946267802056173,1.2661153596359505,0.7898187115159626,3164,3258,1,Box 2,org_3aer-org
2017-07-15 10:54:00,-6.224781036376953,-1.967340956016418,-4.257440080358846,-5.279816135834279,0.04498841674668846,1.6935677126726294,-0.7161800739438846,-6.724544525146484,0.025356799364089966,0.28201913833618164,1.2401386833820713,-0.01056701113756991,-0.3977901463571236,0.1682184741126222,2.115102786298205,0.9968135959181738,1.2230519890150597,0.8430996040294997,2639,2779,2,Box 3,org_3aer-org
2017-07-15 10:54:00,-23.64824676513672,-4.283083516839216,-19.365163248294046,-20.916159427378535,-2.8692057493268255,6.026295491252164,-1.60609356284085,-25.673194885253906,0.12481939792633057,1.2569141387939453,1.0800920787084571,0.14816326165386626,-0.31119259951413236,0.08293725915180897,2.280696333438933,1.0581792046583973,1.2897490837982006,0.8379517170684596,5968,6198,3,Box 4,org_3aer-org
2017-07-15 10:56:00,-15.025436401367188,-4.137140170544937,-10.88829623081941,-11.774237127397699,-0.24215398089663548,2.795462872774135,-1.6673679952992106,-16.022262573242188,0.0657728910446167,0.741908073425293,1.0813663476633402,0.02223984136390565,-0.2567401559907559,0.15313396696351006,2.142374967969214,1.0078657079094528,1.264733998163904,0.8260817288956033,3980,4157,0,Box 1,org_3aer-org
2017-07-15 10:56:00,-9.250267028808594,-1.2917427407789506,-7.95852428802705,-8.454970064327638,-0.010658156779385813,0.7257750282736976,-0.2186710951937241,-9.847915649414062,0.03405481576919556,0.36759185791015625,1.0623791243619687,0.001339212697436903,-0.09119467403844791,0.027476336979042323,2.1616325545000046,1.0004859853368615,1.273624946688733,0.7907798776412086,3238,3307,1,Box 2,org_3aer-org
2017-07-15 10:56:00,-6.522998809814453,-1.6710004137116443,-4.851998396100889,-5.690917292340585,-0.12548427588122738,1.6307738107667782,-0.6663706386458544,-7.071567535400391,0.026914507150650024,0.30687713623046875,1.1729017257948517,0.02586239022297858,-0.3361035345925265,0.13733941857469617,2.123193637761911,1.0083354767429131,1.2385939592301045,0.8383761187346626,2632,2757,2,Box 3,org_3aer-org
2017-07-15 10:56:00,-23.03179931640625,-4.490372687546189,-18.54142662885674,-19.943856848542424,-2.5777847783878913,5.481613947608818,-1.501398949535245,-24.997581481933594,0.12145614624023438,1.207376480102539,1.0756376652000998,0.13902839463151045,-0.29564143349560656,0.08097537366399626,2.2674955387619695,1.05433240967991,1.2887883491825844,0.8350605202504966,5899,6131,3,Box 4,org_3aer-org
2017-07-15 10:58:00,-15.3067626953125,-3.844669492627613,-11.46209320268194,-12.279941386285973,-0.36056134512076554,3.07361995049056,-1.8952104217657615,-16.328659057617188,0.06512486934661865,0.7222232818603516,1.0713524283167293,0.031456849874192276,-0.26815520482518707,0.1653459266342655,2.1489369688826163,1.0112938001935736,1.268720108538798,0.8290918372298147,4017,4180,0,Box 1,org_3aer-org
2017-07-15 10:58:00,-9.435550689697266,-1.8515009839176857,-7.584049705777155,-8.344446663100442,0.21943929691727787,0.7617587745474054,-0.22080111414139672,-10.053070068359375,0.03577268123626709,0.39385128021240234,1.1002626547587173,-0.028934316813630564,-0.10044221808925317,0.029113880144166424,2.139617518792541,0.9900484966395877,1.2591514381480333,0.7915751660445836,3264,3363,1,Box 2,org_3aer-org
2017-07-15 10:58:00,-6.628227233886719,-1.711381856980823,-4.916845376903924,-5.693194150967692,-0.2237083966778084,1.5379196400116315,-0.5378624692700555,-7.213348388671875,0.030487358570098877,0.3496522903442383,1.1578957064036504,0.04549835911632323,-0.3127858458262196,0.10939178030624602,2.1342007846988973,1.0150057118229316,1.2438836879474418,0.8357123914093599,2575,2703,2,Box 3,org_3aer-org
2017-07-15 10:58:00,-22.679893493652344,-4.140765408404432,-18.53912808524458,-19.733119194020247,-2.5624011667050697,5.178863806771625,-1.422471531290889,-24.630996704101562,0.11845898628234863,1.1603965759277344,1.0644038437668475,0.13821584029857922,-0.2793477548112696,0.0767280707458429,2.2476869792214296,1.0539911023124644,1.2886979005266475,0.8339451871544564,5847,6078,3,Box 4,org_3aer-org
2017-07-15 11:00:00,-15.831832885742188,-3.5319199255573497,-12.299912960181743,-12.87991270661902,-0.5056850051712477,2.8979914760195,-1.8123067244109754,-16.895408630371094,0.06586980819702148,0.7258291244506836,1.0471547846163545,0.0411128929780472,-0.2356107303686708,0.14734305277426912,2.161789731508305,1.015249170175184,1.2781410509740596,0.8235642818369313,4084,4233,0,Box 1,org_3aer-org
2017-07-15 11:00:00,-9.49545669555664,-2.3665107491510393,-7.128945946403319,-8.156185191721598,0.4391016139480347,0.9076120441539303,-0.31947441278368655,-10.126777648925781,0.036991894245147705,0.40685081481933594,1.1440941273845033,-0.06159418478541969,-0.1273136380858431,0.04481369548675945,2.1146146824082876,0.9800434289993288,1.243817181895589,0.7956739883452009,3221,3347,1,Box 2,org_3aer-org
2017-07-15 11:00:00,-6.768299102783203,-1.949470536356056,-4.8188285664251875,-5.62289405241245,-0.26662809863524217,1.4704012594721403,-0.3997076748496358,-7.387943267822266,0.03234797716140747,0.3717994689941406,1.1668591183321038,0.05533048021109377,-0.30513666116222654,0.08294706261902901,2.140007595965235,1.0182018150976935,1.2427644039967864,0.8342079716270988,2516,2658,2,Box 3,org_3aer-org
2017-07-15 11:00:00,-22.534744262695312,-3.7500448540039275,-18.784699408688045,-19.849501954283106,-2.9068934814580842,5.426741638050913,-1.455045610997766,-24.492904663085938,0.11714208126068115,1.1475028991699219,1.056684566648034,0.15474793704250744,-0.2888915877749425,0.07745908408440105,2.263001614295584,1.0616251752106627,1.2938563877908404,0.8370506294532322,5894,6086,3,Box 4,org_3aer-org
2017-07-15 11:02:00,-15.864601135253906,-4.158472213161639,-11.70612892208935,-12.50245840587374,-0.33672852891323757,2.990498746279579,-1.8574407335819516,-16.944747924804688,0.0662921667098999,0.7280063629150391,1.068026713961925,0.028765147825925114,-0.255464361120826,0.15867249933297584,2.142027445889484,1.010310933368786,1.2683852191136376,0.8271551956158812,4100,4274,0,Box 1,org_3aer-org
2017-07-15 11:02:00,-9.658390045166016,-2.7305901887562514,-6.927799856407588,-8.240111014337861,0.5930599200700483,1.0581728150306098,-0.33892157717038446,-10.31201171875,0.038649797439575195,0.427825927734375,1.1894268288822611,-0.0856058102662307,-0.15274298290414606,0.04892196428811561,2.109884479979173,0.9734892836467527,1.2327429586571854,0.7978188758956378,3256,3402,1,Box 2,org_3aer-org
2017-07-15 11:02:00,-6.6497802734375,-1.8611533937863691,-4.788626879649157,-5.3536908070538916,-0.4579537783034946,1.408448859453336,-0.3854311537451064,-7.276096343994141,0.03326171636581421,0.37175512313842773,1.1180012436980964,0.09563363147998012,-0.2941237425365092,0.08048886735843269,2.169621170824478,1.033682373079976,1.2597757455594798,0.8359231589717744,2479,2613,2,Box 3,org_3aer-org
2017-07-15 11:02:00,-22.463546752929688,-2.4556436313118453,-20.007903121614312,-20.41477460486307,-3.5937276259911313,5.382065728619982,-1.3814666193800937,-24.446197509765625,0.11889827251434326,1.1755523681640625,1.0203355384507644,0.17961540518000949,-0.2689969906344557,0.0690460470036818,2.284567359267923,1.0754275068863222,1.3098381599103313,0.8364826094865525,5965,6088,3,Box 4,org_3aer-org
2017-07-15 11:04:00,-16.2672119140625,-4.570281973333024,-11.69692994072659,-12.66215005832853,-0.2562156941437054,3.4262655809782814,-2.2048297692326364,-17.389205932617188,0.06774282455444336,0.7421274185180664,1.0825190988142297,0.021904524985792106,-0.2929200737578709,0.1884964499578491,2.132676406712432,1.0076921154624685,1.2626523937118694,0.8339417027390567,4129,4318,0,Box 1,org_3aer-org
2017-07-15 11:04:00,-9.912094116210938,-2.1672554156707453,-7.744838700537799,-9.033998820583697,0.4270305651870928,1.4719132184050434,-0.6097836635462381,-10.601470947265625,0.04215073585510254,0.47589874267578125,1.166454095416652,-0.05513743819576771,-0.1900508551976472,0.0787341979767629,2.125679159279775,0.9823352090731264,1.2404744617715764,0.8054534485369326,3309,3425,1,Box 2,org_3aer-org
2017-07-15 11:04:00,-7.004695892333984,-2.1164195132912362,-4.888276379040725,-5.416691928487798,-0.5485003633219979,1.4630628506604524,-0.3861469378913816,-7.692962646484375,0.03757953643798828,0.4151144027709961,1.1080985419958536,0.11220731415142192,-0.2993003539925792,0.07899449784530371,2.1794732167371724,1.0402337256172431,1.2640999732314833,0.8382811108192463,2438,2590,2,Box 3,org_3aer-org
2017-07-15 11:04:00,-22.55572509765625,-2.1988537049372794,-20.35687139271544,-20.556637978460163,-3.7176259089082477,5.10126568705373,-1.1838731924007617,-24.57408905029297,0.11844015121459961,1.1797161102294922,1.0098132263003934,0.18262265537712113,-0.25059183155615855,0.05815594987864403,2.2915808223987586,1.0778662040631959,1.3148568652563055,0.8329134354338272,6036,6151,3,Box 4,org_3aer-org
2017-07-15 11:06:00,-16.470260620117188,-4.243036353020373,-12.22722426709384,-12.757246949493181,-0.4013599278383775,2.1991676694656928,-1.2677850592279738,-17.603897094726562,0.06659042835235596,0.7170000076293945,1.0433477517727183,0.032825105606227055,-0.1798582917452605,0.10368543436631511,2.1440282230167576,1.0120698229743919,1.2759186272913983,0.8135041995837117,4150,4323,0,Box 1,org_3aer-org
2017-07-15 11:06:00,-10.07427978515625,-2.745064601988139,-7.3292151831658865,-8.957331603510397,0.6513926656337019,1.6166700593498398,-0.6399463046390316,-10.795730590820312,0.045764267444610596,0.5259561538696289,1.222140622106996,-0.08887618242262195,-0.22057887767616505,0.08731443799179109,2.0996312190806656,0.9733893736568797,1.2242301015021548,0.8092733895414378,3325,3473,1,Box 2,org_3aer-org
2017-07-15 11:06:00,-6.951295852661133,-2.047778214119214,-4.903517638539886,-5.0828634386528515,-0.7778202720976618,1.40001054229755,-0.4428444700869224,-7.650352478027344,0.03822588920593262,0.40378856658935547,1.0365749270897635,0.15862495649740793,-0.28551147268115656,0.09031158909398512,2.2009607607612964,1.0622203865654722,1.288767206126751,0.843315704245965,2424,2573,2,Box 3,org_3aer-org
2017-07-15 11:06:00,-22.968582153320312,-2.224501100819057,-20.744081052497698,-20.755798146463135,-3.7726543482059127,4.6862156980011225,-0.9018442558297705,-25.058082580566406,0.12151873111724854,1.2146377563476562,1.0005648403482317,0.18186654490301776,-0.2259061602266964,0.04347477497544697,2.31674511952357,1.0793463901010985,1.322992630594492,0.8258251406447593,6065,6176,3,Box 4,org_3aer-org
2017-07-15 11:08:00,-16.79339599609375,-3.662219927264096,-13.131176068826477,-13.615517993697027,-0.6593626778546157,2.7799173158548753,-1.6362127131297088,-17.931121826171875,0.06412267684936523,0.6752557754516602,1.036884885430817,0.05021352804947519,-0.21170360531943688,0.12460519183914467,2.1471362028795533,1.0186747253889,1.27845312172863,0.8215693028541123,4186,4332,0,Box 1,org_3aer-org
2017-07-15 11:08:00,-10.30563735961914,-2.577849711012934,-7.727787648603847,-9.41103609051764,0.5792718052437396,2.060008409559322,-0.9560317728892677,-11.067611694335938,0.04964625835418701,0.5787067413330078,1.2178176366191817,-0.07495959148779076,-0.26657156009346306,0.12371351496207206,2.100523235131122,0.9774172188919187,1.2252520557011801,0.8180299886851947,3300,3437,1,Box 2,org_3aer-org
2017-07-15 11:08:00,-6.627819061279297,-1.2327586279027476,-5.395060433374304,-5.082324791287266,-1.1792780274021955,1.4396074016392473,-0.57306501632409,-7.287227630615234,0.03455185890197754,0.32198429107666016,0.9420329677583538,0.21858476692996448,-0.266838049252185,0.10622031456386677,2.255166134456721,1.0989423724385008,1.3334303632437756,0.8497261187183134,2430,2521,2,Box 3,org_3aer-org
2017-07-15 11:08:00,-23.720680236816406,-2.090077312553883,-21.630602924258845,-21.751935026038534,-3.921956405781243,4.7822335455159735,-0.7389450379550396,-25.89788818359375,0.1278071403503418,1.2585582733154297,1.0056092796952791,0.18131516812149265,-0.2210864654240715,0.03416201760729973,2.3693197464112132,1.0808689343721238,1.3309998569525137,0.8200440792532373,6096,6198,3,Box 4,org_3aer-org
2017-07-15 11:10:00,-17.15666961669922,-2.476151587678191,-14.68051802901756,-14.64718118391851,-1.167491813035134,2.4140225152756942,-1.2798675473396097,-18.31494903564453,0.06346261501312256,0.6577243804931641,0.9977291778782496,0.07952660871554164,-0.1644371479605917,0.0871813613668005,2.1448447830068473,1.0308782729517982,1.2903772795695962,0.8168515023637766,4271,4369,0,Box 1,org_3aer-org
2017-07-15 11:10:00,-10.329029083251953,-2.840081624298222,-7.488947458951418,-9.328276716806055,0.6742211001260121,2.4695195559158836,-1.3044113981872587,-11.110595703125,0.051454782485961914,0.6042547225952148,1.2456058435362791,-0.09002881964676178,-0.3297552252104676,0.17417820132095024,2.0901343532912957,0.973709401312445,1.218094505124873,0.8273173626432602,3230,3380,1,Box 2,org_3aer-org
2017-07-15 11:10:00,-6.799856185913086,-0.840895903230952,-5.958960282679647,-5.224904025730057,-1.5395187803788604,1.4655037997124314,-0.6600412762831616,-7.4892730712890625,0.03524336218833923,0.3263125419616699,0.8768147089210843,0.2583535897786793,-0.24593280206482906,0.11076450336506552,2.2894302850094084,1.1297877735014497,1.370109867729582,0.8538648181220361,2421,2481,2,Box 3,org_3aer-org
2017-07-15 11:10:00,-24.0474853515625,-1.9695627762445358,-22.07792257531423,-22.558225124074976,-3.797766393322561,4.914541004388069,-0.6364720623047605,-26.281166076660156,0.1336451768875122,1.3130722045898438,1.0217548796596372,0.17201647393984976,-0.22259979341911076,0.028828439819623825,2.381299401110936,1.0757690950981171,1.3271815418352133,0.8172080204698557,6070,6180,3,Box 4,org_3aer-org
2017-07-15 11:12:00,-17.573898315429688,-2.1076472315530137,-15.46625108387308,-15.24595911985168,-1.3567865344307386,2.199334445276505,-1.0628398748671668,-18.7572021484375,0.06408965587615967,0.6605806350708008,0.9857566023707515,0.08772562446276866,-0.1422021686670914,0.06871994183357127,2.1437351949035883,1.0345130844944137,1.2941524307806722,0.8136660358229132,4333,4416,0,Box 1,org_3aer-org
2017-07-15 11:12:00,-10.550914764404297,-3.237207418848134,-7.313707345553924,-9.217623153139346,0.8271647098791334,2.184212690612827,-1.1074615929065372,-11.359207153320312,0.053215622901916504,0.624089241027832,1.2603215739474225,-0.11309786826266369,-0.29864644391884665,0.15142273823408783,2.0689539890002546,0.9679048917415893,1.212022418422804,0.8221810137210144,3238,3409,1,Box 2,org_3aer-org
2017-07-15 11:12:00,-6.531389236450195,-0.4827563122930702,-6.0486329241545755,-4.987194321731353,-1.7632599061605998,1.2504430019940596,-0.548621698256682,-7.195575714111328,0.0334431529045105,0.27411699295043945,0.8245159500116994,0.29151378968943675,-0.2067315073792208,0.09070176767808463,2.321642693133812,1.1605526523329524,1.40566839620027,0.851520693332482,2399,2436,2,Box 3,org_3aer-org
2017-07-15 11:12:00,-23.90277099609375,-2.136518453723098,-21.76625254236704,-22.27306900693531,-3.647087242032449,4.91124291711692,-0.757339210516203,-26.15771484375,0.13622701168060303,1.3329849243164062,1.0232845072242809,0.16755696622252986,-0.22563566730457638,0.03479419385776564,2.3730028921539814,1.0733131959826838,1.3251127286482713,0.8179510828626547,6147,6264,3,Box 4,org_3aer-org
2017-07-15 11:14:00,-18.148155212402344,-1.4519597222295288,-16.696195490168993,-16.278361520176148,-1.6656147311873661,2.501118332972788,-1.2533375717782669,-19.379058837890625,0.06457138061523438,0.6649131774902344,0.9749743005681221,0.09976013590450045,-0.1498016919151126,0.0750672554424901,2.146756634168591,1.0398582433692418,1.2984732636866627,0.8166881087684861,4395,4452,0,Box 1,org_3aer-org
2017-07-15 11:14:00,-10.665706634521484,-3.7121266509703346,-6.95357998354906,-8.92102425195453,0.9720460845189222,2.0094888065845242,-1.0140906226979778,-11.490921020507812,0.05402094125747681,0.63677978515625,1.2829397624044152,-0.1397907389889253,-0.28898622167841875,0.14583719826292885,2.036523719900597,0.9619921013987501,1.2029723479893506,0.8215237437497018,3257,3454,1,Box 2,org_3aer-org
2017-07-15 11:14:00,-6.545450210571289,0.08860176360355354,-6.634051974172004,-5.172426503577032,-2.106562132595125,1.1780790687942782,-0.5331424067941247,-7.217048645019531,0.03488078713417053,0.28320884704589844,0.7796783208383897,0.3175377794440697,-0.17758062092079316,0.08036452063833374,2.387021121242978,1.193835038867238,1.450586585860036,0.8479749885751133,2374,2366,2,Box 3,org_3aer-org
2017-07-15 11:14:00,-23.74805450439453,-1.085292525908727,-22.662761978482102,-22.529913992845593,-4.039452417920647,4.703624965762754,-0.7970205334786172,-26.018699645996094,0.1374804973602295,1.3490428924560547,0.994138049644494,0.17824184103226415,-0.20754861963553975,0.035168728958781564,2.357871966953565,1.0799287552629722,1.3332315941627366,0.8182429641042173,6258,6319,3,Box 4,org_3aer-org
2017-07-15 11:16:00,-18.76087188720703,-0.9768135299620666,-17.78405835724096,-17.11605683665431,-1.9665276903667706,2.4839443432844734,-1.1854181735043512,-20.052032470703125,0.06679272651672363,0.6971769332885742,0.9624381844026808,0.11057811725893707,-0.13967252543754224,0.06665622377592437,2.1358799605431926,1.044559437037587,1.300608226627826,0.8173258499690802,4443,4481,0,Box 1,org_3aer-org
2017-07-15 11:16:00,-10.84157943725586,-4.014626746649773,-6.82695269060404,-8.7917861270339,1.0460918427966746,1.8686838981623615,-0.9499423045291764,-11.690437316894531,0.05571913719177246,0.6582489013671875,1.287805339435568,-0.15322968976135057,-0.27372152450012405,0.13914587482590665,2.0086525149976926,0.9593551588053209,1.1978525565907572,0.8212692378212543,3259,3471,1,Box 2,org_3aer-org
2017-07-15 11:16:00,-6.411489486694336,-0.10787250120137838,-6.303616985490244,-4.979053212790386,-1.9108077426007253,1.0682929971646369,-0.48204902726376997,-7.0731964111328125,0.03531286120414734,0.279965877532959,0.7898724215400843,0.30312878257023707,-0.16947301836765288,0.07647181425733152,2.3372717330397124,1.1769272982592238,1.430864908396765,0.8453759979694059,2339,2346,2,Box 3,org_3aer-org
2017-07-15 11:16:00,-23.708282470703125,-0.8397780900321392,-22.86850438066733,-22.600854217102263,-4.014229795852259,4.633268293737931,-0.8866886614507361,-25.995773315429688,0.13762497901916504,1.3499031066894531,0.9882961229510343,0.1755353008238626,-0.20260477977102967,0.03877335599613277,2.3404661557432096,1.078441641670796,1.332166803180655,0.818592190279172,6357,6403,3,Box 4,org_3aer-org
2017-07-15 11:18:00,-19.455810546875,-1.3675193535073145,-18.088291193363677,-17.642928260106807,-1.87285841933568,2.7743060161857436,-1.3468105301069344,-20.834640502929688,0.07241690158843994,0.7709827423095703,0.9753783854706923,0.10353982028013811,-0.15337579357433137,0.07445758782350093,2.1107548946531187,1.0404473364547275,1.29085029441057,0.8214852595973408,4482,4535,0,Box 1,org_3aer-org
2017-07-15 11:18:00,-10.838104248046875,-4.217743070632492,-6.620361177412391,-8.517518136326455,1.0875611122061386,1.5730890163499682,-0.7634931696420431,-11.688941955566406,0.0558663010597229,0.6561393737792969,1.2865639665380884,-0.16427519331070975,-0.23761377577360812,0.11532500254622952,1.9953177913190865,0.9568556976514808,1.1959954839225113,0.8167348115730242,3206,3426,1,Box 2,org_3aer-org
2017-07-15 11:18:00,-6.257158279418945,-0.4092519123467047,-5.847906367069676,-4.701032472360802,-1.675760335937265,0.7812729856811028,-0.25238654445271225,-6.877826690673828,0.031834810972213745,0.21863031387329102,0.8038829928661185,0.28655731312212696,-0.1335987508419343,0.043158444853688804,2.2930694511441776,1.1594134138330714,1.4107447827136752,0.8341416958789338,2273,2302,2,Box 3,org_3aer-org
2017-07-15 11:18:00,-23.967971801757812,-2.1035203859649534,-21.86445141578946,-22.225788304434918,-3.208998046298402,4.588358828705972,-1.0180238937621133,-26.31562042236328,0.14271926879882812,1.4293975830078125,1.0165262270602644,0.14676782807278746,-0.2098547428174886,0.04656068768443672,2.3022544603496735,1.062048045253851,1.3144836814519498,0.8183108107502659,6451,6576,3,Box 4,org_3aer-org
2017-07-15 11:20:00,-19.825218200683594,-1.8543398219636376,-17.97087837871605,-17.824772134618488,-1.6815400847996897,3.1172652411768897,-1.5818314004747627,-21.255470275878906,0.0770951509475708,0.8314018249511719,0.9918698329030703,0.09357027794430098,-0.17346204094669335,0.08802193009932208,2.0891903442737916,1.0353636741806176,1.2809542024083607,0.826084809347694,4551,4623,0,Box 1,org_3aer-org
2017-07-15 11:20:00,-10.812294006347656,-4.069885635167411,-6.742408371178202,-8.461209794967514,1.0624910852754763,1.0414917057756494,-0.38518136726181434,-11.64788818359375,0.054379045963287354,0.6358909606933594,1.2549239573112596,-0.15758331842036014,-0.15446879637663566,0.057128157485736186,1.983926448700498,0.9578986448858363,1.1995789702058708,0.8068735655874592,3182,3391,1,Box 2,org_3aer-org
2017-07-15 11:20:00,-5.861394882202148,-0.62749556153706,-5.23389932066275,-4.481809718962952,-1.4072983518068665,1.0262709045028025,-0.3710621543957335,-6.4305572509765625,0.027638226747512817,0.16607952117919922,0.8563041519100977,0.26888143343740617,-0.1960815143025811,0.07089592895507726,2.2807903464902597,1.1382032096916481,1.378452526051047,0.8447151911499424,2216,2260,2,Box 3,org_3aer-org
2017-07-15 11:20:00,-24.276206970214844,-2.446322322274875,-21.829884647936662,-22.519345808013213,-2.8958647792469914,4.890873953987597,-1.3055480146640557,-26.674049377441406,0.14406108856201172,1.4632034301757812,1.0315833624957664,0.1326559817401832,-0.22404488309789936,0.059805538861949725,2.2869617531343054,1.0546281651206202,1.3064312588916336,0.8202673435640138,6555,6715,3,Box 4,org_3aer-org
2017-07-15 11:22:00,-20.110427856445312,-2.555253186305426,-17.555174670136154,-17.815481849425314,-1.4275846990447716,3.367104486645931,-1.6792126083119998,-21.57122802734375,0.07901608943939209,0.8553009033203125,1.01482794584391,0.08131988008489006,-0.191801252332388,0.09565342640358794,2.070397799633908,1.0295867922846118,1.2700240580521795,0.8294323756131745,4617,4716,0,Box 1,org_3aer-org
2017-07-15 11:22:00,-11.296440124511719,-3.971663707044524,-7.324776417464996,-8.947313434842874,0.9932462061371913,0.782857066920839,-0.1535662556801516,-12.179336547851562,0.058145761489868164,0.6676235198974609,1.2215135213559756,-0.13560089066594883,-0.10687794716221181,0.020965316472185067,1.9930497948479067,0.9624433196612026,1.207074738737968,0.8004875536869109,3200,3401,1,Box 2,org_3aer-org
2017-07-15 11:22:00,-5.902374267578125,-0.8516750937877327,-5.050699173788107,-4.646927360574901,-1.2344393275334617,1.5430516341613063,-0.7123841198410509,-6.483760833740234,0.02874457836151123,0.20799493789672852,0.9200562537343971,0.24440959262430434,-0.30551248076095416,0.14104663440225268,2.2841987870095415,1.115958839264849,1.3488638094584153,0.8630016725372947,2161,2219,2,Box 3,org_3aer-org
2017-07-15 11:22:00,-24.616249084472656,-2.1314003525746923,-22.484848731894623,-23.052226844647425,-3.0428521050711086,4.935867434361437,-1.3256372165375256,-27.05596923828125,0.140700101852417,1.4349040985107422,1.0252337971901933,0.13532900049066557,-0.21951970828071166,0.058956910599852835,2.32469348987589,1.0572551363114007,1.3155766211060889,0.8167447971968571,6663,6801,3,Box 4,org_3aer-org
2017-07-15 11:24:00,-20.51146697998047,-2.5070947959726397,-18.004372184004097,-18.20207754691819,-1.4506423488607265,3.3579467050170204,-1.709598993242201,-22.007705688476562,0.07992982864379883,0.8575267791748047,1.0109809640066063,0.08057167081613338,-0.1865072922676178,0.09495465744487812,2.081243499510536,1.0296381235091439,1.2733714928835056,0.8273618073904807,4697,4794,0,Box 1,org_3aer-org
2017-07-15 11:24:00,-11.7056884765625,-4.125740912009029,-7.579947564551199,-9.167565346440751,1.0093629232630796,0.6551185201341589,-0.0768636615076867,-12.636215209960938,0.06150412559509277,0.7104206085205078,1.209449705076364,-0.13316225668677736,-0.08642784327399866,0.010140394884412068,1.9877941905656948,0.9628850105914475,1.2084630654615942,0.7983161652605996,3191,3396,1,Box 2,org_3aer-org
2017-07-15 11:24:00,-6.3365020751953125,-0.934121081280271,-5.402380993912601,-5.021221968169136,-1.2458088917346375,1.810120642899047,-0.9454707769078748,-6.987953186035156,0.033791303634643555,0.28423547744750977,0.929446104194992,0.2306036714438345,-0.33505979029222294,0.17501001465339647,2.255301497584498,1.1061564839787539,1.338665521889319,0.8695876707950989,2155,2219,2,Box 3,org_3aer-org
2017-07-15 11:24:00,-24.864295959472656,-1.1763787944473996,-23.68791716502181,-23.667081802953646,-3.5174139012894616,5.145193050451678,-1.648614511230379,-27.33563232421875,0.138441801071167,1.3946266174316406,0.9991204223687962,0.14848979236061186,-0.2172074908320434,0.06959727610263539,2.3116373927704155,1.0642483059461674,1.322553846033818,0.8205020001674492,6770,6854,3,Box 4,org_3aer-org
2017-07-15 11:26:00,-20.9493408203125,-2.6347202755958863,-18.314620544712895,-18.495298455812453,-1.4240873253929542,3.221292919334821,-1.6165276828423092,-22.485946655273438,0.08070385456085205,0.8593635559082031,1.0098652282016138,0.07775685670998315,-0.1758864133423038,0.08826432843070679,2.09453704376853,1.0288722408787794,1.2763911791913218,0.8236301653935568,4784,4886,0,Box 1,org_3aer-org
2017-07-15 11:26:00,-12.064735412597656,-5.019683876747215,-7.045051535848367,-8.886900577179956,1.2578122126691689,0.6237600563312806,-0.039723227668861445,-13.045997619628906,0.06584644317626953,0.7652549743652344,1.2614386895481797,-0.17853839766378696,-0.0885387499519785,0.005638458067585728,1.9731120429524844,0.9530436016406779,1.196722395803424,0.7971849920940363,3201,3449,1,Box 2,org_3aer-org
2017-07-15 11:26:00,-6.781806945800781,-1.1859838785648902,-5.59582306723335,-5.570168267919871,-1.0599190826185279,2.227249196477056,-1.1929849131720074,-7.491527557373047,0.03771808743476868,0.34024810791015625,0.9954153662463522,0.1894125439428102,-0.3980199462557772,0.2131920360666148,2.2226674730260667,1.078952919545985,1.3066442761236203,0.874196272720511,2125,2204,2,Box 3,org_3aer-org
2017-07-15 11:26:00,-24.804847717285156,-0.7028962615098063,-24.101951455771886,-24.09456616014217,-3.641964203055853,5.447153708128772,-1.8125748007026368,-27.25965118408203,0.13499832153320312,1.3213863372802734,0.9996935810096842,0.1511066110036365,-0.22600467510377872,0.07520448309045802,2.3422854045062214,1.0664391247929461,1.328161959307492,0.8202647774625105,6882,6919,3,Box 4,org_3aer-org
2017-07-15 11:28:00,-21.65998077392578,-3.028073949377464,-18.63190682454461,-19.173987822842076,-1.3709902880832616,3.692872712349833,-1.7798014259691055,-23.27301025390625,0.08352339267730713,0.8865184783935547,1.029094230848308,0.07358292959458113,-0.19820154464732795,0.09552438420443884,2.116068102434553,1.0271600279737954,1.274800199512301,0.8246473762200252,4852,4969,0,Box 1,org_3aer-org
2017-07-15 11:28:00,-12.157405853271484,-4.773603753799821,-7.38380209946949,-9.170299387750287,1.1765739559088149,0.7481845120811191,-0.13826117970913726,-13.16363525390625,0.06745058298110962,0.7935457229614258,1.2419481541100827,-0.15934527226743375,-0.10132781214909248,0.018724930306443482,1.9951462183237327,0.9566569251462078,1.2036823061179152,0.7975389871015941,3211,3447,1,Box 2,org_3aer-org
2017-07-15 11:28:00,-7.381330490112305,-1.7248182971636454,-5.656512192946105,-5.967152078850741,-0.7648025368099285,2.557291867420724,-1.4818494447061592,-8.180187225341797,0.04398846626281738,0.4464120864868164,1.054917213171045,0.1352074406846798,-0.4520969424603678,0.26197228860464306,2.1574622764675753,1.050510856866229,1.275027533561645,0.8780599798581973,2111,2223,2,Box 3,org_3aer-org
2017-07-15 11:28:00,-24.774917602539062,-0.9402184148186601,-23.83469918771702,-24.441884056767464,-3.1638960816562207,5.473243022030773,-1.7021620713241092,-27.215103149414062,0.1345916986465454,1.2941112518310547,1.0254748282857855,0.13274327721688653,-0.22963340040185423,0.07141529489918219,2.30256974820406,1.0554640345713937,1.3114092323859814,0.8205659907841708,6949,7014,3,Box 4,org_3aer-org
2017-07-15 11:30:00,-22.075096130371094,-2.6947947318880976,-19.380301398479176,-19.881458183096587,-1.5274496487161315,3.9310706370522275,-1.9024642037186839,-23.7301025390625,0.08367109298706055,0.8793411254882812,1.0258590810490047,0.07881454562084336,-0.20283846758754273,0.09816484091769467,2.159305482581514,1.0300120748083237,1.2841891121016433,0.8220095807197602,4919,5023,0,Box 1,org_3aer-org
2017-07-15 11:30:00,-12.230140686035156,-5.013823311086652,-7.216317374946414,-8.986400953324646,1.1584509119167032,0.881128937177393,-0.269496270715864,-13.241600036621094,0.06516551971435547,0.7596426010131836,1.2452890423754923,-0.1605321456534893,-0.12210229836017102,0.037345401638168005,2.005615120423902,0.9561331952877008,1.204770342175067,0.7991632986521785,3233,3480,1,Box 2,org_3aer-org
2017-07-15 11:30:00,-7.974937438964844,-2.255860530823202,-5.719076908139067,-6.484670161929335,-0.4002950584818472,2.885541630384752,-1.7196533181126368,-8.856536865234375,0.05236390233039856,0.5626325607299805,1.1338665777864814,0.06999294902157548,-0.5045467435974172,0.3006872167893604,2.06444053248275,1.0226247211579134,1.237500522501051,0.8810450434849315,2090,2240,2,Box 3,org_3aer-org
2017-07-15 11:30:00,-24.475990295410156,-1.1700294529663244,-23.30596084244062,-24.21264552517515,-2.7505567241719553,5.230750736290087,-1.573509329383598,-26.866661071777344,0.13265812397003174,1.2541122436523438,1.0389035529950537,0.11801945188044496,-0.22443832166596564,0.06751531679046702,2.275239673565075,1.0478018083736724,1.301824826368845,0.8193333748671746,7057,7141,3,Box 4,org_3aer-org
2017-07-15 11:32:00,-22.589317321777344,-2.174187858832781,-20.415129462940644,-20.675358613921542,-1.7895206579541745,3.7579415383660817,-1.708191729431011,-24.296585083007812,0.0848541259765625,0.8825035095214844,1.0127468773319948,0.08765659121597398,-0.18407630209682632,0.08367283354885759,2.186218584298725,1.034429271551502,1.293617900016617,0.8170524023157619,5006,5090,0,Box 1,org_3aer-org
2017-07-15 11:32:00,-12.291370391845703,-5.28796901331724,-7.003401378526467,-8.614973264888928,1.108868288649118,0.5460802247111436,-0.04337662699780134,-13.309516906738281,0.06352317333221436,0.7274913787841797,1.2301127408324466,-0.15833281982796002,-0.07797357243945943,0.006193651434972858,1.9997658918361314,0.9563786524893251,1.2065871380828517,0.7935537132296049,3254,3514,1,Box 2,org_3aer-org
2017-07-15 11:32:00,-8.152608871459961,-3.31459903636424,-4.8380098350935405,-6.359312983635312,0.38765523071762154,2.8545507857032386,-1.7209028678790892,-9.066265106201172,0.057106584310531616,0.644599437713623,1.314448130614922,-0.08012700344378824,-0.5900258335560096,0.3557047063848758,1.9586496693364956,0.9797185988264209,1.185872111709723,0.877807143259458,2041,2255,2,Box 3,org_3aer-org
2017-07-15 11:32:00,-23.8824462890625,-1.0678749098619649,-22.81457137919745,-24.292181639133705,-2.6727188073407606,6.011291821295728,-1.8609627540187108,-26.194976806640625,0.13078546524047852,1.21014404296875,1.0647660758283435,0.11714963927736867,-0.26348475811282973,0.08156904300711759,2.2337752083340168,1.0452046400847799,1.2860845772246685,0.829554282915517,7165,7239,3,Box 4,org_3aer-org
2017-07-15 11:34:00,-23.30809783935547,-2.9413590326525454,-20.366738806699097,-20.801830527297373,-1.6345514482898125,3.6328134474267686,-1.5631702785386794,-25.091629028320312,0.08720648288726807,0.9004745483398438,1.0213628566030004,0.0802559243187314,-0.17836991390255622,0.07675113298082441,2.1873467627955274,1.0312284908352334,1.2910289174265055,0.8145793467729626,5076,5190,0,Box 1,org_3aer-org
2017-07-15 11:34:00,-12.436843872070312,-5.28580428620324,-7.151039585865044,-8.795633003717642,1.0179788570238404,0.6941415450596136,-0.06752698423085658,-13.467926025390625,0.06336474418640137,0.7120723724365234,1.2299796271724392,-0.14235396753165894,-0.09706862012506184,0.009442960484281532,2.0111503374669852,0.9603734441655688,1.2084693881797326,0.7961245875814849,3276,3535,1,Box 2,org_3aer-org
2017-07-15 11:34:00,-8.112586975097656,-3.9038252869709917,-4.2087616881248024,-6.917915293517731,1.072102942471657,3.912371113950792,-2.275320451029521,-9.021808624267578,0.058960527181625366,0.6789665222167969,1.6436937527341875,-0.2547312064488328,-0.9295777247235716,0.5406151784382169,1.9297054506402218,0.9503378672267748,1.1426052936523505,0.8938844542365451,2049,2306,2,Box 3,org_3aer-org
2017-07-15 11:34:00,-23.987815856933594,-1.933050830164125,-22.05476502676653,-24.346225516990497,-2.0501250383197096,6.305069075820741,-1.963483547277063,-26.30010986328125,0.13000524044036865,1.2207870483398438,1.1038986580651828,0.09295610430814372,-0.2858823963061344,0.08902763393280783,2.2103082941713423,1.0339575001892292,1.2706063256167803,0.8312880341651905,7217,7356,3,Box 4,org_3aer-org
2017-07-15 11:36:00,-24.08594512939453,-2.745606619852285,-21.34033850953836,-21.767600097936036,-1.7881278941377259,3.439483959828233,-1.2240944772928293,-25.948776245117188,0.09155869483947754,0.9575042724609375,1.0200213126050792,0.08379098079154168,-0.16117288665739338,0.057360593260772474,2.2112399402015526,1.0331307343889125,1.2960559438186101,0.8090804332795575,5215,5323,0,Box 1,org_3aer-org
2017-07-15 11:36:00,-12.670684814453125,-4.553388708575513,-8.117296105875363,-9.586227077911117,0.7150554546336738,1.081548118809311,-0.3276726014072316,-13.727714538574219,0.06391310691833496,0.7109079360961914,1.1809630883087447,-0.08809034995238267,-0.13323994895621435,0.04036721059985228,2.028944465461116,0.9739576170784405,1.2210366348732815,0.8041042538251509,3342,3566,1,Box 2,org_3aer-org
2017-07-15 11:36:00,-8.042694091796875,-3.7124223527950186,-4.330271738999972,-7.722576028576832,1.4622393733385235,4.635030798247002,-2.7049658820086657,-8.93337631225586,0.060324400663375854,0.7014846801757812,1.7833929356036844,-0.33767843254941116,-1.0703787377827265,0.6246642347284532,1.9257255419876742,0.9398457592907288,1.1302992395133655,0.8976172444596933,2084,2328,2,Box 3,org_3aer-org
2017-07-15 11:36:00,-24.147705078125,-1.8396214145938423,-22.308083663528254,-24.658549431025133,-2.3470959796352857,6.4535738162086025,-1.7560120690764396,-26.49634552001953,0.13256323337554932,1.261606216430664,1.105363858364028,0.10521280155823426,-0.2892930613649986,0.0787164014427364,2.162457068205927,1.0373869923109327,1.2618470251632308,0.8373074868725056,7356,7478,3,Box 4,org_3aer-org
2017-07-15 11:38:00,-24.75872802734375,-3.351500631339974,-21.407227396000007,-22.018639180290155,-1.546593652385823,2.869626387877401,-0.7116209512014291,-26.694686889648438,0.09506011009216309,1.0062446594238281,1.0285609982544677,0.07224633175405087,-0.13404941867500308,0.03324208866648454,2.207608977886036,1.0282023227262986,1.2925798548774416,0.8022805688256,5344,5478,0,Box 1,org_3aer-org
2017-07-15 11:38:00,-12.826068878173828,-5.097818883213336,-7.728249994958355,-9.443611968735434,0.8814337080046473,1.4555996623182827,-0.6216713965458516,-13.918319702148438,0.06565195322036743,0.7366971969604492,1.2219599488753756,-0.11405346728944643,-0.18834790065899343,0.08044141907306424,2.0093136360900514,0.9679597358949552,1.2096705861447603,0.8125311737996834,3332,3585,1,Box 2,org_3aer-org
2017-07-15 11:38:00,-7.644674301147461,-3.6142523298044975,-4.030421971341243,-7.411627439930022,1.6996537386853514,4.124511502068549,-2.4429597721651213,-8.47543716430664,0.05726766586303711,0.6708245277404785,1.838920959798059,-0.4217061515570642,-1.0233448337162563,0.6061300254752615,1.8964039450534245,0.9292489653612254,1.1229989129914801,0.887746928721238,2122,2362,2,Box 3,org_3aer-org
2017-07-15 11:38:00,-23.817604064941406,-2.41864594910598,-21.398958115832702,-24.411657662112205,-2.2281299236153234,7.103324214672276,-1.8624947447774483,-26.162338256835938,0.1349954605102539,1.2772884368896484,1.1407872070206289,0.10412329009451962,-0.33194719930858013,0.08703670219343165,2.1591929218421275,1.0357523415684693,1.2522140927785657,0.8434880977507311,7466,7622,3,Box 4,org_3aer-org
2017-07-15 11:40:00,-25.754501342773438,-4.086563459153308,-21.667937883616403,-22.49852844405397,-1.459062206176721,3.2954086469063384,-1.0057558802920497,-27.81512451171875,0.10252106189727783,1.096048355102539,1.0383326999042948,0.06733738180410558,-0.15208686053129533,0.04641677882289498,2.2136916409427077,1.0261023283974726,1.29060125200958,0.8045280724919966,5470,5636,0,Box 1,org_3aer-org
2017-07-15 11:40:00,-13.108787536621094,-5.697772251752225,-7.411015284866866,-9.396336822865091,1.0462322252090135,1.839865900684241,-0.9007765878950282,-14.248405456542969,0.06844252347946167,0.773956298828125,1.2678879292088643,-0.1411725903933024,-0.2482609777423085,0.12154563892674661,1.9941352677579973,0.9623032608922047,1.1989658444452727,0.8205097959258448,3380,3666,1,Box 2,org_3aer-org
2017-07-15 11:40:00,-7.372339248657227,-3.1779394123767983,-4.19439983627868,-7.276298812614904,1.3616422101605183,3.9043669216637054,-2.1841101554879994,-8.169586181640625,0.05211922526359558,0.6222853660583496,1.734765186113139,-0.32463338339450803,-0.9308523445699218,0.5207205418512908,1.917523600346827,0.9409029121389675,1.1332568060966774,0.886148195093947,2178,2390,2,Box 3,org_3aer-org
2017-07-15 11:40:00,-24.42284393310547,-1.408621130024676,-23.014222803077903,-25.247388598988586,-2.973221910702336,7.425432025795256,-2.219044319182236,-26.848121643066406,0.13936960697174072,1.3201427459716797,1.0970341607891283,0.1291906286014012,-0.32264535236889186,0.09642056297836235,2.164177175848966,1.0465081975577737,1.2643827710690605,0.8466175252828279,7536,7629,3,Box 4,org_3aer-org
2017-07-15 11:42:00,-26.195022583007812,-4.261799855575311,-21.933222727428863,-23.260895079592007,-1.3588259791532444,4.3378671243150295,-1.6513687929986394,-28.305587768554688,0.10593366622924805,1.1439666748046875,1.0605324793653241,0.061952864658322546,-0.19777609420298534,0.07529075017933866,2.200973422973794,1.0233100093908825,1.2814049802395346,0.8136330941384866,5614,5790,0,Box 1,org_3aer-org
2017-07-15 11:42:00,-13.305084228515625,-6.036354250308616,-7.268729978205102,-9.452019012476118,1.1199260754393925,1.941928207614001,-0.8785652487823781,-14.47320556640625,0.07016235589981079,0.7962179183959961,1.3003673325075344,-0.1540745190421753,-0.267161968244352,0.12086915477899288,1.9891822228612561,0.9600762245580737,1.192783408233523,0.8222389771884647,3450,3758,1,Box 2,org_3aer-org
2017-07-15 11:42:00,-7.158725738525391,-2.2620188283145914,-4.896706910208797,-6.936373657227976,0.7126360786266901,3.1891028531823395,-1.8620721847898511,-7.905643463134766,0.04685965180397034,0.5524520874023438,1.416538458278322,-0.14553374169504932,-0.6512750123013499,0.38027029571807713,1.9565455860530436,0.9661093967300308,1.1710948823783678,0.8760275306783476,2244,2395,2,Box 3,org_3aer-org
2017-07-15 11:42:00,-24.907127380371094,-1.263543057031779,-23.64358432333636,-26.008794062218268,-3.2898234380956946,8.644447817495811,-2.9894146405182065,-27.415664672851562,0.14237916469573975,1.3572444915771484,1.1000360058160654,0.1391423310910021,-0.36561494650215487,0.12643660959508735,2.164451067529524,1.0500473503379293,1.2636220939830012,0.8559330739741359,7578,7652,3,Box 4,org_3aer-org
2017-07-15 11:44:00,-27.21399688720703,-5.094765181227382,-22.11923170597608,-23.807300526191835,-1.1842369819591425,4.372522790164985,-1.5002169879900897,-29.451614379882812,0.11291468143463135,1.2255630493164062,1.076316792674118,0.05353879364802668,-0.1976796865409948,0.06782410021885016,2.1954752383764506,1.019751278626543,1.275765232356398,0.8126383298385779,5725,5938,0,Box 1,org_3aer-org
2017-07-15 11:44:00,-13.537147521972656,-7.024665148363569,-6.512482373607421,-8.971852461274217,1.390772313639379,2.0257078660126853,-0.9571100919852679,-14.75146484375,0.07460635900497437,0.858668327331543,1.3776394232763953,-0.2135548679986671,-0.3110500343497432,0.146965479072015,1.9550356810323077,0.949365222005301,1.176109409554777,0.8266829436010525,3519,3885,1,Box 2,org_3aer-org
2017-07-15 11:44:00,-6.949316024780273,-2.5526713631524087,-4.396644661626132,-6.148497052735067,0.650531279475095,2.620193504751596,-1.5188723931177568,-7.671665191650391,0.045107126235961914,0.5307369232177734,1.398452121091132,-0.1479608495889889,-0.5959529837879821,0.345461712285839,1.9482688004361657,0.9653328748106502,1.172304281105303,0.8699364808749038,2312,2486,2,Box 3,org_3aer-org
2017-07-15 11:44:00,-24.336090087890625,-0.3268216659454064,-24.00926842194225,-26.258407030035613,-3.713155544423882,9.382909400541742,-3.4206152480244945,-26.77484893798828,0.1294931173324585,1.2071456909179688,1.093677931728976,0.15465508899181624,-0.3908036361477233,0.14247061542693107,2.128543868519106,1.0548647854599558,1.258907057934544,0.8658632069866301,7655,7668,3,Box 4,org_3aer-org
2017-07-15 11:46:00,-27.60784912109375,-5.564899327319842,-22.0429497937704,-24.242365922841604,-0.9406217668747471,5.352251407230222,-2.212213511284273,-29.894287109375,0.11408436298370361,1.2382965087890625,1.099778666178915,0.04267222743212789,-0.24281012556417614,0.10035923195313318,2.17329230837839,1.0151733701842431,1.2652535730826915,0.8215180446807807,5796,6029,0,Box 1,org_3aer-org
2017-07-15 11:46:00,-14.019187927246094,-7.974577763624075,-6.044610163620515,-8.958183084335467,1.6795056321294646,2.2938013734418443,-1.0597340848563575,-15.307357788085938,0.08163052797317505,0.9489908218383789,1.4820117165289317,-0.2778517698688939,-0.37947879372719306,0.17531884706715528,1.9341570602376694,0.9400346395250457,1.159945483310588,0.8317702848641995,3568,3990,1,Box 2,org_3aer-org
2017-07-15 11:46:00,-7.382411956787109,-2.175153658547792,-5.207258298237331,-6.532851940245907,0.3343548207213708,2.273754016224394,-1.282515194937189,-8.155933380126953,0.04710805416107178,0.5605721473693848,1.2545665235114787,-0.06420937882696363,-0.43665089880293917,0.24629375411842414,1.9773534854390842,0.9827049056260903,1.1985838566782512,0.8572949026661638,2392,2541,2,Box 3,org_3aer-org
2017-07-15 11:46:00,-23.419166564941406,0.24009537000133196,-23.659261934939845,-25.603893659150447,-3.8164443203895955,9.415104487187664,-3.654028442587466,-25.748985290527344,0.11600816249847412,1.04296875,1.082193253938272,0.16130868033349322,-0.39794582405309514,0.15444388978133,2.0761402930672044,1.0559532596004884,1.2523343250328234,0.8730049610685999,7734,7711,3,Box 4,org_3aer-org
2017-07-15 11:48:00,-28.06195068359375,-5.897907741222349,-22.164042942367942,-24.1607393120031,-0.9790940466211513,5.319987569012534,-2.3441971527562275,-30.406387329101562,0.11829161643981934,1.2683353424072266,1.0900871909888943,0.044174884932638006,-0.24002784974049332,0.10576577381896105,2.1689272913064634,1.0158112671321833,1.2671236314772258,0.8219942228601688,5878,6126,0,Box 1,org_3aer-org
2017-07-15 11:48:00,-14.458839416503906,-8.404209803382054,-6.054629613120421,-9.25381073469899,1.834141482662655,2.335739972384481,-0.9707003334685675,-15.823013305664062,0.08793413639068604,1.0276718139648438,1.5283859337400132,-0.3029320701448126,-0.38577751598923865,0.16032365239403806,1.9236865490126243,0.937220402757014,1.1533689951775037,0.8313969780692436,3697,4157,1,Box 2,org_3aer-org
2017-07-15 11:48:00,-7.586826324462891,-2.3620729390207518,-5.22475338544022,-6.512619084297765,0.3919214589696473,1.7433715546352568,-0.8474273147473593,-8.386043548583984,0.04978850483894348,0.5784754753112793,1.2464931076835952,-0.07501243217752858,-0.3336753768117548,0.16219470130568814,1.9604097892822092,0.9799489716739613,1.1972324904055085,0.8427623099678643,2469,2632,2,Box 3,org_3aer-org
2017-07-15 11:48:00,-23.831863403320312,-0.22552246986358432,-23.606340933453918,-26.309053761072274,-3.363576316086269,9.66233627231097,-3.596047128606343,-26.146514892578125,0.10560786724090576,0.9061660766601562,1.1144909681359463,0.14248613648206485,-0.40931105331186296,0.1523339486938518,2.064403110571187,1.0474252089778253,1.2420868196406303,0.8715927470677246,7850,7863,3,Box 4,org_3aer-org
2017-07-15 11:50:00,-28.634933471679688,-5.3043304299085285,-23.3306030417676,-24.984331124677034,-1.2410013052353892,5.510652032174223,-2.6159226440293972,-31.040481567382812,0.12117576599121094,1.2960891723632812,1.0708823548173552,0.053191994352382886,-0.23619843954778114,0.11212409037804308,2.167930962388344,1.019402953710846,1.2723330204416892,0.8231393405767436,5983,6206,0,Box 1,org_3aer-org
2017-07-15 11:50:00,-14.645904541015625,-8.191060585772119,-6.454843955242038,-9.58256128559017,1.7671383866128514,2.2605445893301854,-0.8999656455949036,-16.0728759765625,0.09379541873931885,1.0947647094726562,1.4845535154739233,-0.2737693426620704,-0.3502090220933035,0.1394248492814506,1.9184148978142508,0.9416966244392573,1.157524876266687,0.8303064041039395,3861,4333,1,Box 2,org_3aer-org
2017-07-15 11:50:00,-8.016502380371094,-3.1374931772955255,-4.879009203073873,-6.618586095814068,0.8533075003138676,1.3383589676772742,-0.45208957525094695,-8.866458892822266,0.05574756860733032,0.6326947212219238,1.3565430644492793,-0.1748936033521451,-0.2743095804849233,0.09266011938778912,1.9144373489490105,0.9590003989786234,1.17301589208667,0.8297296298441985,2575,2797,2,Box 3,org_3aer-org
2017-07-15 11:50:00,-23.7547607421875,-0.2776744178721423,-23.477086324312626,-26.599941752496125,-3.203098372591638,10.282530607035833,-3.9565768062606956,-26.067764282226562,0.10146307945251465,0.8800468444824219,1.1330171634181667,0.13643508944610996,-0.43798154783744825,0.1685292949731716,2.0829733956034087,1.0451714739240945,1.2409567977917564,0.8734370894103302,8024,8045,3,Box 4,org_3aer-org
2017-07-15 11:52:00,-28.979141235351562,-5.340726203141423,-23.638415032206584,-25.277832668351618,-1.197487157759851,6.03566339873774,-3.1987586048328547,-31.42193603515625,0.12304651737213135,1.3067188262939453,1.0693539576960376,0.0506585215687394,-0.25533282965521764,0.13532035039044066,2.1430706508877306,1.0182187693505236,1.2682034642905227,0.8291168207800833,6060,6284,0,Box 1,org_3aer-org
2017-07-15 11:52:00,-14.997116088867188,-8.621531105955453,-6.37558498291038,-9.763223231440458,1.8866197451355688,2.302946931229234,-0.8019284278347243,-16.496620178222656,0.10119819641113281,1.1780729293823242,1.5313454777264472,-0.29591319858375553,-0.3612134317717095,0.1257811526290178,1.909213208972909,0.9394295391326846,1.1511570232655792,0.8306522021218913,4075,4595,1,Box 2,org_3aer-org
2017-07-15 11:52:00,-8.469738006591797,-3.7803781397204936,-4.689359866869768,-6.592194336883189,1.059136332735022,1.0226726833994018,-0.17897454612100203,-9.374126434326172,0.06060153245925903,0.6802849769592285,1.4057770194727235,-0.2258594696938912,-0.21808364306279063,0.03816609328395834,1.891660651718933,0.9500806240780284,1.1631726391252886,0.8215266666041767,2701,2972,2,Box 3,org_3aer-org
2017-07-15 11:52:00,-24.33820343017578,-0.09620210272438451,-24.24200132744863,-27.588124636871054,-3.3791073074801234,10.641736482605207,-3.9165058657026615,-26.720458984375,0.10374891757965088,0.9276657104492188,1.1380299944804346,0.13939060813655027,-0.4389792880077037,0.16155868539071883,2.1244872573942724,1.047229139071888,1.2469641998872218,0.8703096051088905,8159,8164,3,Box 4,org_3aer-org
2017-07-15 11:54:00,-29.7325439453125,-5.356560942716241,-24.375983002592665,-25.333572343798398,-1.4340611930396474,5.503078637996673,-3.1114281037512934,-32.2757568359375,0.12845194339752197,1.3591728210449219,1.0392841322995623,0.058830907163297516,-0.22575822429033354,0.12764318482747372,2.105533822041283,1.021297587522742,1.2697351056832096,0.8292346723831481,6140,6364,0,Box 1,org_3aer-org
2017-07-15 11:54:00,-15.401870727539062,-8.104468301875869,-7.297402425661721,-10.671850695648411,1.6546737644414982,2.3931844403037257,-0.6734099347585332,-16.977157592773438,0.10977411270141602,1.2777414321899414,1.4624177307421413,-0.22674832329689618,-0.327950180174792,0.09228077272954685,1.9303380753747634,0.9502901508201714,1.1617302199201365,0.829390215357686,4344,4855,1,Box 2,org_3aer-org
2017-07-15 11:54:00,-8.88431167602539,-4.027840236645821,-4.8564714393781045,-6.788351385457635,1.1361405421680657,0.8608387687456861,-0.06509936483422091,-9.84048843383789,0.06836894154548645,0.7613105773925781,1.3977949773193596,-0.23394362683898626,-0.17725601385517895,0.013404663374805559,1.8843781159204356,0.9483596879163839,1.1631066926296763,0.8170208476180771,2912,3212,2,Box 3,org_3aer-org
2017-07-15 11:54:00,-24.638595581054688,-0.3936628791913428,-24.24493270186061,-27.133247500817443,-3.418479663212879,10.130200711699906,-3.8234062495301924,-27.02294921875,0.10343170166015625,0.9134597778320312,1.119130658536956,0.1409976965186848,-0.41782754509038056,0.15769919003473976,2.130078569410615,1.0487864099095097,1.2526008860236342,0.8675596052315911,8239,8265,3,Box 4,org_3aer-org
2017-07-15 11:56:00,-30.248703002929688,-4.137380652964846,-26.11132234996105,-26.26919390439385,-1.94556019914822,4.646586158364155,-2.5431544047831376,-32.828094482421875,0.12985825538635254,1.3695869445800781,1.0060460957249464,0.07451021335007656,-0.17795292387293002,0.09739661479790705,2.104096368451108,1.027929930840718,1.279503151608121,0.8229010528893812,6243,6415,0,Box 1,org_3aer-org
2017-07-15 11:56:00,-15.969467163085938,-8.325520346165842,-7.643946816918648,-11.075729817797985,1.6411087290996822,2.3163466759964413,-0.5256724042167863,-17.631546020507812,0.1194084882736206,1.3887748718261719,1.4489543272702574,-0.21469389680568574,-0.303030192579255,0.06876976211468333,1.9414785676080082,0.9520362043720535,1.164890708585666,0.8258985413601982,4589,5132,1,Box 2,org_3aer-org
2017-07-15 11:56:00,-9.747074127197266,-4.104203401617563,-5.642870725578116,-7.341274571030956,0.9626063715703369,0.9116302303937682,-0.17583275651126493,-10.810909271240234,0.07800906896591187,0.8570055961608887,1.300982235470021,-0.17058806029473894,-0.1615543355018772,0.031160160326595243,1.8724635924487336,0.9597104778936858,1.1743480989124224,0.8213311008316967,3134,3443,2,Box 3,org_3aer-org
2017-07-15 11:56:00,-25.21832275390625,-0.38737218164491305,-24.830950572258608,-26.546084890276067,-4.020694435599269,9.443522861690148,-3.707694108073422,-27.671340942382812,0.10282754898071289,0.8975963592529297,1.0690724389719346,0.16192269498096581,-0.3803125794241864,0.14931744547128598,2.1026376598518794,1.0578963029280752,1.2607730284639564,0.8686264230471838,8395,8420,3,Box 4,org_3aer-org
2017-07-15 11:58:00,-30.79815673828125,-3.6766870444270636,-27.121469693850294,-27.347258264165216,-2.3110465421351427,5.594129444437118,-3.057294331987052,-33.42872619628906,0.1314082145690918,1.3765487670898438,1.0083250860983437,0.08521096268832234,-0.20626203179931538,0.11272598301264933,2.109679341185873,1.0320467003278901,1.2799112854149624,0.829089542402956,6314,6466,0,Box 1,org_3aer-org
2017-07-15 11:58:00,-16.73534393310547,-8.62580005627445,-8.10954387682958,-11.82326052478437,1.709965513034209,2.534566570375449,-0.5308154354548673,-18.511314392089844,0.13025683164596558,1.521794319152832,1.4579439613817917,-0.21085840819233828,-0.31254119946464065,0.06545564627518721,1.9587863512103745,0.9525446855279268,1.1661588854620073,0.8250823610914892,4885,5471,1,Box 2,org_3aer-org
2017-07-15 11:58:00,-10.466693878173828,-4.613400666963565,-5.853293211208734,-7.874909768647459,1.2158034060526177,1.0038431852700638,-0.19803003388395646,-11.621818542480469,0.08648151159286499,0.9548063278198242,1.34538105037476,-0.2077127118327886,-0.17150058079232378,0.03383224225035231,1.8743067467811947,0.952660442687622,1.168420999383,0.8196450423706388,3340,3691,2,Box 3,org_3aer-org
2017-07-15 11:58:00,-24.828170776367188,0.7470494603867366,-25.575220236751164,-26.22190806884118,-4.980608778994563,9.111574033731769,-3.4842774226471893,-27.209197998046875,0.09376788139343262,0.7904396057128906,1.025285718992978,0.19474353428392033,-0.35626571147327163,0.13623645819637326,2.077831711097299,1.071922964769653,1.2684084941410305,0.872915275275395,8532,8484,3,Box 4,org_3aer-org
2017-07-15 12:00:00,-31.179336547851562,-3.0969353321353803,-28.082401215712228,-28.46583002220866,-2.3753848785523473,6.0388973299027215,-3.2800836448539417,-33.83375549316406,0.1319875717163086,1.381296157836914,1.0136537044518081,0.08458624532517928,-0.21504205724843542,0.11680210747144801,2.119172138852504,1.0318314914131674,1.2801404325481314,0.8296197437104305,6438,6566,0,Box 1,org_3aer-org
2017-07-15 12:00:00,-17.534835815429688,-8.09731029475294,-9.43752552067517,-13.017695614455464,1.3922701570921927,2.8002746025325713,-0.6123746658444703,-19.426956176757812,0.14066684246063232,1.6491966247558594,1.3793547456838204,-0.1475249157252174,-0.2967170363034141,0.06488720634481107,1.997420527338077,0.9636782881597161,1.1819827194586496,0.8241997535658208,5192,5760,1,Box 2,org_3aer-org
2017-07-15 12:00:00,-11.12887191772461,-3.8862365269892942,-7.242635390733554,-8.95880366987607,0.8103913033082438,1.1124368736483896,-0.20665989781411603,-12.351348876953125,0.0943862795829773,1.0332212448120117,1.2369535654574348,-0.11189177137718169,-0.15359559243748136,0.02853379835722822,1.9520235543014481,0.9702010022443813,1.1975115138909522,0.8143585084450575,3619,3918,2,Box 3,org_3aer-org
2017-07-15 12:00:00,-24.588119506835938,1.3638188529939177,-25.951938359827132,-26.140106728190336,-5.123210508683925,7.068357824210688,-1.7569789471635606,-26.845108032226562,0.08298897743225098,0.6427383422851562,1.007250647938286,0.1974114780040673,-0.2723633867423293,0.0677012607999761,2.1753016061929493,1.079133792499473,1.293292087837275,0.8490644819477108,8716,8630,3,Box 4,org_3aer-org
2017-07-15 12:02:00,-32.02220153808594,-3.1771920457122484,-28.845009492369698,-29.752984644718218,-2.3422557742027696,7.065032811077222,-3.814801884525932,-34.75965881347656,0.1343449354171753,1.4060916900634766,1.0314777206985737,0.08120142150836737,-0.24493085408573426,0.1322517118787932,2.1095645137112227,1.029818710976924,1.2728184473204847,0.8353141939002083,6534,6665,0,Box 1,org_3aer-org
2017-07-15 12:02:00,-18.24225616455078,-8.41498015331356,-9.827276011235663,-13.579484092754322,1.3782799595265995,2.9876829937584204,-0.6137548717663607,-20.237266540527344,0.15020853281021118,1.7637176513671875,1.381815680889466,-0.1402504578024259,-0.30401944448721707,0.062454221400177035,2.0151368475333307,0.9650658914416067,1.184150576716001,0.8236346489761642,5483,6091,1,Box 2,org_3aer-org
2017-07-15 12:02:00,-12.11395263671875,-4.107971601254464,-8.005981035462504,-9.729249976010317,0.8582982575861183,1.286085607641341,-0.4211149246796456,-13.44301986694336,0.10278338193893433,1.133741855621338,1.2152476920585487,-0.10720713099172793,-0.16064060131352084,0.05260004024670012,1.998815200140502,0.9699138673927549,1.2092042967501706,0.8101640603995202,3931,4250,2,Box 3,org_3aer-org
2017-07-15 12:02:00,-25.703872680664062,2.490729021241771,-28.194601701902908,-27.503467906142962,-6.1135502991634425,5.586535159991435,-0.16411865658793715,-27.96282958984375,0.0754244327545166,0.5262012481689453,0.9754870168741097,0.21683407213200062,-0.19814201381729002,0.00582092481117974,2.247986865700839,1.0942054351371087,1.3188983595327954,0.8309737037394181,8902,8750,3,Box 4,org_3aer-org
2017-07-15 12:04:00,-33.13777160644531,-4.391418077312317,-28.746353529129088,-30.757234357299374,-1.465539269039458,7.576294065869179,-4.099873968659435,-35.99140930175781,0.14069795608520508,1.476522445678711,1.0699525533258551,0.050981745130018186,-0.26355669974600476,0.14262240129013143,2.069082378835972,1.0174736834492164,1.2542309203478486,0.837869762719075,6594,6774,0,Box 1,org_3aer-org
2017-07-15 12:04:00,-19.243698120117188,-9.37564418496514,-9.868053935150577,-13.69627272081927,1.5508426234362198,2.814788740975075,-0.5374125787426026,-21.39098358154297,0.16329288482666016,1.9186763763427734,1.3879406021517937,-0.15715789897661878,-0.2852425371276737,0.05445983395249879,2.0209600535440866,0.9609497911929239,1.1840879435792524,0.8190552828549883,5775,6472,1,Box 2,org_3aer-org
2017-07-15 12:04:00,-13.219676971435547,-4.2644636673401015,-8.955213304093618,-10.965565647536227,1.0445896278469098,1.5651794205071183,-0.5994167049114202,-14.668777465820312,0.11065483093261719,1.2288856506347656,1.2244896101496134,-0.11664597954014179,-0.1747785750442864,0.06693494443481475,2.0564530754074117,0.966242221614727,1.2168524185218779,0.8045508461813773,4283,4618,2,Box 3,org_3aer-org
2017-07-15 12:04:00,-25.077438354492188,3.096607509297799,-28.174045863787132,-27.233222385493715,-6.534523883159864,5.158888681311986,0.43481172355446107,-27.204177856445312,0.06381011009216309,0.3707466125488281,0.9666067314988408,0.23193416787749557,-0.18310783996922664,-0.015433059407109734,2.236372917310818,1.1013770044873927,1.319896766229317,0.830875091075826,9000,8812,3,Box 4,org_3aer-org
2017-07-15 12:06:00,-33.862701416015625,-5.454819106861687,-28.40788230915013,-30.62154523378607,-0.9425315736495541,6.975028202030355,-3.818833703744862,-36.812469482421875,0.14698219299316406,1.5387287139892578,1.077924250056574,0.033178522897004764,-0.2455314382861869,0.13442866533260814,2.0574111110351274,1.011164964634549,1.2499431461099768,0.8335978432441735,6640,6862,0,Box 1,org_3aer-org
2017-07-15 12:06:00,-20.5428466796875,-9.526037540048732,-11.016809139637209,-14.457352353361868,1.2391865508880422,2.5438108116689864,-0.34245414883237024,-22.878150939941406,0.17560088634490967,2.0567989349365234,1.3122994299089725,-0.11248143951496735,-0.23090268510839934,0.03108469471439418,2.0397780974095308,0.9699119760558641,1.1984950689447478,0.8138426660606803,6053,6765,1,Box 2,org_3aer-org
2017-07-15 12:06:00,-14.247020721435547,-4.821231920641081,-9.42578880079271,-12.000194580967918,1.4209061281766513,1.8255990890201,-0.6720994370215432,-15.798686981201172,0.11662685871124268,1.2860870361328125,1.2731236435043718,-0.1507466545459997,-0.19368130642462167,0.07130431746624957,2.075065895895902,0.9577024851577534,1.2106157266905746,0.8019420961253946,4675,5061,2,Box 3,org_3aer-org
2017-07-15 12:06:00,-25.73370361328125,2.0630971829482525,-27.796800796226687,-27.019154042711996,-6.0847886099230655,4.931009687767547,0.3761321686408277,-27.923980712890625,0.06365704536437988,0.3487586975097656,0.9720238757252866,0.218902479264774,-0.17739486367211416,-0.013531491317946426,2.253280370509846,1.0957903858225453,1.3212649259492022,0.8262289450359528,9023,8900,3,Box 4,org_3aer-org
2017-07-15 12:08:00,-35.05903625488281,-4.355005684003987,-30.704030570874753,-32.351686269398265,-1.6920892705616657,6.6051882883547455,-3.265443319269572,-38.14970397949219,0.15279436111450195,1.59588623046875,1.0536625214308653,0.055109679058447415,-0.21512446950923436,0.1063522690199217,2.079055390427911,1.019324984996558,1.2605471607896905,0.8287971695254737,6730,6906,0,Box 1,org_3aer-org
2017-07-15 12:08:00,-21.66058349609375,-9.912790458995575,-11.747793037096583,-14.77099748263569,0.9802840361229505,2.511345004019706,-0.46842459460355124,-24.175865173339844,0.19062185287475586,2.216294288635254,1.2573423311078586,-0.08344410163061772,-0.21377164171087357,0.03987341223363264,2.0290592791211104,0.9767943116599962,1.2063316936941606,0.8158019528228223,6298,7048,1,Box 2,org_3aer-org
2017-07-15 12:08:00,-15.122142791748047,-5.76589626093406,-9.356246530812344,-13.054554271938104,2.0962100880436747,2.495949107164772,-0.893851454082687,-16.7857666015625,0.1269882321357727,1.4114933013916016,1.3952768590423898,-0.22404391345828228,-0.26676820656072053,0.09553526097661297,2.045275427288539,0.9441713367380554,1.1864214281023124,0.8089175736305615,4906,5362,2,Box 3,org_3aer-org
2017-07-15 12:08:00,-27.320938110351562,1.827424171488025,-29.148362281836658,-27.757291389671817,-6.585202370807945,4.248675649807106,0.9454558288359968,-29.652099609375,0.0696878433227539,0.3928985595703125,0.9522761903837161,0.22592014972008942,-0.14576035554678834,-0.03243598455701721,2.2549488324826137,1.1012590041511776,1.3292646007886997,0.820859018961366,9076,8969,3,Box 4,org_3aer-org
2017-07-15 12:10:00,-36.02470397949219,-4.648179145568003,-31.376524833920104,-33.149205245112896,-1.4988245132272227,6.120803204783012,-2.849298280362995,-39.237213134765625,0.15511155128479004,1.6154708862304688,1.0564970282902844,0.047768977640471326,-0.19507588036537488,0.09080987443461919,2.0492046051493884,1.016351859843433,1.2540292962785469,0.8273013100688319,6805,6992,0,Box 1,org_3aer-org
2017-07-15 12:10:00,-22.977188110351562,-11.026919218874285,-11.950268891475737,-15.118811354274804,1.0550087408515134,2.8093344476057474,-0.6958007256581944,-25.69940948486328,0.20789611339569092,2.4013004302978516,1.2651440307806985,-0.08828326378530806,-0.2350854590066737,0.058224692011283274,2.0058678938223236,0.9760060078796493,1.2012931163702532,0.8211850614792023,6567,7417,1,Box 2,org_3aer-org
2017-07-15 12:10:00,-16.393264770507812,-5.9628977513400745,-10.430367019166018,-14.896751055272736,2.34731682975366,3.2846263926491295,-1.1655591862960724,-18.21246337890625,0.1400238275527954,1.5573616027832031,1.4282096716155475,-0.22504642698003016,-0.3149099534669834,0.11174670883146612,2.046345514558354,0.945146540450713,1.1818983808857721,0.8147598186276657,5246,5713,2,Box 3,org_3aer-org
2017-07-15 12:10:00,-28.22161865234375,2.0767541021085525,-30.29837275444929,-28.19400824493086,-7.126107213359384,3.743063909973115,1.27867879386784,-30.630584716796875,0.07132482528686523,0.40965843200683594,0.9305452960601851,0.23519768771452987,-0.12354009703123245,-0.04220288674348252,2.2417089369199688,1.1074009574702344,1.33530969383485,0.8192622989823053,9125,9005,3,Box 4,org_3aer-org
2017-07-15 12:12:00,-36.81451416015625,-3.553939835572732,-33.26057432457922,-34.0157984653505,-2.395967571668527,5.25889356612729,-2.1077018536874785,-40.11553955078125,0.1547718048095703,1.5989036560058594,1.0227062868308074,0.0720362657688064,-0.15811192900060728,0.06336937640099344,2.0624010398754713,1.02582135276797,1.2660896321365105,0.8224327402302167,6890,7032,0,Box 1,org_3aer-org
2017-07-15 12:12:00,-24.222251892089844,-10.734899246204202,-13.487352645883986,-16.387400575444296,0.4679564018010294,3.113988320286171,-0.6818967925268904,-27.149429321289062,0.22530734539031982,2.5899133682250977,1.2150198045311238,-0.03469594175279745,-0.23088210133190853,0.050558238553582185,2.012114019722735,0.9900667345913922,1.2114493196663527,0.8252223565556958,6908,7752,1,Box 2,org_3aer-org
2017-07-15 12:12:00,-17.487762451171875,-5.876621874380591,-11.611140576789488,-16.427031857891105,2.4438140919756197,3.7256637356227484,-1.353586546496751,-19.443382263183594,0.1499783992767334,1.6608467102050781,1.4147647037129598,-0.2104714929436623,-0.3208697466870998,0.11657653591780226,2.0546102428752757,0.9478463832602365,1.184901700714615,0.8159156519175711,5559,6012,2,Box 3,org_3aer-org
2017-07-15 12:12:00,-28.638900756835938,2.9601642533546553,-31.599065010187438,-29.080829612548584,-7.942319822931,3.8039999619982767,1.6200844632938687,-31.053970336914062,0.07059502601623535,0.3756732940673828,0.9203066484142178,0.25134667181989157,-0.12038330756849544,-0.05127001266561396,2.2395697862504336,1.1163928715244222,1.3391491747888857,0.8212692730063714,9132,8964,3,Box 4,org_3aer-org
2017-07-15 12:14:00,-37.63270568847656,-3.0947858989776105,-34.53791978949457,-35.933141455696145,-2.670437017379494,5.703795707859822,-1.6381370242787578,-41.009552001953125,0.15506982803344727,1.5972881317138672,1.0403968066028677,0.07731898833674873,-0.16514589594926182,0.047430101009645384,2.0768948470257684,1.0275302576540395,1.2638531571821416,0.8220940076155361,6974,7097,0,Box 1,org_3aer-org
2017-07-15 12:14:00,-25.264816284179688,-10.352856046335072,-14.911960237842877,-17.590060423932204,-0.2066556979096321,3.7416527015141594,-0.8568968175152001,-28.376480102539062,0.24187242984771729,2.7696971893310547,1.179594107238361,0.013858385793250098,-0.2509162203919219,0.05746372736031091,2.03171297443277,1.0041727932837734,1.2217903524570397,0.8314017096189776,7280,8112,1,Box 2,org_3aer-org
2017-07-15 12:14:00,-18.94892120361328,-6.371049117154688,-12.57787208645674,-17.811030758160324,2.778781504260199,4.034678629438501,-1.5803014619951155,-21.070266723632812,0.1599411964416504,1.7552556991577148,1.4160607323506178,-0.2209262015990972,-0.32077593107206526,0.12564140032054466,2.042677378311941,0.9458061790169532,1.183094444718119,0.8165015122188062,5817,6297,2,Box 3,org_3aer-org
2017-07-15 12:14:00,-30.04364013671875,3.930956814714341,-33.97459695142972,-30.843451041305666,-8.94155837798828,3.6527069204263345,2.157705547437896,-32.56129455566406,0.06619048118591309,0.3078174591064453,0.9078386149922439,0.26318364838208924,-0.10751288457220745,-0.06350937880212573,2.2775899553918304,1.1267208273311435,1.3528672118231666,0.8170059447249229,9172,8953,3,Box 4,org_3aer-org
2017-07-15 12:16:00,-38.3050537109375,-3.8271835092524005,-34.47787020168075,-36.767404406011025,-2.506864763597889,6.385881132077796,-1.5894821641496366,-41.75489807128906,0.15585088729858398,1.605489730834961,1.0664059059024666,0.07270938572869512,-0.18521680993411516,0.04610151830295339,2.0895511643447042,1.0254414819415856,1.2590443309017523,0.823155535419041,6971,7121,0,Box 1,org_3aer-org
2017-07-15 12:16:00,-26.68115997314453,-8.451267163667469,-18.229892809475036,-19.8616877200395,-2.000064072029839,5.0106673905050085,-1.378808407910705,-30.008193969726562,0.25610387325286865,2.9105491638183594,1.0895120408890355,0.109713430184861,-0.27485994804646907,0.07563447697257253,2.114338251006993,1.0384186271188993,1.257437100136247,0.840254393549366,7690,8365,1,Box 2,org_3aer-org
2017-07-15 12:16:00,-19.910476684570312,-7.239958136157663,-12.670518548410856,-18.983320634240165,3.6951969732524885,4.211687043437841,-1.5940819308610212,-22.150146484375,0.16824853420257568,1.8569660186767578,1.498227603054262,-0.2916373910928801,-0.3324005270459964,0.12581031508461443,2.0365619382235787,0.9331163028445374,1.1714536817739118,0.8125628913048923,6033,6573,2,Box 3,org_3aer-org
2017-07-15 12:16:00,-31.134063720703125,3.7912287564019214,-34.92529247710157,-31.95014081771718,-9.172926062598107,3.6121438358754983,2.5856305673382165,-33.761474609375,0.0662224292755127,0.3073406219482422,0.9148138369539777,0.2626442160394862,-0.10342487004922765,-0.07403318294423619,2.2946509096490235,1.1266294535950234,1.3534285948038134,0.8139827021034971,9109,8902,3,Box 4,org_3aer-org
2017-07-15 12:18:00,-38.65818786621094,-4.747738626348351,-33.91044923985833,-36.39891917293272,-2.178941072794887,5.501993279224182,-0.8345822733549063,-42.137054443359375,0.15312433242797852,1.5733451843261719,1.0733835731715828,0.06425574186241569,-0.16225067501486065,0.02461135998086214,2.080085546179764,1.0221640790375988,1.2553891089961626,0.8187915044969959,6979,7163,0,Box 1,org_3aer-org
2017-07-15 12:18:00,-27.791275024414062,-7.19444696750169,-20.59682805691017,-21.399474259889512,-3.2449418524675817,5.576098016080724,-1.5285099606338013,-31.31726837158203,0.2727944850921631,3.090890884399414,1.0389694083361567,0.15754570769351614,-0.27072605552047424,0.0742109394908014,2.169666557655675,1.0604854929810101,1.2821097902810115,0.8425365443470162,8013,8591,1,Box 2,org_3aer-org
2017-07-15 12:18:00,-21.350975036621094,-8.398668435770512,-12.952306600848841,-20.273110796454564,4.35793532591718,4.549609438984784,-1.5867405692962402,-23.756492614746094,0.17856228351593018,1.9814386367797852,1.5652123919863006,-0.33646017348227214,-0.35125862745455866,0.12250640895053022,2.0254187127384777,0.9269484444952143,1.1621883357432388,0.8124111191094262,6339,6962,2,Box 3,org_3aer-org
2017-07-15 12:18:00,-32.125732421875,3.1425789541304456,-35.26831137600194,-31.486281936665375,-8.936507847003751,1.4366048773012676,3.7178735303659183,-34.897979736328125,0.06468796730041504,0.26618385314941406,0.8927640907154398,0.2533863260911474,-0.04073358834749301,-0.10541682845909424,2.3203748928928407,1.1268776674520853,1.3692705584246863,0.7961579496519988,9051,8882,3,Box 4,org_3aer-org
2017-07-15 12:20:00,-38.509735107421875,-6.398179228149078,-32.11155587926881,-35.18225343822293,-1.203042183002735,4.923830641354764,-0.6500908993979121,-41.95726013183594,0.14833736419677734,1.5212039947509766,1.0956259351150455,0.03746446256063904,-0.1533351625772074,0.020244764901522883,2.0592179841456733,1.0124263939862168,1.245778475516766,0.81630942876073,7002,7248,0,Box 1,org_3aer-org
2017-07-15 12:20:00,-28.944297790527344,-6.3332957159477,-22.611002074577282,-22.583599599736868,-4.238093515807653,5.747317737960235,-1.5366266969929954,-32.673095703125,0.289739727973938,3.265106201171875,0.9987880910916715,0.1874350151235783,-0.2541823541921763,0.06795924797692643,2.209873985894739,1.0772398838212367,1.302952107431451,0.8417718978645609,8242,8748,1,Box 2,org_3aer-org
2017-07-15 12:20:00,-22.24542999267578,-8.061106237321875,-14.18432375535209,-21.039876426757022,3.8546999601210166,4.378210975025531,-1.3773582637416126,-24.7508544921875,0.18559587001800537,2.080900192260742,1.4833189646293972,-0.2717577536022149,-0.3086654711595627,0.09710426013238044,2.041799029754266,0.9367018461190874,1.1739957264075003,0.8104006406364774,6661,7251,2,Box 3,org_3aer-org
2017-07-15 12:20:00,-34.878448486328125,4.198975599231947,-39.077424085556196,-35.139773890975206,-10.165387469162754,3.9446687654563055,2.283068509125459,-37.914093017578125,0.0661613941192627,0.2616233825683594,0.8992346530835837,0.26013453309784784,-0.10094495371086486,-0.05842423247056673,2.3655771884174475,1.1326274510139185,1.3759831179089048,0.8079334951582349,9073,8852,3,Box 4,org_3aer-org
2017-07-15 12:22:00,-38.499053955078125,-7.194238314818905,-31.304815640255356,-33.66693812562253,-1.0171590093747562,3.99556901498124,-0.6162875202393073,-41.93125915527344,0.14603233337402344,1.4961433410644531,1.0754555628920455,0.032492093902216614,-0.1276343250475264,0.019686668253264317,2.0265721116415296,1.010727329864624,1.2447430966491253,0.8155039815976632,7020,7294,0,Box 1,org_3aer-org
2017-07-15 12:22:00,-30.14935302734375,-5.665646289005432,-24.48370673833583,-23.89489857854035,-5.152508546213015,6.462454227389114,-1.8987538409715798,-34.07310485839844,0.30640220642089844,3.4313602447509766,0.9759510205669331,0.21044642468884733,-0.2639491763422572,0.07755173108647678,2.238781248858478,1.0907792930759082,1.3168778743340153,0.8461791977176025,8460,8909,1,Box 2,org_3aer-org
2017-07-15 12:22:00,-23.2659912109375,-9.43845414014829,-13.827537070787507,-21.195300446981115,4.3075397737546295,4.053909489935373,-0.9936858874963951,-25.87554168701172,0.19227564334869385,2.15460205078125,1.532832661266841,-0.3115189459773624,-0.2931765410703393,0.07186282578086067,2.0296406496844592,0.9305966097624608,1.1664122696626138,0.8067028029981131,6854,7530,2,Box 3,org_3aer-org
2017-07-15 12:22:00,-34.619171142578125,5.146690962060582,-39.76586210463479,-35.58495677428461,-10.90016421337722,5.088585584922833,1.6306732981042111,-37.68011474609375,0.06251883506774902,0.13775062561035156,0.8948619466780557,0.27410858551729433,-0.12796366822208913,-0.04100686397326095,2.3674471194107,1.1410997576786381,1.3785364702444836,0.8169364001856114,9092,8827,3,Box 4,org_3aer-org
2017-07-15 12:24:00,-38.75819396972656,-6.120026590298327,-32.63816737942421,-33.920540059562384,-1.8253039196742513,3.4908873967971505,-0.38321079698472565,-42.20353698730469,0.14731574058532715,1.5111160278320312,1.0392905847080927,0.05592544147637901,-0.10695721227895533,0.011741186094483658,2.0435134784830393,1.0194146915857332,1.2576154805383701,0.812777782844763,7071,7302,0,Box 1,org_3aer-org
2017-07-15 12:24:00,-31.76227569580078,-6.419930437950305,-25.342345257847963,-24.711537940549807,-5.1665674122950405,6.652974648631946,-2.117214553635063,-35.90789794921875,0.3203784227371216,3.564207077026367,0.975108565885282,0.20387092669314294,-0.26252403165297683,0.08354453907455184,2.2300332831373497,1.0874558043139957,1.3154293981580645,0.84584641928993,8646,9148,1,Box 2,org_3aer-org
2017-07-15 12:24:00,-24.396018981933594,-10.139052551519269,-14.256966430412621,-22.02360768486553,4.863629076889582,3.8685025118348935,-0.965490334271564,-27.123916625976562,0.20277667045593262,2.2720794677734375,1.5447611378171795,-0.3411405294828081,-0.2713412092759576,0.06772060094158622,2.0156328418474287,0.9255232555784733,1.1632869027098212,0.8038015687234903,7015,7732,2,Box 3,org_3aer-org
2017-07-15 12:24:00,-34.59385681152344,4.082484997806491,-38.67634180932611,-35.279035303054,-10.245755053813522,5.8153121785508075,1.0331363689906021,-37.60047912597656,0.06216621398925781,0.09186744689941406,0.9121606039417898,0.2649101382008921,-0.15035838206261143,-0.02671236008007044,2.3291783273824658,1.1306328555025462,1.3620338383979456,0.8232831538054035,9050,8845,3,Box 4,org_3aer-org
2017-07-15 12:26:00,-38.843597412109375,-5.700031539939232,-33.1435658721661,-34.32403020803372,-2.125366887609184,3.651078958220826,-0.345247734744025,-42.25434875488281,0.14566683769226074,1.4873638153076172,1.03561669677972,0.06412607791831063,-0.11015950945963224,0.010416734761601598,2.0586256010494663,1.022606290959309,1.2616269639080924,0.8125102883152963,7110,7323,0,Box 1,org_3aer-org
2017-07-15 12:26:00,-33.694061279296875,-6.143192869003399,-27.55086841029082,-26.473246924678563,-5.77366535092794,6.73287259848313,-2.0368287331674484,-38.09123229980469,0.33443379402160645,3.6976242065429688,0.9608861154732333,0.20956382444813815,-0.2443796869926707,0.07392974707129923,2.244355099038174,1.0921581790992363,1.3237146487711924,0.8423554593427398,8910,9385,1,Box 2,org_3aer-org
2017-07-15 12:26:00,-25.322616577148438,-9.8859304874834,-15.436686089663233,-23.626100897592554,4.723113931731213,4.831131256383196,-1.3648303801850865,-28.143211364746094,0.2071760892868042,2.309877395629883,1.5305163789923244,-0.30596683150109016,-0.3129642740884803,0.08841472659724608,2.0218006904394326,0.9320512518820214,1.1657010479459031,0.8104755076861516,7203,7887,2,Box 3,org_3aer-org
2017-07-15 12:26:00,-34.70683288574219,4.474741025348916,-39.18157391108723,-35.153435553681454,-10.547661606637567,6.248321501767232,0.2712017474645624,-37.71861267089844,0.06337618827819824,0.08897209167480469,0.8971930436856206,0.2691995382975897,-0.15947091650647402,-0.006921665476736255,2.346805988928349,1.136528085426137,1.3729131348703731,0.8260082654017138,9030,8807,3,Box 4,org_3aer-org
2017-07-15 12:28:00,-38.748199462890625,-4.767658111501659,-33.98054135138487,-34.16858787055139,-2.7543163831279305,4.692061364420082,-1.7496984621256304,-42.1339111328125,0.1457231044769287,1.4861736297607422,1.0055339471264444,0.08105569462964658,-0.13808083031699134,0.05149118856090036,2.0623898691620517,1.029605020814536,1.2711990022352455,0.8200176262032514,7168,7345,0,Box 1,org_3aer-org
2017-07-15 12:28:00,-35.30390167236328,-6.062574366541235,-29.2413273058193,-27.934297022814214,-6.355630461967722,7.102319971570295,-2.0537197926076574,-39.91722869873047,0.34842991828918457,3.8334083557128906,0.955301950922557,0.2173509565929619,-0.24288637438687216,0.07023346687135326,2.262592411999188,1.097337289518158,1.3296358616222284,0.8419718959569077,9080,9544,1,Box 2,org_3aer-org
2017-07-15 12:28:00,-25.275970458984375,-10.330663130347974,-14.945307328634682,-23.772873534068133,5.246800384436073,5.449053456630671,-1.8682876356332936,-28.076271057128906,0.20805859565734863,2.313894271850586,1.5906580581665353,-0.35106674416680533,-0.36459962560893455,0.12500831160920461,2.000838874313097,0.9263187121124377,1.1564345815787538,0.8156991793001089,7302,8003,2,Box 3,org_3aer-org
2017-07-15 12:28:00,-34.5736083984375,4.405412869967525,-38.979021268401205,-34.412909230728566,-10.274067602556903,6.294608274824493,-0.5866527099402313,-37.52980041503906,0.060265302658081055,0.07861900329589844,0.8828571911482495,0.26357941447046274,-0.16148707868987183,0.015050473071159642,2.348822393924221,1.1359498656858547,1.3804444593657494,0.8268896915382346,9069,8850,3,Box 4,org_3aer-org
2017-07-15 12:30:00,-37.98539733886719,-4.112918243303352,-33.87247909555972,-33.72734812414721,-3.0256311812896617,5.4351044250776255,-2.5546042152004724,-41.264312744140625,0.13840603828430176,1.4032249450683594,0.9957153720280387,0.0893241729592295,-0.16045782801265654,0.07541828302538832,2.055858112035167,1.0328543402039954,1.2728580960306088,0.82634502441454,7088,7238,0,Box 1,org_3aer-org
2017-07-15 12:30:00,-36.957855224609375,-6.142071278063876,-30.815783946542656,-29.25199819293133,-6.832592410281184,7.18928845862636,-1.9204818019565006,-41.76959228515625,0.3584033250808716,3.921823501586914,0.9492537409944175,0.22172379005946918,-0.23329889874286178,0.06232136768897509,2.2736887148060068,1.1006825201549575,1.334342060797718,0.8398499782556167,9206,9666,1,Box 2,org_3aer-org
2017-07-15 12:30:00,-25.75061798095703,-10.726459240301875,-15.024158740653478,-25.01422251278889,5.620004584447508,7.046259942243913,-2.676200754556007,-28.562179565429688,0.2083449363708496,2.3005714416503906,1.664933321364847,-0.37406451046343675,-0.4689953070834923,0.1781264961820821,2.0217341926877848,0.9239662891451302,1.1513529246318,0.8229065285899166,7440,8151,2,Box 3,org_3aer-org
2017-07-15 12:30:00,-35.365814208984375,3.597896968334056,-38.96371117731462,-35.1810444614025,-9.624384995612536,7.01004577211263,-1.1683274924122167,-38.36224365234375,0.06810259819030762,0.2106761932373047,0.9029182128289037,0.24700893998044077,-0.17991216853578376,0.029985015726439274,2.3695120992317045,1.1252453445801704,1.3750360650508366,0.8261910495545709,9031,8855,3,Box 4,org_3aer-org
2017-07-15 12:32:00,-37.24024963378906,-4.046582058642959,-33.19366757514207,-32.4445737085029,-3.001198269065491,3.5057117360191214,-1.253607333592801,-40.426116943359375,0.13377046585083008,1.346811294555664,0.9774326273243711,0.0904147835508546,-0.10561387132298883,0.03776646044776315,2.0548632102527944,1.0338715209083646,1.2784042127342898,0.8162568885187229,7101,7247,0,Box 1,org_3aer-org
2017-07-15 12:32:00,-38.3594970703125,-5.907934132736482,-32.451562937573044,-30.53863737030407,-7.500513551181161,7.595012737549281,-2.0074247536370957,-43.33331298828125,0.36473536491394043,3.9629249572753906,0.9410528987171168,0.2311295010847358,-0.2340415083291914,0.06185910852733878,2.276863752238172,1.1063239155028308,1.338361663147851,0.8416635816181177,9275,9707,1,Box 2,org_3aer-org
2017-07-15 12:32:00,-25.93048095703125,-11.209409629838833,-14.72107132719079,-25.95462231283441,5.925554405705157,8.740901675691411,-3.43290509575295,-28.721435546875,0.209122896194458,2.2805347442626953,1.7630933059127638,-0.40252195468683494,-0.593768040478575,0.23319668925264614,2.0341108221569315,0.922143183321261,1.1436728551282345,0.831940633829111,7581,8312,2,Box 3,org_3aer-org
2017-07-15 12:32:00,-35.837310791015625,2.9327953090820422,-38.770106100093855,-35.2605147999199,-9.052458948829123,6.723915883463341,-1.1810482348081706,-38.87384033203125,0.07278919219970703,0.3200397491455078,0.9094768714041395,0.23349069320208046,-0.17343042255556435,0.03046285794934442,2.344249584785508,1.1155670686809553,1.366502727640326,0.8241689828673617,8952,8810,3,Box 4,org_3aer-org
2017-07-15 12:34:00,-36.89915466308594,-3.05720119458908,-33.841953468492775,-32.63218215116468,-3.4999305743553593,3.928661569426684,-1.638502312399423,-40.000091552734375,0.12702465057373047,1.2583160400390625,0.9642523201725217,0.10341987431706129,-0.11608849864663724,0.04841630415705424,2.054492077975693,1.0393681289133723,1.282623274180567,0.8201703007389334,7131,7240,0,Box 1,org_3aer-org
2017-07-15 12:34:00,-40.03428649902344,-5.255890581527051,-34.778395917493214,-32.84656158154517,-8.341516468172307,8.288269247431876,-1.8785871152076172,-45.19462585449219,0.3706355094909668,3.989480972290039,0.9444530351390832,0.23984764817679818,-0.2383166051446022,0.054015921828720836,2.314238281992924,1.1124268130221506,1.3446629670306585,0.8406305668370097,9340,9711,1,Box 2,org_3aer-org
2017-07-15 12:34:00,-26.246917724609375,-10.631475684668953,-15.615442039938754,-26.717646317349292,5.716162229067926,8.463478462004339,-3.077436413661725,-29.048690795898438,0.21297836303710938,2.2873878479003906,1.71097598447838,-0.36605830398191824,-0.5419941645172622,0.1970764840208004,2.0648363090883173,0.9253703300998807,1.151718122796614,0.8261506778950146,7788,8482,2,Box 3,org_3aer-org
2017-07-15 12:34:00,-35.80082702636719,4.177346906608709,-39.978173932971956,-36.72497042654184,-8.991695642536696,7.173456878826887,-1.4349647427203116,-38.82417297363281,0.07179975509643555,0.3224506378173828,0.9186255102125351,0.22491511637355713,-0.17943433061384992,0.035893704027757656,2.382465510139365,1.1121295038790295,1.3702766006543252,0.8208384191434734,8957,8757,3,Box 4,org_3aer-org
2017-07-15 12:36:00,-36.38720703125,-3.5927827627773583,-32.794424268468696,-32.036192837496515,-3.2452210854071537,4.157863720114954,-1.6708740656799783,-39.391876220703125,0.1193079948425293,1.1595172882080078,0.9768792577431766,0.09895648903119732,-0.12678569033799664,0.05094994356362269,2.035742138867973,1.036660593612981,1.2745098663659347,0.8234943398354189,7137,7264,0,Box 1,org_3aer-org
2017-07-15 12:36:00,-41.552574157714844,-4.562381686381961,-36.99019247132955,-34.59017233493859,-9.362947274932125,8.794140002226362,-1.8312128636851928,-46.89442443847656,0.3753628730773926,4.007587432861328,0.9351173925831511,0.25311972307765584,-0.2377424775240774,0.04950536186327048,2.3382991485302,1.1218307994207533,1.3536259355590203,0.8412761586986881,9427,9742,1,Box 2,org_3aer-org
2017-07-15 12:36:00,-26.54003143310547,-9.547108830445314,-16.99292260265839,-27.42826574670079,4.793356523020147,8.882897750434115,-3.240911129411858,-29.355911254882812,0.21700990200042725,2.290689468383789,1.6140993746661265,-0.2820795830771494,-0.5227410233154635,0.19072123172648636,2.08854465746716,0.937674474432904,1.164265584345748,0.8290821482147038,7988,8604,2,Box 3,org_3aer-org
2017-07-15 12:36:00,-35.66923522949219,4.832523706265621,-40.5017589357538,-38.11043030916455,-8.53665970914114,7.375190220674732,-1.2298591381228414,-38.60821533203125,0.07539796829223633,0.32613372802734375,0.9409574129760016,0.21077256725275753,-0.18209555373567057,0.030365573506911492,2.40305190838296,1.1031767238047554,1.3642218800796175,0.8163115474080809,8918,8692,3,Box 4,org_3aer-org
2017-07-15 12:38:00,-36.10514831542969,-3.4129106683053383,-32.69223764712046,-31.674180731871527,-3.325781914991195,4.2590660880431495,-1.951341088300883,-39.04875183105469,0.11265921592712402,1.070343017578125,0.9688593688129329,0.10173001771520314,-0.130277594761651,0.059688208233514964,2.004351928662214,1.037178726005088,1.2702619685341696,0.8282501234599277,7177,7297,0,Box 1,org_3aer-org
2017-07-15 12:38:00,-42.712608337402344,-4.734089967425402,-37.97851836997353,-35.20964828951982,-9.71656461493493,8.339814655109038,-1.3921201206278206,-48.182861328125,0.3726463317871094,3.9448280334472656,0.9270937835573168,0.25584369880571783,-0.21959294393386972,0.03665546157083513,2.316076843600752,1.1228692381846643,1.3525261014334196,0.8394420756279479,9475,9794,1,Box 2,org_3aer-org
2017-07-15 12:38:00,-26.794387817382812,-9.945472608639724,-16.848915208741364,-27.51050572058465,4.962119037961776,9.2602372689234,-3.5607657950418887,-29.634979248046875,0.2256549596786499,2.3705787658691406,1.6327760796322341,-0.29450673687213913,-0.5496043605299353,0.21133501776984032,2.0804139217904614,0.9360679606429537,1.1613167239063988,0.8319228510103722,8103,8740,2,Box 3,org_3aer-org
2017-07-15 12:38:00,-34.42036437988281,4.314332023188103,-38.73469640306706,-36.43803015758126,-7.549816090028918,6.332849026501141,-1.0796991819580268,-37.2205810546875,0.07554864883422852,0.30751991271972656,0.9407077772964305,0.1949109400901646,-0.16349293048801844,0.027874213101423323,2.3256261191098373,1.0913720069922577,1.348592972482292,0.8160415003117845,8794,8596,3,Box 4,org_3aer-org
2017-07-15 12:40:00,-35.50224304199219,-2.8792118802755917,-32.62303116171268,-31.122191316390257,-3.4981774092797204,5.054725528941479,-3.0573879649841835,-38.334686279296875,0.10117721557617188,0.9352893829345703,0.9539944698001008,0.10723029972105354,-0.15494346628567884,0.09371869676452448,1.9581434223009673,1.03848890958451,1.2646571760472773,0.8394325574207187,7129,7229,0,Box 1,org_3aer-org
2017-07-15 12:40:00,-43.948997497558594,-3.8424346689157174,-40.10656282863932,-36.28806106006775,-10.54533835494058,8.187126946180497,-1.4602903598114885,-49.56488037109375,0.3708004951477051,3.8898372650146484,0.904791099030684,0.2629329868031064,-0.20413434532301103,0.03641025948922064,2.325249756698246,1.1304417128101374,1.3646169524288634,0.8378247568148626,9585,9838,1,Box 2,org_3aer-org
2017-07-15 12:40:00,-27.502304077148438,-11.577151457728544,-15.925152619418284,-27.777121776001838,5.86899122357141,9.73529519218311,-3.752317259170965,-30.422409057617188,0.23648226261138916,2.48065185546875,1.74422954930629,-0.36853594837232984,-0.6113156605050307,0.23562205957107052,2.0545966492211023,0.9267491754318732,1.147529959156266,0.8342186600749524,8126,8853,2,Box 3,org_3aer-org
2017-07-15 12:40:00,-33.85614013671875,3.6259532831307184,-37.48209341984573,-35.07506735185908,-7.290669488550003,6.210226947836996,-1.3265835272736404,-36.622833251953125,0.08174967765808105,0.3141918182373047,0.9357819735139928,0.19451073361579627,-0.1656851680687838,0.0353924609389947,2.272334942594525,1.0890504484160886,1.3396101180419275,0.8214169452917561,8716,8553,3,Box 4,org_3aer-org
2017-07-15 12:42:00,-35.64167785644531,-2.3637174653492656,-33.27796039109205,-31.657100104274523,-3.6425473876591417,5.757106982890527,-3.7354198820489133,-38.428497314453125,0.09352493286132812,0.8387794494628906,0.9512932803642796,0.10945825239440427,-0.1730005960470945,0.11224906328841061,1.9294238782784334,1.038534718819155,1.2589657014070768,0.8465129136004995,7131,7212,0,Box 1,org_3aer-org
2017-07-15 12:42:00,-45.07154846191406,-3.1647971980553877,-41.90675126385497,-37.08256766938017,-11.305882790571125,7.761709109283398,-1.2800099131870757,-50.83085632324219,0.3707759380340576,3.860118865966797,0.8848829019433985,0.26978666800932793,-0.18521381102567014,0.030544241072943734,2.3285314042270393,1.1375191992710496,1.3749248902140743,0.835417152418383,9650,9855,1,Box 2,org_3aer-org
2017-07-15 12:42:00,-27.933822631835938,-11.914624061657783,-16.019198570176513,-28.402531522390536,6.3717513210345675,9.890314475369244,-3.878732844189788,-30.893707275390625,0.24701142311096191,2.5954246520996094,1.7730307417044255,-0.3977571844884346,-0.6174038252938807,0.2421302680778898,2.0458499284470424,0.9228469605259298,1.1440497024508927,0.8333665626308171,8136,8872,2,Box 3,org_3aer-org
2017-07-15 12:42:00,-33.633453369140625,2.3143107351896086,-35.9477641043266,-33.97117879000623,-6.728972402436023,5.7202304751518005,-0.9678433870361501,-36.37091064453125,0.08378386497497559,0.3210487365722656,0.9450150694050405,0.18718750860018404,-0.15912618260625908,0.02692360460103449,2.2524787269747883,1.083745518765514,1.3316599067698776,0.8201307715338827,8622,8519,3,Box 4,org_3aer-org
2017-07-15 12:44:00,-35.879547119140625,-2.4447001924122107,-33.434846926724404,-32.3041928015149,-3.4179444144149547,6.606398763852559,-4.319108474647108,-38.6683349609375,0.08754444122314453,0.7679405212402344,0.9661833616978287,0.10222700950016908,-0.19759022011768443,0.12917984891968665,1.891796042599085,1.0343019424517703,1.2460103761869545,0.8540143237223078,7153,7236,0,Box 1,org_3aer-org
2017-07-15 12:44:00,-45.71209716796875,-3.6374031314066877,-42.07469403655833,-37.095542166177694,-10.93696154680846,6.867104466102414,-0.9092947896745842,-51.52093505859375,0.3617680072784424,3.7280006408691406,0.8816592257081112,0.2599415586315478,-0.16321222586041026,0.021611441520751312,2.32098159028373,1.1321550325154397,1.3748373919848043,0.8291677015073649,9609,9838,1,Box 2,org_3aer-org
2017-07-15 12:44:00,-29.1278076171875,-13.925068268364424,-15.202739348821538,-28.450737883844,7.196140743710309,9.558426383411074,-3.506568592098922,-32.23213195800781,0.25817155838012695,2.719757080078125,1.871421803074549,-0.47334500569912935,-0.6287305309981526,0.23065373362273284,2.023801129996059,0.914702719771974,1.1337933571106815,0.830471077041447,8028,8866,2,Box 3,org_3aer-org
2017-07-15 12:44:00,-33.590911865234375,2.148657376927224,-35.739569242157934,-33.9406753991028,-6.93300454871871,5.946798281304547,-0.8126875756409736,-36.351715087890625,0.08698225021362305,0.3642463684082031,0.9496666053564746,0.19398679658792942,-0.166392556133267,0.022739154188862964,2.2738281374419542,1.0875197193160644,1.3342034633417932,0.8204696498904783,8486,8392,3,Box 4,org_3aer-org
2017-07-15 12:46:00,-35.51045227050781,-3.0447580548361066,-32.4656942156678,-32.95010461516169,-2.5932739047314968,7.558824800703149,-4.481140496477762,-38.25836181640625,0.08162498474121094,0.7141952514648438,1.014920685086109,0.07987735877460443,-0.2328249859833674,0.13802694212265398,1.8703626667707594,1.0249453197009792,1.2283139510197183,0.858456737212426,7075,7177,0,Box 1,org_3aer-org
2017-07-15 12:46:00,-46.47807312011719,-3.2241420051366725,-43.25393111497673,-37.20152480339716,-11.292669402805183,5.417054854671383,-0.17679176344576933,-52.380401611328125,0.3612546920776367,3.692779541015625,0.8600726880640933,0.2610784525639354,-0.1252384399529346,0.004087299324905869,2.344241539138159,1.1380408112125755,1.3912322808802908,0.8191139225570647,9650,9851,1,Box 2,org_3aer-org
2017-07-15 12:46:00,-29.563491821289062,-15.122194946603843,-14.441296874683742,-28.230246694639032,8.032503682190123,8.693819646108958,-2.937373508343793,-32.70765686035156,0.2617604732513428,2.770864486694336,1.9548276681527095,-0.5562176134105706,-0.6020110050745944,0.20340095033245553,1.996607327010416,0.9063126847044635,1.1251367453321017,0.8250646088159036,7902,8792,2,Box 3,org_3aer-org
2017-07-15 12:46:00,-33.75715637207031,1.3448275006571684,-35.101983872723864,-33.258156712080115,-7.171617965825762,6.9170737640037805,-1.589282958821765,-36.583465576171875,0.08843088150024414,0.3636951446533203,0.9474722805602876,0.2043080525542175,-0.1970564908548864,0.04527615774038127,2.253453937977386,1.0915490058085937,1.3308737349713815,0.8308580345801079,8389,8331,3,Box 4,org_3aer-org
2017-07-15 12:48:00,-35.7144775390625,-2.485802962680196,-33.228674576378374,-35.2046327871524,-2.407693140002872,9.412912725418675,-5.02926137464178,-38.512664794921875,0.08624649047851562,0.7676792144775391,1.059465453737318,0.07245829605597494,-0.28327680370706493,0.15135305391377196,1.8897151935690988,1.0220015700266487,1.2216897950520975,0.862288157409998,7143,7226,0,Box 1,org_3aer-org
2017-07-15 12:48:00,-47.32191467285156,-2.4283115254510172,-44.89360314739664,-37.86503546837393,-11.918739253648928,4.815875289782357,0.07429628484386006,-53.31767272949219,0.3592679500579834,3.6419029235839844,0.8434394393351273,0.2654885867484684,-0.10727308463013462,-0.0016549414534611367,2.3699469827165687,1.1454550507608354,1.4063693804658746,0.8140171471784005,9718,9867,1,Box 2,org_3aer-org
2017-07-15 12:48:00,-30.05841064453125,-15.03792055405101,-15.020490090478681,-29.22171049463068,8.23991631193653,8.904100928781544,-2.942796836566077,-33.26686096191406,0.26582467555999756,2.8300113677978516,1.9454565276238218,-0.5485783927356486,-0.5927969643564263,0.195918829468253,1.9853801498163732,0.9078354351162053,1.1246887562999606,0.825986550639898,7829,8692,2,Box 3,org_3aer-org
2017-07-15 12:48:00,-32.85655212402344,0.18615636372113648,-33.04270848774115,-32.31154236601658,-6.440579381070927,7.001121247340804,-1.291707987994446,-35.5181884765625,0.07610535621643066,0.23490142822265625,0.9778720887243298,0.1949168114793127,-0.2118809736779968,0.039092073474354255,2.294975411740532,1.0863167960533835,1.3273353186493249,0.8275293626548773,8299,8291,3,Box 4,org_3aer-org
2017-07-15 12:50:00,-36.145172119140625,-3.519778617884766,-32.62539350125202,-36.877846703200525,-1.4733360907159296,11.3392352536195,-5.613445960955065,-39.03428649902344,0.09293794631958008,0.8443393707275391,1.1303418210660146,0.04515918223819705,-0.34755857437196425,0.17205757106775266,1.9309788818402478,1.0132314516105985,1.2141564793774748,0.8628475971280335,7173,7290,0,Box 1,org_3aer-org
2017-07-15 12:50:00,-47.81854248046875,-2.526805249121486,-45.2917372313433,-37.84168196908054,-11.916331871027179,3.873293766985384,0.5929828417790326,-53.8450927734375,0.3549525737762451,3.563844680786133,0.8355096157118237,0.26310167371501714,-0.0855187723800743,-0.013092517046766533,2.375900280337091,1.1459722020487675,1.4123414661718636,0.8077394320515525,9719,9872,1,Box 2,org_3aer-org
2017-07-15 12:50:00,-30.36846923828125,-16.354581507674894,-14.013887730604884,-30.294806429465897,9.96424327268573,9.626779648832613,-3.3101042226573307,-33.62892150878906,0.2682991027832031,2.8949508666992188,2.1617703104118045,-0.7110263378894389,-0.6869456808768862,0.2362017083545207,1.9524774466766512,0.8958014854213661,1.1086814965971086,0.8279200905117671,7697,8618,2,Box 3,org_3aer-org
2017-07-15 12:50:00,-32.50703430175781,1.820618045576214,-34.32765234733046,-32.71912486633814,-7.211984381311544,6.276915065537283,-0.6734581652180563,-35.04875183105469,0.06304001808166504,0.09250450134277344,0.9531419316206922,0.2100925606079903,-0.18285302478674798,0.019618532558065505,2.3329838906983285,1.0978619892196442,1.3448266320471465,0.8211182258119337,8274,8196,3,Box 4,org_3aer-org
2017-07-15 12:52:00,-35.700775146484375,-3.9547627235606853,-31.74601242291991,-36.64690329013248,-0.49312023980045017,11.096080221306815,-5.702069114293802,-38.55702209472656,0.09406447410583496,0.8678531646728516,1.1543781562837867,0.01553329700849069,-0.34952673972040954,0.17961528642813215,1.936543302282899,1.004456462217676,1.210265793640438,0.8588889385997818,7099,7229,0,Box 1,org_3aer-org
2017-07-15 12:52:00,-48.65742492675781,-3.2991017003927263,-45.35832322636112,-38.213648142622034,-11.657671175387136,3.9720706940412325,0.5409253976068182,-54.779541015625,0.355663537979126,3.548666000366211,0.8424837036394948,0.25701283350377446,-0.08757093321590786,-0.011925603927361361,2.3758666466525784,1.1411039257458588,1.4083029056376022,0.8069671087770371,9678,9875,1,Box 2,org_3aer-org
2017-07-15 12:52:00,-30.286163330078125,-16.05484868237616,-14.231314647700462,-31.64399715804979,10.60924540691795,10.336943143738354,-3.533506040306975,-33.53495788574219,0.2676507234573364,2.9020538330078125,2.223547011741668,-0.745485970168766,-0.7263519498817791,0.24829090830887712,1.9532324988516006,0.8938396904594782,1.1055721920762687,0.8288860127272426,7627,8511,2,Box 3,org_3aer-org
2017-07-15 12:52:00,-32.41490173339844,2.999700195663798,-35.4146019290585,-33.17249497518634,-8.055205987158137,5.83336975490931,-0.020270721623332478,-34.9560546875,0.06246376037597656,0.0555267333984375,0.9366897598238296,0.22745437046826314,-0.16471651344816884,0.0005723831560760784,2.3390908771780548,1.1086831786277462,1.353101102529644,0.8195064604313896,8158,8031,3,Box 4,org_3aer-org
2017-07-15 12:54:00,-35.82252502441406,-4.2425994931455815,-31.579925531264742,-36.39770136321567,0.05807660631920092,9.786950034917652,-5.027250809285927,-38.70002746582031,0.09909605979919434,0.9253368377685547,1.1525581758317078,-0.001839035569026404,-0.3099104849132206,0.15919134465053916,1.9505486380017032,0.999467119342766,1.2131562579984745,0.8495923387482148,7132,7271,0,Box 1,org_3aer-org
2017-07-15 12:54:00,-49.83734130859375,-4.241402821606249,-45.59593848698354,-39.154653305137295,-11.426656781632076,4.466878258959952,0.5184933408258783,-56.08824157714844,0.3566761016845703,3.537691116333008,0.8587311634415625,0.2506068996670414,-0.09796658226993463,-0.011371480838669318,2.3906554692406936,1.1356174380757944,1.4025837077365784,0.8065521718062576,9663,9912,1,Box 2,org_3aer-org
2017-07-15 12:54:00,-30.846511840820312,-16.063874166825155,-14.782637673993564,-33.17861491943123,11.409657140034064,10.584014347835915,-3.5976942424323104,-34.21171569824219,0.2776881456375122,3.0026397705078125,2.2444313153802646,-0.7718282346936342,-0.7159760376496205,0.24337295696299,1.9437077944866918,0.8920145565736568,1.103738616101419,0.8278243317127891,7522,8394,2,Box 3,org_3aer-org
2017-07-15 12:54:00,-31.86968994140625,3.5973815458430534,-35.4670714872455,-33.3098902592999,-8.676095888221656,5.727290968761272,0.7916236915147855,-34.38519287109375,0.07091593742370605,0.18016815185546875,0.9391779152467845,0.24462397159973337,-0.16148192474309286,-0.022319962103425017,2.344155604159884,1.117337705825715,1.3530558000466453,0.8202340346815603,8030,7879,3,Box 4,org_3aer-org
2017-07-15 12:56:00,-35.821624755859375,-5.357518125219723,-30.464106630636067,-37.00827165205571,0.940644750498524,8.67912070164283,-3.0756004307217113,-38.68464660644531,0.10060954093933105,0.9476242065429688,1.214815589400496,-0.030877148701697676,-0.28489660986528714,0.10095816916648886,1.9296387609066215,0.9916810327081504,1.1976551414963243,0.843234674935162,7151,7326,0,Box 1,org_3aer-org
2017-07-15 12:56:00,-50.54820251464844,-4.76742888500908,-45.780773629635355,-39.91993583294437,-11.415764976202976,5.38878720454105,0.16613997497093677,-56.86174011230469,0.35350680351257324,3.4871368408203125,0.8719803679137244,0.2493571879880419,-0.11770852210004411,-0.0036290338017221507,2.397469376014962,1.1331785130851961,1.396911248070683,0.8102195050996782,9639,9916,1,Box 2,org_3aer-org
2017-07-15 12:56:00,-30.948638916015625,-15.062240468309641,-15.88639844770426,-36.5417497469671,12.472276028418278,12.200694098040865,-4.017618827196306,-34.337799072265625,0.28232240676879883,3.037647247314453,2.3001909380063257,-0.7850914774343107,-0.7679962288623061,0.2528967682902912,1.9655941639942247,0.8910723286428998,1.1028890130629156,0.8282039631230937,7459,8257,2,Box 3,org_3aer-org
2017-07-15 12:56:00,-31.862258911132812,1.0348507448102013,-32.897109655939445,-31.24865684901786,-7.898926128218063,4.129290149659649,2.121183171636829,-34.387237548828125,0.0818014144897461,0.3313617706298828,0.9498906492344696,0.2401100343109305,-0.12552136624908997,-0.06447931729631018,2.3201729609479704,1.1122373600023365,1.3435923508370293,0.8121932090294373,7845,7802,3,Box 4,org_3aer-org
2017-07-15 12:58:00,-35.64152526855469,-4.585126456449605,-31.05639881210143,-37.268956760742306,0.5866759822401246,6.632647496972825,-1.0067655305720782,-38.439056396484375,0.09410238265991211,0.8763236999511719,1.2000411569360736,-0.018890663588835694,-0.21356782340096525,0.03241733005372735,1.941643096623838,0.9947910395638007,1.2023871079453792,0.8323047564535648,7154,7303,0,Box 1,org_3aer-org
2017-07-15 12:58:00,-51.25920104980469,-3.5259577361383068,-47.73324331366225,-41.36274441186686,-12.423147495188278,6.093175416372658,-0.04052682297976215,-57.63475036621094,0.3492436408996582,3.4221973419189453,0.8665395757850795,0.26026196069590174,-0.12765056370323496,0.0008490272222537731,2.4155781926331734,1.1416145264435174,1.4039040077553393,0.8134056148328085,9710,9912,1,Box 2,org_3aer-org
2017-07-15 12:58:00,-30.865203857421875,-16.357711552420458,-14.507492304999861,-40.123670992328165,15.944877024339043,14.4043144316393,-4.733012768650041,-34.26167297363281,0.28857421875,3.084381103515625,2.765720646186381,-1.099078785576457,-0.992887959463194,0.32624609885327016,1.9468560910993988,0.876012567727202,1.0836060566632946,0.8298805364405794,7386,8240,2,Box 3,org_3aer-org
2017-07-15 12:58:00,-34.339569091796875,0.5579212026222139,-34.89749029441527,-32.38113828912884,-8.959468181963917,3.6808869320310174,2.7622292446464716,-37.22621154785156,0.10475993156433105,0.5905361175537109,0.9278930380363448,0.25673674829842197,-0.10547712460056415,-0.07915266173420264,2.378799732581761,1.1273709252489463,1.3652167370002506,0.805681997137292,7768,7745,3,Box 4,org_3aer-org
2017-07-15 13:00:00,-36.128631591796875,-4.002701526087559,-32.12593006570561,-37.716840991794555,0.28863635344548233,4.71528076261252,0.586993810030942,-38.95062255859375,0.09574532508850098,0.8962593078613281,1.1740310993223892,-0.008984529097061109,-0.14677491835936218,-0.018271651865965965,1.9509912782626686,0.9974459674991925,1.2089543211624438,0.8221929000174844,7232,7362,0,Box 1,org_3aer-org
2017-07-15 13:00:00,-51.446868896484375,-2.5643982120899746,-48.88247068439019,-42.13396732567713,-13.094246526272377,6.643889760220959,-0.2981465926616421,-57.81736755371094,0.3430614471435547,3.338359832763672,0.8619443071467318,0.2678720273943479,-0.13591558829170586,0.006099253750626199,2.4038057234978703,1.1460070361051005,1.4037907882886533,0.8180565578772266,9763,9909,1,Box 2,org_3aer-org
2017-07-15 13:00:00,-31.046142578125,-17.231037427849902,-13.815105150273588,-44.67614760295507,19.657854709135457,17.350038473148768,-6.1468507296027415,-34.46282958984375,0.2957470417022705,3.157176971435547,3.2338622918168904,-1.4229247258929594,-1.2558745144842547,0.4449369485603236,1.9257360716789154,0.8657402268078133,1.0698800113539895,0.8338823508681736,7324,8204,2,Box 3,org_3aer-org
2017-07-15 13:00:00,-38.00431823730469,-0.9814670458934474,-37.02285119140713,-34.920847243167614,-9.532550362504361,5.697566383386317,1.7329800308785315,-41.347412109375,0.12152552604675293,0.8093185424804688,0.9432241472334961,0.25747747825312906,-0.15389323620512246,-0.046808389281502716,2.4707189309607855,1.1313986507269016,1.3766479836120296,0.8096450723126378,7606,7646,3,Box 4,org_3aer-org
