time,DCRE_total,DCRE_CF,DCRE_A,DCRE_A_Nc,DCRE_A_LWP,DCRE_A_re,DCRE_A_cov,DCRE_sfc,DCRE_lw_toa,DCRE_lw_sfc,frac_Nc,frac_LWP,frac_re,frac_cov,R_Nc,R_LWP,R_tau,R_re,n_any_pix,n_both_pix,box,box_label,pair
2017-07-15 09:04:00,3.839867115020752,-0.012304995208978653,3.8472893238067627,3.5328640937805176,0.029606828466057777,0.3113691508769989,-0.026550982147455215,4.206360340118408,-0.015179150737822056,-0.30750128626823425,0.9182736088554153,0.007695504022615868,0.0809321056036584,-0.006901218481689592,1.8907411795586067,1.0026725934996623,1.260136090949171,0.794417296716126,1501,1492,0,Box 1,ARG_org_3aer-ARG_org
2017-07-15 09:04:00,4.603634357452393,-0.030416803434491158,4.584181785583496,5.256964683532715,-0.019780492410063744,-0.7128213047981262,0.05981845781207085,5.078615665435791,-0.019694438204169273,-0.555274248123169,1.1467619201690347,-0.004314945177088702,-0.15549586027539997,0.013048885283453993,2.285892631827844,0.9984457818395537,1.271651255193219,0.7876229253169932,1995,1979,1,Box 2,ARG_org_3aer-ARG_org
2017-07-15 09:04:00,1.4050865173339844,-0.038984738290309906,1.384500503540039,1.7447394132614136,0.034181784838438034,-0.3538598120212555,-0.04056081920862198,1.7682311534881592,-0.003204918699339032,-0.3068672716617584,1.2601940768687567,0.02468888920692228,-0.2555866110864635,-0.02929635498921551,2.3961647039326093,1.0085968786905015,1.2600441784827836,0.7950435349571021,2290,2250,2,Box 3,ARG_org_3aer-ARG_org
2017-07-15 09:04:00,1.4010396003723145,-0.001072796294465661,1.3944593667984009,1.5109320878982544,-0.0003658148052636534,-0.11419349163770676,-0.0019137259805575013,1.7091740369796753,-0.006688336376100779,-0.3491726815700531,1.0835255731746967,-0.0002623344451023748,-0.0818908604969749,-0.0013723782326193895,2.288336487757951,0.9998997918599671,1.2900361387736643,0.7748235526276934,5887,5844,3,Box 4,ARG_org_3aer-ARG_org
2017-07-15 09:06:00,18.266429901123047,0.039662931114435196,18.24676513671875,18.31511688232422,-0.5489934682846069,-0.08581577241420746,0.5664584040641785,19.292156219482422,-0.05136535316705704,-0.7709395289421082,1.0037459089974754,-0.0300871615345547,-0.004703067022985832,0.031044319560065134,1.8679217165021662,0.9906791626911821,1.230595511227422,0.8102429685193588,1558,1545,0,Box 1,ARG_org_3aer-ARG_org
2017-07-15 09:06:00,10.651191711425781,0.008053144440054893,10.682476043701172,11.24894905090332,-0.22043420374393463,-0.7367921471595764,0.3907528519630432,11.560990333557129,-0.035382505506277084,-0.813748300075531,1.0530282900545822,-0.02063512208775242,-0.06897203885336473,0.03657887088653494,2.126988813292076,0.9926326582677191,1.269852309357843,0.7885523347624481,2097,2079,1,Box 2,ARG_org_3aer-ARG_org
2017-07-15 09:06:00,6.550250053405762,0.00020438479259610176,6.529282093048096,6.9551472663879395,-0.07158591598272324,-0.19428835809230804,-0.15999040007591248,7.283043384552002,-0.01731555163860321,-0.6005474328994751,1.0652238128120282,-0.010963826028649511,-0.029756465242175387,-0.024503521541203263,1.9981633556524339,0.9964439539417872,1.2418651408631498,0.7981293557731772,2409,2368,2,Box 3,ARG_org_3aer-ARG_org
2017-07-15 09:06:00,4.224817752838135,-0.017597900703549385,4.215900897979736,4.419681549072266,-0.015460851602256298,-0.17580194771289825,-0.012517649680376053,4.778402805328369,-0.012633656151592731,-0.5181273818016052,1.0483361598891014,-0.0036672709353946153,-0.04169973707628736,-0.0029691518774194736,2.2035991291553807,0.9986190115574294,1.2855940940988282,0.776197098948291,6044,5990,3,Box 4,ARG_org_3aer-ARG_org
2017-07-15 09:08:00,28.021486282348633,0.025133542716503143,28.03670310974121,33.2224006652832,-0.8812470436096191,-4.491645812988281,0.1871955245733261,29.530305862426758,-0.08018672466278076,-1.1867902278900146,1.1849610225501548,-0.03143191145137636,-0.16020591331081935,0.006676802212040922,2.0874057740722742,0.990287057542353,1.2300037621120317,0.8062225679565908,1604,1584,0,Box 1,ARG_org_3aer-ARG_org
2017-07-15 09:08:00,15.309986114501953,0.03048865497112274,15.308456420898438,15.199657440185547,-0.3557576537132263,0.5445130467414856,-0.07995855063199997,16.547605514526367,-0.050637904554605484,-1.1117312908172607,0.9928930204903184,-0.02323929163210821,0.035569434642427296,-0.005223163500637441,1.9992180245718174,0.9919255763005362,1.261840774479059,0.7851397553181815,2163,2143,1,Box 2,ARG_org_3aer-ARG_org
2017-07-15 09:08:00,6.736846923828125,-0.006137809716165066,6.745250701904297,7.334618091583252,-0.11897379904985428,-0.43171799182891846,-0.03867591917514801,7.467526435852051,-0.021622298285365105,-0.6981320977210999,1.0873752198267013,-0.017638158760407294,-0.06400326160554505,-0.005733799460748923,2.022069215546374,0.994305549062499,1.2409130047157968,0.8002782857051022,2493,2448,2,Box 3,ARG_org_3aer-ARG_org
2017-07-15 09:08:00,6.283127307891846,0.00013866434164810926,6.280788898468018,6.914083003997803,-0.08814550936222076,-0.5232459306716919,-0.02190249226987362,7.009713172912598,-0.019466476514935493,-0.7080733776092529,1.1008303248640083,-0.014034148003917288,-0.08330895660038289,-0.003487220259708157,2.2029108588649047,0.9949783220910937,1.270164773459775,0.7826928597270709,6091,6033,3,Box 4,ARG_org_3aer-ARG_org
2017-07-15 09:10:00,31.452638626098633,0.05213427171111107,31.485185623168945,28.560930252075195,-1.5243855714797974,4.431516170501709,0.017123058438301086,33.08672332763672,-0.08722418546676636,-1.272679328918457,0.9071228600785313,-0.04841597003496142,0.14074926499208018,0.0005438449643499765,1.748590431488674,0.9851979295899604,1.2279443766684004,0.8024043885110809,1629,1622,0,Box 1,ARG_org_3aer-ARG_org
2017-07-15 09:10:00,14.116313934326172,0.035397276282310486,14.134551048278809,14.022852897644043,-0.7960097789764404,0.9569387435913086,-0.04922780022025108,15.297357559204102,-0.05650413781404495,-1.2295832633972168,0.9920973018228019,-0.0563165898983574,0.06770208666304672,-0.00348279858749119,1.8863051173098957,0.9821490889252128,1.2376631397334377,0.7929621273792474,2193,2166,1,Box 2,ARG_org_3aer-ARG_org
2017-07-15 09:10:00,1.884169101715088,0.005072948057204485,1.8730119466781616,2.2301273345947266,-0.023571137338876724,-0.34352365136146545,0.009979447349905968,2.3122286796569824,-0.01563039794564247,-0.6140370965003967,1.1906636798969592,-0.012584617522776238,-0.1834070834262935,0.0053280210521105265,2.215863429120189,0.9958040918985027,1.249501558003943,0.7979074503431657,2572,2549,2,Box 3,ARG_org_3aer-ARG_org
2017-07-15 09:10:00,4.791358470916748,0.002079350408166647,4.779867649078369,5.10549783706665,-0.17959901690483093,-0.14071685075759888,-0.005314979236572981,5.4509758949279785,-0.02170906402170658,-0.8332488536834717,1.0681255033877102,-0.037574059693313816,-0.029439492467287307,-0.0011119512271090502,2.061815523852433,0.9873536312414125,1.2533401123666923,0.787580111742636,6109,6048,3,Box 4,ARG_org_3aer-ARG_org
2017-07-15 09:12:00,28.93903160095215,0.031105680391192436,28.930774688720703,28.41834831237793,-2.2261409759521484,2.695542097091675,0.04302366077899933,30.508888244628906,-0.0894932746887207,-1.3116936683654785,0.9822878903413554,-0.07694716846565298,0.0931721537196941,0.0014871244046034404,1.7615501292596265,0.9780677781298484,1.2118334970641471,0.8073281368143936,1629,1624,0,Box 1,ARG_org_3aer-ARG_org
2017-07-15 09:12:00,7.589494228363037,0.009776469320058823,7.502726078033447,8.666967391967773,-0.4557410478591919,-0.525919497013092,-0.1825798749923706,8.41232681274414,-0.04520836099982262,-1.0514538288116455,1.155175639424881,-0.060743382660718534,-0.07009711990797479,-0.02433513685618778,2.061361112729028,0.9811610779848797,1.232114795253881,0.7922880953001459,2201,2170,1,Box 2,ARG_org_3aer-ARG_org
2017-07-15 09:12:00,-2.9262239933013916,0.03251884505152702,-2.978807210922241,-3.403233289718628,0.09151086956262589,0.280271053314209,0.052643902599811554,-2.769524335861206,-0.00512715894728899,-0.4413163363933563,1.1424818044611165,-0.03072064209328257,-0.09408835021033318,-0.017672812157500717,2.0921290813912305,0.9901244504562928,1.2403255538821532,0.7952451976918834,2669,2634,2,Box 3,ARG_org_3aer-ARG_org
2017-07-15 09:12:00,-0.369442880153656,-0.012285907752811909,-0.3715021312236786,-0.4088382124900818,0.02130093425512314,0.021039370447397232,-0.005004352889955044,-0.02323893830180168,-0.011710847727954388,-0.7019343972206116,1.1004999668291586,-0.057337324589969534,-0.05663321812114931,0.013470575881960219,2.0662549184601318,0.9812717061206578,1.2458532276823726,0.7899659801507126,6160,6082,3,Box 4,ARG_org_3aer-ARG_org
2017-07-15 09:14:00,22.67737579345703,0.013287294656038284,22.560569763183594,24.0883846282959,-1.511667013168335,0.2570331394672394,-0.27317744493484497,23.919315338134766,-0.07749640196561813,-1.147104263305664,1.067720422446642,-0.06700482408581199,0.011393024367349805,-0.01210862272817971,1.8854505987037526,0.9802980915438844,1.2189399057448387,0.8022961991100848,1644,1628,0,Box 1,ARG_org_3aer-ARG_org
2017-07-15 09:14:00,1.416727900505066,0.05618303641676903,1.407426118850708,1.6159101724624634,-0.10506116598844528,-0.11559772491455078,0.01217505894601345,1.8816851377487183,-0.029310036450624466,-0.7881098985671997,1.1481312581372347,-0.07464771092535531,-0.0821341298199064,0.008650582608027008,2.0316121518429147,0.9772205760172593,1.2284979914929373,0.7968770017217333,2263,2233,1,Box 2,ARG_org_3aer-ARG_org
2017-07-15 09:14:00,-6.613651752471924,-0.007297040894627571,-6.639229774475098,-7.679823398590088,0.2046297788619995,0.834535539150238,0.0014282214688137174,-6.6804962158203125,0.005227567628026009,-0.2376706749200821,1.156734083540784,-0.030821316344723567,-0.1256976486305127,-0.0002151185655477339,2.066932400649415,0.9903735819431169,1.2327267738649441,0.803364564037941,2748,2710,2,Box 3,ARG_org_3aer-ARG_org
2017-07-15 09:14:00,-5.773551940917969,0.0019402571488171816,-5.792848587036133,-6.739621639251709,0.42495474219322205,0.5612673163414001,-0.039449404925107956,-5.777118682861328,0.002341559622436762,-0.42845526337623596,1.1634381810965615,-0.07335850839804935,-0.0968896911423047,0.006810018443792545,2.1034538810967343,0.976830068652751,1.2374355971898114,0.790544815792314,6178,6109,3,Box 4,ARG_org_3aer-ARG_org
2017-07-15 09:16:00,16.646827697753906,-0.02774367295205593,16.558286666870117,15.755594253540039,-1.4569400548934937,2.3533217906951904,-0.09368908405303955,17.65473175048828,-0.064773328602314,-0.98418128490448,0.9515232014010342,-0.08798856857028016,0.14212350625248663,-0.005658139083240671,1.7389148687956848,0.9747440167048551,1.2138729172972644,0.8021232268109029,1649,1638,0,Box 1,ARG_org_3aer-ARG_org
2017-07-15 09:16:00,-2.477085590362549,0.06931281834840775,-2.4762308597564697,-2.8136215209960938,0.17250049114227295,0.1509663164615631,0.013923900201916695,-2.2594501972198486,-0.01667124591767788,-0.5780439376831055,1.1362517200171065,-0.06966252718411765,-0.06096617143406335,-0.005623021398925503,1.975303383025931,0.9793490001571714,1.2210340971782974,0.8011650960207791,2350,2307,1,Box 2,ARG_org_3aer-ARG_org
2017-07-15 09:16:00,-8.798651695251465,0.012883988209068775,-8.82036018371582,-9.239789962768555,0.3045591711997986,0.3692297637462616,-0.2543579041957855,-8.993842124938965,0.012768135406076908,-0.09728720784187317,1.047552594245527,-0.03452910840802975,-0.041861073489809955,0.02883758765231266,1.9259742165689164,0.9892560594838601,1.2319025358993467,0.8078753801854154,2783,2736,2,Box 3,ARG_org_3aer-ARG_org
2017-07-15 09:16:00,-8.708101272583008,0.02027614414691925,-8.734984397888184,-9.89521312713623,0.6788002848625183,0.5736329555511475,-0.09220606833696365,-8.904211044311523,0.013744954019784927,-0.220610573887825,1.1328253242407325,-0.07771053054573222,-0.06567074248317734,0.010555948788177102,2.0417542626441643,0.9758140277707117,1.233725040312916,0.7927049571729846,6345,6261,3,Box 4,ARG_org_3aer-ARG_org
2017-07-15 09:18:00,10.010577201843262,0.0863879919052124,10.012799263000488,10.351184844970703,-0.7831943035125732,0.4548279941082001,-0.010018487460911274,10.834549903869629,-0.053152453154325485,-0.8439779877662659,1.0337952304741371,-0.078219316134473,0.04542465382380334,-0.001000568163467469,1.8213080576984677,0.9775734483777988,1.2132690510920632,0.8055792533939662,1648,1633,0,Box 1,ARG_org_3aer-ARG_org
2017-07-15 09:18:00,-5.150025844573975,0.07800658792257309,-5.087957382202148,-6.234108924865723,0.33219704031944275,0.6864108443260193,0.12754440307617188,-5.11255407333374,-0.008343258872628212,-0.4326770007610321,1.2252677019720153,-0.0652908523012043,-0.13490894593536443,-0.025067903735446567,2.028876192340442,0.9813267452028932,1.212240207236107,0.8056187357355625,2419,2364,1,Box 2,ARG_org_3aer-ARG_org
2017-07-15 09:18:00,-9.966252326965332,-0.018292151391506195,-9.986285209655762,-11.923949241638184,-0.07371047884225845,2.060450792312622,-0.04907552897930145,-10.239727973937988,0.017117150127887726,-0.008121716789901257,1.1940325797620506,0.007381170359624244,-0.20632804294624357,0.004914292824568761,2.120430049727065,1.0023258479728905,1.2334639976628905,0.8134488967134614,2832,2789,2,Box 3,ARG_org_3aer-ARG_org
2017-07-15 09:18:00,-10.492659568786621,0.034220948815345764,-10.482038497924805,-12.533557891845703,0.7744472026824951,1.4616215229034424,-0.18454895913600922,-10.803889274597168,0.021892957389354706,-0.07322169840335846,1.1957176216719865,-0.07388325644504357,-0.13944057402641208,0.01760620879946917,2.0971620565613467,0.9773794372857436,1.2293122029410515,0.7979572342691185,6390,6288,3,Box 4,ARG_org_3aer-ARG_org
2017-07-15 09:20:00,3.3244478702545166,-0.04756665974855423,3.2425997257232666,3.016108751296997,-0.19207721948623657,0.4277730882167816,-0.009205011650919914,3.9135899543762207,-0.0385974757373333,-0.6567822098731995,0.9301514521660728,-0.059235561674076356,0.13192288473235045,-0.0028387752243468622,1.7395759539158073,0.9825254932460822,1.2194567339433242,0.8052538768803589,1656,1642,0,Box 1,ARG_org_3aer-ARG_org
2017-07-15 09:20:00,-7.612564563751221,0.07670719176530838,-7.566470146179199,-8.056435585021973,0.6077196598052979,-0.18114341795444489,0.06338955461978912,-7.749614238739014,0.0008104167645797133,-0.26901090145111084,1.0647548649180898,-0.08031745377485454,0.023940281057258973,-0.008377692200494228,1.8335612625478186,0.9773934917322358,1.2090034952511484,0.8071445779515796,2467,2415,1,Box 2,ARG_org_3aer-ARG_org
2017-07-15 09:20:00,-11.309518814086914,0.005903452634811401,-11.286441802978516,-13.239049911499023,-0.11549516767263412,2.173299551010132,-0.10519364476203918,-11.691044807434082,0.02315349318087101,0.12008768320083618,1.173005006799878,0.010233090324062917,-0.19255845268930805,0.009320355565367061,2.176895548910957,1.0033988940276237,1.2473934305822498,0.8060555114022628,2951,2892,2,Box 3,ARG_org_3aer-ARG_org
2017-07-15 09:20:00,-11.822938919067383,0.02808551862835884,-11.835843086242676,-13.562904357910156,0.6879590153694153,1.0009571313858032,0.03814690187573433,-12.223954200744629,0.0303645059466362,0.07120251655578613,1.1459180596988245,-0.05812505567417381,-0.08457000543645954,-0.003222998588191195,1.9873974936154302,0.9827317026869535,1.2211452544290644,0.8042442961384269,6422,6331,3,Box 4,ARG_org_3aer-ARG_org
2017-07-15 09:22:00,-1.5225834846496582,0.029952552169561386,-1.532183051109314,-1.2487589120864868,0.10216765105724335,-0.3744792640209198,-0.011112585663795471,-1.147444486618042,-0.026725417003035545,-0.5020551085472107,0.8150193303502092,-0.06668109510989212,0.2444089848300528,0.007252779929630082,1.586343783263875,0.9813009324540156,1.2077030036592946,0.8136478927333136,1648,1632,0,Box 1,ARG_org_3aer-ARG_org
2017-07-15 09:22:00,-8.842637062072754,0.004628736525774002,-8.871416091918945,-10.732918739318848,0.5975809693336487,1.1863439083099365,0.0775788426399231,-9.070390701293945,0.0064687179401516914,-0.17432834208011627,1.2098316426881284,-0.06736027473022684,-0.1337265580918536,-0.008744809866047948,2.0333543443378503,0.9804371290444348,1.2159591825511182,0.8049300711134006,2511,2439,1,Box 2,ARG_org_3aer-ARG_org
2017-07-15 09:22:00,-11.996346473693848,0.031126199290156364,-11.925769805908203,-13.44256591796875,-0.3957975506782532,1.557563066482544,0.35502973198890686,-12.4363374710083,0.026919923722743988,0.2073107808828354,1.1271863772087536,0.03318842527037497,-0.13060483843945217,-0.029769964039676383,2.0223876669229734,1.0104221887477915,1.2315461905982896,0.8153788745903615,2998,2944,2,Box 3,ARG_org_3aer-ARG_org
2017-07-15 09:22:00,-13.028029441833496,0.05822441354393959,-13.064444541931152,-16.32516098022461,0.260782927274704,3.0118184089660645,-0.0118855657055974,-13.512022972106934,0.03924943134188652,0.2198052704334259,1.24958703234413,-0.019961272184410187,-0.2305355245531487,0.0009097643934288524,2.1944331760008495,0.9937423717777458,1.2332450372334265,0.8059484510048482,6542,6445,3,Box 4,ARG_org_3aer-ARG_org
2017-07-15 09:24:00,-4.200610160827637,-0.029363581910729408,-4.2512922286987305,-3.5308382511138916,0.14517393708229065,-0.8509882688522339,-0.01463950052857399,-3.975710868835449,-0.018817026168107986,-0.3967326581478119,0.830532985360978,-0.03414819520807567,0.200171668395283,0.003443541451814691,1.615791549660052,0.9901842502404279,1.2123700024919188,0.8172761648636548,1677,1653,0,Box 1,ARG_org_3aer-ARG_org
2017-07-15 09:24:00,-10.246373176574707,0.04845043644309044,-10.28326416015625,-10.788822174072266,0.3802536129951477,0.2569044828414917,-0.1315990835428238,-10.576199531555176,0.013479704037308693,-0.04754967242479324,1.0491632811041285,-0.036977907417132076,-0.02498277828801037,0.01279740460101396,1.9072170575250809,0.988686556898814,1.2276848681399988,0.8074428762855164,2508,2460,1,Box 2,ARG_org_3aer-ARG_org
2017-07-15 09:24:00,-11.98334789276123,-0.029882105067372322,-11.989335060119629,-13.044095993041992,-0.2428046315908432,0.9409314393997192,0.35663411021232605,-12.430249214172363,0.028291210532188416,0.2278854101896286,1.0879749329765855,0.020251717733955104,-0.07848070452559931,-0.029745946184941335,1.935343590412546,1.0061642387762144,1.2242125508150883,0.8169559975146742,3040,2987,2,Box 3,ARG_org_3aer-ARG_org
2017-07-15 09:24:00,-13.997415542602539,0.020237121731042862,-14.022037506103516,-15.640486717224121,-0.08844617009162903,1.7503674030303955,-0.04347297549247742,-14.55417537689209,0.048315417021512985,0.35739466547966003,1.1154217439917817,0.006307654619309948,-0.12482973063345223,0.003100332022360555,2.0358328854234786,1.0020120878325458,1.2367009383927923,0.8107637477654611,6712,6600,3,Box 4,ARG_org_3aer-ARG_org
2017-07-15 09:26:00,-6.3455729484558105,-0.09102746099233627,-6.409071922302246,-5.829977035522461,0.06749384850263596,-0.7249022722244263,0.07831364870071411,-6.236780166625977,-0.012769372202455997,-0.3211221992969513,0.9096445142695414,-0.010530985855659494,0.11310565738668374,-0.012219185800565649,1.7378235969089098,0.9968061824554438,1.224471069919039,0.8120589081212194,1680,1668,0,Box 1,ARG_org_3aer-ARG_org
2017-07-15 09:26:00,-10.753162384033203,0.09137949347496033,-10.677318572998047,-9.751667976379395,0.6393954157829285,-1.1108952760696411,-0.4541507661342621,-11.123329162597656,0.017385128885507584,0.02638460509479046,0.9133068151808448,-0.05988351929405473,0.10404254628763976,0.042534157825570185,1.744309359918435,0.9819257268754511,1.2251417042717443,0.8084315354746775,2530,2460,1,Box 2,ARG_org_3aer-ARG_org
2017-07-15 09:26:00,-12.182353973388672,-0.029126033186912537,-12.16085147857666,-14.670475959777832,-0.13237379491329193,2.6979575157165527,-0.05595874786376953,-12.649715423583984,0.03075067140161991,0.26775816082954407,1.2063691821892357,0.010885240804268616,-0.2218559719506231,0.004601548957118756,2.1038052129253892,1.0033611066126176,1.2281461447539717,0.8177450079821628,3069,3007,2,Box 3,ARG_org_3aer-ARG_org
2017-07-15 09:26:00,-14.371407508850098,0.00880669616162777,-14.378435134887695,-16.417341232299805,-0.7084945440292358,2.641558885574341,0.10584023594856262,-14.967154502868652,0.054549556225538254,0.44825324416160583,1.1418029374951517,0.04927479403882755,-0.18371669252519646,-0.0073610390087828215,2.104755431808627,1.0161876772715759,1.2426653242390866,0.8164417399204003,6816,6688,3,Box 4,ARG_org_3aer-ARG_org
2017-07-15 09:28:00,-7.361822605133057,-0.07496421784162521,-7.46677303314209,-6.696422576904297,0.029155854135751724,-0.8467138409614563,0.04720723628997803,-7.3067779541015625,-0.010092707350850105,-0.2985750734806061,0.8968295156093772,-0.003904746176839006,0.11339753777939428,-0.006322307211932457,1.7331827891995006,0.9988034698119712,1.2267995417686621,0.8131022883299603,1726,1708,0,Box 1,ARG_org_3aer-ARG_org
2017-07-15 09:28:00,-11.274068832397461,-0.01082008145749569,-11.261560440063477,-11.79940414428711,0.16258622705936432,0.6116672158241272,-0.23640939593315125,-11.688971519470215,0.021527694538235664,0.10124657303094864,1.0477592840355225,-0.014437273609919607,-0.05431460570251995,0.020992595276917013,1.8789495426725429,0.9956640713783197,1.2222024360971773,0.8180861714513492,2527,2472,1,Box 2,ARG_org_3aer-ARG_org
2017-07-15 09:28:00,-12.80148983001709,-0.026459604501724243,-12.794839859008789,-15.45567798614502,-0.6277408599853516,3.3047711849212646,-0.016192534938454628,-13.328763008117676,0.034682516008615494,0.34483224153518677,1.207961773536855,0.04906203067006819,-0.2582893562352969,0.00126555202837364,2.1759026452968944,1.0159134404187418,1.239283221241474,0.8199814891988572,3105,3032,2,Box 3,ARG_org_3aer-ARG_org
2017-07-15 09:28:00,-14.863821983337402,0.01888124831020832,-14.902457237243652,-16.736452102661133,-1.0021889209747314,2.9081521034240723,-0.07197028398513794,-15.503491401672363,0.061105575412511826,0.5433669686317444,1.1230664848883538,0.06724990873834702,-0.19514581691319205,0.004829423286491219,2.1080875946241195,1.0225800730674848,1.2477633602879423,0.8204070050035441,6901,6779,3,Box 4,ARG_org_3aer-ARG_org
2017-07-15 09:30:00,-8.222298622131348,-0.04853305593132973,-8.269730567932129,-9.36078929901123,-0.03835773840546608,0.8395261168479919,0.28989097476005554,-8.189977645874023,-0.008885354734957218,-0.3023030459880829,1.1319340983989263,0.0046383301920719135,-0.10151795969135081,-0.03505446889964743,1.9708038880334398,1.0013909926014015,1.2211441990335483,0.8143201110084405,1732,1710,0,Box 1,ARG_org_3aer-ARG_org
2017-07-15 09:30:00,-11.419278144836426,-0.10177025198936462,-11.48391342163086,-12.578378677368164,0.14038529992103577,1.0027848482131958,-0.04870622977614403,-11.858161926269531,0.023668814450502396,0.14303065836429596,1.0953040842837394,-0.012224515820975258,-0.08732082522707675,0.004241256764312626,1.9017689441581624,0.9964194176396873,1.2160626113648685,0.820061769832152,2553,2467,1,Box 2,ARG_org_3aer-ARG_org
2017-07-15 09:30:00,-13.319254875183105,-0.014815722592175007,-13.279629707336426,-16.07794189453125,-0.8478825688362122,3.4788997173309326,0.16729359328746796,-13.896343231201172,0.03835189342498779,0.41266873478889465,1.2107220391048459,0.06384835101015561,-0.26197263225337425,-0.012597757861627257,2.2388136648799115,1.0214785042480572,1.2484356827491283,0.8159227846902944,3072,2993,2,Box 3,ARG_org_3aer-ARG_org
2017-07-15 09:30:00,-15.499170303344727,0.04699016734957695,-15.532729148864746,-18.74024200439453,-1.4012035131454468,4.488115310668945,0.12060298770666122,-16.186965942382812,0.06680585443973541,0.6253412961959839,1.2065004047192667,0.09020974675281637,-0.2889457086975296,-0.007764442774553404,2.2896923876174142,1.0314548572989697,1.2571863189130703,0.8189903720199937,6893,6759,3,Box 4,ARG_org_3aer-ARG_org
2017-07-15 09:32:00,-8.535402297973633,-0.01361936330795288,-8.549375534057617,-8.303696632385254,0.08049499988555908,-0.40652599930763245,0.08035123348236084,-8.52566909790039,-0.010914362967014313,-0.31414371728897095,0.971263430529345,-0.009415306777778557,0.0475503674931471,-0.009398491244713598,1.7786507589973404,0.9972127578829462,1.2185125906836465,0.8168665873670522,1745,1726,0,Box 1,ARG_org_3aer-ARG_org
2017-07-15 09:32:00,-11.071293830871582,-0.1585676372051239,-11.130541801452637,-13.124601364135742,0.2548382580280304,1.9220068454742432,-0.18278469145298004,-11.512845993041992,0.022298790514469147,0.14214804768562317,1.1791521292623524,-0.022895404002639855,-0.17267863026505464,0.01642190500534213,1.991080922831903,0.9933363305563302,1.2149240927478533,0.8202299691860032,2586,2508,1,Box 2,ARG_org_3aer-ARG_org
2017-07-15 09:32:00,-12.986394882202148,-0.05845814570784569,-12.982745170593262,-15.51805305480957,-0.9686586856842041,3.527132511138916,-0.023164957761764526,-13.573311805725098,0.03419666737318039,0.38932836055755615,1.1952829695289833,0.07461123463131075,-0.27167849210207584,0.0017842879417818147,2.229285301979582,1.0253366789355147,1.2505306640281006,0.8202484007406019,3061,2999,2,Box 3,ARG_org_3aer-ARG_org
2017-07-15 09:32:00,-15.327940940856934,0.006639366038143635,-15.307233810424805,-16.967044830322266,-1.4021580219268799,2.981527328491211,0.08043979108333588,-16.030332565307617,0.06763526052236557,0.6485677361488342,1.1084329720734125,0.09160100956395405,-0.1947789641445841,-0.005255017492782482,2.1174776732747884,1.0314848424398777,1.2530887182676589,0.8221785350287951,6952,6833,3,Box 4,ARG_org_3aer-ARG_org
2017-07-15 09:34:00,-8.36093521118164,-0.06908219307661057,-8.528833389282227,-9.13332748413086,0.04998237267136574,0.5703970193862915,-0.015885639935731888,-8.332517623901367,-0.010754265822470188,-0.3223997950553894,1.070876484621498,-0.005860399897451418,-0.06687866528095741,0.0018625805569108533,1.9181109897883177,0.9982193472497836,1.2247586977905314,0.8153413195207427,1804,1780,0,Box 1,ARG_org_3aer-ARG_org
2017-07-15 09:34:00,-11.014857292175293,0.07576464116573334,-10.88458251953125,-13.105308532714844,-0.17423075437545776,2.294504165649414,0.10045059770345688,-11.46474838256836,0.022080572322010994,0.15935850143432617,1.2040247146119114,0.01600711295788591,-0.21080312424800737,-0.009228703321789933,2.0149974087777807,1.0046681042562233,1.2140544451132949,0.8260513442316684,2654,2573,1,Box 2,ARG_org_3aer-ARG_org
2017-07-15 09:34:00,-12.444192886352539,-0.10654561966657639,-12.460021018981934,-14.269720077514648,-0.7101811766624451,2.5987586975097656,-0.07887846976518631,-12.993053436279297,0.03254105895757675,0.3642670512199402,1.1452404189325949,0.05699679012416723,-0.20856773312076043,0.0063305240639983384,2.1113196983426126,1.0187702813054862,1.2429812856043552,0.8207477258352794,3035,2953,2,Box 3,ARG_org_3aer-ARG_org
2017-07-15 09:34:00,-15.989347457885742,-0.07375659793615341,-15.953680038452148,-16.949800491333008,-1.5507113933563232,2.744580030441284,-0.1977485567331314,-16.742473602294922,0.07295595109462738,0.7210605144500732,1.062438272783815,0.09720085433213922,-0.17203429681270896,0.012395169696754665,2.0852412585848468,1.034188160366203,1.2593118410054882,0.8235831330361736,6942,6797,3,Box 4,ARG_org_3aer-ARG_org
2017-07-15 09:36:00,-7.941619873046875,-0.14253391325473785,-8.096309661865234,-7.72892427444458,0.3069300055503845,-0.33165258169174194,-0.34266266226768494,-7.863059043884277,-0.012954196892678738,-0.3636036813259125,0.9546231185530445,-0.037909865127340826,0.040963428808292644,0.04232331776600368,1.7963638300107676,0.9884364763219367,1.2269556874857523,0.812604865861166,1836,1808,0,Box 1,ARG_org_3aer-ARG_org
2017-07-15 09:36:00,-10.826181411743164,0.04727710038423538,-10.745945930480957,-13.801735877990723,-0.08494880050420761,2.879014015197754,0.26172399520874023,-11.258240699768066,0.021208379417657852,0.1413089781999588,1.28436669121033,0.00790519437143327,-0.2679162840940075,-0.024355601487755785,2.054365431155801,1.0022181317335819,1.2054512282857892,0.8276298832517414,2648,2561,1,Box 2,ARG_org_3aer-ARG_org
2017-07-15 09:36:00,-12.269481658935547,-0.033112525939941406,-12.244283676147461,-15.524887084960938,-0.8754191994667053,4.1235456466674805,0.032477639615535736,-12.810379981994629,0.030810676515102386,0.33859750628471375,1.2679294589197374,0.07149616169668875,-0.33677314706193967,-0.002652473554486501,2.2890858308125823,1.02362370487874,1.2432362096412877,0.8228788176782641,3012,2919,2,Box 3,ARG_org_3aer-ARG_org
2017-07-15 09:36:00,-16.44582748413086,-0.008572578430175781,-16.45917320251465,-18.44451141357422,-1.9821206331253052,4.129730224609375,-0.16227328777313232,-17.22403335571289,0.07516933232545853,0.7540898323059082,1.1206218835249153,0.12042650593433663,-0.25090753051385467,0.009859141054602727,2.2389515164588287,1.0442598984381688,1.2709315265367624,0.8235936750480166,6911,6791,3,Box 4,ARG_org_3aer-ARG_org
2017-07-15 09:38:00,-7.66618537902832,-0.05522025376558304,-7.758339881896973,-8.209768295288086,0.2227107584476471,0.07391002774238586,0.15480871498584747,-7.5432047843933105,-0.015407789498567581,-0.4152756929397583,1.05818635987308,-0.02870598485646521,-0.009526527173689096,-0.019953847842925768,1.8041111670557528,0.9920283980964071,1.2042705309089985,0.8207091774837658,1863,1837,0,Box 1,ARG_org_3aer-ARG_org
2017-07-15 09:38:00,-11.421307563781738,-0.08233067393302917,-11.481786727905273,-12.825578689575195,-0.35769087076187134,1.7925390005111694,-0.09105625748634338,-11.89832592010498,0.023996349424123764,0.18926818668842316,1.117036801505247,0.03115289233231505,-0.15612018857893636,0.007930494741374333,1.953538006267856,1.0093815131514352,1.2211913833828798,0.8278656306899941,2609,2541,1,Box 2,ARG_org_3aer-ARG_org
2017-07-15 09:38:00,-12.301643371582031,0.04249172657728195,-12.236408233642578,-15.961338996887207,-0.7880606055259705,4.394667625427246,0.1183236762881279,-12.8497953414917,0.033430784940719604,0.3696364164352417,1.3044137342816617,0.06440293612055707,-0.3591468664814225,-0.009669803920796305,2.2907725793074825,1.0206731990506495,1.235921096851268,0.8241503228666361,3039,2939,2,Box 3,ARG_org_3aer-ARG_org
2017-07-15 09:38:00,-16.603050231933594,-0.08302260935306549,-16.603303909301758,-19.396142959594727,-2.079493284225464,4.8927106857299805,-0.020374512299895287,-17.402360916137695,0.07748807221651077,0.7890869379043579,1.1682100600377572,0.12524575577809371,-0.2946829519747747,0.0012271361589237806,2.297561317630521,1.0456010863633847,1.2678935875097481,0.8249159807196447,6926,6768,3,Box 4,ARG_org_3aer-ARG_org
2017-07-15 09:40:00,-8.78071403503418,-0.04629386216402054,-8.806503295898438,-9.842480659484863,0.15130473673343658,0.8092069029808044,0.0754663348197937,-8.744272232055664,-0.011341720819473267,-0.34027794003486633,1.1176378250473273,-0.017181020402981736,-0.09188741819414185,-0.008569386450203748,1.9156195658021657,0.9950160442389355,1.2139427213439173,0.8182958737868263,1921,1888,0,Box 1,ARG_org_3aer-ARG_org
2017-07-15 09:40:00,-11.303231239318848,0.02252417802810669,-11.204919815063477,-14.173328399658203,-0.4348928928375244,3.386796474456787,0.016506100073456764,-11.770334243774414,0.022019367665052414,0.16940277814865112,1.2649202400513728,0.03881267458552344,-0.30225980255683094,-0.0014731120800653419,2.061150898530047,1.011158076834903,1.2099699835593996,0.8354539608201685,2661,2585,1,Box 2,ARG_org_3aer-ARG_org
2017-07-15 09:40:00,-12.482020378112793,-0.05376912280917168,-12.43903636932373,-14.810798645019531,-0.7800139784812927,3.0424463748931885,0.10932979732751846,-13.046919822692871,0.033656828105449677,0.38782942295074463,1.190670898455241,0.06270694864122009,-0.24458859792192694,-0.008789249174534108,2.0700883264898824,1.0193440971884342,1.2259208090743905,0.830005322224353,2984,2894,2,Box 3,ARG_org_3aer-ARG_org
2017-07-15 09:40:00,-16.775348663330078,-0.11997956037521362,-16.683120727539062,-18.735780715942383,-2.0032167434692383,4.318186283111572,-0.262308806180954,-17.599273681640625,0.0781588926911354,0.7941063046455383,1.1230381911168874,0.12007446415628582,-0.2588356626413644,0.015723007368191155,2.248255175941297,1.0442621664104812,1.2718405326926157,0.8241739391772601,7000,6817,3,Box 4,ARG_org_3aer-ARG_org
2017-07-15 09:42:00,-9.146320343017578,-0.2148275375366211,-9.282337188720703,-9.774251937866211,0.053040698170661926,0.5278970003128052,-0.08902356773614883,-9.128938674926758,-0.009963848628103733,-0.31794852018356323,1.0529946286639384,-0.00571415243523191,-0.05687111463348829,0.009590638404781748,1.84705064553062,0.9983365392321263,1.214383507461699,0.8236261610017758,1956,1917,0,Box 1,ARG_org_3aer-ARG_org
2017-07-15 09:42:00,-11.779382705688477,0.06555532664060593,-11.705814361572266,-13.593120574951172,-0.20094077289104462,2.399441957473755,-0.3111954927444458,-12.285755157470703,0.023219525814056396,0.18617437779903412,1.1612280671272122,0.017165897488884693,-0.20497865861285025,0.026584693996753395,2.0180046327527807,1.0052029665952564,1.2232878023943305,0.8261369340062793,2686,2635,1,Box 2,ARG_org_3aer-ARG_org
2017-07-15 09:42:00,-12.611588478088379,-0.03343479335308075,-12.590848922729492,-15.177042007446289,-0.8050193190574646,3.2784924507141113,0.1127186268568039,-13.188236236572266,0.033641643822193146,0.3989068567752838,1.2054024896836473,0.06393685445727801,-0.26038692037519023,-0.008952423765735074,2.0610721505132688,1.0193657841002624,1.2213976293209363,0.8330966689435203,2991,2892,2,Box 3,ARG_org_3aer-ARG_org
2017-07-15 09:42:00,-16.883689880371094,-0.09100031852722168,-16.835126876831055,-19.64435577392578,-2.2775003910064697,5.271169662475586,-0.1844416856765747,-17.726619720458984,0.07823687791824341,0.7903755903244019,1.166867032416186,0.13528264153117522,-0.3131054381385572,0.010955764191195927,2.3784561983407366,1.051509493093942,1.280838699393225,0.8231830904154294,7023,6813,3,Box 4,ARG_org_3aer-ARG_org
2017-07-15 09:44:00,-9.3027925491333,-0.14632685482501984,-9.40914249420166,-10.60950756072998,0.026802970096468925,1.0852978229522705,0.08826165646314621,-9.292791366577148,-0.00935330055654049,-0.30954185128211975,1.1275740399952403,-0.002848609128360348,-0.11534501658189807,-0.009380414284981889,1.9534567328811532,0.9991545461514768,1.2188980756456838,0.8181988553918731,1994,1960,0,Box 1,ARG_org_3aer-ARG_org
2017-07-15 09:44:00,-12.491589546203613,-0.024957364425063133,-12.497529029846191,-13.017695426940918,-0.32027849555015564,0.8862263560295105,-0.04578188434243202,-13.05738639831543,0.02697630599141121,0.2484835386276245,1.0416215069820713,0.025627342924946516,-0.0709121244162957,0.0036632745092778363,1.8745506431848888,1.0077599335899945,1.2227308872612896,0.8247951940551175,2722,2651,1,Box 2,ARG_org_3aer-ARG_org
2017-07-15 09:44:00,-12.93938159942627,-0.16068963706493378,-12.87294864654541,-14.996747970581055,-1.2292227745056152,3.6998860836029053,-0.346862256526947,-13.534420013427734,0.034551192075014114,0.4201250374317169,1.1649817277054704,0.09548882423348114,-0.2874156007441805,0.026945048805228966,2.236612659681739,1.0335399508522887,1.2590052548208188,0.826028388033956,2991,2883,2,Box 3,ARG_org_3aer-ARG_org
2017-07-15 09:44:00,-17.3129825592041,-0.05392294377088547,-17.22495460510254,-20.252321243286133,-2.633138656616211,5.878310680389404,-0.2178029716014862,-18.206628799438477,0.08153420686721802,0.8323415517807007,1.175754817701372,0.1528676898318461,-0.34126712590805863,0.012644618374840655,2.4368680582109294,1.0596130522529237,1.287268457270038,0.8257810185596022,7029,6830,3,Box 4,ARG_org_3aer-ARG_org
2017-07-15 09:46:00,-9.730864524841309,-0.10008754581212997,-9.80981731414795,-10.90342903137207,0.02124013379216194,0.7894499897956848,0.2829219698905945,-9.748976707458496,-0.008896497078239918,-0.297237753868103,1.111481393146394,-0.002165191593753305,-0.0804755042301497,-0.028840697322491046,1.895261891664821,0.9993774526835033,1.2113594119880913,0.8204552096618033,2033,2002,0,Box 1,ARG_org_3aer-ARG_org
2017-07-15 09:46:00,-12.833497047424316,0.01282102707773447,-12.752787590026855,-12.677197456359863,0.060966093093156815,0.08377441763877869,-0.22032777965068817,-13.434094429016113,0.029631512239575386,0.27932009100914,0.9940728819839518,-0.004780609842270333,-0.006569106923003355,0.01727683478132186,1.7793217538094153,0.9986153761679005,1.2131528983211486,0.8259095799046974,2747,2674,1,Box 2,ARG_org_3aer-ARG_org
2017-07-15 09:46:00,-13.23478889465332,-0.09895025193691254,-13.108491897583008,-16.044015884399414,-0.8102249503135681,3.4066474437713623,0.33910077810287476,-13.843279838562012,0.03141966089606285,0.38073140382766724,1.2239405817993492,0.06180916524138674,-0.25988096224197715,-0.02586878479875876,2.1108123544437527,1.019042683222159,1.2256374741343161,0.8270742991103085,2976,2864,2,Box 3,ARG_org_3aer-ARG_org
2017-07-15 09:46:00,-17.63162612915039,-0.016318555921316147,-17.598983764648438,-19.428422927856445,-2.5093014240264893,4.458815097808838,-0.12007458508014679,-18.56793785095215,0.0827769860625267,0.8585003614425659,1.1039514154853793,0.1425821893825218,-0.25335641931814995,0.006822814450248821,2.227267168870798,1.0530730012516207,1.2735275358338838,0.828259815447042,7161,6951,3,Box 4,ARG_org_3aer-ARG_org
2017-07-15 09:48:00,-11.021629333496094,-0.061415620148181915,-11.11540412902832,-11.620591163635254,-0.03370640426874161,0.5831232666969299,-0.044230133295059204,-11.130674362182617,-0.0030801158864051104,-0.2086768001317978,1.0454492515111875,0.003032404646492713,-0.052460830432889724,0.003979174275209503,1.8576299194340697,1.0008985688085479,1.218303636782317,0.8221967653362463,2049,2021,0,Box 1,ARG_org_3aer-ARG_org
2017-07-15 09:48:00,-13.00057601928711,0.021126337349414825,-12.9679536819458,-15.290979385375977,-0.43230852484703064,2.8585593700408936,-0.10322766751050949,-13.6173734664917,0.031185336410999298,0.3004397749900818,1.1791356749015944,0.03333667759250055,-0.22043256393553923,0.007960211441444237,2.0149835969565686,1.0099530893248525,1.2190328525320027,0.8297943873209302,2792,2721,1,Box 2,ARG_org_3aer-ARG_org
2017-07-15 09:48:00,-13.263115882873535,-0.14630834758281708,-13.208182334899902,-15.115614891052246,-0.8503145575523376,2.6915009021759033,0.06624485552310944,-13.865620613098145,0.030647071078419685,0.3591339886188507,1.1444128448818724,0.0643778676746828,-0.20377527158160808,-0.005015440974947161,2.0371712761990897,1.0202157570443937,1.2302985377849989,0.8283808996408235,2960,2868,2,Box 3,ARG_org_3aer-ARG_org
2017-07-15 09:48:00,-17.888811111450195,-0.013726248405873775,-17.788772583007812,-20.030601501464844,-2.604980707168579,5.299969673156738,-0.45315787196159363,-18.868091583251953,0.08504476398229599,0.8862765431404114,1.1260250829171417,0.14643961348589715,-0.29793907585703505,0.02547437945399622,2.337284219738395,1.056757832587909,1.2857259382651012,0.8271943471607895,7160,6936,3,Box 4,ARG_org_3aer-ARG_org
2017-07-15 09:50:00,-11.632411003112793,-0.17768777906894684,-11.780417442321777,-12.028278350830078,0.05409492552280426,0.20807985961437225,-0.014315363019704819,-11.789671897888184,0.0006200955831445754,-0.14729523658752441,1.0210399517782698,-0.004591935860797747,-0.017663198722550018,0.0012151828050779821,1.7951091747434955,0.9986852530413819,1.210463383775599,0.825235271085479,2089,2060,0,Box 1,ARG_org_3aer-ARG_org
2017-07-15 09:50:00,-13.291681289672852,0.025595134124159813,-13.241071701049805,-12.992363929748535,-0.5841049551963806,0.17130981385707855,0.16408875584602356,-13.94083023071289,0.03445421904325485,0.34906116127967834,0.9812170560313677,0.044113113968986095,-0.01293776174821364,-0.012392408252140118,1.7481756687231003,1.0126351892640606,1.2089534670873319,0.8356456885730634,2853,2763,1,Box 2,ARG_org_3aer-ARG_org
2017-07-15 09:50:00,-13.30276870727539,-0.08464837819337845,-13.291525840759277,-15.463211059570312,-0.6420158743858337,2.6682934761047363,0.14540499448776245,-13.904828071594238,0.030230017378926277,0.33433499932289124,1.163388482270352,0.048302643809637724,-0.2007514509927057,-0.010939675087283995,2.005006612773215,1.014546045519498,1.2205681438353673,0.8293975936634609,2954,2858,2,Box 3,ARG_org_3aer-ARG_org
2017-07-15 09:50:00,-18.059438705444336,-0.08744318038225174,-17.974414825439453,-19.908533096313477,-2.965930223464966,5.078426361083984,-0.1783781498670578,-19.063024520874023,0.08737865090370178,0.9084965586662292,1.107603940326454,0.1650084423935974,-0.28253638457823943,0.009924001858188092,2.3052754964526923,1.0641891632187446,1.2857644480488168,0.8297375354587235,7198,6983,3,Box 4,ARG_org_3aer-ARG_org
2017-07-15 09:52:00,-11.649138450622559,-0.11133967339992523,-11.776200294494629,-12.877762794494629,-0.23908297717571259,1.2818409204483032,0.05880558490753174,-11.791840553283691,0.0012614503502845764,-0.13919678330421448,1.0935415054322712,0.020302216770076667,-0.10885012673234026,-0.004993595470007647,1.911977157131171,1.0060346587396867,1.2184327377036406,0.8248650925564864,2136,2105,0,Box 1,ARG_org_3aer-ARG_org
2017-07-15 09:52:00,-13.269064903259277,0.10171279311180115,-13.112473487854004,-14.285408020019531,-0.6381533145904541,1.8739469051361084,-0.06286030262708664,-13.930370330810547,0.03432270884513855,0.3461226522922516,1.0894517168913371,0.04866765231129007,-0.14291330070748884,0.004793931504861654,1.8991295098014822,1.0144292247845517,1.2168239752583325,0.8344543256210984,2922,2814,1,Box 2,ARG_org_3aer-ARG_org
2017-07-15 09:52:00,-13.146727561950684,-0.13116669654846191,-13.087359428405762,-15.252579689025879,-0.6875904202461243,2.8495616912841797,0.003247052663937211,-13.753104209899902,0.031057802960276604,0.34847578406333923,1.165443499961311,0.052538501597213676,-0.21773389557418527,-0.00024810598433944175,1.9877500562538737,1.015605663169851,1.2171264198391296,0.8343883889297051,3038,2943,2,Box 3,ARG_org_3aer-ARG_org
2017-07-15 09:52:00,-18.115190505981445,-0.10185761749744415,-18.03413200378418,-20.381206512451172,-3.0721282958984375,5.740745544433594,-0.3215435743331909,-19.143272399902344,0.08795289695262909,0.910459578037262,1.1301462110477645,0.17035075764464655,-0.3183266917366797,0.017829723044268664,2.4056683461483317,1.0683965495296717,1.295520755524478,0.8285008410465103,7314,7051,3,Box 4,ARG_org_3aer-ARG_org
2017-07-15 09:54:00,-11.940084457397461,0.07197310030460358,-11.847021102905273,-12.7158203125,-0.08773276209831238,0.9105510711669922,0.04598136991262436,-12.091588020324707,0.0009863561717793345,-0.14702491462230682,1.0733348675698204,0.007405469457187131,-0.07685907710241535,-0.0038812599245922202,1.8691452632566647,1.0021600822584567,1.2143980927031488,0.8246099984291992,2175,2127,0,Box 1,ARG_org_3aer-ARG_org
2017-07-15 09:54:00,-13.149235725402832,-0.16279643774032593,-13.156734466552734,-14.382161140441895,-0.9531265497207642,2.375321388244629,-0.19676882028579712,-13.806143760681152,0.033454131335020065,0.33748409152030945,1.0931405744678357,0.07244399641861676,-0.18054031804234022,0.01495574715588771,1.9983423706958918,1.0232056109598135,1.2350479401054848,0.8310942877046793,3010,2917,1,Box 2,ARG_org_3aer-ARG_org
2017-07-15 09:54:00,-13.05633544921875,-0.11142411082983017,-12.944756507873535,-14.93777084350586,-0.9916245341300964,2.938591718673706,0.04604576900601387,-13.674090385437012,0.03481915220618248,0.3809448778629303,1.153962957783541,0.07660434573346965,-0.2270102054703869,-0.0035570980466238244,2.046234250665809,1.0240500552499456,1.2297659180411684,0.8321070954810693,3089,2990,2,Box 3,ARG_org_3aer-ARG_org
2017-07-15 09:54:00,-18.191856384277344,-0.055441442877054214,-18.119661331176758,-19.16957664489746,-3.225309133529663,4.555620193481445,-0.28039512038230896,-19.24854850769043,0.09089550375938416,0.9414494037628174,1.0579434324209291,0.17800052457702706,-0.25141858892839547,0.01547463193043927,2.2426930275487513,1.0703079907975455,1.2897911836564218,0.8331047505668666,7438,7193,3,Box 4,ARG_org_3aer-ARG_org
2017-07-15 09:56:00,-12.259967803955078,0.019695447757840157,-12.304693222045898,-13.044816970825195,-0.2920880913734436,1.0623148679733276,-0.03010118007659912,-12.415000915527344,0.0022142415400594473,-0.1351163685321808,1.0601498751459353,0.02373794514736382,-0.08633413740471521,0.002446317111416102,1.8282953279535483,1.006778090546151,1.2089069177132168,0.8331869368110079,2186,2151,0,Box 1,ARG_org_3aer-ARG_org
2017-07-15 09:56:00,-13.09639835357666,-0.12289922684431076,-13.09950065612793,-14.462194442749023,-0.8465819358825684,2.5128586292266846,-0.30358177423477173,-13.763079643249512,0.034493010491132736,0.346152126789093,1.1040264759340033,0.06462703846784505,-0.19182857819534932,0.023175063793500983,2.008109758629472,1.020615647099294,1.2342954786023679,0.830924813867771,3102,2989,1,Box 2,ARG_org_3aer-ARG_org
2017-07-15 09:56:00,-13.091317176818848,0.039931464940309525,-12.94588565826416,-15.071236610412598,-1.1290103197097778,3.0613720417022705,0.19298988580703735,-13.71837329864502,0.034705113619565964,0.3753977119922638,1.16417196694955,0.08720996798893996,-0.23647450573182244,-0.0149074292066676,2.029982523715615,1.0268744965252363,1.2247380385948585,0.8359141240504661,3089,2988,2,Box 3,ARG_org_3aer-ARG_org
2017-07-15 09:56:00,-18.136945724487305,-0.0262313149869442,-18.032175064086914,-18.033878326416016,-2.8706417083740234,3.6634950637817383,-0.7911485433578491,-19.213285446166992,0.09112133830785751,0.9331026673316956,1.000094566661217,0.1591955250091672,-0.20316435934683158,0.04387426767644728,2.1259444156666842,1.061866533322729,1.2858006597931664,0.8349994758013195,7697,7410,3,Box 4,ARG_org_3aer-ARG_org
2017-07-15 09:58:00,-13.516443252563477,0.02263070084154606,-13.46183967590332,-15.287660598754883,-0.5029435157775879,2.252345085144043,0.07641935348510742,-13.769031524658203,0.00787205621600151,-0.04483132064342499,1.135629369188555,0.037360687296791324,-0.16731331648327377,-0.0056767400020726055,1.954622246431987,1.0110852830530812,1.21740094819025,0.8296008126649181,2229,2193,0,Box 1,ARG_org_3aer-ARG_org
2017-07-15 09:58:00,-13.242565155029297,-0.06803366541862488,-13.22598648071289,-15.684871673583984,-1.0582377910614014,3.448737859725952,0.06838671118021011,-13.924174308776855,0.03370019793510437,0.3247383236885071,1.1859133243310953,0.08001201564182091,-0.2607547072359572,-0.005170632736959058,2.0860350016766773,1.0251138574772731,1.2295722569987295,0.8328254027918834,3187,3085,1,Box 2,ARG_org_3aer-ARG_org
2017-07-15 09:58:00,-13.462590217590332,-0.014999459497630596,-13.309314727783203,-14.296992301940918,-1.5208626985549927,2.616764783859253,-0.10822276026010513,-14.132454872131348,0.0405215322971344,0.4671788811683655,1.0742096097957883,0.11427055837586157,-0.1966115230860276,0.008131354914377747,2.0456079339605786,1.0388003445247036,1.2486765422484378,0.8334247639159887,3098,2981,2,Box 3,ARG_org_3aer-ARG_org
2017-07-15 09:58:00,-18.441608428955078,-0.07627900689840317,-18.33619499206543,-18.360868453979492,-3.415256977081299,4.099615097045898,-0.6596818566322327,-19.570819854736328,0.09678694605827332,0.9968729019165039,1.0013457630403941,0.18625768748535762,-0.22358048136116282,0.03597703083541107,2.186092617778268,1.0754505024486716,1.2973904183749667,0.8367345233070702,7813,7574,3,Box 4,ARG_org_3aer-ARG_org
2017-07-15 10:00:00,-14.386992454528809,-0.04694819822907448,-14.447455406188965,-15.217940330505371,-0.6395732164382935,1.0949052572250366,0.3151528239250183,-14.69999885559082,0.012684173882007599,0.04013034701347351,1.0533301427724644,0.04426891973970589,-0.0757853370597276,-0.021813725452442687,1.8429926854964462,1.0129305222927782,1.2134634895025072,0.8312277017677765,2263,2222,0,Box 1,ARG_org_3aer-ARG_org
2017-07-15 10:00:00,-13.477306365966797,-0.14963330328464508,-13.468351364135742,-14.23102855682373,-1.2327070236206055,1.9860397577285767,0.00934411957859993,-14.202749252319336,0.036004453897476196,0.3535138964653015,1.0566273282612562,0.09152619886770082,-0.14745974370493098,-0.0006937834240259844,1.9139560034451502,1.0285149879953908,1.2272720252738247,0.8379306650391436,3246,3137,1,Box 2,ARG_org_3aer-ARG_org
2017-07-15 10:00:00,-13.77497673034668,-0.039806805551052094,-13.684103012084961,-14.963639259338379,-1.5311754941940308,3.0232574939727783,-0.21254487335681915,-14.481363296508789,0.044751349836587906,0.5420359373092651,1.0935053651467557,0.11189447744773878,-0.2209320910366707,0.015532248442176239,2.0503904005458025,1.0374198599948803,1.2446784347490165,0.8363226216901519,3132,2999,2,Box 3,ARG_org_3aer-ARG_org
2017-07-15 10:00:00,-18.81127166748047,-0.02647508680820465,-18.753334045410156,-18.559375762939453,-3.9310250282287598,3.990469217300415,-0.25340384244918823,-19.987897872924805,0.09966160356998444,1.0294098854064941,0.9896573360505057,0.20961738301072155,-0.21278718635133326,0.01351246729010605,2.1977701544947914,1.0869693488899925,1.3037232617119627,0.8367357452029313,7995,7749,3,Box 4,ARG_org_3aer-ARG_org
2017-07-15 10:02:00,-13.83597183227539,0.034145403653383255,-13.891006469726562,-13.823166847229004,-0.5342242121696472,0.2740871012210846,0.19229784607887268,-14.092876434326172,0.010005246847867966,0.0020284620113670826,0.9951163165071252,0.03845828122784517,-0.01973126561165713,-0.013843332123313217,1.7443146623424228,1.010808860010699,1.2048608157622869,0.8367808319141397,2296,2262,0,Box 1,ARG_org_3aer-ARG_org
2017-07-15 10:02:00,-13.5654878616333,-0.1372753232717514,-13.471599578857422,-15.323731422424316,-0.8939463496208191,2.6810295581817627,0.06504984200000763,-14.307616233825684,0.03559904173016548,0.3398701250553131,1.1374842568441481,0.06635786089972204,-0.1990134526761554,-0.00482866506771476,1.9801784131517812,1.020127552735334,1.2216520406093854,0.8342325140752223,3361,3229,1,Box 2,ARG_org_3aer-ARG_org
2017-07-15 10:02:00,-14.0613374710083,-0.06104036793112755,-14.012380599975586,-14.881943702697754,-2.146679639816284,3.3252999782562256,-0.3090575039386749,-14.814395904541016,0.049703449010849,0.6220252513885498,1.062056741522419,0.15319879996577196,-0.23731157347947499,0.022056031991284114,2.0700635258756948,1.0538769193497028,1.2565318646354564,0.8429537768698389,3188,3063,2,Box 3,ARG_org_3aer-ARG_org
2017-07-15 10:02:00,-18.912437438964844,0.002337472513318062,-18.909847259521484,-19.53127098083496,-4.1929802894592285,4.926706314086914,-0.11230158060789108,-20.14108657836914,0.10809904336929321,1.1315354108810425,1.0328624990671282,0.22173528858766245,-0.2605365758651916,0.0059387882104008916,2.294907208041218,1.0932628563968971,1.3074614681932333,0.8375044841534496,8205,7918,3,Box 4,ARG_org_3aer-ARG_org
2017-07-15 10:04:00,-14.313575744628906,-0.013234054669737816,-14.382827758789062,-13.403630256652832,-0.5744605660438538,-0.5298308730125427,0.12509484589099884,-14.600993156433105,0.011495377868413925,0.03771790862083435,0.9319190452646392,0.03994072890426397,0.036837740271404525,-0.008697514440307696,1.6912058002363621,1.0113234751755071,1.2067642022386336,0.8366768593325941,2332,2292,0,Box 1,ARG_org_3aer-ARG_org
2017-07-15 10:04:00,-14.015230178833008,-0.2768045961856842,-13.984902381896973,-14.801667213439941,-1.0982502698898315,2.058065891265869,-0.1430499106645584,-14.80491828918457,0.04004950448870659,0.4068704843521118,1.0584034058777712,0.07853113222198906,-0.1471634194168702,0.01022888131711,1.944776511035232,1.0249831791445947,1.2330382790039227,0.8330494221891932,3414,3272,1,Box 2,ARG_org_3aer-ARG_org
2017-07-15 10:04:00,-14.237602233886719,-0.14618173241615295,-14.114768028259277,-16.578216552734375,-2.274923801422119,4.482367992401123,0.25600332021713257,-15.01465892791748,0.050941742956638336,0.6549110412597656,1.174529810258744,0.1611732931409348,-0.3175658371067497,-0.01813726629292911,2.2556185335992436,1.057397319409226,1.2596715651293922,0.8359157059755334,3223,3091,2,Box 3,ARG_org_3aer-ARG_org
2017-07-15 10:04:00,-19.35435676574707,0.0025985222309827805,-19.33955955505371,-20.17991828918457,-4.208286762237549,5.156611442565918,-0.10796601325273514,-20.637889862060547,0.11217892169952393,1.1683145761489868,1.0434528705591952,0.21759990719952405,-0.26663542823884134,0.0055826504801220755,2.292026365789887,1.090334604714442,1.303385703179168,0.8377785851714172,8364,8100,3,Box 4,ARG_org_3aer-ARG_org
2017-07-15 10:06:00,-14.736278533935547,-0.10852621495723724,-14.798620223999023,-15.215936660766602,-0.6429591774940491,1.099479079246521,-0.03920619562268257,-15.047859191894531,0.01415840070694685,0.08101049065589905,1.0281995071740253,0.043447232304034626,-0.07429605325326444,0.002649313775204498,1.7987635146539271,1.0124813839078985,1.209651796649139,0.8374245050028314,2381,2341,0,Box 1,ARG_org_3aer-ARG_org
2017-07-15 10:06:00,-14.128451347351074,-0.14159415662288666,-14.118961334228516,-16.087291717529297,-1.4123343229293823,3.424259901046753,-0.0435941107571125,-14.926067352294922,0.0396309494972229,0.3945382237434387,1.1394105165773358,0.10003104649217982,-0.24252919219824534,0.003087629128729702,2.084340847233252,1.0327648310048323,1.2396924752483947,0.8336343359931184,3480,3341,1,Box 2,ARG_org_3aer-ARG_org
2017-07-15 10:06:00,-14.145456314086914,-0.24901598691940308,-13.93548583984375,-15.536388397216797,-2.0067648887634277,3.7672669887542725,-0.15960140526294708,-14.921991348266602,0.049969159066677094,0.6494073867797852,1.11487943590419,0.144003942238694,-0.2703362549712786,0.011452876828394576,2.172987265444892,1.0514002525883872,1.2611750645003585,0.8358856499111712,3282,3135,2,Box 3,ARG_org_3aer-ARG_org
2017-07-15 10:06:00,-20.047393798828125,-0.06960780173540115,-19.9815616607666,-19.619674682617188,-4.552966594696045,4.557521820068359,-0.36643901467323303,-21.42706298828125,0.12047891318798065,1.2606662511825562,0.9818891178506435,0.22785842622338964,-0.22808640297843227,0.018338858904399152,2.213765079195115,1.096593908811964,1.3096818848314176,0.8414507389276706,8463,8214,3,Box 4,ARG_org_3aer-ARG_org
2017-07-15 10:08:00,-14.693325996398926,0.09024251997470856,-14.63127613067627,-15.816919326782227,-0.7018924951553345,1.7871432304382324,0.10039375722408295,-14.977294921875,0.012789172120392323,0.06427215039730072,1.0810349513837383,0.04797206404772785,-0.12214542880723697,-0.006861586624229171,1.8713866102372214,1.0140019059537917,1.2131672156960507,0.8347228012989554,2421,2387,0,Box 1,ARG_org_3aer-ARG_org
2017-07-15 10:08:00,-14.618147850036621,-0.13638684153556824,-14.520173072814941,-15.870451927185059,-1.370565414428711,2.7737746238708496,-0.052931517362594604,-15.47922420501709,0.045114729553461075,0.4701201319694519,1.0929932140349186,0.0943904361458396,-0.19102902804946267,0.00364537786870453,2.0210359801663658,1.0308479777117987,1.2393438306267157,0.8324200522171363,3537,3373,1,Box 2,ARG_org_3aer-ARG_org
2017-07-15 10:08:00,-14.040946960449219,-0.27190953493118286,-13.807961463928223,-16.086484909057617,-1.864777684211731,4.005223274230957,0.1380743533372879,-14.814752578735352,0.05069579929113388,0.6727320551872253,1.1650149260058003,0.1350508905678076,-0.2900661988934923,-0.009999617680115591,2.1385253817055254,1.0450420494998118,1.2429456130052303,0.8389520789532408,3350,3187,2,Box 3,ARG_org_3aer-ARG_org
2017-07-15 10:08:00,-20.715553283691406,-0.2197098433971405,-20.52922821044922,-19.783567428588867,-4.840322017669678,4.554721355438232,-0.46006038784980774,-22.186025619506836,0.1292216181755066,1.367478847503662,0.9636780646693827,0.23577711126403203,-0.22186519630199947,0.022410020368584777,2.1839996788235245,1.1002754096630933,1.3102266835564396,0.8448599110746821,8552,8313,3,Box 4,ARG_org_3aer-ARG_org
2017-07-15 10:10:00,-14.935647010803223,0.02065141685307026,-14.909460067749023,-15.965495109558105,-0.9301391243934631,1.8801618814468384,0.10601527243852615,-15.227373123168945,0.013582050800323486,0.07365390658378601,1.0708300745374897,0.062385845301620196,-0.12610531446814957,-0.00711060537096031,1.854979986568306,1.018161409112618,1.2120763436389221,0.8388662240049685,2490,2465,0,Box 1,ARG_org_3aer-ARG_org
2017-07-15 10:10:00,-15.173198699951172,-0.20536871254444122,-15.185735702514648,-17.258014678955078,-2.129059076309204,4.299372673034668,-0.09803476184606552,-16.08098602294922,0.049586277455091476,0.5375242829322815,1.1364621894021278,0.14020123885898708,-0.2831191419009821,0.006455713639867189,2.2418466240311408,1.0510575400609137,1.2671717370850646,0.8307204287870412,3563,3380,1,Box 2,ARG_org_3aer-ARG_org
2017-07-15 10:10:00,-13.777873992919922,-0.2904084622859955,-13.4985990524292,-15.630353927612305,-1.8241456747055054,3.8234784603118896,0.13242165744304657,-14.528216361999512,0.04865625873208046,0.6393793225288391,1.157924131794713,0.13513590402840667,-0.2832500067293172,-0.009810029093802575,2.0913504709977357,1.04399340903331,1.2366355934382136,0.8424635509795123,3380,3187,2,Box 3,ARG_org_3aer-ARG_org
2017-07-15 10:10:00,-21.41102409362793,-0.22518576681613922,-21.205005645751953,-18.644954681396484,-4.879725456237793,2.894545793533325,-0.5748708248138428,-22.957386016845703,0.1356336921453476,1.4429277181625366,0.8792714159744697,0.23012138591893966,-0.1365029437655989,0.027110141872189575,2.027003240137317,1.096868856227001,1.3071609237369524,0.8452386471346783,8613,8377,3,Box 4,ARG_org_3aer-ARG_org
2017-07-15 10:12:00,-15.136823654174805,0.09608039259910583,-15.088106155395508,-15.44239330291748,-0.8236808776855469,1.3329308032989502,-0.15496380627155304,-15.424276351928711,0.013048865832388401,0.065184585750103,1.0234811480247614,0.05459139456602564,-0.08834313554259805,0.010270592951811,1.8195437528875187,1.0160920690194488,1.215251344529286,0.8377926046789308,2534,2494,0,Box 1,ARG_org_3aer-ARG_org
2017-07-15 10:12:00,-15.69448471069336,-0.07504639029502869,-15.642511367797852,-14.822219848632812,-2.389864683151245,1.297461986541748,0.27210959792137146,-16.63961410522461,0.05327033996582031,0.5906248688697815,0.9475600247647171,0.15278010146228171,-0.08294460858098213,-0.01739551764601671,1.8646790663077915,1.0515149771576016,1.2450686538363687,0.8413297125929787,3566,3397,1,Box 2,ARG_org_3aer-ARG_org
2017-07-15 10:12:00,-13.82380485534668,-0.30672428011894226,-13.613056182861328,-16.125999450683594,-1.7652868032455444,4.274297714233398,0.003932365216314793,-14.570964813232422,0.04665965959429741,0.6146740317344666,1.184598018787405,0.12967601420982847,-0.3139851657793386,-0.00028886721789483927,2.218753809302181,1.044585517628084,1.2513864228526381,0.8346884970648661,3396,3214,2,Box 3,ARG_org_3aer-ARG_org
2017-07-15 10:12:00,-21.79259490966797,-0.17834042012691498,-21.616151809692383,-20.32196617126465,-5.020972728729248,4.1688737869262695,-0.44208958745002747,-23.393342971801758,0.13938774168491364,1.4700428247451782,0.9401286634004631,0.23227874241070337,-0.19285922068916786,0.020451814878001406,2.1395773627085926,1.0985182374973983,1.309548403692786,0.8434921871691392,8682,8417,3,Box 4,ARG_org_3aer-ARG_org
2017-07-15 10:14:00,-16.046131134033203,0.07622293382883072,-16.027746200561523,-18.147916793823242,-1.2965821027755737,3.4278903007507324,-0.01113902684301138,-16.419410705566406,0.01726341061294079,0.12294715642929077,1.1322811780672852,0.08089608773832213,-0.2138722498058222,0.0006949840002148377,1.9668337962328493,1.0244579780653487,1.2203447625161348,0.839598610763964,2617,2572,0,Box 1,ARG_org_3aer-ARG_org
2017-07-15 10:14:00,-16.124656677246094,-0.09507904946804047,-16.05717658996582,-16.654294967651367,-2.343980073928833,2.8507347106933594,0.09036162495613098,-17.0969295501709,0.0554686076939106,0.6196163296699524,1.0371868904312949,0.14597709489377195,-0.17753649380108108,-0.005627491523985728,1.995276082106006,1.0498124148064272,1.248577781629094,0.8397567896515493,3536,3370,1,Box 2,ARG_org_3aer-ARG_org
2017-07-15 10:14:00,-14.068336486816406,-0.13355319201946259,-13.90466594696045,-16.054542541503906,-1.6855244636535645,4.0686774253845215,-0.23327574133872986,-14.830717086791992,0.044192805886268616,0.5718476176261902,1.1546155511925809,0.12122006650497995,-0.29261241200408233,0.016776794306521514,2.139693417017263,1.0407379054178545,1.2455790578297248,0.838629430900657,3386,3184,2,Box 3,ARG_org_3aer-ARG_org
2017-07-15 10:14:00,-22.480302810668945,-0.17581719160079956,-22.305999755859375,-20.608844757080078,-5.278414249420166,3.973209857940674,-0.39194732904434204,-24.152568817138672,0.14528293907642365,1.5242942571640015,0.9239149940467557,0.23663653721984396,-0.1781229178464113,0.017571386579811638,2.1076119305349605,1.1001837632989875,1.3086344235872198,0.8446942760706143,8644,8387,3,Box 4,ARG_org_3aer-ARG_org
2017-07-15 10:16:00,-16.538835525512695,0.03527866676449776,-16.533130645751953,-15.873534202575684,-1.443778395652771,1.1131230592727661,-0.32894009351730347,-16.949716567993164,0.018678998574614525,0.1480899155139923,0.960104616664578,0.08732638015847739,-0.06732681094948345,0.019895814126428032,1.8066502027479154,1.0272638359386033,1.227955611567212,0.8399891822215734,2684,2647,0,Box 1,ARG_org_3aer-ARG_org
2017-07-15 10:16:00,-16.533456802368164,-0.1736566573381424,-16.516517639160156,-17.821928024291992,-2.4149177074432373,3.861923933029175,-0.141595259308815,-17.529258728027344,0.055483706295490265,0.6115027666091919,1.0790366938978972,0.14621227659648778,-0.23382191854761125,0.008572948053226226,2.1374730261139048,1.0528128990739476,1.2644803551065045,0.8342818543048987,3541,3354,1,Box 2,ARG_org_3aer-ARG_org
2017-07-15 10:16:00,-14.353114128112793,-0.16691270470619202,-14.23311996459961,-16.218324661254883,-1.8903366327285767,3.92586612701416,-0.05032384395599365,-15.119340896606445,0.04307470843195915,0.5472375750541687,1.1394778862392991,0.13281251427646248,-0.27582608637255235,0.00353568585679076,2.102940154544237,1.0442720163919808,1.2429025701727878,0.8408343669334735,3356,3149,2,Box 3,ARG_org_3aer-ARG_org
2017-07-15 10:16:00,-22.849571228027344,-0.1250038594007492,-22.731515884399414,-20.158597946166992,-5.217653751373291,3.0240209102630615,-0.37928467988967896,-24.580955505371094,0.14602798223495483,1.5136157274246216,0.8868127714099328,0.22953392186888275,-0.1330321037015546,0.016685410422739105,1.9932809973303767,1.0933738681302214,1.2959886330229036,0.8473177311822391,8592,8311,3,Box 4,ARG_org_3aer-ARG_org
2017-07-15 10:18:00,-16.74234390258789,-0.24138328433036804,-16.691627502441406,-16.119094848632812,-1.27248215675354,0.827899694442749,-0.1279497593641281,-17.171873092651367,0.02134700119495392,0.19065777957439423,0.9656994251124257,0.07623477305784557,-0.04959970386213458,0.0076655056918633335,1.7892325973295646,1.0232295661072843,1.222401147738615,0.8383548266420985,2762,2716,0,Box 1,ARG_org_3aer-ARG_org
2017-07-15 10:18:00,-16.787391662597656,0.0030869462061673403,-16.688400268554688,-17.382328033447266,-2.485888719558716,2.988875150680542,0.19094157218933105,-17.81057357788086,0.05838990956544876,0.6519718170166016,1.0415814385134832,0.1489590650902041,-0.17909893073103364,-0.011441572872653627,2.056796638438263,1.0529193915958879,1.259590666574658,0.8337174813858378,3525,3359,1,Box 2,ARG_org_3aer-ARG_org
2017-07-15 10:18:00,-14.58403205871582,-0.10887197405099869,-14.53869342803955,-16.303600311279297,-1.8102270364761353,3.6654229164123535,-0.0902884379029274,-15.369824409484863,0.04098737984895706,0.5265066027641296,1.1213938196121536,0.12451099746520602,-0.2521150347719478,0.00621021769458821,2.135932256332232,1.0430315296417854,1.2530534277831133,0.8335588377690448,3345,3142,2,Box 3,ARG_org_3aer-ARG_org
2017-07-15 10:18:00,-23.100343704223633,-0.043836019933223724,-23.030136108398438,-20.520265579223633,-5.224093437194824,3.0336520671844482,-0.3194292187690735,-24.863739013671875,0.14620555937290192,1.4902057647705078,0.8910179701956854,0.22683729234311859,-0.13172531485458355,0.013870052315779563,2.005464977214629,1.0926203535225296,1.2973580559664344,0.8452352086964815,8575,8298,3,Box 4,ARG_org_3aer-ARG_org
2017-07-15 10:20:00,-17.52698516845703,-0.10049495846033096,-17.554168701171875,-18.25420570373535,-1.512052297592163,2.313563585281372,-0.10147354006767273,-18.022274017333984,0.02380882017314434,0.23079991340637207,1.039878716070271,0.08613637066882807,-0.1317956811751551,0.005780594436056108,1.856991708855021,1.0259665001742053,1.21945867827626,0.8422949342029276,2825,2782,0,Box 1,ARG_org_3aer-ARG_org
2017-07-15 10:20:00,-17.62860107421875,-0.17656554281711578,-17.541231155395508,-20.929380416870117,-3.0315093994140625,6.377864837646484,0.041792843490839005,-18.734046936035156,0.06607729196548462,0.7710790038108826,1.1931533750888,0.17282191298087207,-0.36359273907538664,-0.0023825489942853606,2.324182747207059,1.0629825847050172,1.265684795846358,0.8393764699204771,3554,3385,1,Box 2,ARG_org_3aer-ARG_org
2017-07-15 10:20:00,-14.991659164428711,-0.02584254927933216,-14.965160369873047,-17.679628372192383,-2.092886447906494,4.820044994354248,-0.012689856812357903,-15.810700416564941,0.042914848774671555,0.523615300655365,1.1813858779917892,0.13985057728278277,-0.32208441533158216,0.0008479600570102108,2.2170748948192216,1.0482538453007317,1.2518822544980452,0.8375017261245514,3332,3132,2,Box 3,ARG_org_3aer-ARG_org
2017-07-15 10:20:00,-23.151214599609375,-0.06223216652870178,-23.050132751464844,-21.345901489257812,-5.05126428604126,3.472365140914917,-0.12533104419708252,-24.92365837097168,0.14191219210624695,1.4101853370666504,0.9260641658157629,0.21914255474853245,-0.1506440450781438,0.005437324513848457,2.034809960649917,1.0876879846616594,1.2913739094535601,0.8434437978569571,8581,8268,3,Box 4,ARG_org_3aer-ARG_org
2017-07-15 10:22:00,-17.96335792541504,0.050037022680044174,-17.83547019958496,-19.538501739501953,-1.9621657133102417,3.81188702583313,-0.14669127762317657,-18.49323844909668,0.02400839328765869,0.24426300823688507,1.0954855665452536,0.11001481227225968,-0.21372507255225867,0.008224693734745353,1.9586949394255406,1.034333219000492,1.2269853795417276,0.8444068773547865,2908,2859,0,Box 1,ARG_org_3aer-ARG_org
2017-07-15 10:22:00,-18.031343460083008,-0.22395820915699005,-18.023067474365234,-20.75379753112793,-2.9050800800323486,5.501662254333496,0.134148970246315,-19.180265426635742,0.06956111639738083,0.8133330345153809,1.151513115042006,0.16118679412686454,-0.3052567271016635,-0.007443182067206955,2.1709657494367884,1.055752327226404,1.2515619417674657,0.8421400920698853,3566,3403,1,Box 2,ARG_org_3aer-ARG_org
2017-07-15 10:22:00,-15.764570236206055,-0.016400011256337166,-15.719947814941406,-17.931058883666992,-2.6743977069854736,4.676869869232178,0.20863856375217438,-16.659650802612305,0.04752865806221962,0.5774756669998169,1.1406563600712243,0.17012762992935768,-0.29751177388386385,-0.013272216116718139,2.1855290071337907,1.0600399748387876,1.2566907459854872,0.8409629159601087,3317,3084,2,Box 3,ARG_org_3aer-ARG_org
2017-07-15 10:22:00,-23.20029067993164,-0.05947728827595711,-23.1046085357666,-20.932870864868164,-4.6553826332092285,2.596689224243164,-0.11304718255996704,-24.99706268310547,0.14004603028297424,1.3577386140823364,0.9060040172526871,0.20149149262799104,-0.11238835093347377,0.004892841052795638,1.9555039187566574,1.0774257616089802,1.2798489584030606,0.8428551537452685,8564,8233,3,Box 4,ARG_org_3aer-ARG_org
2017-07-15 10:24:00,-18.73474884033203,-0.19739387929439545,-18.74046516418457,-20.331567764282227,-1.8690370321273804,3.514936923980713,-0.05479828268289566,-19.328346252441406,0.029118556529283524,0.31056660413742065,1.0849019120277439,0.09973268610047004,-0.18755865998291824,0.002924061854704313,1.959903997397541,1.0314121818023942,1.2296694776627337,0.8392791032475555,2971,2920,0,Box 1,ARG_org_3aer-ARG_org
2017-07-15 10:24:00,-17.571475982666016,-0.03656790778040886,-17.447059631347656,-17.753833770751953,-3.199103832244873,3.6658124923706055,-0.1599348783493042,-18.669313430786133,0.06676043570041656,0.784134030342102,1.017583139205379,0.18336062066509345,-0.2101106274170962,0.009166867546623853,2.058550243629926,1.0672119447039607,1.2668186489453754,0.8442630825728829,3636,3441,1,Box 2,ARG_org_3aer-ARG_org
2017-07-15 10:24:00,-16.511991500854492,-0.15546920895576477,-16.305063247680664,-15.344803810119629,-1.6763393878936768,0.909381091594696,-0.19330300390720367,-17.49271583557129,0.055273544043302536,0.7046684622764587,0.9411065489658834,0.10281097474681945,-0.05577291972373036,0.011855396011027489,1.8054018142914008,1.0327963104925093,1.2327546951529036,0.8398764258110339,3263,3045,2,Box 3,ARG_org_3aer-ARG_org
2017-07-15 10:24:00,-23.56720542907715,0.06359472125768661,-23.622848510742188,-22.00874900817871,-5.140475749969482,3.5084292888641357,0.017945973202586174,-25.408660888671875,0.1388559490442276,1.325995922088623,0.9316720912364109,0.2176060774652742,-0.1485184816166835,-0.0007596870850016257,2.028471962138138,1.0861054148552554,1.2879494759741528,0.8431205279435057,8523,8175,3,Box 4,ARG_org_3aer-ARG_org
2017-07-15 10:26:00,-18.994853973388672,-0.14025507867336273,-19.02472496032715,-19.024858474731445,-1.82825767993927,1.8333243131637573,-0.004934149794280529,-19.6173095703125,0.029846081510186195,0.32105451822280884,1.000006968894491,0.0960990413730136,-0.09636536487212578,0.0002593546046211481,1.8042735498050357,1.0287624896997243,1.2174006579392802,0.845091524714176,3039,2979,0,Box 1,ARG_org_3aer-ARG_org
2017-07-15 10:26:00,-18.005001068115234,-0.14024604856967926,-17.868541717529297,-19.800838470458984,-2.8410985469818115,5.230036735534668,-0.4566430151462555,-19.153676986694336,0.06955605000257492,0.8311070203781128,1.1081395028973469,0.15900002001351035,-0.29269521593918785,0.02555569302833066,2.2299271842847244,1.0592220864578463,1.2728211976423711,0.8373307335928065,3621,3418,1,Box 2,ARG_org_3aer-ARG_org
2017-07-15 10:26:00,-16.969268798828125,-0.1321198046207428,-16.83182144165039,-19.041194915771484,-2.443241834640503,4.791650295257568,-0.13903653621673584,-18.00014305114746,0.056204475462436676,0.7073398232460022,1.1312615962188333,0.14515611019984803,-0.28467804422802506,0.008260337809343765,2.1314648642483953,1.0497525061127433,1.249818903705694,0.8414722930452594,3263,3085,2,Box 3,ARG_org_3aer-ARG_org
2017-07-15 10:26:00,-23.82599449157715,-0.04379982873797417,-23.774389266967773,-21.95940399169922,-4.772130966186523,3.326662302017212,-0.36951708793640137,-25.70965003967285,0.1384068876504898,1.3077257871627808,0.923657957632165,0.20072569573622723,-0.13992630498679678,0.015542651618404596,2.010834254322269,1.0788579503408628,1.286718747710643,0.8417484076121367,8477,8100,3,Box 4,ARG_org_3aer-ARG_org
2017-07-15 10:28:00,-19.23208999633789,-0.12945982813835144,-19.16364097595215,-20.56760597229004,-2.1012096405029297,3.7020676136016846,-0.1968928873538971,-19.88406753540039,0.03270623832941055,0.35337454080581665,1.0732619048153682,0.10964563864931014,-0.19318183656478832,0.010274293100109966,1.9393880203898264,1.0344132490308264,1.2284084964910964,0.8438576601016189,3131,3065,0,Box 1,ARG_org_3aer-ARG_org
2017-07-15 10:28:00,-18.129419326782227,-0.16562111675739288,-18.056350708007812,-18.560199737548828,-3.244701862335205,3.6841065883636475,0.06444545090198517,-19.295791625976562,0.07024238258600235,0.8484731316566467,1.0279042825234423,0.17969864916856013,-0.2040338028683389,-0.0035691288236635865,2.0641814795521474,1.0653987345918334,1.2649338934248762,0.8415502510863118,3649,3424,1,Box 2,ARG_org_3aer-ARG_org
2017-07-15 10:28:00,-17.158334732055664,-0.1579747051000595,-17.029558181762695,-18.752046585083008,-2.273728132247925,4.089521408081055,-0.09330561012029648,-18.21937370300293,0.05781686678528786,0.7084984183311462,1.1011469536505178,0.13351656504524317,-0.2401425574011238,0.005479038705362788,2.081410805427107,1.0454440683683226,1.248451216468793,0.8384115443308476,3265,3065,2,Box 3,ARG_org_3aer-ARG_org
2017-07-15 10:28:00,-23.962190628051758,-0.19071437418460846,-23.788007736206055,-21.949787139892578,-4.544325351715088,3.0639960765838623,-0.3578943610191345,-25.872169494628906,0.13674895465373993,1.2786064147949219,0.9227247924626703,0.1910342687995465,-0.12880422096659472,0.015045159704377975,1.9777150534238315,1.0731434951204437,1.2793483791737164,0.8419351438474889,8472,8097,3,Box 4,ARG_org_3aer-ARG_org
2017-07-15 10:30:00,-20.155210494995117,0.046682242304086685,-19.979936599731445,-19.037269592285156,-2.116032361984253,1.3416131734848022,-0.168247789144516,-20.877349853515625,0.03552725166082382,0.3867589831352234,0.9528193145409846,0.10590785952995309,-0.0671480113893292,0.00842083731839155,1.7733310099295405,1.0323495047463522,1.2219019893580367,0.8462979736681874,3173,3132,0,Box 1,ARG_org_3aer-ARG_org
2017-07-15 10:30:00,-18.25018882751465,-0.06057082116603851,-18.085105895996094,-19.331640243530273,-3.6057844161987305,4.769338607788086,0.08298372477293015,-19.43412971496582,0.07089612632989883,0.8747092485427856,1.0689262318143133,0.19937867955162503,-0.263716398987953,-0.004588512377985354,2.218535610778146,1.0771459852035992,1.2820859645830054,0.8391937525461123,3679,3469,1,Box 2,ARG_org_3aer-ARG_org
2017-07-15 10:30:00,-17.518831253051758,-0.2602802813053131,-17.40106201171875,-17.72219467163086,-2.737436294555664,3.159116506576538,-0.10054777562618256,-18.632713317871094,0.0611380934715271,0.7734147906303406,1.0184547704635676,0.15731432496826728,-0.18154735050209905,0.005778255070264193,1.9593225567805885,1.0533189237672742,1.246247473468936,0.8462682000399546,3289,3093,2,Box 3,ARG_org_3aer-ARG_org
2017-07-15 10:30:00,-24.202058792114258,-0.1396392434835434,-24.101057052612305,-23.259048461914062,-4.901664733886719,4.5491719245910645,-0.4895174503326416,-26.163955688476562,0.1352176070213318,1.262186884880066,0.9650633300774376,0.20337965019535958,-0.18875401366462274,0.02031103339182555,2.0907301590477947,1.0808120159702461,1.2901228760299408,0.8421047552067159,8442,8014,3,Box 4,ARG_org_3aer-ARG_org
2017-07-15 10:32:00,-20.65673065185547,-0.05608495697379112,-20.628814697265625,-22.107975006103516,-2.7485568523406982,4.1759724617004395,0.05174743011593819,-21.435482025146484,0.03915582597255707,0.4309839606285095,1.071703723077791,0.13323872595395772,-0.20243394667711523,-0.0025085023546335405,1.949322428554301,1.0423649046765004,1.230730261100084,0.8465073392152676,3236,3171,0,Box 1,ARG_org_3aer-ARG_org
2017-07-15 10:32:00,-18.037511825561523,-0.020111480727791786,-17.963539123535156,-20.86776351928711,-3.584885358810425,6.6033806800842285,-0.11426912993192673,-19.19832992553711,0.06831788271665573,0.8211902976036072,1.1616733978247893,0.19956454368497467,-0.3675991116407655,0.0063611701310015145,2.3972316830137275,1.0779914116053,1.285153179157621,0.8401435287194341,3700,3467,1,Box 2,ARG_org_3aer-ARG_org
2017-07-15 10:32:00,-17.753217697143555,-0.34308144450187683,-17.52702522277832,-16.37628746032715,-2.3755035400390625,1.5913300514221191,-0.3665628135204315,-18.91373634338379,0.06678396463394165,0.8665335774421692,0.9343450300370214,0.13553376332555847,-0.09079294239559627,0.020914149033016388,1.857985375460273,1.0459557274926428,1.2473332267644535,0.8424384941965372,3346,3135,2,Box 3,ARG_org_3aer-ARG_org
2017-07-15 10:32:00,-24.183202743530273,0.057773660868406296,-24.23936653137207,-22.339384078979492,-5.420323848724365,3.86332368850708,-0.3429807722568512,-26.157346725463867,0.13397032022476196,1.2454257011413574,0.9216159179867646,0.2236165479936411,-0.15938220741871564,0.014149741438309965,2.064042208852721,1.0918950990688778,1.2996563610899345,0.8432629595242912,8376,7925,3,Box 4,ARG_org_3aer-ARG_org
2017-07-15 10:34:00,-20.654333114624023,-0.03728807345032692,-20.475446701049805,-21.52724266052246,-2.9546124935150146,4.242765426635742,-0.23635739088058472,-21.445228576660156,0.03870464861392975,0.4325489401817322,1.051368653888959,0.14430025738887198,-0.20721236547042077,0.01154345419258973,1.955175022235761,1.0470866006719597,1.2368571647894484,0.8486502419653063,3330,3256,0,Box 1,ARG_org_3aer-ARG_org
2017-07-15 10:34:00,-18.381223678588867,0.043980956077575684,-18.38580322265625,-20.100093841552734,-4.051960468292236,5.764771938323975,0.0014794564340263605,-19.599037170410156,0.0727042704820633,0.8710074424743652,1.0932399304615528,0.2203852814949841,-0.31354474463028453,-8.046732625233144e-05,2.3452975560466234,1.0897175381766842,1.2968055837002135,0.840291530202369,3709,3463,1,Box 2,ARG_org_3aer-ARG_org
2017-07-15 10:34:00,-18.022539138793945,-0.30074360966682434,-17.811960220336914,-18.793886184692383,-3.024052619934082,4.1172661781311035,-0.11128788441419601,-19.228973388671875,0.06974721699953079,0.9108540415763855,1.0551273034601918,0.16977650367101343,-0.23115173626067848,0.006247929129473251,2.068586636177879,1.0602222783002684,1.2581339933628477,0.8439041365819759,3378,3174,2,Box 3,ARG_org_3aer-ARG_org
2017-07-15 10:34:00,-24.462106704711914,-0.057562630623579025,-24.407432556152344,-22.4683837890625,-5.655706405639648,4.163397312164307,-0.44673943519592285,-26.47810935974121,0.1348358541727066,1.2535429000854492,0.9205549934277768,0.23172067463772897,-0.17057908730944546,0.01830341924393969,2.071289599401378,1.0959779706234298,1.3017000745275145,0.8460320910287447,8315,7871,3,Box 4,ARG_org_3aer-ARG_org
2017-07-15 10:36:00,-20.7982177734375,-0.10565365105867386,-20.74494743347168,-20.651037216186523,-2.812354326248169,2.901113510131836,-0.18266607820987701,-21.615964889526367,0.040994785726070404,0.4662424325942993,0.9954732928302706,0.13556815462332805,-0.13984677676006124,0.00880532930646255,1.8571354946665337,1.0430525314954862,1.2303311890718935,0.849330698245583,3437,3376,0,Box 1,ARG_org_3aer-ARG_org
2017-07-15 10:36:00,-18.3438720703125,0.03146003559231758,-18.17438316345215,-17.8291015625,-3.856200933456421,3.5851504802703857,-0.07422999292612076,-19.56308937072754,0.07365352660417557,0.8881112933158875,0.9810018294878586,0.21217780923286236,-0.1972639586562428,0.004084319935521802,2.101857828389036,1.0836459993614924,1.2871138612880328,0.842787674142951,3735,3489,1,Box 2,ARG_org_3aer-ARG_org
2017-07-15 10:36:00,-18.50762176513672,-0.0423332117497921,-18.40420913696289,-18.624345779418945,-3.654745101928711,3.9995975494384766,-0.12471336871385574,-19.77637481689453,0.07456836104393005,0.9570655226707458,1.0119613582589118,0.1985820244061256,-0.2173197337824928,0.006776351117455448,2.095241802021002,1.0752727947667786,1.275887522015336,0.8441571236687171,3372,3153,2,Box 3,ARG_org_3aer-ARG_org
2017-07-15 10:36:00,-24.90239715576172,-0.11009127646684647,-24.774635314941406,-22.615882873535156,-6.034383773803711,4.38463020324707,-0.5089980363845825,-26.99064064025879,0.14105241000652313,1.3417925834655762,0.9128644313494114,0.24357105352245267,-0.1769806138827418,0.02054512901087771,2.0868249422140996,1.1031199243670566,1.3081592906590616,0.8479278631772112,8245,7813,3,Box 4,ARG_org_3aer-ARG_org
2017-07-15 10:38:00,-20.853578567504883,0.0570424385368824,-20.716163635253906,-20.1718692779541,-3.134309768676758,2.4131031036376953,0.17690923810005188,-21.695817947387695,0.042274508625268936,0.48073112964630127,0.973725952064358,0.15129776339918893,-0.11648404440877609,-0.008539671054770812,1.8314209992509685,1.048132155390193,1.230154523134233,0.850527090420332,3541,3468,0,Box 1,ARG_org_3aer-ARG_org
2017-07-15 10:38:00,-18.767011642456055,-0.09842108935117722,-18.51850128173828,-17.620229721069336,-3.440275192260742,2.5132551193237305,0.028751611709594727,-20.03309440612793,0.0760704055428505,0.9327170252799988,0.9514934388454731,0.1857750605436968,-0.13571591075409387,-0.001552588635076041,1.9808694686303747,1.0690054614148476,1.270563759015832,0.8410503515524983,3757,3498,1,Box 2,ARG_org_3aer-ARG_org
2017-07-15 10:38:00,-19.296735763549805,-0.14609238505363464,-19.1575870513916,-18.965259552001953,-4.101589202880859,3.839850902557373,0.06941083818674088,-20.66685676574707,0.08223773539066315,1.0867013931274414,0.9899607601706707,0.2140974099371034,-0.20043501881986506,-0.003623151287909049,2.066243095288477,1.0816379562661962,1.2768088818167567,0.8463919295110827,3301,3112,2,Box 3,ARG_org_3aer-ARG_org
2017-07-15 10:38:00,-25.142845153808594,-0.3277018070220947,-24.824617385864258,-21.970651626586914,-6.351866722106934,4.413055896759033,-0.9151562452316284,-27.296348571777344,0.149417906999588,1.465364933013916,0.8850348109597842,0.2558696514623891,-0.17776932676418344,0.03686486434201014,2.1052285689965906,1.113612300156681,1.3236256501921184,0.8500758946522328,8220,7776,3,Box 4,ARG_org_3aer-ARG_org
2017-07-15 10:40:00,-20.857643127441406,-0.1256651133298874,-20.778806686401367,-22.628816604614258,-3.4556069374084473,5.44399356842041,-0.13837553560733795,-21.7238826751709,0.0452721044421196,0.5189125537872314,1.0890335832834703,0.16630439100195474,-0.2619974302591345,0.006659455973709483,2.078593782334749,1.0574577352955037,1.251017805127016,0.846539543222553,3655,3568,0,Box 1,ARG_org_3aer-ARG_org
2017-07-15 10:40:00,-18.58591079711914,-0.10162243992090225,-18.47283363342285,-21.266599655151367,-4.0660858154296875,6.7723388671875,0.08751402795314789,-19.84270668029785,0.07401567697525024,0.8938619494438171,1.1512365594711362,0.22011163260022643,-0.36661074687239276,-0.004737445198969903,2.4233143931168666,1.0883003585317437,1.292121753812136,0.8412363688356662,3801,3572,1,Box 2,ARG_org_3aer-ARG_org
2017-07-15 10:40:00,-19.33292007446289,-0.1111975684762001,-19.209016799926758,-20.233190536499023,-3.667665958404541,4.800893306732178,-0.10905306786298752,-20.725753784179688,0.08653346449136734,1.116668701171875,1.0533173640543,0.19093459907112245,-0.2499291437850208,0.005677180659598241,2.13263171260367,1.071053714815731,1.270834149243217,0.8439433719669299,3307,3092,2,Box 3,ARG_org_3aer-ARG_org
2017-07-15 10:40:00,-25.63467788696289,-0.5045632123947144,-25.1654052734375,-21.213769912719727,-6.791591644287109,3.561443567276001,-0.7214887142181396,-27.868600845336914,0.16101182997226715,1.6100432872772217,0.8429734585973061,0.2698780881636576,-0.1415214115336768,0.028669864772713105,2.0389329409376376,1.120798912400898,1.32539662886408,0.8524903636394733,8144,7679,3,Box 4,ARG_org_3aer-ARG_org
2017-07-15 10:42:00,-20.796180725097656,-0.1853918880224228,-20.75461769104004,-23.621551513671875,-3.6223676204681396,6.5314040184021,-0.0421021394431591,-21.683874130249023,0.04698557034134865,0.5475287437438965,1.1381347692666728,0.1745330827197728,-0.31469641928015823,0.0020285672937126464,2.1212355437028365,1.059354266897974,1.246379591253867,0.8503249540018638,3784,3695,0,Box 1,ARG_org_3aer-ARG_org
2017-07-15 10:42:00,-18.8986759185791,-0.1691463440656662,-18.68446159362793,-19.24248504638672,-3.7770118713378906,4.727408409118652,-0.39237090945243835,-20.1884708404541,0.07529203593730927,0.9027329087257385,1.0298657753270075,0.20214721070352443,-0.25301283938777813,0.02099985335724619,2.205944223052412,1.0807400032786703,1.2918441778077292,0.8410977888829072,3825,3601,1,Box 2,ARG_org_3aer-ARG_org
2017-07-15 10:42:00,-18.911056518554688,-0.12284383922815323,-18.771102905273438,-17.643583297729492,-3.3503880500793457,2.245638370513916,-0.022770529612898827,-20.253400802612305,0.08039369434118271,1.0289264917373657,0.9399331688815556,0.1784865016350641,-0.11963273346669298,0.0012130629500732293,1.9477956105434713,1.0653470208249538,1.2667247578842795,0.8412661158627935,3308,3075,2,Box 3,ARG_org_3aer-ARG_org
2017-07-15 10:42:00,-25.89189910888672,-0.6699321269989014,-25.28302574157715,-23.04690933227539,-6.713287353515625,5.287487030029297,-0.8103150725364685,-28.179189682006836,0.16862492263317108,1.7129645347595215,0.9115566516640096,0.2655254987595693,-0.20913192023321922,0.03204976980964033,2.199027171022281,1.1216150549320876,1.3339670996520459,0.8486128110036082,8053,7585,3,Box 4,ARG_org_3aer-ARG_org
2017-07-15 10:44:00,-20.792194366455078,-0.28572389483451843,-20.743915557861328,-22.764883041381836,-3.858156681060791,5.87977409362793,-0.0006512765539810061,-21.70696258544922,0.05105641484260559,0.6052577495574951,1.0974245204000177,0.1859897787170714,-0.2834456951474666,3.1396030377495165e-05,2.1170777467885857,1.0656207790880043,1.2558557996741893,0.8485276743599722,3910,3801,0,Box 1,ARG_org_3aer-ARG_org
2017-07-15 10:44:00,-18.933120727539062,-0.2543266713619232,-18.62116813659668,-20.9525146484375,-3.729094982147217,5.923587322235107,0.13685385882854462,-20.244470596313477,0.0759778544306755,0.8892887234687805,1.1251986857506158,0.20026105155632287,-0.3181103668835189,-0.007349370423419765,2.2155196626047964,1.0733555258584964,1.2657416416847962,0.8465378024340805,3858,3607,1,Box 2,ARG_org_3aer-ARG_org
2017-07-15 10:44:00,-19.070144653320312,-0.09033937007188797,-18.891075134277344,-17.471416473388672,-3.183612823486328,1.8750934600830078,-0.11114004999399185,-20.428482055664062,0.08011406660079956,1.0229042768478394,0.9248502834563251,0.16852468581830488,-0.09925817320651373,0.005883203931883713,1.8978647289511636,1.0601138702908361,1.2597721418533168,0.8426564604352758,3280,3038,2,Box 3,ARG_org_3aer-ARG_org
2017-07-15 10:44:00,-25.839027404785156,-0.6370416283607483,-25.20509147644043,-22.909645080566406,-7.339421272277832,5.479099750518799,-0.43512672185897827,-28.158855438232422,0.17653363943099976,1.8245429992675781,0.9089292109604346,0.29118799903251114,-0.2173806550203264,0.017263445027380725,2.2071113253303865,1.1352053173553676,1.3368765804323879,0.8534142138323512,7990,7514,3,Box 4,ARG_org_3aer-ARG_org
2017-07-15 10:46:00,-20.693191528320312,-0.13768278062343597,-20.516075134277344,-20.97901153564453,-3.5402443408966064,4.263923168182373,-0.2607402801513672,-21.617595672607422,0.04874086007475853,0.5743549466133118,1.0225646693336778,0.17255953636169344,-0.2078332798250459,0.012709074129674619,1.9846338935699317,1.059539223287227,1.2503660961987717,0.8497929076822218,4050,3956,0,Box 1,ARG_org_3aer-ARG_org
2017-07-15 10:46:00,-19.285741806030273,-0.13164862990379333,-18.908016204833984,-20.373409271240234,-3.6304686069488525,5.350992202758789,-0.2551312744617462,-20.636632919311523,0.07957787066698074,0.9157325029373169,1.077501134094782,0.19200683649573955,-0.28300125573496593,0.013493285144444367,2.168332770668833,1.0713915523216715,1.2705248525526234,0.8459956453798867,3891,3613,1,Box 2,ARG_org_3aer-ARG_org
2017-07-15 10:46:00,-19.218059539794922,-0.12246949970722198,-19.045732498168945,-19.51004409790039,-3.75252628326416,4.128314018249512,0.08852294832468033,-20.609153747558594,0.08445723354816437,1.092427134513855,1.0243787289893902,0.19702714307571667,-0.21675795686500743,-0.0046479152000994395,2.1393874808280753,1.075879509464836,1.2807853360938388,0.8390498202801792,3243,3011,2,Box 3,ARG_org_3aer-ARG_org
2017-07-15 10:46:00,-25.437976837158203,-0.6377235651016235,-24.83875274658203,-21.4056396484375,-7.503404140472412,4.810908794403076,-0.7406205534934998,-27.737464904785156,0.17907102406024933,1.8609706163406372,0.8617839036050663,0.3020845579162867,-0.19368560017538675,0.029817138654033765,2.1727648907539514,1.1456902332243215,1.3500650529037654,0.8562475057092986,7964,7447,3,Box 4,ARG_org_3aer-ARG_org
2017-07-15 10:48:00,-20.93764877319336,-0.17599143087863922,-20.97757339477539,-22.31266212463379,-4.070735931396484,5.226098537445068,0.17972414195537567,-21.89334487915039,0.047254856675863266,0.5553547143936157,1.0636435203933126,0.1940517808860517,-0.24912786125480219,-0.008567440024562056,2.073577930886093,1.0687874098597934,1.2567717953821456,0.8487592690483331,4131,4052,0,Box 1,ARG_org_3aer-ARG_org
2017-07-15 10:48:00,-19.578672409057617,-0.17296233773231506,-19.122549057006836,-19.734695434570312,-3.3591790199279785,3.9597370624542236,0.011588696390390396,-20.946773529052734,0.07750887423753738,0.872633695602417,1.0320117696665676,0.1756658921446551,-0.20707163920467545,-0.0006060226065472685,2.0498772932472984,1.0629936804551534,1.2609159736065603,0.8429144870084544,3879,3612,1,Box 2,ARG_org_3aer-ARG_org
2017-07-15 10:48:00,-18.862720489501953,-0.132661834359169,-18.54631805419922,-18.366090774536133,-3.804065465927124,3.8006651401519775,-0.1768258810043335,-20.207735061645508,0.08202971518039703,1.0576318502426147,0.990282357967681,0.20511164868938409,-0.2049282922730445,0.009534285615979354,2.1036354328310263,1.0800591355906357,1.2844383450795402,0.8428897559345228,3244,2987,2,Box 3,ARG_org_3aer-ARG_org
2017-07-15 10:48:00,-25.218608856201172,-0.6116636395454407,-24.620162963867188,-21.098676681518555,-7.681620121002197,4.9975666999816895,-0.8374301195144653,-27.50725555419922,0.18093341588974,1.8964173793792725,0.8569675340520492,0.3120052423169285,-0.2029867751028783,0.034013998733900624,2.1784088659037404,1.1522719629327134,1.3537097492553167,0.8600093011158793,7921,7327,3,Box 4,ARG_org_3aer-ARG_org
2017-07-15 10:50:00,-21.098819732666016,-0.04260437563061714,-21.061037063598633,-23.856637954711914,-4.048834323883057,6.85803747177124,-0.013602720573544502,-22.077287673950195,0.04692669212818146,0.5491899251937866,1.1327380090073098,0.19224286363147572,-0.3256267439987841,0.0006458713599986066,2.1373238420320355,1.0665764872561008,1.2504653895721527,0.8530667708684488,4203,4109,0,Box 1,ARG_org_3aer-ARG_org
2017-07-15 10:50:00,-19.912839889526367,-0.18288767337799072,-19.58526611328125,-16.79523468017578,-2.65619158744812,0.21972763538360596,-0.3535664975643158,-21.322345733642578,0.08005738258361816,0.8693857192993164,0.8575444364783762,0.13562191310113783,-0.011219026749826366,0.018052677170312344,1.753001957164908,1.0453874270927703,1.243826688604144,0.8437777531980875,3912,3620,1,Box 2,ARG_org_3aer-ARG_org
2017-07-15 10:50:00,-18.78302574157715,0.15816837549209595,-18.89150619506836,-16.877046585083008,-3.9318807125091553,2.4886021614074707,-0.5711820721626282,-20.107662200927734,0.08386282622814178,1.0421656370162964,0.8933668783933802,0.20812953553956612,-0.1317312774948657,0.030234863561919345,1.9963185179512943,1.0838584900987889,1.2942609604331936,0.8439907712477769,3227,2962,2,Box 3,ARG_org_3aer-ARG_org
2017-07-15 10:50:00,-25.349885940551758,-0.7601522207260132,-24.64451789855957,-21.124717712402344,-7.680480480194092,5.029961109161377,-0.8692806959152222,-27.659080505371094,0.1842493861913681,1.9348077774047852,0.8571771369779011,0.3116506663314243,-0.20410058683290327,0.03527278352357788,2.1994893802858093,1.1540651691868107,1.3586883374238437,0.858629872293507,7804,7190,3,Box 4,ARG_org_3aer-ARG_org
2017-07-15 10:52:00,-21.012666702270508,-0.17920494079589844,-21.023090362548828,-21.365020751953125,-3.942915678024292,4.413403034210205,-0.12855680286884308,-21.97806739807129,0.04467672482132912,0.5254058241844177,1.016264526293159,0.1875516721254458,-0.20993122756370614,0.006115029145101231,1.9508268387455705,1.0636039468099283,1.2450630137466558,0.8554028758015687,4270,4152,0,Box 1,ARG_org_3aer-ARG_org
2017-07-15 10:52:00,-20.409273147583008,0.10254575312137604,-20.06256675720215,-21.6058406829834,-3.62544846534729,4.851178169250488,0.3175438940525055,-21.8845272064209,0.08431123197078705,0.8987404108047485,1.0769230567905597,0.18070710937065498,-0.2418024844029614,-0.015827681758253248,2.0870973619598177,1.0636764581539508,1.2557583611679366,0.8439913874936857,3886,3575,1,Box 2,ARG_org_3aer-ARG_org
2017-07-15 10:52:00,-18.03587532043457,-0.0034763957373797894,-18.03284454345703,-20.775815963745117,-3.6597869396209717,6.3939619064331055,0.008795225992798805,-19.27457618713379,0.07807320356369019,0.9337650537490845,1.1521096744360035,0.2029511782963022,-0.35457311903228617,-0.00048773370001953253,2.3288123843351323,1.0772995935773841,1.2770883272731943,0.8434585657293291,3241,2962,2,Box 3,ARG_org_3aer-ARG_org
2017-07-15 10:52:00,-25.642723083496094,-0.8751154541969299,-24.790637969970703,-21.6596736907959,-7.507830619812012,5.186516761779785,-0.8096486926078796,-27.9864559173584,0.18755361437797546,1.9706413745880127,0.8737038140535042,0.3028494475439193,-0.20921271505319172,0.03265945345576826,2.1946376234388083,1.1459424502627726,1.3496958258938863,0.857393795465548,7664,6997,3,Box 4,ARG_org_3aer-ARG_org
2017-07-15 10:54:00,-21.426362991333008,-0.2549035847187042,-21.482833862304688,-21.928781509399414,-4.317654609680176,4.478277683258057,0.28532615303993225,-22.42716407775879,0.04515079781413078,0.5364953279495239,1.020758423184772,0.20098161434827366,-0.2084584495207334,-0.013281588012312218,1.9582355926074244,1.0683985395751754,1.2454027819693936,0.8553770390440941,4286,4185,0,Box 1,ARG_org_3aer-ARG_org
2017-07-15 10:54:00,-21.106550216674805,-0.35403165221214294,-20.693147659301758,-19.08916473388672,-2.6453025341033936,0.9922136664390564,0.04910477250814438,-22.666641235351562,0.09071962535381317,0.9850172996520996,0.9224871827079087,0.12783471439668492,-0.047948900186704835,-0.0023729969178888366,1.822988665598452,1.0424835676796116,1.2423163248596787,0.8387130744963772,3872,3533,1,Box 2,ARG_org_3aer-ARG_org
2017-07-15 10:54:00,-17.0544376373291,0.046013228595256805,-16.980390548706055,-16.39637565612793,-2.685871124267578,2.0729787349700928,0.0288764089345932,-18.2106876373291,0.07361350953578949,0.8700536489486694,0.9656064391592394,0.15817487048575718,-0.12208073585436338,-0.0017005737906331808,1.9680047104455969,1.0570171649785343,1.2632800724176252,0.8363918394920813,3261,2963,2,Box 3,ARG_org_3aer-ARG_org
2017-07-15 10:54:00,-25.790552139282227,-0.8972340822219849,-24.909420013427734,-23.270566940307617,-7.506006240844727,6.57758903503418,-0.7104347944259644,-28.13664436340332,0.18490813672542572,1.9215844869613647,0.9342074770932438,0.30133209612992673,-0.2640603040088026,0.028520730785632054,2.293991874378252,1.1432866312818757,1.344814272767309,0.8573583040189062,7516,6864,3,Box 4,ARG_org_3aer-ARG_org
2017-07-15 10:56:00,-21.79801368713379,-0.329321950674057,-21.84549903869629,-21.275667190551758,-4.006296157836914,3.1609768867492676,0.275482714176178,-22.8383846282959,0.04643572121858597,0.5479276180267334,0.9739151450813672,0.18339228548029918,-0.14469692954971267,-0.01261050101195374,1.8578999933677118,1.0600565013511285,1.2361634470147576,0.8552478542177414,4335,4234,0,Box 1,ARG_org_3aer-ARG_org
2017-07-15 10:56:00,-21.324275970458984,-0.3338731825351715,-20.881528854370117,-21.754182815551758,-3.3680827617645264,3.8415310382843018,0.3992058038711548,-22.92227554321289,0.09154621511697769,1.0020979642868042,1.0417907275527525,0.16129484907968958,-0.18396792274732912,-0.01911765388511294,1.998252206091284,1.055052409542155,1.2479484313645202,0.8418570247049413,3893,3554,1,Box 2,ARG_org_3aer-ARG_org
2017-07-15 10:56:00,-16.804479598999023,-0.18419064581394196,-16.65017318725586,-17.443252563476562,-3.215747117996216,4.286038398742676,-0.2772136926651001,-17.95973777770996,0.08129636198282242,1.0083253383636475,1.047631799721993,0.19313593479518792,-0.2574170316150002,0.016649297097819205,2.0815478981773534,1.0699119270099682,1.2627097483973195,0.8506112615648943,3284,2986,2,Box 3,ARG_org_3aer-ARG_org
2017-07-15 10:56:00,-26.014171600341797,-0.8319404125213623,-25.164520263671875,-21.987276077270508,-6.733203887939453,4.097199440002441,-0.5412386059761047,-28.37723731994629,0.18138864636421204,1.8688722848892212,0.8737411683952843,0.26756735630740436,-0.16281653034700228,0.021508005644313655,2.067946821786873,1.1176712989993836,1.3194066160116407,0.8521666739943992,7377,6701,3,Box 4,ARG_org_3aer-ARG_org
2017-07-15 10:58:00,-21.67206382751465,-0.2990591526031494,-21.74488639831543,-22.606416702270508,-3.936086893081665,4.782679080963135,0.014939652755856514,-22.720386505126953,0.04677983745932579,0.5438648462295532,1.0396199782186804,0.18101206776293904,-0.21994500389794563,-0.0006870420836737612,1.9488949011350991,1.0598101270466291,1.2385537405064266,0.8555578362428506,4430,4316,0,Box 1,ARG_org_3aer-ARG_org
2017-07-15 10:58:00,-21.390544891357422,-0.483675092458725,-20.88775634765625,-21.242097854614258,-3.6093716621398926,4.072527885437012,-0.10881518572568893,-23.015920639038086,0.09263065457344055,1.01811683177948,1.0169640371359938,0.17279844205878875,-0.19497199850087182,0.005209519306089261,2.036750703867875,1.0622989227282718,1.2625875077924074,0.842389173678273,3942,3602,1,Box 2,ARG_org_3aer-ARG_org
2017-07-15 10:58:00,-16.679798126220703,-0.1472567468881607,-16.472835540771484,-19.532060623168945,-3.423557758331299,6.835648536682129,-0.35286957025527954,-17.801027297973633,0.0733829066157341,0.9607458114624023,1.1857131175851607,0.2078304761022694,-0.41496489472032133,0.021421301032891193,2.4814043801936863,1.0829067810858402,1.291098148643513,0.8433516647408011,3232,2922,2,Box 3,ARG_org_3aer-ARG_org
2017-07-15 10:58:00,-26.18905258178711,-0.7320808172225952,-25.429244995117188,-22.777908325195312,-6.607918739318848,4.853648662567139,-0.897066593170166,-28.558897018432617,0.17767924070358276,1.8307276964187622,0.895736696554837,0.25985511837236497,-0.19086878229093263,0.03527696736373065,2.1441710263847913,1.1169906329827604,1.328227959898478,0.8494260919771358,7307,6688,3,Box 4,ARG_org_3aer-ARG_org
2017-07-15 11:00:00,-21.89725685119629,-0.20575354993343353,-21.897144317626953,-22.5224609375,-4.022527694702148,4.408555507659912,0.23929113149642944,-22.985261917114258,0.04885074868798256,0.5588850378990173,1.0285570973348956,0.18370103840608537,-0.2013301761756392,-0.010927959565341816,1.8938671569613406,1.0586865882913548,1.2299374880982248,0.8588199696459793,4500,4389,0,Box 1,ARG_org_3aer-ARG_org
2017-07-15 11:00:00,-21.536046981811523,-0.48779961466789246,-20.950471878051758,-20.373872756958008,-4.707520484924316,4.195618152618408,-0.0647006630897522,-23.211278915405273,0.09809546917676926,1.0897306203842163,0.9724778055161476,0.22469758698126335,-0.20026366015444555,0.003088267657034599,2.0951095517691667,1.0892021667373593,1.2885434883901332,0.8459592265125956,4012,3656,1,Box 2,ARG_org_3aer-ARG_org
2017-07-15 11:00:00,-16.24994468688965,-0.23424790799617767,-15.925896644592285,-19.421062469482422,-2.590198278427124,6.211118698120117,-0.12575364112854004,-17.298803329467773,0.059531815350055695,0.8237794637680054,1.2194643786142316,0.16264068213611493,-0.3900012341585535,0.007896173408206919,2.336208692319847,1.0582159590813596,1.2610446480117912,0.8406964795714168,3208,2890,2,Box 3,ARG_org_3aer-ARG_org
2017-07-15 11:00:00,-26.584178924560547,-0.6456901431083679,-25.92364501953125,-21.91080093383789,-6.956146240234375,3.695765256881714,-0.7524638175964355,-28.990509033203125,0.17790894210338593,1.8324753046035767,0.8452052049318534,0.2683321322149064,-0.14256349464730705,0.029026157500547267,2.030764431922439,1.1190183764115922,1.322315983617035,0.8531469980876725,7239,6654,3,Box 4,ARG_org_3aer-ARG_org
2017-07-15 11:02:00,-22.039621353149414,-0.2068144977092743,-22.08501434326172,-22.266096115112305,-3.889866352081299,4.200366020202637,-0.1294180154800415,-23.146961212158203,0.05024678632616997,0.5780839323997498,1.0081992949901137,0.1761314922756899,-0.19019077999132494,0.005859992725521318,1.878954918397995,1.0566385918363737,1.2318643911046896,0.8588044081305637,4565,4454,0,Box 1,ARG_org_3aer-ARG_org
2017-07-15 11:02:00,-21.39590072631836,-0.6135845184326172,-20.795503616333008,-21.721200942993164,-4.512148380279541,5.732789993286133,-0.2949448227882385,-23.09761619567871,0.09963468462228775,1.0993098020553589,1.044514245626342,0.21697710436847292,-0.2756744551512764,0.014183105156461373,2.1805523339857222,1.08433939651025,1.2824661827819492,0.8484997946929217,4044,3678,1,Box 2,ARG_org_3aer-ARG_org
2017-07-15 11:02:00,-16.173439025878906,-0.06876193732023239,-15.966853141784668,-16.5992488861084,-2.4296693801879883,3.204038619995117,-0.14197371900081635,-17.198936462402344,0.05190539360046387,0.6907963156700134,1.0396067729598515,0.15216958005058795,-0.2006681311017727,0.008891778091333263,2.0600617156581174,1.0543181367592354,1.260784005789022,0.8379649651674809,3163,2836,2,Box 3,ARG_org_3aer-ARG_org
2017-07-15 11:02:00,-26.98676872253418,-0.5610303282737732,-26.399436950683594,-23.403247833251953,-7.438270092010498,5.10667085647583,-0.6645912528038025,-29.455413818359375,0.18221202492713928,1.8943753242492676,0.8865055213790367,0.2817586604734842,-0.19343863022802263,0.02517444837550173,2.191897545312062,1.132821720368277,1.343232540310174,0.8496430301403828,7181,6608,3,Box 4,ARG_org_3aer-ARG_org
2017-07-15 11:04:00,-22.723087310791016,-0.23368456959724426,-22.762958526611328,-21.85898780822754,-4.457001209259033,3.6682839393615723,-0.1152554526925087,-23.91383171081543,0.05552460625767708,0.6429258584976196,0.960287575186293,0.1958005848982909,-0.16115144955066146,0.0050632894660775085,1.853480109913407,1.0649300527454089,1.2388636167276688,0.8605351002674981,4616,4514,0,Box 1,ARG_org_3aer-ARG_org
2017-07-15 11:04:00,-21.515621185302734,-0.5122819542884827,-20.95005989074707,-18.755855560302734,-4.902737140655518,2.6391172409057617,0.06941474229097366,-23.259654998779297,0.10377180576324463,1.1512964963912964,0.8952649831976042,0.23402018026907012,-0.125971820024396,-0.0033133434422782937,1.9518608271181863,1.091343147849616,1.282751702365681,0.8500812021912159,4118,3751,1,Box 2,ARG_org_3aer-ARG_org
2017-07-15 11:04:00,-16.534168243408203,0.06327736377716064,-16.35137367248535,-18.803638458251953,-2.5015511512756348,5.414453506469727,-0.4606383740901947,-17.616796493530273,0.051786571741104126,0.6943825483322144,1.1499730000375947,0.15298721261274192,-0.3311314479498826,0.028171235299545905,2.2304796433661633,1.0548110373620208,1.2617908537862266,0.8414575850273519,3175,2790,2,Box 3,ARG_org_3aer-ARG_org
2017-07-15 11:04:00,-27.65363121032715,-0.6254112720489502,-27.036226272583008,-22.993213653564453,-7.902992248535156,4.169538497924805,-0.30955857038497925,-30.230152130126953,0.19057708978652954,2.0015459060668945,0.8504594472018553,0.2923111978791075,-0.1542204140795592,0.011449768998596427,2.1196776721838746,1.1378134385409333,1.3423934630970469,0.8504630012197656,7152,6559,3,Box 4,ARG_org_3aer-ARG_org
2017-07-15 11:06:00,-23.052488327026367,-0.41175326704978943,-22.96331214904785,-24.485252380371094,-4.7316741943359375,6.263757705688477,-0.010141673497855663,-24.29627227783203,0.05792754143476486,0.6741229295730591,1.0662770875911798,0.20605365942436363,-0.2727723938296114,0.00044164681406799744,2.0025318221597277,1.0693983053548382,1.242447377906826,0.86080171833181,4679,4538,0,Box 1,ARG_org_3aer-ARG_org
2017-07-15 11:06:00,-21.611984252929688,-0.5617383718490601,-20.883281707763672,-22.789682388305664,-5.617147922515869,7.558990478515625,-0.035441718995571136,-23.407920837402344,0.10727743059396744,1.1975958347320557,1.0912883736539578,0.26897820006609285,-0.36196370737140576,0.0016971336513550983,2.488611353211118,1.1189154900707252,1.3211278122111296,0.8473400037708816,4231,3813,1,Box 2,ARG_org_3aer-ARG_org
2017-07-15 11:06:00,-17.181621551513672,-0.0006083623738959432,-17.15769386291504,-18.110469818115234,-3.4574759006500244,4.726489543914795,-0.31623780727386475,-18.32412338256836,0.05576314777135849,0.7665885090827942,1.055530544959274,0.20151168328056512,-0.27547348073519645,0.01843125249535732,2.210051937717847,1.078636209490928,1.2845802923653407,0.8435646003614337,3099,2755,2,Box 3,ARG_org_3aer-ARG_org
2017-07-15 11:06:00,-28.166452407836914,-0.45801135897636414,-27.742938995361328,-23.238601684570312,-8.07826042175293,3.7316269874572754,-0.1577003002166748,-30.822311401367188,0.1932811290025711,2.0230822563171387,0.8376403254500776,0.2911826094679812,-0.13450727633381507,0.005684341415756272,2.100158584676584,1.1376561941804126,1.343501178193704,0.8482071577258283,7138,6553,3,Box 4,ARG_org_3aer-ARG_org
2017-07-15 11:08:00,-23.19666290283203,-0.3427243232727051,-23.03993034362793,-24.654903411865234,-5.077084541320801,6.638433456420898,0.05362112447619438,-24.455068588256836,0.056007836014032364,0.6462197303771973,1.0700944222713786,0.2203602375745949,-0.2881273467959462,-0.002327313050027313,2.072429558217519,1.0779179484972476,1.2548249104748088,0.8585649166570999,4744,4575,0,Box 1,ARG_org_3aer-ARG_org
2017-07-15 11:08:00,-22.40585708618164,-0.5446874499320984,-21.78333854675293,-21.277263641357422,-5.795416831970215,5.419224739074707,-0.12988072633743286,-24.335783004760742,0.11796844005584717,1.3301010131835938,0.9767679050635579,0.2660481354569369,-0.2487784287505383,0.005962388230043469,2.280883997518346,1.1188435394481624,1.3249724678492893,0.8458457065221213,4285,3859,1,Box 2,ARG_org_3aer-ARG_org
2017-07-15 11:08:00,-17.772602081298828,0.11169872432947159,-17.711891174316406,-18.089021682739258,-4.124009132385254,4.5077104568481445,-0.00657318951562047,-18.98589324951172,0.06238660588860512,0.8523131012916565,1.0212923908055558,0.23283843411466199,-0.25450194223485767,0.0003711173146399016,2.2245993209792876,1.0954282729846854,1.298187360466736,0.8438954220469325,3088,2723,2,Box 3,ARG_org_3aer-ARG_org
2017-07-15 11:08:00,-28.473617553710938,-0.46370384097099304,-28.008329391479492,-22.93732452392578,-8.53814697265625,3.9671823978424072,-0.5000419020652771,-31.1837215423584,0.19434329867362976,2.016336441040039,0.8189464752185464,0.3048431452650554,-0.14164294828964313,0.017853327806041375,2.123263273180078,1.1504338678772126,1.3586243614628821,0.851409571231034,7129,6536,3,Box 4,ARG_org_3aer-ARG_org
2017-07-15 11:10:00,-23.652021408081055,-0.455602765083313,-23.48308753967285,-26.29953384399414,-5.121768474578857,8.249982833862305,-0.31176838278770447,-24.96986198425293,0.05699017643928528,0.6493090987205505,1.1199351174425236,0.2181045481729913,-0.3513159602096453,0.013276294594130378,2.2429652062032046,1.0818346902146172,1.271796186017926,0.8533548535814945,4788,4615,0,Box 1,ARG_org_3aer-ARG_org
2017-07-15 11:10:00,-23.0102596282959,-0.6061479449272156,-22.396907806396484,-20.258085250854492,-6.084802150726318,3.9557747840881348,-0.00979644525796175,-25.06190299987793,0.1296313852071762,1.4774932861328125,0.9045035866918717,0.27168046235732307,-0.17662145071706584,0.00043740166787106793,2.1102279025028454,1.1186866579526857,1.3168123464930546,0.8496437138167163,4307,3869,1,Box 2,ARG_org_3aer-ARG_org
2017-07-15 11:10:00,-18.502958297729492,0.07920066267251968,-18.36635971069336,-16.019020080566406,-3.716742753982544,1.6230432987213135,-0.25364139676094055,-19.80282974243164,0.0681920275092125,0.9388459324836731,0.8721934660420757,0.20236686250305116,-0.08837043572815999,0.013810107183033118,1.868617367061393,1.0752245271252556,1.2698989725427576,0.8494993563710089,3031,2673,2,Box 3,ARG_org_3aer-ARG_org
2017-07-15 11:10:00,-28.537471771240234,-0.5190787315368652,-27.99520492553711,-21.364898681640625,-8.227949142456055,2.1089553833007812,-0.5113149881362915,-31.292123794555664,0.1978766918182373,2.0455029010772705,0.7631627122607805,0.2939056414352805,-0.07533273181685841,0.018264378120797467,1.9865974700710871,1.1413092535016018,1.3496093871352026,0.8503024255659728,7098,6463,3,Box 4,ARG_org_3aer-ARG_org
2017-07-15 11:12:00,-23.719051361083984,-0.3537401258945465,-23.58034324645996,-25.172164916992188,-5.4361066818237305,6.8507184982299805,0.17720738053321838,-25.04574966430664,0.05384417623281479,0.6022586822509766,1.067506239213757,0.23053550527543473,-0.2905266982708657,-0.00751504621832616,2.1173832691738808,1.0843746294187755,1.2639568945629553,0.8564116415121582,4823,4644,0,Box 1,ARG_org_3aer-ARG_org
2017-07-15 11:12:00,-23.51512908935547,-0.7072051167488098,-22.930171966552734,-22.98158836364746,-6.928558826446533,7.031881332397461,-0.051907431334257126,-25.65403175354004,0.1383582204580307,1.583711862564087,1.0022422646242342,0.30215900239321297,-0.3066649843412238,0.0022637173237766706,2.4141378663952,1.1420842117480674,1.340608323430665,0.8524803790642334,4350,3894,1,Box 2,ARG_org_3aer-ARG_org
2017-07-15 11:12:00,-18.992332458496094,0.17904913425445557,-18.960254669189453,-16.933006286621094,-5.256232738494873,3.5205278396606445,-0.29154232144355774,-20.34567642211914,0.07172799855470657,1.0003340244293213,0.8930791226513226,0.27722373813477724,-0.18567935895683824,0.015376498170738384,2.040909974571036,1.117086334390521,1.3050850662604114,0.8594607319706858,3007,2640,2,Box 3,ARG_org_3aer-ARG_org
2017-07-15 11:12:00,-28.611595153808594,-0.6428027749061584,-27.9917049407959,-23.108537673950195,-8.074417114257812,3.468167304992676,-0.276913583278656,-31.40604591369629,0.19857490062713623,2.0436718463897705,0.825549621402945,0.28845750535911563,-0.12389982819784869,0.00989270143578809,2.079807676855026,1.1364770374314288,1.344029081980512,0.848051658383633,7122,6433,3,Box 4,ARG_org_3aer-ARG_org
2017-07-15 11:14:00,-24.337678909301758,-0.2413713037967682,-24.27869415283203,-25.20964241027832,-5.552321910858154,6.453402519226074,0.029869413003325462,-25.727474212646484,0.05462881922721863,0.6066668033599854,1.0383442966973704,0.22869114165269347,-0.26580516589751757,-0.001230272452546255,2.026129062978758,1.0808641099933851,1.254432998214812,0.8613953230482689,4835,4663,0,Box 1,ARG_org_3aer-ARG_org
2017-07-15 11:14:00,-24.119346618652344,-0.7396746873855591,-23.57845115661621,-20.78082847595215,-7.324099540710449,4.672040939331055,-0.1455642580986023,-26.35273551940918,0.1456017792224884,1.6811293363571167,0.8813483081649771,0.31062683710151845,-0.19814875862462547,0.006173613358129909,2.2314906680706574,1.1519411751962343,1.3546951797378395,0.8519275355832147,4363,3947,1,Box 2,ARG_org_3aer-ARG_org
2017-07-15 11:14:00,-20.241769790649414,0.006931557785719633,-20.211048126220703,-18.465923309326172,-5.716394901275635,4.179009914398193,-0.20773835480213165,-21.77041244506836,0.08383319526910782,1.155574917793274,0.9136549499639451,0.28283517755926585,-0.2067685828367161,0.010278455313505103,2.0954471249002675,1.1213157918916152,1.3098241626016613,0.8584592990749933,2941,2574,2,Box 3,ARG_org_3aer-ARG_org
2017-07-15 11:14:00,-28.80280876159668,-0.6323222517967224,-28.18258285522461,-23.57952308654785,-8.179537773132324,3.8111515045166016,-0.23467397689819336,-31.65537452697754,0.20218802988529205,2.0634446144104004,0.8366700442084309,0.2902337851056542,-0.13523074458864726,0.008326915274562141,2.121356040148085,1.1393305590160892,1.3493493400112382,0.8464647556171385,7144,6445,3,Box 4,ARG_org_3aer-ARG_org
2017-07-15 11:16:00,-24.5427188873291,-0.21559034287929535,-24.285890579223633,-25.126569747924805,-5.51552152633667,6.082797050476074,0.2734028697013855,-25.934307098388672,0.051780473440885544,0.5820705890655518,1.0346159560108819,0.22710802895423293,-0.2504663007864572,-0.011257684178657579,1.972916761210021,1.077431300561975,1.2447391781605028,0.8634573024969462,4859,4654,0,Box 1,ARG_org_3aer-ARG_org
2017-07-15 11:16:00,-24.74455451965332,-0.5353183150291443,-24.24762535095215,-23.994836807250977,-8.46519947052002,8.128715515136719,0.08369974792003632,-27.089860916137695,0.15670326352119446,1.8178398609161377,0.9895748617069949,0.3491146142331259,-0.3352376017790976,-0.003451874161023216,2.657125379337134,1.1881320165815523,1.3898280466092596,0.8539061547985163,4402,3983,1,Box 2,ARG_org_3aer-ARG_org
2017-07-15 11:16:00,-20.941869735717773,-0.03417820483446121,-20.829479217529297,-20.552995681762695,-6.0113959312438965,6.080165863037109,-0.3452525734901428,-22.594331741333008,0.08949045091867447,1.2456284761428833,0.9867263598585672,0.2886003995517823,-0.29190195057415175,0.016575191163802294,2.367113614022828,1.1342957599687737,1.3378817341891422,0.8519301380026438,2924,2569,2,Box 3,ARG_org_3aer-ARG_org
2017-07-15 11:16:00,-29.123218536376953,-0.8160568475723267,-28.325233459472656,-22.80411720275879,-8.097396850585938,2.8396313190460205,-0.2633509635925293,-32.05378723144531,0.20576176047325134,2.1086530685424805,0.8050813694710819,0.28587218591169244,-0.10025095213771355,0.009297396754939222,2.052279947150862,1.1361488709285374,1.346720437484799,0.8459792951441132,7221,6455,3,Box 4,ARG_org_3aer-ARG_org
2017-07-15 11:18:00,-24.840539932250977,-0.29067862033843994,-24.68616485595703,-24.808094024658203,-5.038069725036621,4.989620208740234,0.17037685215473175,-26.257537841796875,0.04995730519294739,0.5653448700904846,1.004939085551504,0.2040847398376987,-0.20212211248669817,-0.006901712902504437,1.8912584166269824,1.0668454743227982,1.2353695673295801,0.8623251743050568,4893,4685,0,Box 1,ARG_org_3aer-ARG_org
2017-07-15 11:18:00,-25.502239227294922,-0.6312856674194336,-24.969377517700195,-22.916887283325195,-9.231167793273926,7.208292484283447,-0.0296181607991457,-27.992658615112305,0.171075239777565,2.005969285964966,0.9177995438786137,0.3696995369943153,-0.2886852601312703,0.0011861792583413022,2.5438974722383105,1.2068958750014747,1.403693834747485,0.8601458572433517,4414,4027,1,Box 2,ARG_org_3aer-ARG_org
2017-07-15 11:18:00,-21.396385192871094,0.04886269196867943,-21.30948829650879,-19.931447982788086,-6.210836887359619,5.003665924072266,-0.17086924612522125,-23.123979568481445,0.08981821686029434,1.2532469034194946,0.9353320844324233,0.291458754692762,-0.2348092974315988,0.008018458306413484,2.2467621699956677,1.1344212159545741,1.3344054342742713,0.8521011534248276,2910,2518,2,Box 3,ARG_org_3aer-ARG_org
2017-07-15 11:18:00,-29.365877151489258,-1.2134742736816406,-28.190237045288086,-24.621803283691406,-7.375597953796387,3.5936174392700195,0.21354727447032928,-32.3881950378418,0.20971006155014038,2.1708991527557373,0.873416016703193,0.2616365808719812,-0.12747737710109772,-0.007575220474076522,2.0939837022225274,1.1170552652809658,1.3258588582483373,0.840716210385118,7319,6503,3,Box 4,ARG_org_3aer-ARG_org
2017-07-15 11:20:00,-25.072181701660156,-0.2805381119251251,-24.907453536987305,-25.102188110351562,-5.607748508453369,5.718722820281982,0.08376132696866989,-26.519269943237305,0.04845104739069939,0.5583546161651611,1.0078183654484751,0.22514339673273834,-0.22959885967527235,-0.0033629025059411233,1.9518042867110894,1.0775595152128672,1.2475588712865813,0.8630921636542885,4943,4766,0,Box 1,ARG_org_3aer-ARG_org
2017-07-15 11:20:00,-25.655643463134766,-0.61336749792099,-25.2498722076416,-21.292856216430664,-9.364715576171875,5.558224678039551,-0.15052679181098938,-28.19927978515625,0.17800092697143555,2.0848536491394043,0.8432856896377112,0.37088168247252246,-0.22012886024482792,0.005961488134594239,2.361063336583439,1.2079456524923362,1.4043705265176114,0.8618762217715414,4437,3995,1,Box 2,ARG_org_3aer-ARG_org
2017-07-15 11:20:00,-22.438648223876953,0.0169618371874094,-22.342514038085938,-19.321319580078125,-6.422484874725342,3.716535806655884,-0.31524452567100525,-24.27787971496582,0.09596244990825653,1.3315494060516357,0.8647782801729825,0.28745577404481415,-0.16634368106391317,0.014109626846116496,2.000490252484999,1.1221462980696808,1.3063953424925425,0.8622091498040073,2838,2469,2,Box 3,ARG_org_3aer-ARG_org
2017-07-15 11:20:00,-29.383955001831055,-1.2702726125717163,-28.080228805541992,-24.67091941833496,-7.167426109313965,4.2076735496521,-0.4495583176612854,-32.4477653503418,0.20814554393291473,2.1603922843933105,0.8785868022674727,0.25524811686286325,-0.14984469993064706,0.016009780800311152,2.1555412435834924,1.118027789265945,1.3382902850196823,0.8393214379146319,7442,6645,3,Box 4,ARG_org_3aer-ARG_org
2017-07-15 11:22:00,-25.368921279907227,-0.2020615190267563,-25.190340042114258,-26.89479637145996,-6.191378593444824,8.135722160339355,-0.2398878037929535,-26.862728118896484,0.05306851863861084,0.6230263710021973,1.0676630953207333,0.24578382369334018,-0.32296992521817935,0.009523006204105844,2.1569628324173267,1.0925127312101854,1.2712426839251583,0.8613717183528524,5042,4860,0,Box 1,ARG_org_3aer-ARG_org
2017-07-15 11:22:00,-25.91575050354004,-0.5545111298561096,-25.420438766479492,-23.26133155822754,-9.769966125488281,7.686008930206299,-0.07515119016170502,-28.52648162841797,0.18363367021083832,2.1511895656585693,0.9150641217144149,0.38433505808706797,-0.3023555092759176,0.002956329474434749,2.6801747141204433,1.2300312734746757,1.432083508081945,0.8598226945205556,4501,4089,1,Box 2,ARG_org_3aer-ARG_org
2017-07-15 11:22:00,-22.90894889831543,0.28832414746284485,-23.109643936157227,-22.14301109313965,-6.9679646492004395,6.1259050369262695,-0.12457334250211716,-24.785472869873047,0.09289709478616714,1.2963544130325317,0.9581718641188054,0.3015176310610531,-0.26508003050560947,0.005390535325750956,2.268307954790765,1.1375386862242582,1.3296682224726077,0.8568206567913585,2793,2430,2,Box 3,ARG_org_3aer-ARG_org
2017-07-15 11:22:00,-29.52927589416504,-1.309489130973816,-28.19977378845215,-23.533174514770508,-7.097703456878662,2.8237802982330322,-0.39267364144325256,-32.65175247192383,0.21165712177753448,2.2127621173858643,0.8345164972415502,0.2516936503296592,-0.1001348547981397,0.01392470722693033,2.0634566857657384,1.11542823791532,1.3355487079488442,0.8385552421511842,7564,6730,3,Box 4,ARG_org_3aer-ARG_org
2017-07-15 11:24:00,-25.644006729125977,-0.2364911288022995,-25.484378814697266,-24.12448501586914,-6.193570137023926,4.978565216064453,-0.14488819241523743,-27.205577850341797,0.05809624120593071,0.6892057061195374,0.946638147413531,0.24303397972398305,-0.1953574999071707,0.00568537276965661,1.8988653265206066,1.0857989772943304,1.2533266655582342,0.8674464629452561,5133,4938,0,Box 1,ARG_org_3aer-ARG_org
2017-07-15 11:24:00,-26.32171058654785,-0.7228577733039856,-25.8439884185791,-23.510154724121094,-10.418441772460938,7.907825946807861,0.17678013443946838,-29.02852439880371,0.19206681847572327,2.2761762142181396,0.9096952649265193,0.403128194202995,-0.30598317894170085,-0.006840280187813463,2.7555082246448785,1.2518056428138493,1.4497731869729762,0.8612584658865029,4546,4114,1,Box 2,ARG_org_3aer-ARG_org
2017-07-15 11:24:00,-23.365474700927734,0.3711443245410919,-23.579683303833008,-20.731258392333984,-7.166589260101318,4.427717685699463,-0.10955578088760376,-25.31004524230957,0.09581822901964188,1.3707221746444702,0.8791999180482298,0.30393069516158455,-0.18777680671348246,0.004646193503668072,2.166194987676211,1.1429405912589716,1.3405217875027393,0.853770449337749,2792,2398,2,Box 3,ARG_org_3aer-ARG_org
2017-07-15 11:24:00,-29.768861770629883,-1.4541032314300537,-28.327116012573242,-23.64519691467285,-6.87908411026001,2.5441207885742188,-0.34695786237716675,-32.961063385009766,0.2161375880241394,2.2619030475616455,0.8347194592119912,0.24284448201519968,-0.08981220153563248,0.012248260308441603,2.062876001139071,1.1110785108909818,1.335304661606225,0.83503085627959,7674,6834,3,Box 4,ARG_org_3aer-ARG_org
2017-07-15 11:26:00,-25.810701370239258,-0.16991069912910461,-25.616764068603516,-25.17038345336914,-6.200563430786133,5.944249153137207,-0.19006647169589996,-27.407575607299805,0.057910092175006866,0.6911428570747375,0.9825746702693137,0.24205100128515192,-0.23204528489785006,0.007419613343384479,1.9926831222936716,1.0886351438542199,1.2635221577983204,0.8630842541291256,5175,5003,0,Box 1,ARG_org_3aer-ARG_org
2017-07-15 11:26:00,-26.411344528198242,-0.6548424959182739,-25.90536880493164,-22.85045051574707,-10.59104061126709,7.470761775970459,0.06536295264959335,-29.153911590576172,0.19599749147891998,2.328253984451294,0.8820740202129893,0.40883574571752956,-0.28838662284722866,-0.0025231430832902135,2.7100296263653982,1.2599124521008256,1.4575373483233913,0.8635904683433014,4602,4155,1,Box 2,ARG_org_3aer-ARG_org
2017-07-15 11:26:00,-23.277996063232422,0.5169982314109802,-23.604833602905273,-18.759796142578125,-6.464305877685547,1.9866777658462524,-0.36740949749946594,-25.197481155395508,0.09138007462024689,1.2604682445526123,0.7947438385689274,0.2738551717477726,-0.0841640202163249,0.015565009899624935,1.9380915763917501,1.1207587550722709,1.3198701392135423,0.8528192721275808,2799,2418,2,Box 3,ARG_org_3aer-ARG_org
2017-07-15 11:26:00,-29.789094924926758,-1.3925423622131348,-28.41088104248047,-24.14551544189453,-6.827325820922852,2.539808988571167,0.022149674594402313,-32.99332809448242,0.21530194580554962,2.22507905960083,0.8498685372888701,0.2403067169163667,-0.08939563480288588,-0.0007796194023509534,2.0320981582636675,1.1054442289800377,1.3206304320882547,0.8368764995969764,7751,6854,3,Box 4,ARG_org_3aer-ARG_org
2017-07-15 11:28:00,-26.146244049072266,-0.17580477893352509,-25.942808151245117,-24.72289276123047,-6.378122329711914,5.1802520751953125,-0.022044502198696136,-27.8000545501709,0.06212286651134491,0.7465021014213562,0.9529767601580142,0.24585320776375835,-0.19967970261557264,0.0008497346938000361,1.9158274985455161,1.0874812655366912,1.2553445890591983,0.8664484941483207,5258,5066,0,Box 1,ARG_org_3aer-ARG_org
2017-07-15 11:28:00,-26.082916259765625,-0.678849995136261,-25.539403915405273,-22.133821487426758,-10.609827995300293,6.9780683517456055,0.22618037462234497,-28.819602966308594,0.19806012511253357,2.3623099327087402,0.8666539270625817,0.415429757273385,-0.27322754949999706,-0.008856134835969642,2.6462750115274836,1.2626844789750324,1.4539661750602453,0.8655674894198241,4688,4218,1,Box 2,ARG_org_3aer-ARG_org
2017-07-15 11:28:00,-23.578256607055664,0.7768306732177734,-24.121131896972656,-21.777101516723633,-6.2077460289001465,4.185459136962891,-0.32174354791641235,-25.522356033325195,0.09347070008516312,1.2109215259552002,0.902822524833415,0.2573571738387085,-0.1735183568190883,0.01333865814696486,2.1301221654184217,1.1138000618166286,1.3220596194559653,0.8456166457267654,2809,2444,2,Box 3,ARG_org_3aer-ARG_org
2017-07-15 11:28:00,-29.55941390991211,-1.2001467943191528,-28.34979248046875,-25.13288688659668,-6.894917964935303,3.716435670852661,-0.03842638060450554,-32.73652648925781,0.20914840698242188,2.1459767818450928,0.8865279749544661,0.24320875214523924,-0.13109216490953146,0.00135543780982611,2.151749147428611,1.1108330154759039,1.3339182412615416,0.833084726657457,7871,6958,3,Box 4,ARG_org_3aer-ARG_org
2017-07-15 11:30:00,-26.536365509033203,-0.2529374659061432,-26.35580062866211,-25.76938247680664,-6.501020908355713,6.0696516036987305,-0.15504617989063263,-28.263975143432617,0.06704188883304596,0.8026125431060791,0.9777500403319523,0.24666376823482764,-0.23029661895191608,0.005882810385136106,1.946515126081426,1.0876434059828346,1.2549123843967385,0.8678671497953957,5330,5156,0,Box 1,ARG_org_3aer-ARG_org
2017-07-15 11:30:00,-25.562984466552734,-0.5771474838256836,-24.985937118530273,-21.469711303710938,-10.355758666992188,6.963882923126221,-0.12435084581375122,-28.26958656311035,0.19796979427337646,2.352395534515381,0.8592717294199111,0.41446351673070664,-0.2787120794603084,0.00497683330969062,2.75460734532892,1.2768203925592942,1.481529616509679,0.8635133765963143,4752,4253,1,Box 2,ARG_org_3aer-ARG_org
2017-07-15 11:30:00,-22.803348541259766,0.8733315467834473,-23.566970825195312,-17.86922836303711,-6.6790080070495605,1.0474555492401123,-0.06619199365377426,-24.66226577758789,0.07778263092041016,1.0454888343811035,0.7582318152470149,0.28340542114511136,-0.044445912429361564,0.002808676037235322,1.7985777212434988,1.1159445944994881,1.294409818272957,0.8627512710212255,2875,2497,2,Box 3,ARG_org_3aer-ARG_org
2017-07-15 11:30:00,-29.528581619262695,-1.0763357877731323,-28.43418312072754,-23.677001953125,-6.334458827972412,1.9650399684906006,-0.38776394724845886,-32.70010757446289,0.20639339089393616,2.1015608310699463,0.8326949416971742,0.22277618311621403,-0.06910837065568297,0.013637245842294768,1.979384717068439,1.0956360374567184,1.3143257600517582,0.836723700878765,7930,7012,3,Box 4,ARG_org_3aer-ARG_org
2017-07-15 11:32:00,-26.73069953918457,-0.40147578716278076,-26.467021942138672,-24.969566345214844,-6.4067606925964355,4.65503454208374,0.2542697787284851,-28.509641647338867,0.06851734966039658,0.8164777159690857,0.9434217748918567,0.24206580209636383,-0.17588053653003483,-0.00960704045818575,1.867862374924858,1.0834558378813144,1.2470176271293978,0.866996949951214,5416,5209,0,Box 1,ARG_org_3aer-ARG_org
2017-07-15 11:32:00,-25.20741081237793,-0.6156162023544312,-24.623647689819336,-22.91352653503418,-9.935359001159668,8.189239501953125,0.03599924221634865,-27.88720703125,0.1954093724489212,2.304696798324585,0.9305496760600968,0.40348854550117325,-0.3325762427399573,-0.001461978821312715,2.8997552477341384,1.2596227250555814,1.4642762558626914,0.8597562265839336,4865,4287,1,Box 2,ARG_org_3aer-ARG_org
2017-07-15 11:32:00,-22.249053955078125,0.6335096955299377,-22.93842315673828,-22.26514434814453,-6.195720195770264,5.842742443084717,-0.32029879093170166,-24.03724479675293,0.07178837805986404,0.9631872177124023,0.9706485305622881,0.2701022700541539,-0.25471421860362936,0.013963417987187421,2.300824986389455,1.12292475138136,1.331298771173553,0.846857688259896,2931,2543,2,Box 3,ARG_org_3aer-ARG_org
2017-07-15 11:32:00,-29.385251998901367,-0.9484317302703857,-28.40587615966797,-24.735721588134766,-6.341909408569336,3.0451772212982178,-0.3734285831451416,-32.528167724609375,0.200323686003685,2.0107436180114746,0.8707957476355558,0.22326044291360633,-0.10720236417881611,0.013146173629653993,2.0720870477401503,1.0978964985953696,1.3216557083862523,0.8337489627708378,7993,7089,3,Box 4,ARG_org_3aer-ARG_org
2017-07-15 11:34:00,-26.8310489654541,-0.11541919410228729,-26.583524703979492,-24.50762939453125,-6.078155517578125,4.04630184173584,-0.0440402626991272,-28.611400604248047,0.06455832719802856,0.7539975643157959,0.9219104987415779,0.22864372156230114,-0.15221089547923178,0.001656675175352701,1.877591768801074,1.0812547220060391,1.2558143120650618,0.8613238563312546,5487,5318,0,Box 1,ARG_org_3aer-ARG_org
2017-07-15 11:34:00,-25.099164962768555,-0.5752370357513428,-24.55463409423828,-19.65443229675293,-9.653776168823242,4.856941223144531,-0.10336067527532578,-27.777908325195312,0.19308659434318542,2.25380802154541,0.8004369924055887,0.3931550098059878,-0.19780141918970043,0.004209416978123909,2.394095670569435,1.2391175300899402,1.43843214557621,0.8627555135102571,4901,4329,1,Box 2,ARG_org_3aer-ARG_org
2017-07-15 11:34:00,-21.65394401550293,0.7121751308441162,-22.31028938293457,-22.387971878051758,-5.729964733123779,5.586582660675049,0.22106367349624634,-23.37788963317871,0.06260156631469727,0.8642204403877258,1.0034818749817116,0.25683057491004074,-0.25040385325079234,-0.009908596640959999,2.134744006965791,1.1019104148093146,1.286474000768361,0.854400047170277,2998,2595,2,Box 3,ARG_org_3aer-ARG_org
2017-07-15 11:34:00,-29.410266876220703,-0.7726891040802002,-28.619108200073242,-24.312313079833984,-6.254298686981201,2.343193531036377,-0.39569076895713806,-32.55687713623047,0.19771619141101837,1.9549617767333984,0.8495132539141822,0.2185357762891832,-0.08187513522713058,0.01382610502376519,2.0286030288564993,1.0952492144677466,1.3198922064426326,0.8329924466145894,8053,7244,3,Box 4,ARG_org_3aer-ARG_org
2017-07-15 11:36:00,-27.07457733154297,0.03235100582242012,-26.872989654541016,-28.38016700744629,-6.37540340423584,7.937611103057861,-0.05503140762448311,-28.899784088134766,0.06495014578104019,0.7389225363731384,1.0560852010550665,0.23724205452434674,-0.29537508908051074,0.0020478335010974402,2.0836215184179157,1.0859509149836288,1.2607504711799342,0.8617615803239034,5579,5411,0,Box 1,ARG_org_3aer-ARG_org
2017-07-15 11:36:00,-25.223058700561523,-0.6133139133453369,-24.62323570251465,-20.92107391357422,-10.17132568359375,6.484524250030518,-0.015355342999100685,-27.939918518066406,0.1981925219297409,2.2859864234924316,0.8496477782360838,0.4130784011481449,-0.26334979127849584,0.0006236118942670732,2.6979077967283716,1.2728508805826326,1.4760474135072192,0.8625468077843496,4987,4379,1,Box 2,ARG_org_3aer-ARG_org
2017-07-15 11:36:00,-20.910703659057617,0.8696462512016296,-21.687467575073242,-20.893068313598633,-5.070698261260986,4.551060676574707,-0.2747567296028137,-22.523908615112305,0.04881459102034569,0.6575809121131897,0.9633708147121609,0.23380779979769006,-0.2098475342960644,0.012668919786213428,2.1273974593664486,1.0959330930078437,1.2984882409791296,0.8468045001585311,3064,2620,2,Box 3,ARG_org_3aer-ARG_org
2017-07-15 11:36:00,-29.484098434448242,-0.43026527762413025,-29.03329849243164,-24.0761661529541,-6.431638717651367,1.7464653253555298,-0.2719600200653076,-32.623741149902344,0.19181303679943085,1.8561986684799194,0.829260429414389,0.22152626644531348,-0.06015387080100723,0.009367174941304707,2.011047128178356,1.0978112502958772,1.3242348143852627,0.8311992510201213,8128,7328,3,Box 4,ARG_org_3aer-ARG_org
2017-07-15 11:38:00,-27.274097442626953,-0.10871385037899017,-27.158634185791016,-27.149089813232422,-6.298393249511719,6.083238124847412,0.2056121677160263,-29.14565086364746,0.06642679870128632,0.7423474788665771,0.9996486371958221,0.23191127118628221,-0.22398912404789892,-0.007570784334205383,1.9525928591148027,1.0807118372582405,1.249984461209977,0.8631209343596002,5658,5470,0,Box 1,ARG_org_3aer-ARG_org
2017-07-15 11:38:00,-25.09604835510254,-0.8016531467437744,-24.384292602539062,-20.337629318237305,-9.908093452453613,6.2504119873046875,-0.3889811038970947,-27.844453811645508,0.20128478109836578,2.323007822036743,0.834046327509597,0.40633100301819186,-0.2563294494414078,0.015952118913618973,2.700863615491864,1.2738251305720956,1.4874881400159061,0.8618016074241628,5059,4371,1,Box 2,ARG_org_3aer-ARG_org
2017-07-15 11:38:00,-20.363319396972656,0.46323075890541077,-20.86149787902832,-20.166704177856445,-3.4016551971435547,3.0487093925476074,-0.34184858202934265,-21.886777877807617,0.038573622703552246,0.505091667175293,0.966694888017899,0.1630590022766464,-0.14614046562350905,0.016386575328963593,1.9455463569830476,1.0577360466820156,1.257959333563143,0.8440028195657157,3124,2667,2,Box 3,ARG_org_3aer-ARG_org
2017-07-15 11:38:00,-29.621320724487305,-0.2890838384628296,-29.313535690307617,-25.97937774658203,-6.7711076736450195,3.543078660964966,-0.10612887889146805,-32.769065856933594,0.1893918514251709,1.8114339113235474,0.8862587632363114,0.2309891017987637,-0.1208683381251219,0.003620473090046844,2.143471038287195,1.1044606384348878,1.3321023691103626,0.8299721641631436,8280,7511,3,Box 4,ARG_org_3aer-ARG_org
2017-07-15 11:40:00,-27.604372024536133,-0.1843266785144806,-27.5095157623291,-27.039987564086914,-6.567893981933594,5.896969795227051,0.20139391720294952,-29.53986358642578,0.07072331756353378,0.7877901792526245,0.982932105966956,0.23874986939662257,-0.21436109375022908,-0.007320881613349511,1.9524782246302617,1.0846535761436806,1.2547118653535534,0.8630294553285265,5763,5585,0,Box 1,ARG_org_3aer-ARG_org
2017-07-15 11:40:00,-25.265836715698242,-0.7986311316490173,-24.49384307861328,-21.336584091186523,-10.40195369720459,7.312371253967285,-0.06767863035202026,-28.076784133911133,0.2071223109960556,2.3924410343170166,0.8710999043551917,0.4246761765458899,-0.2985391683354842,0.0027630874344026224,2.8408603893736726,1.2898295076821285,1.4911324496367995,0.8659554050984758,5136,4458,1,Box 2,ARG_org_3aer-ARG_org
2017-07-15 11:40:00,-20.18967628479004,0.8927474617958069,-21.00172996520996,-20.952795028686523,-4.859170436859131,4.827208995819092,-0.016971981152892113,-21.686918258666992,0.0358932800590992,0.43340492248535156,0.997670020251473,0.23137001634087068,-0.22984815967242764,0.0008081230800839612,2.147095991789466,1.0926470470596388,1.290849144833352,0.8466306873291193,3211,2741,2,Box 3,ARG_org_3aer-ARG_org
2017-07-15 11:40:00,-29.773923873901367,-0.16719602048397064,-29.55655860900879,-25.615154266357422,-6.940109729766846,3.086582899093628,-0.08787499368190765,-32.93352508544922,0.183594211935997,1.725670337677002,0.8666488410995581,0.23480777034511766,-0.1044297248262538,0.0029731133815780603,2.099221702171591,1.1056784748883626,1.3300596779483371,0.8320051417741057,8308,7566,3,Box 4,ARG_org_3aer-ARG_org
2017-07-15 11:42:00,-27.538869857788086,-0.2761520445346832,-27.36695671081543,-26.65455436706543,-6.181591510772705,5.403448581695557,0.06573779135942459,-29.50000762939453,0.07098757475614548,0.7890971302986145,0.9739683969814334,0.22587791743713334,-0.19744422832575648,-0.0024020860928103127,1.8910146021428549,1.0766755529049958,1.2436458795359706,0.8652879325828025,5898,5707,0,Box 1,ARG_org_3aer-ARG_org
2017-07-15 11:42:00,-25.158790588378906,-0.7059124112129211,-24.445938110351562,-20.880647659301758,-10.485956192016602,6.85225248336792,0.06840964406728745,-28.003711700439453,0.21248109638690948,2.461219310760498,0.8541559940087631,0.42894473640341446,-0.28030232507220676,-0.0027984053399707776,2.867210142896455,1.3027610484435865,1.5084225651847398,0.8626649730380208,5303,4604,1,Box 2,ARG_org_3aer-ARG_org
2017-07-15 11:42:00,-19.6583251953125,0.8706462979316711,-20.44875717163086,-23.704700469970703,-3.6011769771575928,6.766886234283447,0.09023202210664749,-21.101146697998047,0.0289470087736845,0.3094608783721924,1.159224367579243,0.17610738646825919,-0.33091916236368724,-0.004412591683815026,2.3035209513904893,1.0654350984534995,1.2711750402999358,0.8372628603745519,3314,2797,2,Box 3,ARG_org_3aer-ARG_org
2017-07-15 11:42:00,-29.94866943359375,-0.23058223724365234,-29.721939086914062,-26.190082550048828,-7.356245040893555,3.6688830852508545,0.15550723671913147,-33.137115478515625,0.1821918487548828,1.6958658695220947,0.8811700990351045,0.2475022074972417,-0.12344023759576929,-0.005232068936576864,2.1531261406344853,1.1137202501156325,1.3365805869452614,0.8319969840335815,8387,7624,3,Box 4,ARG_org_3aer-ARG_org
2017-07-15 11:44:00,-27.7900447845459,-0.21296988427639008,-27.575042724609375,-28.301280975341797,-7.026919364929199,7.674600124359131,0.0785583034157753,-29.81753158569336,0.07476487755775452,0.8290609121322632,1.0263368208236052,0.2548289368465974,-0.2783168663816511,-0.002848891288551536,2.0544444127445516,1.0935015683712364,1.2634462834487326,0.8649147506086672,5993,5811,0,Box 1,ARG_org_3aer-ARG_org
2017-07-15 11:44:00,-24.94910430908203,-0.6722835898399353,-24.32183265686035,-19.841581344604492,-11.034229278564453,6.66489839553833,-0.11091914027929306,-27.820358276367188,0.2171514928340912,2.5237016677856445,0.8157930085167782,0.4536759514408418,-0.27402943605281216,0.004560476095192223,2.9341115264572797,1.348918558735883,1.5524267717215596,0.8706542171269152,5525,4835,1,Box 2,ARG_org_3aer-ARG_org
2017-07-15 11:44:00,-19.93840789794922,1.0419903993606567,-20.886547088623047,-23.26717758178711,-3.3777594566345215,5.982369899749756,-0.22397929430007935,-21.438030242919922,0.023482946678996086,0.21833403408527374,1.1139791435893096,0.16171938273749875,-0.28642214121245335,0.010723614885644994,2.162610875240565,1.057583974946354,1.2596061889339656,0.8416954024417694,3418,2884,2,Box 3,ARG_org_3aer-ARG_org
2017-07-15 11:44:00,-30.535396575927734,-0.2444230169057846,-30.255430221557617,-25.703277587890625,-7.965266704559326,3.303105592727661,0.1100100725889206,-33.80950927734375,0.18555431067943573,1.7483102083206177,0.8495426691137444,0.26326733653659123,-0.10917396158477709,-0.0036360440655585774,2.123377430079334,1.1237552184633786,1.3437392338432197,0.8353917169682604,8431,7721,3,Box 4,ARG_org_3aer-ARG_org
2017-07-15 11:46:00,-27.93782615661621,-0.06972432881593704,-27.751697540283203,-27.860750198364258,-7.3047027587890625,7.420480728149414,-0.006724484730511904,-29.99876594543457,0.0746963694691658,0.8202385902404785,1.0039296328966651,0.2632164239509842,-0.26738836580767966,0.0002423089600303019,1.993010844414832,1.0946206563720353,1.2573198399139407,0.8706467183266026,6086,5882,0,Box 1,ARG_org_3aer-ARG_org
2017-07-15 11:46:00,-24.83234977722168,-0.6389456987380981,-24.28242301940918,-20.128372192382812,-11.112207412719727,7.07265043258667,-0.11449303478002548,-27.736082077026367,0.2227160632610321,2.582638740539551,0.8289277112433111,0.4576235042555101,-0.2912662735418726,0.00471505804305139,3.030946770542361,1.358099872198185,1.561906849068288,0.8713440585278169,5751,5032,1,Box 2,ARG_org_3aer-ARG_org
2017-07-15 11:46:00,-19.83281707763672,1.49459969997406,-21.128582000732422,-21.181982040405273,-3.1755332946777344,3.0580687522888184,0.17086149752140045,-21.36094856262207,0.0146439578384161,0.09254363924264908,1.002527243798844,0.15029560842558498,-0.14473610445996377,-0.008086747764465163,1.9113288192067848,1.0497561860246833,1.2403437590724036,0.8448700707765013,3556,2951,2,Box 3,ARG_org_3aer-ARG_org
2017-07-15 11:46:00,-30.818645477294922,-0.19936172664165497,-30.571823120117188,-25.536449432373047,-7.7810797691345215,2.8118722438812256,-0.06616821140050888,-34.142738342285156,0.1866871416568756,1.7672538757324219,0.8352935688730194,0.2545180360476264,-0.09197595793574023,0.0021643530150944057,2.0930158906301926,1.1191040791762439,1.3427893852227972,0.8339492713552825,8482,7778,3,Box 4,ARG_org_3aer-ARG_org
2017-07-15 11:48:00,-28.096837997436523,-0.1316559910774231,-27.90976905822754,-27.443735122680664,-7.057006359100342,6.572257995605469,0.018712429329752922,-30.205291748046875,0.07664144784212112,0.8392921090126038,0.9833020800689148,0.25285073099860467,-0.23548234942005564,-0.0006704616474638714,1.9395860473620097,1.08890853388151,1.2517903285008813,0.8697499619564849,6172,5959,0,Box 1,ARG_org_3aer-ARG_org
2017-07-15 11:48:00,-24.87590217590332,-0.7200339436531067,-24.166255950927734,-20.289688110351562,-10.988801002502441,7.398608684539795,-0.28637561202049255,-27.8397159576416,0.23150356113910675,2.6854634284973145,0.8395875918579553,0.45471673649641253,-0.3061545561777852,0.01185022782341738,3.2396435840317115,1.3748061431314424,1.5946955200800608,0.8668929432173706,5973,5238,1,Box 2,ARG_org_3aer-ARG_org
2017-07-15 11:48:00,-20.973247528076172,1.1260602474212646,-22.030988693237305,-21.307598114013672,-3.6611814498901367,3.024265766143799,-0.08647505939006805,-22.704124450683594,0.024173064157366753,0.17100974917411804,0.9671648466830199,0.16618325393299183,-0.13727325584487376,0.003925155228861998,1.895587714800141,1.0564810065261774,1.2465922459822742,0.8482287837951936,3672,3066,2,Box 3,ARG_org_3aer-ARG_org
2017-07-15 11:48:00,-31.222885131835938,-0.039732351899147034,-31.165510177612305,-25.816970825195312,-8.257220268249512,3.070080518722534,-0.16139987111091614,-34.585166931152344,0.18491069972515106,1.7338649034500122,0.828382748257153,0.2649473574921704,-0.09850890294064822,0.005178797191324844,2.1504196900485595,1.1302554156616758,1.360830962192113,0.8318889573050077,8538,7842,3,Box 4,ARG_org_3aer-ARG_org
2017-07-15 11:50:00,-28.044387817382812,-0.14746497571468353,-27.846389770507812,-28.55812644958496,-7.300996780395508,8.082344055175781,-0.06961748003959656,-30.1798152923584,0.07823503017425537,0.856623113155365,1.0255591320042252,0.26218822659510216,-0.2902474124079595,0.002500053808632108,2.0587263244490437,1.096696254280675,1.2645257845284805,0.8677877107528803,6320,6062,0,Box 1,ARG_org_3aer-ARG_org
2017-07-15 11:50:00,-24.98902130126953,-0.8056672811508179,-24.185531616210938,-20.49655532836914,-11.441047668457031,7.858688831329346,-0.10661738365888596,-28.027742385864258,0.24239760637283325,2.8162617683410645,0.8474717507049007,0.4730533960487179,-0.32493345912948196,0.004408312375863421,3.3385242075779895,1.399981901255051,1.6066749270686538,0.8731768236117715,6247,5425,1,Box 2,ARG_org_3aer-ARG_org
2017-07-15 11:50:00,-20.566415786743164,1.2227799892425537,-21.70414161682129,-20.05962371826172,-4.150006294250488,2.7666842937469482,-0.2611946165561676,-22.29996681213379,0.026983099058270454,0.16623106598854065,0.9242302747229357,0.19120804975084904,-0.1274726463321976,0.012034321858412828,1.889639437141865,1.0680439640264667,1.2579951371273241,0.8513531286778631,3892,3192,2,Box 3,ARG_org_3aer-ARG_org
2017-07-15 11:50:00,-31.334333419799805,-0.04296036437153816,-31.23611068725586,-27.086729049682617,-7.842160224914551,3.7662124633789062,-0.07343495637178421,-34.7269172668457,0.18508803844451904,1.7238094806671143,0.8671607522799091,0.25106068229803774,-0.12057239811188682,0.002350963533940001,2.1464097613934854,1.1169115413211292,1.3412480075337312,0.8333154963270688,8586,7892,3,Box 4,ARG_org_3aer-ARG_org
2017-07-15 11:52:00,-27.91358757019043,-0.16138428449630737,-27.75627326965332,-26.894563674926758,-7.34598970413208,6.651967525482178,-0.16768693923950195,-30.076723098754883,0.07903941720724106,0.864174485206604,0.968954460302244,0.26466051338321755,-0.23965638038310835,0.006041406697646828,2.008319471134936,1.0999119513148499,1.2710965660818212,0.8665801972614768,6441,6174,0,Box 1,ARG_org_3aer-ARG_org
2017-07-15 11:52:00,-25.104900360107422,-0.8388475775718689,-24.325593948364258,-21.784080505371094,-11.518619537353516,8.976646423339844,0.00045811079326085746,-28.203033447265625,0.24809105694293976,2.8736629486083984,0.8955209614558172,0.47351851303000514,-0.3690206420243393,-1.8832461482987117e-05,3.6572118725281078,1.4089206190567858,1.620381676205871,0.8694913261031608,6606,5742,1,Box 2,ARG_org_3aer-ARG_org
2017-07-15 11:52:00,-20.979022979736328,0.8039610981941223,-21.750957489013672,-19.58466148376465,-4.205799102783203,2.1189444065093994,-0.07944229990243912,-22.83425521850586,0.03614693135023117,0.23958885669708252,0.900404525482179,0.19336154778349637,-0.09741843223334977,0.003652358967674421,1.8249231622688264,1.0667216023002744,1.2494353318902416,0.854457646656717,4113,3351,2,Box 3,ARG_org_3aer-ARG_org
2017-07-15 11:52:00,-31.395774841308594,0.09409402310848236,-31.4150390625,-25.1339054107666,-7.652824878692627,1.3953123092651367,-0.023622456938028336,-34.7816276550293,0.18403321504592896,1.6918532848358154,0.8000596027254472,0.24360387467930666,-0.044415424789203135,0.0007519473844492877,1.9812995226813475,1.1097061911408121,1.3295969350489787,0.834797297835412,8654,7972,3,Box 4,ARG_org_3aer-ARG_org
2017-07-15 11:54:00,-28.29303550720215,-0.1681530922651291,-28.18822479248047,-27.78798484802246,-8.203027725219727,7.7797112464904785,0.02308090776205063,-30.539033889770508,0.08447305113077164,0.9188719391822815,0.9858012973473328,0.291009046115724,-0.27599152968400675,-0.0008188137790500205,2.0207271362970833,1.10941238690579,1.2685355859351735,0.8743911836964221,6540,6286,0,Box 1,ARG_org_3aer-ARG_org
2017-07-15 11:54:00,-24.956966400146484,-0.7901008725166321,-24.263896942138672,-19.860198974609375,-11.571563720703125,7.1499505043029785,0.01791388727724552,-28.100650787353516,0.25437548756599426,2.93568754196167,0.8185082134050898,0.47690454336176885,-0.2946744628953312,-0.0007382938715274623,3.1936086905110397,1.402523324304027,1.6045977332798973,0.8737602781800851,6960,6089,1,Box 2,ARG_org_3aer-ARG_org
2017-07-15 11:54:00,-21.25327491760254,0.4279085695743561,-21.681777954101562,-23.217254638671875,-4.417048931121826,5.810642719268799,0.14188139140605927,-23.203086853027344,0.04543110728263855,0.3582155108451843,1.0708186534050608,0.20372172265387825,-0.2679965683218901,-0.006543807737048879,2.2013314476740735,1.0779477443440373,1.2784212244441646,0.8418324877325519,4323,3522,2,Box 3,ARG_org_3aer-ARG_org
2017-07-15 11:54:00,-31.163293838500977,-0.008746116422116756,-31.111087799072266,-26.200246810913086,-7.445962429046631,2.5325655937194824,0.0025565698742866516,-34.49779510498047,0.1795755922794342,1.5980950593948364,0.8421514346966833,0.2393346963339921,-0.08140395551133,-8.217551934538991e-05,2.0073517683583257,1.1040835653390757,1.317594870123786,0.8379347605030422,8731,8038,3,Box 4,ARG_org_3aer-ARG_org
2017-07-15 11:56:00,-28.69413185119629,-0.07069814205169678,-28.5512752532959,-27.439208984375,-8.122559547424316,7.069929599761963,-0.059437643736600876,-31.02548599243164,0.08953354507684708,0.9555883407592773,0.9610501834422038,0.2844902449123371,-0.24762221411959065,0.0020817857650497207,2.0040812391932943,1.108374469287924,1.2726739501468287,0.8713394102545141,6619,6406,0,Box 1,ARG_org_3aer-ARG_org
2017-07-15 11:56:00,-25.10147476196289,-0.7198006510734558,-24.4597225189209,-19.0015926361084,-11.601705551147461,6.15733003616333,-0.013755369931459427,-28.318078994750977,0.2645082473754883,3.0458548069000244,0.7768523540071796,0.4743187475254466,-0.2517334697123342,0.000562368179708006,2.9079982203895383,1.3852467634458892,1.580956360888832,0.8764338204288694,7269,6435,1,Box 2,ARG_org_3aer-ARG_org
2017-07-15 11:56:00,-21.538955688476562,0.3000635504722595,-21.86133575439453,-21.79584503173828,-4.568601131439209,4.773097038269043,-0.26998600363731384,-23.571060180664062,0.05454448610544205,0.4547133147716522,0.9970042927821637,0.20898086318105952,-0.21833508697448045,0.012349931011257198,2.217057979944669,1.0870235538549844,1.3049844498971996,0.8357210395733811,4530,3695,2,Box 3,ARG_org_3aer-ARG_org
2017-07-15 11:56:00,-31.0112361907959,-0.054431069642305374,-30.901269912719727,-25.623571395874023,-7.248903751373291,2.096545934677124,-0.1253400444984436,-34.31644058227539,0.18039095401763916,1.598454475402832,0.8292077477362342,0.2345827026076914,-0.0678465957103675,0.004056145366441916,1.9943460462847173,1.10257147490741,1.3198265172027197,0.8363320431499356,8886,8144,3,Box 4,ARG_org_3aer-ARG_org
2017-07-15 11:58:00,-29.178953170776367,-0.09583030641078949,-29.080747604370117,-27.83094596862793,-8.423131942749023,7.058720588684082,0.11461060494184494,-31.598140716552734,0.09455131739377975,0.9968715906143188,0.9570230954241628,0.2896463308547258,-0.24272831041880122,-0.00394111586008733,1.9711516271426774,1.1081511863023483,1.2666355168611112,0.8740631117411322,6708,6488,0,Box 1,ARG_org_3aer-ARG_org
2017-07-15 11:58:00,-25.134401321411133,-0.5541990995407104,-24.61924934387207,-18.16299819946289,-11.720147132873535,5.256922721862793,0.006971887778490782,-28.405231475830078,0.2732153832912445,3.131938934326172,0.7377559362122635,0.47605619339147665,-0.21352894111774476,-0.0002831884859954281,2.701679283661099,1.3780388510451569,1.566826979961901,0.8793974315081833,7613,6750,1,Box 2,ARG_org_3aer-ARG_org
2017-07-15 11:58:00,-21.865707397460938,0.34027183055877686,-22.198528289794922,-19.448375701904297,-4.624537944793701,1.98627769947052,-0.11189094930887222,-23.981969833374023,0.06491711735725403,0.5464576482772827,0.876111099012109,0.2083263426110509,-0.08947790954064172,0.005040467917481778,1.9037309843121737,1.0795507128081476,1.2775600563492526,0.8460537120708782,4762,3880,2,Box 3,ARG_org_3aer-ARG_org
2017-07-15 11:58:00,-30.93596839904785,-0.17263999581336975,-30.7041015625,-25.07534408569336,-6.784109115600586,1.3320046663284302,-0.17665375769138336,-34.23781204223633,0.18564553558826447,1.6251484155654907,0.8166773246232787,0.2209512285035162,-0.04338197845302878,0.005753425326233894,1.9603075330788613,1.0953275474370268,1.3161774521206004,0.8335200106442167,9015,8235,3,Box 4,ARG_org_3aer-ARG_org
2017-07-15 12:00:00,-29.47688865661621,-0.18991118669509888,-29.334537506103516,-27.588220596313477,-7.8720784187316895,6.194209575653076,-0.06844845414161682,-31.967866897583008,0.09744720160961151,1.0153307914733887,0.9404689242588229,0.2683552854119232,-0.21115758394793277,0.0023333742771866617,1.901135172749817,1.0959911909264604,1.25571605346585,0.8732656305817389,6815,6605,0,Box 1,ARG_org_3aer-ARG_org
2017-07-15 12:00:00,-25.374305725097656,-0.6461111903190613,-24.7889404296875,-19.427661895751953,-11.683652877807617,6.304306507110596,0.01806694082915783,-28.735027313232422,0.2832339107990265,3.2396602630615234,0.7837229278831576,0.47132525237433887,-0.2543193495856078,-0.0007288306718886139,2.9629862104623026,1.386268578231441,1.5872167044858165,0.8731018814600533,7946,7076,1,Box 2,ARG_org_3aer-ARG_org
2017-07-15 12:00:00,-21.939807891845703,0.32893627882003784,-22.297639846801758,-21.33230209350586,-4.936178684234619,3.9666154384613037,0.004225848242640495,-24.11579132080078,0.07110966742038727,0.6006602644920349,0.9567067414800192,0.22137674320162323,-0.17789396471123023,-0.0001895199704122219,2.0854666086475726,1.088756969236752,1.2918615799053488,0.8427405433540986,5005,4095,2,Box 3,ARG_org_3aer-ARG_org
2017-07-15 12:00:00,-31.20905303955078,-0.354818195104599,-30.882415771484375,-25.56854248046875,-7.0850653648376465,1.729145884513855,0.04204345494508743,-34.57046127319336,0.19178089499473572,1.6900252103805542,0.827932004664249,0.2294206774571998,-0.05599127771180783,-0.0013614044096409567,1.9975946158822844,1.1006149940062875,1.321256488385525,0.8326904418552273,9127,8335,3,Box 4,ARG_org_3aer-ARG_org
2017-07-15 12:02:00,-30.01919174194336,-0.2177949696779251,-29.89419937133789,-28.795379638671875,-8.009925842285156,6.983919143676758,-0.0728098452091217,-32.590545654296875,0.10127385705709457,1.052101492881775,0.9632431045820116,0.2679425000748408,-0.23362118866796805,0.00243558401111571,1.9491948575681899,1.0972714817413987,1.2598108129064163,0.8714712464644365,6879,6685,0,Box 1,ARG_org_3aer-ARG_org
2017-07-15 12:02:00,-25.985557556152344,-0.7797907590866089,-25.248519897460938,-19.892221450805664,-12.061772346496582,6.820191383361816,-0.11471705138683319,-29.480918884277344,0.29486122727394104,3.3702685832977295,0.7878569839557283,0.4777219364978827,-0.2701224358828532,0.00454351542924214,3.0111504673519542,1.3968223896188205,1.594212685263681,0.8780418158834237,8234,7353,1,Box 2,ARG_org_3aer-ARG_org
2017-07-15 12:02:00,-22.118938446044922,0.13130557537078857,-22.268152236938477,-16.96581268310547,-5.766487121582031,0.709106981754303,-0.24495798349380493,-24.379161834716797,0.0859604999423027,0.7898889183998108,0.7618869015930719,0.25895672361881955,-0.03184399874899378,0.011000373537102301,1.784237325838441,1.1033999197378854,1.288288411888501,0.8588751410732572,5308,4339,2,Box 3,ARG_org_3aer-ARG_org
2017-07-15 12:02:00,-31.846649169921875,-0.401450514793396,-31.498611450195312,-25.62626838684082,-8.074191093444824,2.0341637134552,0.16768349707126617,-35.314151763916016,0.20049113035202026,1.7929329872131348,0.8135681963528725,0.2563347978166513,-0.06457947314726517,-0.005323521022258609,2.017846587803574,1.1169436882769745,1.3332699338687075,0.8364657994478257,9185,8428,3,Box 4,ARG_org_3aer-ARG_org
2017-07-15 12:04:00,-30.469852447509766,-0.0686306431889534,-30.336835861206055,-28.534423828125,-8.451332092285156,6.554497241973877,0.09442730993032455,-33.12714767456055,0.10411235690116882,1.0791878700256348,0.9405868182829504,0.27858320579170165,-0.21605739468560956,-0.003112629389042526,1.926277993409081,1.1019555125609966,1.2615404528141412,0.8728684830814576,6945,6767,0,Box 1,ARG_org_3aer-ARG_org
2017-07-15 12:04:00,-26.492597579956055,-0.8385722041130066,-25.685102462768555,-18.464221954345703,-12.202584266662598,4.9817023277282715,0.0,-30.116281509399414,0.3071049451828003,3.501188039779663,0.7188688877565381,0.47508409935431095,-0.19395298711084907,0.0,2.688561309325119,1.3865322694027928,1.5818478616463032,0.8765269423317131,8520,7665,1,Box 2,ARG_org_3aer-ARG_org
2017-07-15 12:04:00,-21.97064971923828,0.1345967948436737,-22.11046600341797,-18.720813751220703,-6.9007391929626465,3.713282823562622,-0.20219603180885315,-24.285755157470703,0.09611956775188446,0.9260104894638062,0.8466946349859312,0.31210286753435434,-0.1679423137423401,0.009144811222054516,2.091057429501519,1.145633145494623,1.3369777033208476,0.8591614597504104,5758,4717,2,Box 3,ARG_org_3aer-ARG_org
2017-07-15 12:04:00,-32.763450622558594,-0.5744710564613342,-32.21542739868164,-26.84381866455078,-8.3041410446167,2.896024227142334,0.036507654935121536,-36.38121032714844,0.21122296154499054,1.9490355253219604,0.8332597195725712,0.25776908630357176,-0.0898955707057388,-0.0011332351704041316,2.0873877333836828,1.120558799844811,1.3423091321647136,0.834520901724685,9220,8462,3,Box 4,ARG_org_3aer-ARG_org
2017-07-15 12:06:00,-31.092716217041016,-0.2254675030708313,-30.874265670776367,-29.06487464904785,-8.189790725708008,6.526159286499023,-0.14575789868831635,-33.84547805786133,0.10709869116544724,1.1114928722381592,0.941394936461156,0.2652626792669625,-0.21137863196099882,0.004721016232880293,1.9205736007829206,1.0963066473753946,1.2599650583912805,0.8710585343809217,6996,6788,0,Box 1,ARG_org_3aer-ARG_org
2017-07-15 12:06:00,-27.102371215820312,-0.9015502333641052,-26.226585388183594,-19.781192779541016,-12.355219841003418,5.927460670471191,-0.01763223670423031,-30.866832733154297,0.319241464138031,3.626901626586914,0.7542420691750206,0.4710952657270858,-0.2260096388491934,0.0006723039470870051,2.872243430825895,1.3902764915622945,1.5940740059851004,0.8724264954548137,8770,7944,1,Box 2,ARG_org_3aer-ARG_org
2017-07-15 12:06:00,-21.966991424560547,-0.034159790724515915,-21.901687622070312,-21.259044647216797,-6.843414306640625,6.1639814376831055,0.036786820739507675,-24.332473754882812,0.10660921037197113,1.052528738975525,0.970657685725782,0.31246061108965484,-0.28143866278083285,-0.0016796340346040273,2.361428982320491,1.1483218615984006,1.3432347020101705,0.8544693350900752,6199,5207,2,Box 3,ARG_org_3aer-ARG_org
2017-07-15 12:06:00,-33.08586120605469,-0.7847898602485657,-32.320621490478516,-26.779895782470703,-8.583870887756348,2.862184524536133,0.1809612512588501,-36.76305389404297,0.21541427075862885,2.0092763900756836,0.8285699755297645,0.2655849616270282,-0.08855599591729078,-0.005598941239501956,2.0766405230493175,1.124249153004201,1.3417583910692268,0.8365143742809147,9297,8490,3,Box 4,ARG_org_3aer-ARG_org
2017-07-15 12:08:00,-31.55681037902832,-0.139564648270607,-31.373720169067383,-27.451414108276367,-8.148457527160645,4.195186138153076,0.030966339632868767,-34.39317321777344,0.10849037766456604,1.1180986166000366,0.8749812162332247,0.2597223804532686,-0.1337165814074203,-0.0009870152790729947,1.7919837389773021,1.090432588168221,1.2488500248464116,0.8729578570632065,7045,6855,0,Box 1,ARG_org_3aer-ARG_org
2017-07-15 12:08:00,-27.775671005249023,-0.9155521392822266,-26.9133243560791,-20.337413787841797,-12.617116928100586,6.100009441375732,-0.058799393475055695,-31.676443099975586,0.3289491534233093,3.730332851409912,0.7556634743314308,0.4688056259775255,-0.22665386946694907,0.0021847691579927886,2.8880945023096767,1.3895661305570914,1.5965476705959363,0.871246878420957,8974,8201,1,Box 2,ARG_org_3aer-ARG_org
2017-07-15 12:08:00,-22.190156936645508,-0.0913907140493393,-22.110647201538086,-18.01756477355957,-6.571610927581787,2.7167866230010986,-0.2382585108280182,-24.625120162963867,0.11770538240671158,1.191913366317749,0.8148818144964122,0.2972147723592305,-0.12287232299905874,0.010775736143416079,2.1236408243449896,1.1472253268269466,1.3608018433509075,0.8458543277589778,6612,5631,2,Box 3,ARG_org_3aer-ARG_org
2017-07-15 12:08:00,-33.32124328613281,-0.6367844939231873,-32.65826416015625,-25.592180252075195,-8.4505615234375,1.510489821434021,-0.12600967288017273,-37.002010345458984,0.21579588949680328,2.0177934169769287,0.7836357625662912,0.2587571931381209,-0.046251387064999615,0.0038584313605875206,1.9964984387210574,1.120919785540706,1.341914111492586,0.8362625187644868,9358,8554,3,Box 4,ARG_org_3aer-ARG_org
2017-07-15 12:10:00,-32.0699348449707,-0.24551495909690857,-31.882017135620117,-29.308483123779297,-7.760631084442139,5.264503002166748,-0.0774030089378357,-34.98009490966797,0.1084524616599083,1.1117181777954102,0.9192795372510919,0.2434171947110966,-0.16512452741214814,0.0024277954499596355,1.8262074722849293,1.082999094260389,1.2440527739817897,0.8710027750151946,7081,6904,0,Box 1,ARG_org_3aer-ARG_org
2017-07-15 12:10:00,-28.147232055664062,-0.7146986722946167,-27.474225997924805,-20.611129760742188,-12.988576889038086,6.162297248840332,-0.03682224825024605,-32.12527847290039,0.3323279023170471,3.747619867324829,0.7501986556228422,0.47275488421556167,-0.22429378683489973,0.001340246996495903,2.841178744742077,1.3896046445277745,1.5903823293834036,0.8742985883412224,9158,8467,1,Box 2,ARG_org_3aer-ARG_org
2017-07-15 12:10:00,-22.291616439819336,-0.09267796576023102,-22.186758041381836,-19.071374893188477,-6.692363262176514,3.8814282417297363,-0.3044506907463074,-24.75753402709961,0.1260160356760025,1.2836211919784546,0.8595835454232706,0.3016377221191392,-0.17494344642254028,0.013722178880130442,2.2239929074740044,1.150552776486298,1.363367744462318,0.847501964812443,6958,6004,2,Box 3,ARG_org_3aer-ARG_org
2017-07-15 12:10:00,-33.35145568847656,-0.6756898760795593,-32.685386657714844,-26.442138671875,-8.813881874084473,2.5996053218841553,-0.02897084318101406,-37.044593811035156,0.21831415593624115,2.031550645828247,0.8089896558199353,0.2696581638236045,-0.07953417416102979,0.0008863545174899456,2.04186634961327,1.126341925646006,1.3419693417979073,0.8395390105029288,9413,8600,3,Box 4,ARG_org_3aer-ARG_org
2017-07-15 12:12:00,-32.39339065551758,-0.13015340268611908,-32.23257064819336,-30.577213287353516,-8.437418937683105,6.780969619750977,0.0010853065177798271,-35.36445617675781,0.11077558994293213,1.136568546295166,0.9486431291056338,0.2617668440713655,-0.21037630207279054,-3.367110420873787e-05,1.904496160938253,1.0929517854641424,1.2540327246389518,0.8715430096876529,7122,6929,0,Box 1,ARG_org_3aer-ARG_org
2017-07-15 12:12:00,-28.657142639160156,-0.5360779762268066,-28.15595245361328,-21.08805274963379,-13.108088493347168,5.956754207611084,0.08343042433261871,-32.7260627746582,0.3361564576625824,3.7595393657684326,0.7489730569399207,0.465552960840326,-0.21156286386867057,-0.0029631539115760885,2.751262581847619,1.369632359576182,1.5689728263291751,0.8717841077767822,9308,8676,1,Box 2,ARG_org_3aer-ARG_org
2017-07-15 12:12:00,-22.864694595336914,-0.02695648930966854,-22.823970794677734,-19.744077682495117,-6.925288677215576,3.966376543045044,-0.12098068743944168,-25.429941177368164,0.13618649542331696,1.3686506748199463,0.8650588290478582,0.3034217402992913,-0.17378116719440054,0.005300597847250982,2.211446073890754,1.1493388443970318,1.3577325345748579,0.8478867621612922,7317,6390,2,Box 3,ARG_org_3aer-ARG_org
2017-07-15 12:12:00,-33.314754486083984,-0.7543863654136658,-32.55774688720703,-25.611303329467773,-8.257834434509277,1.353898048400879,-0.042509738355875015,-37.01188659667969,0.2197543829679489,2.0107614994049072,0.7866423149859575,0.2536365281289231,-0.041584514972494845,0.001305671857614231,1.9714951972345596,1.1156433699182928,1.3332675497984152,0.8370881246335187,9450,8638,3,Box 4,ARG_org_3aer-ARG_org
2017-07-15 12:14:00,-32.312931060791016,-0.1831449419260025,-32.102413177490234,-29.66596221923828,-7.841205596923828,5.532259941101074,-0.12750768661499023,-35.286006927490234,0.1091732457280159,1.1104047298431396,0.9241037510752523,0.24425593521452227,-0.17233158940572807,0.003971903115953468,1.8435967448501154,1.0842013762963578,1.24689051407337,0.8702865146790584,7186,6989,0,Box 1,ARG_org_3aer-ARG_org
2017-07-15 12:14:00,-29.286489486694336,-0.3877100348472595,-28.941537857055664,-21.506059646606445,-13.307312965393066,5.916478157043457,-0.04464307427406311,-33.450809478759766,0.3388047516345978,3.755398750305176,0.7430863009774363,0.45979978287192225,-0.2044286096609572,0.0015425258115986107,2.708892045383694,1.3611291620059716,1.5636570732169015,0.8710784975169014,9466,8861,1,Box 2,ARG_org_3aer-ARG_org
2017-07-15 12:14:00,-23.150907516479492,0.008495170623064041,-23.141860961914062,-20.135236740112305,-6.615993022918701,3.6462504863739014,-0.03687962517142296,-25.775371551513672,0.14517401158809662,1.4240550994873047,0.8700786170673751,0.2858885592818777,-0.1575608089872232,0.0015936326379704102,2.2226264980754644,1.1402138761632494,1.35796016130653,0.8400614699338956,7673,6723,2,Box 3,ARG_org_3aer-ARG_org
2017-07-15 12:14:00,-33.22321701049805,-0.6656006574630737,-32.53683853149414,-26.451374053955078,-8.306838035583496,2.322646379470825,-0.10127558559179306,-36.89152526855469,0.21355967223644257,1.9343246221542358,0.8129668585658351,0.25530561907231963,-0.07138512106317087,0.0031126434250161733,2.0184060552063423,1.1165874022560796,1.3337052173294988,0.8379577853739028,9455,8653,3,Box 4,ARG_org_3aer-ARG_org
2017-07-15 12:16:00,-32.41032028198242,-0.1888093203306198,-32.216888427734375,-30.07965087890625,-8.082366943359375,6.0332417488098145,-0.08811274915933609,-35.41006088256836,0.11004970222711563,1.1122840642929077,0.9336609225171453,0.2508736326679945,-0.18726954157390518,0.0027349863887654036,1.8696782120057616,1.0877065022467673,1.2503325592163883,0.8704654693980034,7222,7027,0,Box 1,ARG_org_3aer-ARG_org
2017-07-15 12:16:00,-29.94117546081543,-0.18341615796089172,-29.794296264648438,-21.47420310974121,-13.540228843688965,5.303682804107666,-0.08354651182889938,-34.21058654785156,0.34231036901474,3.7680771350860596,0.7207487678717756,0.4544571177205958,-0.17800999655221683,0.0028041109598454517,2.605342890406168,1.352410781447422,1.557148481574295,0.8695967589691597,9572,9041,1,Box 2,ARG_org_3aer-ARG_org
2017-07-15 12:16:00,-23.622438430786133,-0.1584884077310562,-23.473773956298828,-21.218135833740234,-6.581256866455078,4.364421367645264,-0.0388009250164032,-26.334217071533203,0.15146589279174805,1.4793665409088135,0.9039082116893196,0.2803663944963385,-0.18592755412951764,0.0016529479438595895,2.2679248255615487,1.135410491655865,1.3525235191810614,0.8398947231362551,7942,7046,2,Box 3,ARG_org_3aer-ARG_org
2017-07-15 12:16:00,-33.47574996948242,-0.5944289565086365,-32.8701286315918,-26.7896785736084,-8.471220016479492,2.4118003845214844,-0.021030372008681297,-37.193397521972656,0.21411031484603882,1.955036997795105,0.8150159479607756,0.25771786848924744,-0.07337361842390024,0.0006398019738772104,2.024631988448882,1.1179829083630393,1.3344197907370214,0.8379591588948722,9461,8643,3,Box 4,ARG_org_3aer-ARG_org
2017-07-15 12:18:00,-32.423118591308594,-0.04159746319055557,-32.38153076171875,-28.808425903320312,-8.643802642822266,5.1444597244262695,-0.07376552373170853,-35.44613265991211,0.11088304966688156,1.115478515625,0.8896559925335787,0.26693617194289887,-0.15887017668989856,0.0022780122134209435,1.8351386497130275,1.0953582080900777,1.255424429198992,0.8729525497803564,7265,7085,0,Box 1,ARG_org_3aer-ARG_org
2017-07-15 12:18:00,-30.538408279418945,-0.07899337261915207,-30.461153030395508,-20.50599479675293,-13.713277816772461,3.8118836879730225,-0.05376829952001572,-34.89237976074219,0.3433559238910675,3.7505993843078613,0.6731850232924022,0.45018899732267464,-0.1251391637237653,0.0017651431086884994,2.353503329112951,1.331346740074096,1.5277692942185355,0.8720839432993901,9691,9210,1,Box 2,ARG_org_3aer-ARG_org
2017-07-15 12:18:00,-23.409988403320312,-0.11085562407970428,-23.302310943603516,-19.955387115478516,-6.469579219818115,3.059784412384033,0.0628732368350029,-26.10462188720703,0.15189498662948608,1.4852513074874878,0.8563695178234964,0.2776368405435448,-0.1313082036533675,-0.002698154713673656,2.1360595716098882,1.1309168643752654,1.3436888962729225,0.8409802218965742,8255,7356,2,Box 3,ARG_org_3aer-ARG_org
2017-07-15 12:18:00,-33.592262268066406,-0.7488346695899963,-32.814430236816406,-26.581382751464844,-8.200983047485352,2.1149137020111084,-0.14697830379009247,-37.33497619628906,0.21425509452819824,1.9717210531234741,0.8100516292718175,0.24992002113827055,-0.06445072591770365,0.0044790755076155875,2.010532601760909,1.113754097611038,1.332942561454073,0.8366367150849684,9501,8620,3,Box 4,ARG_org_3aer-ARG_org
2017-07-15 12:20:00,-32.61501693725586,-0.18206113576889038,-32.488826751708984,-29.394737243652344,-8.638654708862305,5.550294876098633,-0.005729325581341982,-35.69116973876953,0.11326179653406143,1.1446831226348877,0.9047645129941013,0.2658961685109834,-0.1708370290743786,0.00017634756929385542,1.8471394925550864,1.0943595954283987,1.2536716778513106,0.8729584034029787,7309,7106,0,Box 1,ARG_org_3aer-ARG_org
2017-07-15 12:20:00,-31.032304763793945,-0.21404385566711426,-30.874589920043945,-21.765539169311523,-13.352869033813477,4.293455600738525,-0.04963606223464012,-35.468502044677734,0.341286301612854,3.696622371673584,0.7049661098018258,0.43248737087122097,-0.13906114782017326,0.001607667147126457,2.3609959277121626,1.3015009617710644,1.501111140988858,0.8675914396955169,9809,9336,1,Box 2,ARG_org_3aer-ARG_org
2017-07-15 12:20:00,-23.223712921142578,-0.12826737761497498,-23.109010696411133,-19.4526309967041,-6.18109130859375,2.937274217605591,-0.41256383061408997,-25.922962188720703,0.1544586569070816,1.4885038137435913,0.8417768660754316,0.26747534534155043,-0.12710515239176548,0.017852940974783488,2.156016158971582,1.1298196172612986,1.355570508166543,0.8380033749862896,8584,7700,2,Box 3,ARG_org_3aer-ARG_org
2017-07-15 12:20:00,-33.859596252441406,-0.5383617877960205,-33.29506301879883,-26.509857177734375,-8.9497709274292,2.3488612174987793,-0.18429437279701233,-37.598594665527344,0.21450762450695038,1.98157799243927,0.7962098842332469,0.2688017607814662,-0.07054683164899088,0.005535186634277753,2.0123513524233276,1.125292571128464,1.340125974835072,0.8410534596497028,9475,8600,3,Box 4,ARG_org_3aer-ARG_org
2017-07-15 12:22:00,-32.81315612792969,-0.1247195228934288,-32.78730010986328,-30.03646469116211,-8.676971435546875,6.024502754211426,-0.09837054461240768,-35.93802261352539,0.11356221139431,1.1461127996444702,0.9161004629206899,0.26464426505512595,-0.18374499159252625,0.0030002636167103802,1.8728457194083759,1.0948644695034577,1.2564721933532,0.8719768705504901,7360,7126,0,Box 1,ARG_org_3aer-ARG_org
2017-07-15 12:22:00,-31.527048110961914,-0.12662763893604279,-31.357248306274414,-21.888179779052734,-13.419870376586914,4.023500442504883,-0.07269442081451416,-36.0374870300293,0.3373907208442688,3.612509250640869,0.6980262491963215,0.42796714441451933,-0.128311658971719,0.0023182653608781745,2.292100002682694,1.2895300570718675,1.486020634879345,0.8685712070880598,9893,9451,1,Box 2,ARG_org_3aer-ARG_org
2017-07-15 12:22:00,-23.370315551757812,0.0340380035340786,-23.39661407470703,-20.849895477294922,-7.004954814910889,4.606415748596191,-0.1481800079345703,-26.136444091796875,0.16393768787384033,1.5726310014724731,0.8911500961520795,0.29940037390835905,-0.19688386536595526,0.006333395305516687,2.3093435252395276,1.1509614041926863,1.367610208670473,0.8432561741290552,8883,8058,2,Box 3,ARG_org_3aer-ARG_org
2017-07-15 12:22:00,-34.644744873046875,-0.8026268482208252,-33.77811813354492,-27.872154235839844,-9.44600772857666,3.6456551551818848,-0.10561078041791916,-38.49393844604492,0.2218376100063324,2.0639700889587402,0.8251541627853891,0.2796487401400613,-0.10792950676870311,0.0031266038432526955,2.080631223348503,1.132189001829051,1.3444345416844465,0.8429099150335635,9474,8580,3,Box 4,ARG_org_3aer-ARG_org
2017-07-15 12:24:00,-32.88469696044922,-0.001831600209698081,-32.909523010253906,-30.119993209838867,-8.867137908935547,5.977128505706787,0.10048266500234604,-36.050865173339844,0.11270211637020111,1.1353975534439087,0.915236471629497,0.26943990092506126,-0.18162307214281678,-0.0030533004117414275,1.8507478441657137,1.0948451040641638,1.2513220546816723,0.8743519529207121,7412,7162,0,Box 1,ARG_org_3aer-ARG_org
2017-07-15 12:24:00,-31.99972152709961,-0.03209119290113449,-31.975156784057617,-22.49635124206543,-13.592059135437012,4.135533332824707,-0.022275405004620552,-36.57285690307617,0.33340877294540405,3.530742883682251,0.7035572804973136,0.4250819104953743,-0.1293358382685061,0.0006966472758181963,2.2811924918340463,1.282917818037831,1.4780562464945353,0.8682126124877686,9959,9559,1,Box 2,ARG_org_3aer-ARG_org
2017-07-15 12:24:00,-23.154521942138672,0.2712492048740387,-23.413013458251953,-18.266502380371094,-7.4792609214782715,2.399909734725952,-0.06716103851795197,-25.91301918029785,0.16630350053310394,1.591986060142517,0.7801858135097152,0.31944890297660333,-0.10250325121750052,0.0028685347311820236,2.0435234228652988,1.157558184646076,1.357091944907973,0.8537170433339467,9108,8320,2,Box 3,ARG_org_3aer-ARG_org
2017-07-15 12:24:00,-35.041568756103516,-1.0573620796203613,-34.007938385009766,-29.24911117553711,-9.325600624084473,4.510260581970215,0.056510671973228455,-38.93158721923828,0.2240258753299713,2.0715858936309814,0.8600671333486344,0.27421833666292755,-0.13262377921611218,-0.001661690795449755,2.140846777710837,1.1290180966825092,1.3431482367237717,0.8401639726815734,9495,8547,3,Box 4,ARG_org_3aer-ARG_org
2017-07-15 12:26:00,-33.01726150512695,-0.022739164531230927,-32.99246597290039,-28.737730026245117,-8.586678504943848,4.462955474853516,-0.13100901246070862,-36.212581634521484,0.10988342761993408,1.0997861623764038,0.8710392730438267,0.2602618154252651,-0.13527196464960425,0.003970876180512478,1.7663856512221048,1.088714252959158,1.2432424528054489,0.8764629183281692,7431,7177,0,Box 1,ARG_org_3aer-ARG_org
2017-07-15 12:26:00,-32.29062271118164,0.011364025995135307,-32.28450393676758,-21.546308517456055,-13.61338996887207,2.9351508617401123,-0.05995963513851166,-36.89561080932617,0.33100396394729614,3.482226848602295,0.6673884892760888,0.42166943950264846,-0.09091515530474402,0.001857226526006714,2.137019645786613,1.2711295614094864,1.461254639361549,0.8705021520069699,10009,9622,1,Box 2,ARG_org_3aer-ARG_org
2017-07-15 12:26:00,-23.80345344543457,0.38187268376350403,-24.170738220214844,-19.334882736206055,-7.818275451660156,3.1241302490234375,-0.1417100876569748,-26.66715431213379,0.17582954466342926,1.6704601049423218,0.7999293514401858,0.3234603574070281,-0.1292525868952768,0.005862878048062847,2.1349290228999465,1.1657218438253816,1.3716876282814596,0.8514211291585235,9247,8483,2,Box 3,ARG_org_3aer-ARG_org
2017-07-15 12:26:00,-35.61876678466797,-1.0968656539916992,-34.50880432128906,-28.69245147705078,-8.966987609863281,3.2826247215270996,-0.1319931000471115,-39.534095764160156,0.22095361351966858,2.00154709815979,0.831453004135063,0.2598463463249279,-0.09512426033091342,0.0038249098709225438,2.0491482395079434,1.1186302990145438,1.3332487952607903,0.8399494547927728,9497,8540,3,Box 4,ARG_org_3aer-ARG_org
2017-07-15 12:28:00,-32.99111557006836,0.04107002541422844,-33.05543518066406,-29.777496337890625,-8.899742126464844,5.548909664154053,0.07289361953735352,-36.18504333496094,0.10612513870000839,1.0491005182266235,0.9008351220588293,0.26923685702212174,-0.16786678596981794,-0.0022051931111331247,1.8004786942929265,1.0918538459830744,1.2430839380159762,0.8779214527817146,7452,7178,0,Box 1,ARG_org_3aer-ARG_org
2017-07-15 12:28:00,-32.78251647949219,0.012220794335007668,-32.79273986816406,-22.042587280273438,-13.805667877197266,3.0689406394958496,-0.013426408171653748,-37.46137237548828,0.3299470543861389,3.4473860263824463,0.6721788370572483,0.42099770574733353,-0.09358597510421235,0.00040943229963047445,2.1050384732570864,1.2625011732066171,1.4464538428694387,0.8729569855218968,10056,9687,1,Box 2,ARG_org_3aer-ARG_org
2017-07-15 12:28:00,-24.06971549987793,0.38911160826683044,-24.458282470703125,-20.36651039123535,-8.083863258361816,4.026211738586426,-0.034121230244636536,-26.982088088989258,0.18075713515281677,1.7188434600830078,0.8327039842368499,0.33051643635561534,-0.1646154993452993,0.001395078752834067,2.235913811431314,1.1731478820937837,1.3800272729038487,0.850472442572443,9380,8606,2,Box 3,ARG_org_3aer-ARG_org
2017-07-15 12:28:00,-36.19796371459961,-1.2142976522445679,-34.97104263305664,-28.513227462768555,-8.782142639160156,2.3281829357147217,-0.003855964634567499,-40.16573715209961,0.21906135976314545,1.9655386209487915,0.815338194366221,0.251126141425085,-0.0665745974357967,0.00011026164449069731,1.9767544387367288,1.110649634954297,1.3212769249532113,0.840613903311185,9455,8544,3,Box 4,ARG_org_3aer-ARG_org
2017-07-15 12:30:00,-32.92985916137695,0.0417342446744442,-32.99684143066406,-29.57511329650879,-9.117889404296875,5.72484827041626,-0.028687680140137672,-36.12516403198242,0.10474824905395508,1.0222373008728027,0.8963013145440762,0.27632615622253986,-0.17349687768799152,0.0008694069213754096,1.808937365632678,1.0956739313364083,1.2466240107860924,0.879081366389992,7498,7191,0,Box 1,ARG_org_3aer-ARG_org
2017-07-15 12:30:00,-33.3320198059082,-0.024598758667707443,-33.3033561706543,-22.755393981933594,-13.575444221496582,3.0699589252471924,-0.04247743636369705,-38.08640670776367,0.3275812864303589,3.396193265914917,0.6832763132896792,0.40762989240685144,-0.09218167573475235,0.0012754700382217182,2.0981748058734384,1.247390307867581,1.4355193040056595,0.8693478584303521,10106,9771,1,Box 2,ARG_org_3aer-ARG_org
2017-07-15 12:30:00,-24.678850173950195,0.3784026503562927,-25.06389808654785,-19.6883487701416,-8.621321678161621,3.135830879211426,0.10994243621826172,-27.6962833404541,0.19020849466323853,1.8061891794204712,0.7855262081622687,0.34397373819346655,-0.12511346040403598,-0.0043864859516992705,2.1312792592838843,1.1801958784395998,1.378658060581277,0.854841908075567,9463,8692,2,Box 3,ARG_org_3aer-ARG_org
2017-07-15 12:30:00,-36.4615592956543,-1.1116632223129272,-35.36231994628906,-30.241825103759766,-9.144227027893066,3.9897167682647705,0.034018754959106445,-40.4231071472168,0.20911237597465515,1.840503454208374,0.855199220738924,0.25858674040512414,-0.11282395528719236,-0.000962005856855741,2.0961100654567857,1.11838933448841,1.3343766820446101,0.8379035955250732,9488,8539,3,Box 4,ARG_org_3aer-ARG_org
2017-07-15 12:32:00,-33.137203216552734,-0.014582068659365177,-33.15053176879883,-29.024423599243164,-9.41293716430664,5.300501346588135,-0.013672731816768646,-36.3516960144043,0.10738878697156906,1.048776388168335,0.8755341593257696,0.28394526647517726,-0.15989186959333185,0.00041244379238497553,1.7751517596439792,1.0975261885440566,1.244196357767562,0.8821960372015227,7393,7101,0,Box 1,ARG_org_3aer-ARG_org
2017-07-15 12:32:00,-33.87251663208008,0.0338190533220768,-33.87833023071289,-23.504682540893555,-13.645268440246582,3.1814815998077393,0.09014295786619186,-38.65242004394531,0.322090744972229,3.3065285682678223,0.693797075428921,0.40277276614111196,-0.09390905615683219,-0.002660785413200764,2.113784541320996,1.242665935305395,1.4327642357614296,0.8664911147002619,10176,9840,1,Box 2,ARG_org_3aer-ARG_org
2017-07-15 12:32:00,-25.595653533935547,0.12199005484580994,-25.720035552978516,-20.57355499267578,-9.052203178405762,3.9750332832336426,-0.06931033730506897,-28.745281219482422,0.20323973894119263,1.944007396697998,0.7999038307641593,0.35195143656983546,-0.15455006679233393,0.0026947994583391977,2.2188799775124335,1.1916482689509962,1.393926134335468,0.8556517108454856,9549,8740,2,Box 3,ARG_org_3aer-ARG_org
2017-07-15 12:32:00,-37.0042839050293,-1.100435733795166,-35.93339538574219,-29.82567596435547,-9.223946571350098,3.023958444595337,0.09227186441421509,-41.01985549926758,0.20850351452827454,1.8106138706207275,0.8300267635691136,0.25669564297316716,-0.08415454825652262,-0.002567858285758187,2.048812019107412,1.1172950266778836,1.3338199733358098,0.8370461770179602,9499,8530,3,Box 4,ARG_org_3aer-ARG_org
2017-07-15 12:34:00,-33.36959457397461,-0.20255136489868164,-33.23532485961914,-29.433242797851562,-9.500784873962402,5.824934005737305,-0.12623244524002075,-36.63524627685547,0.11142053455114365,1.0974998474121094,0.8856011558963641,0.28586404444921126,-0.17526334112670053,0.003798140781125142,1.7865011194490592,1.0981766163717959,1.2440907585772212,0.8834467744417047,7413,7105,0,Box 1,ARG_org_3aer-ARG_org
2017-07-15 12:34:00,-34.40065002441406,-0.07853519171476364,-34.311981201171875,-24.277822494506836,-13.721085548400879,3.6799819469451904,0.006946954410523176,-39.262794494628906,0.32166680693626404,3.2812485694885254,0.7075611414026408,0.39989196302462227,-0.10725064004575587,-0.00020246438150721413,2.1243882774253464,1.2372894380674362,1.4261344809314138,0.8675202345332875,10216,9923,1,Box 2,ARG_org_3aer-ARG_org
2017-07-15 12:34:00,-26.087533950805664,0.07615125924348831,-26.169113159179688,-19.631555557250977,-9.613166809082031,2.961897850036621,0.11370691657066345,-29.331880569458008,0.21370434761047363,2.0534698963165283,0.7501803025777203,0.3673477386390713,-0.11318296016883876,-0.004345081047952795,2.126933665397511,1.2029488336827656,1.398406420906923,0.8589758563042801,9621,8775,2,Box 3,ARG_org_3aer-ARG_org
2017-07-15 12:34:00,-37.24740982055664,-1.0297456979751587,-36.204254150390625,-29.474870681762695,-10.066251754760742,3.336953639984131,-8.552250073989853e-05,-41.29481506347656,0.2070610523223877,1.7979947328567505,0.8141272841542253,0.2780405640829597,-0.09217021045957953,2.362222394539093e-06,2.094944718949631,1.134601598037739,1.3536292659776712,0.8381928775371555,9531,8529,3,Box 4,ARG_org_3aer-ARG_org
2017-07-15 12:36:00,-33.45331954956055,-0.12545594573020935,-33.288211822509766,-28.86419105529785,-9.468249320983887,5.108107089996338,-0.06387825310230255,-36.73411560058594,0.11129257827997208,1.093125581741333,0.8670995102302261,0.284432495689955,-0.15345095114426294,0.001918945224081814,1.7709995607465352,1.0982753618313192,1.2457215555092247,0.8820097159395669,7426,7120,0,Box 1,ARG_org_3aer-ARG_org
2017-07-15 12:36:00,-34.819400787353516,-0.060864031314849854,-34.75257110595703,-25.502559661865234,-14.016489028930664,4.663120746612549,0.10335290431976318,-39.74635696411133,0.31863752007484436,3.2308640480041504,0.7338322207494451,0.40332233913906856,-0.13418059587143097,-0.002973964017082692,2.203265013460699,1.242443489992092,1.4316386442976554,0.866921530584236,10240,9962,1,Box 2,ARG_org_3aer-ARG_org
2017-07-15 12:36:00,-26.970367431640625,-0.026901589706540108,-26.957361221313477,-20.01828384399414,-10.309208869934082,3.3842761516571045,-0.014145306311547756,-30.371732711791992,0.2292385697364807,2.2062277793884277,0.7425906047914498,0.38242648270705787,-0.12554181639139134,0.0005247288928836857,2.1970800380453706,1.2246825962922776,1.423794917781673,0.8603132786193309,9634,8832,2,Box 3,ARG_org_3aer-ARG_org
2017-07-15 12:36:00,-38.27842712402344,-1.0639816522598267,-37.213539123535156,-29.288984298706055,-11.136568069458008,3.3922338485717773,-0.18022815883159637,-42.46054458618164,0.21724984049797058,1.9063241481781006,0.7870516547168561,0.29926115701377526,-0.0911558911540876,0.0048430794234562285,2.1233970474593575,1.1539145340771784,1.375639897702148,0.8401168008358918,9568,8563,3,Box 4,ARG_org_3aer-ARG_org
2017-07-15 12:38:00,-33.613712310791016,-0.3788570761680603,-33.24187469482422,-29.38547134399414,-9.461657524108887,5.436191558837891,0.16906088590621948,-36.93098449707031,0.11296866089105606,1.1204921007156372,0.883989520246775,0.2846306895101425,-0.16353442880096253,-0.005085780955954966,1.7677324409951396,1.0960544039803481,1.2396395516416416,0.8832063991906963,7476,7128,0,Box 1,ARG_org_3aer-ARG_org
2017-07-15 12:38:00,-35.16159439086914,-0.08297229558229446,-35.077938079833984,-24.959138870239258,-13.78709888458252,3.704956293106079,-0.03665783628821373,-40.114784240722656,0.31387123465538025,3.169166088104248,0.7115338218337243,0.3930418396747871,-0.1056207010909664,0.0010450395824550124,2.1428058908696808,1.234284461582439,1.4290783217665075,0.8640149758003278,10251,9954,1,Box 2,ARG_org_3aer-ARG_org
2017-07-15 12:38:00,-27.583938598632812,-0.11834373325109482,-27.453527450561523,-19.596948623657227,-10.820423126220703,2.8677709102630615,0.09607204049825668,-31.106670379638672,0.243632972240448,2.35990309715271,0.7138225642805979,0.39413599303466174,-0.10445911479349332,-0.0034994425217662883,2.100030530252559,1.2273210374982557,1.4140654674489337,0.8668862260334231,9645,8836,2,Box 3,ARG_org_3aer-ARG_org
2017-07-15 12:38:00,-39.44559860229492,-1.5119330883026123,-37.99824142456055,-29.683380126953125,-11.67838191986084,3.286332368850708,0.07719086110591888,-43.7852783203125,0.2274666726589203,1.9994088411331177,0.7811778203961233,0.3073400414400629,-0.08648642931729564,-0.0020314325188905136,2.134697946344439,1.160875592186791,1.3820694312571564,0.8394026614195669,9541,8496,3,Box 4,ARG_org_3aer-ARG_org
2017-07-15 12:40:00,-33.53199005126953,-0.3900757133960724,-33.11585998535156,-29.96223258972168,-9.568251609802246,6.243409633636475,0.1712142676115036,-36.82417297363281,0.11228755861520767,1.1186946630477905,0.9047698712209898,0.288932610349412,-0.1885323218972333,-0.005170159673168528,1.7972937735805314,1.0981344223330725,1.2410983542979708,0.8838209920175377,7403,7067,0,Box 1,ARG_org_3aer-ARG_org
2017-07-15 12:40:00,-35.67502212524414,-0.23392391204833984,-35.4345817565918,-25.739259719848633,-13.628739356994629,3.8895604610443115,0.043858785182237625,-40.700016021728516,0.31112435460090637,3.1223256587982178,0.7263881599050473,0.38461695089550585,-0.10976737109676382,-0.0012377397037893756,2.1363724174771175,1.222589634907597,1.4167262703413914,0.862596138813312,10238,9937,1,Box 2,ARG_org_3aer-ARG_org
2017-07-15 12:40:00,-28.673429489135742,-0.30224916338920593,-28.393888473510742,-20.88395881652832,-11.456910133361816,3.8994557857513428,0.0475272610783577,-32.390708923339844,0.2615695595741272,2.544874668121338,0.7355090112031174,0.4034991864526225,-0.13733434206299033,-0.0016738555927495735,2.2103515105857783,1.2430411311891882,1.4325513081727388,0.8671894941603067,9679,8835,2,Box 3,ARG_org_3aer-ARG_org
2017-07-15 12:40:00,-40.892513275146484,-1.7345699071884155,-39.13685607910156,-31.851655960083008,-10.87533950805664,3.526885747909546,0.0632556602358818,-45.43035125732422,0.23520123958587646,2.0803146362304688,0.8138532502397224,0.27787976885016064,-0.09011675066479459,-0.0016162684250884823,2.14618985069058,1.1392575587571139,1.3672336162187504,0.8328362740802793,9478,8413,3,Box 4,ARG_org_3aer-ARG_org
2017-07-15 12:42:00,-33.10614776611328,-0.46051308512687683,-32.76578140258789,-28.649335861206055,-8.261045455932617,4.265994548797607,-0.1213965192437172,-36.328189849853516,0.10676757246255875,1.057595133781433,0.8743675037293666,0.25212415492140366,-0.130196637164916,0.003704978514145779,1.7107167611401706,1.0804843780538589,1.2271397203300078,0.88115808182256,7429,7092,0,Box 1,ARG_org_3aer-ARG_org
2017-07-15 12:42:00,-36.1298713684082,-0.38727185130119324,-35.76478958129883,-26.03386116027832,-13.503853797912598,3.7753405570983887,-0.002410437213256955,-41.22622299194336,0.3086697459220886,3.0755507946014404,0.7279188733660522,0.377573993294328,-0.1055602636030719,6.739694269168595e-05,2.124805162585543,1.2158801491527793,1.4121736116584862,0.8610190855304684,10234,9929,1,Box 2,ARG_org_3aer-ARG_org
2017-07-15 12:42:00,-29.262638092041016,-0.29255419969558716,-28.991565704345703,-21.242673873901367,-12.082266807556152,4.255161285400391,0.07820926606655121,-33.09877014160156,0.2779102623462677,2.7113382816314697,0.7327190037536022,0.41675102424487326,-0.1467723722524384,-0.0026976557460370865,2.26785872406546,1.2622124119628197,1.4513734052596,0.8687940963698403,9670,8847,2,Box 3,ARG_org_3aer-ARG_org
2017-07-15 12:42:00,-41.59392166137695,-2.0704808235168457,-39.5003776550293,-31.44654083251953,-10.952303886413574,2.985853433609009,-0.08738822489976883,-46.18547058105469,0.23624356091022491,2.121392250061035,0.796107328254228,0.2772708342615324,-0.07559050135837993,0.002212338842619524,2.125600409123104,1.1403237760829033,1.371253883864563,0.8321730751017572,9443,8353,3,Box 4,ARG_org_3aer-ARG_org
2017-07-15 12:44:00,-32.44474792480469,-0.2403532713651657,-32.245521545410156,-28.69536781311035,-8.120006561279297,4.52105188369751,0.04880053550004959,-35.55705261230469,0.09816912561655045,0.9543748497962952,0.8899024163438473,0.2518181221954696,-0.14020713340792096,-0.0015134051313959174,1.7064005621209182,1.0785400976396822,1.2216062583218095,0.8826194317698663,7460,7148,0,Box 1,ARG_org_3aer-ARG_org
2017-07-15 12:44:00,-36.5152702331543,-0.26480478048324585,-36.26002502441406,-25.748090744018555,-13.956389427185059,3.573718547821045,-0.12926368415355682,-41.66423034667969,0.3063223659992218,3.0326671600341797,0.7100957774428247,0.3848973782164282,-0.09855806492862425,0.003564909269371322,2.1009994565181307,1.2228782239473146,1.4169458825946686,0.864110950086514,10229,9926,1,Box 2,ARG_org_3aer-ARG_org
2017-07-15 12:44:00,-30.08013916015625,-0.4609569013118744,-29.618242263793945,-21.04032325744629,-11.988765716552734,3.318676233291626,0.09217371046543121,-34.053916931152344,0.2933608591556549,2.8577916622161865,0.7103840182752318,0.40477643133703034,-0.11204839080758326,-0.003112058804678866,2.202975723857157,1.252343236064478,1.4486063006915035,0.8635194371403825,9643,8793,2,Box 3,ARG_org_3aer-ARG_org
2017-07-15 12:44:00,-41.90114974975586,-2.24245285987854,-39.65274429321289,-33.312599182128906,-11.51187515258789,5.07745885848999,0.09427452832460403,-46.51869201660156,0.23637622594833374,2.1307756900787354,0.8401083595358192,0.29031726365542415,-0.12804811990910211,-0.00237750328214123,2.255277068280835,1.1508742135327839,1.3808312718661202,0.8328255889428879,9411,8256,3,Box 4,ARG_org_3aer-ARG_org
2017-07-15 12:46:00,-31.853424072265625,-0.04528554901480675,-31.819183349609375,-28.413639068603516,-8.073262214660645,4.618899345397949,0.04881832003593445,-34.872066497802734,0.09362214058637619,0.8818271160125732,0.8929719513037244,0.25372312830513555,-0.14516083794949491,-0.0015342416593650543,1.7231738916906212,1.0803749164905472,1.225231600281206,0.8814972365207714,7427,7119,0,Box 1,ARG_org_3aer-ARG_org
2017-07-15 12:46:00,-36.77268600463867,-0.18633580207824707,-36.59504699707031,-26.111595153808594,-14.650969505310059,4.193121910095215,-0.025607923045754433,-41.96638870239258,0.3078750669956207,3.042638063430786,0.7135280075176231,0.40035391421806515,-0.1145816864977173,0.0006997647620290148,2.1735570992167945,1.243345330585896,1.4371879936035086,0.8653432487312424,10215,9922,1,Box 2,ARG_org_3aer-ARG_org
2017-07-15 12:46:00,-30.465957641601562,-0.8817999958992004,-29.605268478393555,-20.851255416870117,-11.953266143798828,3.1497530937194824,0.04949752986431122,-34.51311492919922,0.30756160616874695,3.0113601684570312,0.7043088916713109,0.403754662797436,-0.10639163835836066,-0.001671916110386279,2.1442266212157994,1.2443791196783962,1.4347718865345338,0.8667776990564237,9569,8693,2,Box 3,ARG_org_3aer-ARG_org
2017-07-15 12:46:00,-42.39487838745117,-2.4541594982147217,-39.94953918457031,-32.16993713378906,-11.177507400512695,3.327361583709717,0.07054352760314941,-47.0142822265625,0.23789085447788239,2.162963390350342,0.8052642623208768,0.2797906481940203,-0.08328909494939736,-0.0017658155654996927,2.1204230984270653,1.1394835861322936,1.3649610241859729,0.8343518356641073,9360,8214,3,Box 4,ARG_org_3aer-ARG_org
2017-07-15 12:48:00,-31.355175018310547,0.145533949136734,-31.489566802978516,-28.58518409729004,-8.4723482131958,5.42977237701416,0.13819459080696106,-34.2933235168457,0.08989831060171127,0.8273265361785889,0.9077668029703148,0.2690526043369904,-0.17243082368443421,-0.004388583622870951,1.7515790033094618,1.0866132976562872,1.2285356476078972,0.8836798805873088,7468,7197,0,Box 1,ARG_org_3aer-ARG_org
2017-07-15 12:48:00,-37.112430572509766,-0.1461557149887085,-36.9723014831543,-25.78268051147461,-15.097586631774902,3.8990938663482666,0.008874920196831226,-42.340850830078125,0.3028321862220764,2.9757916927337646,0.6973512919058186,0.4083486237244694,-0.10545987322090654,-0.0002400424093814274,2.1600303870106226,1.2529247286337954,1.4450122648237191,0.8669919631306917,10199,9894,1,Box 2,ARG_org_3aer-ARG_org
2017-07-15 12:48:00,-31.161516189575195,-1.0491080284118652,-30.115966796875,-21.150474548339844,-12.435515403747559,3.4638891220092773,0.006134636700153351,-35.31599044799805,0.3190249800682068,3.130711317062378,0.7023010475306356,0.4129210067139101,-0.11501835378529805,-0.00020370045924762714,2.2079127667450242,1.2621845005604004,1.4563448552367717,0.8666133198708158,9489,8606,2,Box 3,ARG_org_3aer-ARG_org
2017-07-15 12:48:00,-42.934810638427734,-2.459547519683838,-40.4973258972168,-31.856340408325195,-12.912800788879395,4.42987060546875,-0.15805646777153015,-47.65826416015625,0.25674834847450256,2.35331654548645,0.7866282219500036,0.3188556476296352,-0.1093867553659685,0.0039028857863297045,2.22744307681263,1.1762260639081061,1.404051011373542,0.8388477240893457,9322,8084,3,Box 4,ARG_org_3aer-ARG_org
2017-07-15 12:50:00,-31.138498306274414,0.14555662870407104,-31.288423538208008,-29.271888732910156,-7.969069004058838,5.987691402435303,-0.03515900298953056,-34.044578552246094,0.08873500674962997,0.8001596331596375,0.9355500665255733,0.25469703671132043,-0.19137080958928535,0.0011237063523916457,1.7935145604651086,1.0827662326274468,1.2313859743509854,0.8795126235889358,7541,7267,0,Box 1,ARG_org_3aer-ARG_org
2017-07-15 12:50:00,-37.653472900390625,-0.3191239535808563,-37.3525505065918,-26.32979965209961,-14.810797691345215,3.7904462814331055,-0.002397357253357768,-42.96525955200195,0.3018270432949066,2.95063853263855,0.7048996845557552,0.39651371767767557,-0.10147758412441565,6.418189098483795e-05,2.148851272096709,1.2400375592993353,1.435799894528605,0.863676305509105,10190,9787,1,Box 2,ARG_org_3aer-ARG_org
2017-07-15 12:50:00,-31.67152976989746,-1.3879871368408203,-30.28951644897461,-20.852436065673828,-12.233349800109863,2.975517511367798,-0.17924876511096954,-35.91261291503906,0.3289952278137207,3.2388851642608643,0.6884373802285025,0.4038806518969536,-0.09823588001714549,0.005917847891689351,2.1571088872059048,1.2529541342813781,1.4509650556328364,0.865435849946305,9432,8495,2,Box 3,ARG_org_3aer-ARG_org
2017-07-15 12:50:00,-43.485836029052734,-2.6690306663513184,-40.79323959350586,-31.34918975830078,-13.847911834716797,4.2522759437561035,0.15158264338970184,-48.32011795043945,0.27574142813682556,2.5649075508117676,0.7684897647035736,0.33946583005562697,-0.1042397182342283,-0.0037158765249722253,2.2294533961511798,1.1937270385870808,1.4158963498056527,0.8420005100616486,9302,7961,3,Box 4,ARG_org_3aer-ARG_org
2017-07-15 12:52:00,-31.161151885986328,0.06180141493678093,-31.243513107299805,-28.136075973510742,-8.17049789428711,5.132466793060303,-0.06940807402133942,-34.061920166015625,0.0910569280385971,0.825031578540802,0.9005412889879545,0.26151023483522245,-0.16427304307786175,0.002221519254684806,1.753038736995492,1.084919677464676,1.2309456568032962,0.8817778255980865,7496,7215,0,Box 1,ARG_org_3aer-ARG_org
2017-07-15 12:52:00,-38.18629837036133,-0.3542599380016327,-37.85391616821289,-27.439098358154297,-15.275341987609863,4.879004955291748,-0.0184774212539196,-43.55788040161133,0.30328360199928284,2.9503676891326904,0.7248681975436615,0.4035340493136036,-0.12889037128416503,0.0004881244268999385,2.23562236708177,1.250993459410842,1.4476786624756395,0.8642935933327778,10130,9634,1,Box 2,ARG_org_3aer-ARG_org
2017-07-15 12:52:00,-32.195457458496094,-1.5110142230987549,-30.683536529541016,-22.55093765258789,-12.406620979309082,4.261473178863525,0.012546633370220661,-36.50200653076172,0.33597978949546814,3.2845089435577393,0.7349523013014044,0.40434128145894677,-0.13888467834028564,-0.0004089044200655534,2.2689460613026196,1.2527952399742437,1.4500466673853971,0.8638376432668485,9352,8392,2,Box 3,ARG_org_3aer-ARG_org
2017-07-15 12:52:00,-44.06645202636719,-2.737199544906616,-41.322845458984375,-32.21274185180664,-13.80887508392334,4.73372745513916,-0.034956350922584534,-48.969600677490234,0.28037622570991516,2.5999093055725098,0.7795383175581337,0.334170479277996,-0.11455472970087555,0.0008459328647458242,2.230965617390804,1.1876692567596645,1.4093432608031025,0.8429557740696321,9279,7942,3,Box 4,ARG_org_3aer-ARG_org
2017-07-15 12:54:00,-31.764041900634766,-0.032428350299596786,-31.813243865966797,-28.227031707763672,-8.416364669799805,5.158431053161621,-0.3282792568206787,-34.76628494262695,0.0990542471408844,0.8992391228675842,0.88727297296156,0.2645553809130161,-0.16214730394014698,0.01031895006557082,1.7624519655752506,1.0881581209465152,1.2372631286777211,0.8814223289029375,7540,7285,0,Box 1,ARG_org_3aer-ARG_org
2017-07-15 12:54:00,-38.734127044677734,-0.4314267337322235,-38.32352066040039,-27.650177001953125,-15.543535232543945,4.780345916748047,0.08984038233757019,-44.191890716552734,0.30435803532600403,2.9365015029907227,0.7214935295741168,0.4055873218488954,-0.12473658964284988,-0.0023442617801623516,2.218499510909485,1.2510324202408754,1.4450437885436107,0.8649933208523564,10076,9490,1,Box 2,ARG_org_3aer-ARG_org
2017-07-15 12:54:00,-32.18606185913086,-1.9114208221435547,-30.30311393737793,-21.597810745239258,-11.536251068115234,2.78885817527771,0.04208897799253464,-36.472408294677734,0.3362951874732971,3.2649502754211426,0.7127257625341241,0.3806952375012225,-0.09203206753897242,-0.0013889324963742289,2.12328402852344,1.2227397422668367,1.4221250373734264,0.8593771962115595,9289,8268,2,Box 3,ARG_org_3aer-ARG_org
2017-07-15 12:54:00,-44.74510955810547,-2.6494624614715576,-42.09627151489258,-31.82373046875,-14.900025367736816,4.619452476501465,0.008031345903873444,-49.81049728393555,0.2942051887512207,2.7518653869628906,0.755975031984415,0.35395118289491645,-0.10973542966652526,-0.00019078521280614658,2.2360788068292066,1.2073016116579158,1.4259356698750405,0.8466159522259074,9260,7929,3,Box 4,ARG_org_3aer-ARG_org
2017-07-15 12:56:00,-32.317588806152344,-0.10392778366804123,-32.2861328125,-27.3784236907959,-9.253734588623047,4.3350629806518555,0.010961183346807957,-35.40187454223633,0.10684685409069061,0.9736688733100891,0.8479932682677308,0.2866163683323353,-0.13427013539420574,-0.0003395012058603486,1.722309400131797,1.0962309070054874,1.2382596808298723,0.8852354568217049,7604,7345,0,Box 1,ARG_org_3aer-ARG_org
2017-07-15 12:56:00,-39.239402770996094,-0.6481016278266907,-38.65166091918945,-27.65835952758789,-15.345917701721191,4.396304130554199,-0.04368981719017029,-44.76034927368164,0.30414071679115295,2.925154447555542,0.7155800849627891,0.3970312378961365,-0.11374167049904607,0.0011303476401204604,2.1879168144878505,1.2425991642008605,1.4401045215754233,0.8632092459648136,10013,9353,1,Box 2,ARG_org_3aer-ARG_org
2017-07-15 12:56:00,-32.353675842285156,-2.0055909156799316,-30.396976470947266,-22.85901641845703,-11.59211254119873,3.9273979663848877,0.12675267457962036,-36.65068817138672,0.3363088369369507,3.240790367126465,0.7520160564563148,0.38135740915001964,-0.12920355561629987,-0.004169909990034526,2.245090297175053,1.2276022738239798,1.4311508825746508,0.8564915196403133,9244,8125,2,Box 3,ARG_org_3aer-ARG_org
2017-07-15 12:56:00,-45.739166259765625,-2.587470293045044,-43.131370544433594,-32.29619598388672,-15.721653938293457,4.8590288162231445,0.027449065819382668,-51.008697509765625,0.3095287084579468,2.8635430335998535,0.748786674582014,0.3645062310132024,-0.1126564995280552,-0.0006364060671611715,2.262739623790855,1.2198805809700644,1.4383705018236599,0.8479028207594517,9232,7916,3,Box 4,ARG_org_3aer-ARG_org
2017-07-15 12:58:00,-32.82539749145508,-0.3532393276691437,-32.54069519042969,-27.1711368560791,-9.58191204071045,4.126754283905029,0.08559796959161758,-35.972740173339844,0.11495653539896011,1.0485591888427734,0.8349893754521371,0.2944593561922533,-0.12681824229755925,-0.0026304893468311608,1.7103020110321367,1.0992503481603815,1.2389227286795303,0.8867631544929777,7536,7302,0,Box 1,ARG_org_3aer-ARG_org
2017-07-15 12:58:00,-39.78786849975586,-0.7528390288352966,-39.05094528198242,-27.382822036743164,-15.39754581451416,3.6775436401367188,0.05187884345650673,-45.397865295410156,0.3110584020614624,2.989716053009033,0.7012076621443541,0.3942938038649007,-0.09417297464836916,-0.0013284913608856974,2.1373922539349204,1.2380781682079687,1.4348852893009159,0.8624274121522195,9927,9173,1,Box 2,ARG_org_3aer-ARG_org
2017-07-15 12:58:00,-32.02714920043945,-1.8643773794174194,-30.16077995300293,-22.425304412841797,-11.46865177154541,3.7347142696380615,-0.0015380727127194405,-36.247249603271484,0.32932695746421814,3.157622814178467,0.7435253261787087,0.3802505086784816,-0.12382683064433248,5.099578714218289e-05,2.2278588058034825,1.227319409822068,1.4320663937390377,0.8570425868109706,9153,8006,2,Box 3,ARG_org_3aer-ARG_org
2017-07-15 12:58:00,-47.425209045410156,-2.663245439529419,-44.754241943359375,-31.762861251831055,-16.84939193725586,3.8123443126678467,0.04566440358757973,-53.008628845214844,0.3286864757537842,3.016904354095459,0.7097173102285284,0.37648700171124433,-0.0851839751284471,-0.0010203368113255867,2.214286477728118,1.2347211345548055,1.4526003992424903,0.849683684517126,9233,7967,3,Box 4,ARG_org_3aer-ARG_org
2017-07-15 13:00:00,-33.55833053588867,-0.5738773345947266,-33.059818267822266,-28.52899169921875,-9.430617332458496,4.853596210479736,0.04619692265987396,-36.81562423706055,0.12395041435956955,1.124774694442749,0.8629507059592803,0.2852592424718606,-0.14681257449162316,-0.0013973739395176654,1.7243906030046792,1.0942371349928568,1.234257075793663,0.8862945848227367,7576,7334,0,Box 1,ARG_org_3aer-ARG_org
2017-07-15 13:00:00,-40.15515899658203,-0.9471271634101868,-39.24555206298828,-28.412614822387695,-14.829972267150879,4.01734733581543,-0.0203115064650774,-45.79814529418945,0.30935680866241455,2.961073160171509,0.7239702965168873,0.37787655342973175,-0.10236439919453258,0.0005175492479135568,2.1504048217997576,1.2211795552798879,1.4226573356379448,0.8585358884371737,9854,9060,1,Box 2,ARG_org_3aer-ARG_org
2017-07-15 13:00:00,-31.947275161743164,-1.8868941068649292,-30.073537826538086,-21.315101623535156,-10.793240547180176,1.9196996688842773,0.11510100960731506,-36.14197540283203,0.3251768946647644,3.0947048664093018,0.7087659063872421,0.35889491525165435,-0.06383350346859956,-0.0038273181702969117,2.0560208833372196,1.2001989369916364,1.4035153432512444,0.8540290157222457,9099,7896,2,Box 3,ARG_org_3aer-ARG_org
2017-07-15 13:00:00,-48.23122024536133,-2.9629721641540527,-45.305213928222656,-32.17961120605469,-17.58496856689453,4.635632514953613,-0.17626433074474335,-54.02365493774414,0.3493024408817291,3.182600498199463,0.7102850142729584,0.3881444688276308,-0.10232008001961691,0.0038905969190276696,2.2668051452449625,1.2505767476470127,1.4682302445621638,0.8530315856487276,9215,7886,3,Box 4,ARG_org_3aer-ARG_org
