time,DCRE_total,DCRE_CF,DCRE_A,DCRE_A_Nc,DCRE_A_LWP,DCRE_A_re,DCRE_A_cov,DCRE_sfc,DCRE_lw_toa,DCRE_lw_sfc,frac_Nc,frac_LWP,frac_re,frac_cov,R_Nc,R_LWP,R_tau,R_re,n_any_pix,n_both_pix,box,box_label,pair
2017-07-15 09:04:00,0.4032745361328125,0.006838426909901341,0.3964361092228425,0.13214536974094748,0.26429073948189497,0.0,0.0,0.413482666015625,-0.0041501522064208984,-0.0430450439453125,0.3333333333333333,0.6666666666666666,0.0,0.0,1.0181771506487531,1.0004373995861129,1.0045144131015011,0.9995232934292362,10148,10148,0,Box 1,ARG_mid_3aer-ARG_mid
2017-07-15 09:04:00,0.2635040283203125,-0.013991654645714531,0.27749568296598837,0.09249856098866278,0.18499712197732557,0.0,0.0,0.2763671875,-0.0024399757385253906,-0.032115936279296875,0.3333333333333333,0.6666666666666666,0.0,0.0,1.0220113243921687,1.0000044877829557,1.0003324827124418,1.0000378301043036,9938,9939,1,Box 2,ARG_mid_3aer-ARG_mid
2017-07-15 09:04:00,0.4332275390625,0.06796067056247743,0.36526686849994183,0.12175562283331394,0.24351124566662788,0.0,0.0,0.4796600341796875,-0.0014216899871826172,-0.06018829345703125,0.3333333333333333,0.6666666666666666,0.0,0.0,1.0245721523783917,1.0007422080473831,1.0019308858142675,0.9987820465977199,9516,9511,2,Box 3,ARG_mid_3aer-ARG_mid
2017-07-15 09:04:00,1.0029144287109375,0.057808269199110876,0.9451061595116682,0.3150353865038894,0.6300707730077788,0.0,0.0,1.0701446533203125,-0.002990245819091797,-0.06698989868164062,0.3333333333333333,0.6666666666666666,0.0,0.0,1.0252181722968723,0.9994271237281861,0.9986907501172232,1.0025327831982136,10168,10165,3,Box 4,ARG_mid_3aer-ARG_mid
2017-07-15 09:06:00,0.485809326171875,0.05063672966561107,0.4351725965061884,0.14505753216872946,0.2901150643374589,0.0,0.0,0.47283935546875,-0.004111289978027344,-0.010509490966796875,0.3333333333333333,0.6666666666666666,0.0,0.0,1.0386696122532668,1.0013565504310766,1.0094603659102528,0.9990737918132582,10363,10360,0,Box 1,ARG_mid_3aer-ARG_mid
2017-07-15 09:06:00,1.110198974609375,0.07485657246619762,1.0353424021430024,0.34511413404766744,0.6902282680953349,0.0,0.0,1.135467529296875,-0.005998373031616211,-0.0369720458984375,0.3333333333333333,0.6666666666666666,0.0,0.0,1.0473383789526045,1.0010818348533013,1.0015528919408487,1.002523528900085,10146,10141,1,Box 2,ARG_mid_3aer-ARG_mid
2017-07-15 09:06:00,1.243621826171875,0.03235344528693368,1.2112683808847253,0.4037561269615751,0.8075122539231502,0.0,0.0,1.3126220703125,-0.0056798458099365234,-0.08945846557617188,0.3333333333333333,0.6666666666666666,0.0,0.0,1.0525492077369258,1.0012709159286481,1.0066416752288938,0.999988634979544,9674,9672,2,Box 3,ARG_mid_3aer-ARG_mid
2017-07-15 09:06:00,0.953033447265625,0.02019016495106947,0.9328432823144034,0.3109477607714678,0.6218955215429356,0.0,0.0,1.0072479248046875,-0.006157875061035156,-0.06725692749023438,0.3333333333333333,0.6666666666666666,0.0,0.0,1.0548593763110936,0.9993431566196423,1.00377434929968,1.0010090576787956,10384,10383,3,Box 4,ARG_mid_3aer-ARG_mid
2017-07-15 09:08:00,0.1076812744140625,0.037919511321570246,0.06976176309247392,0.02325392103082464,0.04650784206164928,0.0,0.0,0.0936737060546875,-0.0014548301696777344,0.000202178955078125,0.3333333333333333,0.6666666666666666,0.0,0.0,1.0586936369815667,1.0013154011537648,1.0093461629263654,0.9976797973004721,10364,10362,0,Box 1,ARG_mid_3aer-ARG_mid
2017-07-15 09:08:00,0.6098175048828125,0.016132015025075934,0.5936854898576368,0.19789516328587892,0.39579032657175783,0.0,0.0,0.657562255859375,-0.0038018226623535156,-0.023746490478515625,0.3333333333333333,0.6666666666666666,0.0,0.0,1.066587630380862,1.0009101256579542,1.0058851222515894,1.0019841010350663,10175,10174,1,Box 2,ARG_mid_3aer-ARG_mid
2017-07-15 09:08:00,0.436279296875,-0.04546697764334086,0.4817462745182677,0.8069118175872312,0.024085669341199812,-0.6378458560520227,0.28859464364185944,0.4840240478515625,-0.0017371177673339844,-0.0008544921875,1.674972615811341,0.04999658661664749,-1.3240286220995692,0.5990594196715807,1.0790843714032514,1.001136599552624,1.0152623874493074,0.9950750390896359,9762,9765,2,Box 3,ARG_mid_3aer-ARG_mid
2017-07-15 09:08:00,0.3661346435546875,-0.0009739573908312867,0.36710860094544956,0.12236953364848319,0.24473906729696637,0.0,0.0,0.3950347900390625,-0.004812717437744141,-0.04878997802734375,0.3333333333333333,0.6666666666666666,0.0,0.0,1.079177812474378,0.9995096794468815,1.0076167360831565,0.9985012784123503,10388,10388,3,Box 4,ARG_mid_3aer-ARG_mid
2017-07-15 09:10:00,-0.6722564697265625,-0.01991943120978708,-0.6523370385166692,-1.0714102013900275,-0.0399498378199987,0.693823000645485,-0.234799999952128,-0.6374664306640625,0.004245281219482422,0.027111053466796875,1.6424181644296587,0.06124110001608909,-1.0635959016264804,0.35993663718073265,1.0733109418518332,1.0013198699668266,1.014462124818048,0.9921595188120509,10364,10365,0,Box 1,ARG_mid_3aer-ARG_mid
2017-07-15 09:10:00,0.2365264892578125,7.485966157605344e-05,0.2364516295962038,0.07881720986540126,0.15763441973080253,0.0,0.0,0.291961669921875,-0.0019016265869140625,-0.024272918701171875,0.3333333333333333,0.6666666666666666,0.0,0.0,1.0768435954108773,1.0009229493009126,1.0095569636289665,0.9953676510302736,10221,10221,1,Box 2,ARG_mid_3aer-ARG_mid
2017-07-15 09:10:00,-0.41168212890625,-0.05236675948277216,-0.35931536942342507,-0.48569666697751585,-0.01457295115097214,0.2380272764482737,-0.0970730277432108,-0.388397216796875,0.0006213188171386719,0.017669677734375,1.3517280592725225,0.040557550249956206,-0.662446688072998,0.2701610785505193,1.102851834897638,1.0014697768146306,1.0244355616096001,0.9839788070374248,9777,9781,2,Box 3,ARG_mid_3aer-ARG_mid
2017-07-15 09:10:00,-0.5205535888671875,-6.734052564318504e-05,-0.5204862483414592,-1.4225415425230457,0.006536764481867053,1.2155533264688154,-0.3200347967690961,-0.513092041015625,-0.0004696846008300781,-0.0124969482421875,2.733101108926519,-0.012558957134211703,-2.3354187172902314,0.6148765654979242,1.0994542661365636,0.9997821825083274,1.0116307749956261,0.9953396167542827,10394,10394,3,Box 4,ARG_mid_3aer-ARG_mid
2017-07-15 09:12:00,-1.1606597900390625,-0.061569746525784806,-1.0990900435130717,-1.4945370092589483,-0.0660145186518554,0.7048197996283369,-0.24335831523060494,-1.1697235107421875,0.008578300476074219,0.062114715576171875,1.3597948758428302,0.06006288478499011,-0.641275756966635,0.22141799633881465,1.0849943919935525,1.0018032260727119,1.0201981203506438,0.986326758987271,10372,10375,0,Box 1,ARG_mid_3aer-ARG_mid
2017-07-15 09:12:00,-0.78656005859375,0.12462367555899478,-0.911183734152604,-1.4785623858511838,-0.07840428516391103,0.7334164623906825,-0.0876335255281916,-0.75677490234375,0.003324270248413086,0.0115509033203125,1.6226830335445341,0.08604662509348522,-0.8049051304375575,0.09617547179953811,1.082673750112056,1.0021082990939192,1.0164512081931232,0.9874376294632192,10298,10291,1,Box 2,ARG_mid_3aer-ARG_mid
2017-07-15 09:12:00,-1.406036376953125,0.010263114019604322,-1.4162994909724698,-1.7268243753866033,-0.06510169579912904,0.4753450108344196,-0.09971843062115703,-1.43292236328125,0.003461122512817383,0.051143646240234375,1.2192508621188014,0.045966051823141195,-0.3356246428557528,0.0704077289138102,1.1261167187570988,1.002241434788137,1.0330051494098293,0.9724399471338135,9798,9799,2,Box 3,ARG_mid_3aer-ARG_mid
2017-07-15 09:12:00,-1.3481903076171875,-0.0,-1.3481903076169433,-2.9845000716846735,-0.008751369982490598,2.2033149692548406,-0.55825383520462,-1.3711395263671875,0.0033659934997558594,0.026142120361328125,2.2137082983188523,0.006491197817583698,-1.6342759303391026,0.4140764342026666,1.11967886165919,1.0001657486292532,1.0171671921237906,0.9902403736863641,10398,10398,3,Box 4,ARG_mid_3aer-ARG_mid
2017-07-15 09:14:00,-1.9975433349609375,-0.024932401111736596,-1.9726109338488997,-2.2115511893250743,-0.12290497746845643,0.5460846509669546,-0.18423941802232371,-2.0384521484375,0.014112472534179688,0.09809112548828125,1.1211289319024311,0.06230573670634984,-0.2768334300476833,0.09339876143890233,1.100589977000417,1.0026668380496087,1.0289069073555466,0.9770942992686085,10365,10366,0,Box 1,ARG_mid_3aer-ARG_mid
2017-07-15 09:14:00,-1.8418121337890625,-0.05477338105312176,-1.7870387527356537,-2.630382290346297,-0.13047145304063668,1.002496262134712,-0.028681271483432382,-1.8455810546875,0.008907794952392578,0.04193878173828125,1.471922355527896,0.07300986217613187,-0.5609818257159002,0.016049608011872274,1.0919558392031699,1.0021841236546234,1.0201216576260648,0.9827304462223979,10340,10343,1,Box 2,ARG_mid_3aer-ARG_mid
2017-07-15 09:14:00,-2.357574462890625,-0.026187967776324417,-2.3313864951139056,-2.81408069035735,-0.11644258102024983,0.5039521521136165,0.09518462415007796,-2.4268798828125,0.0064775943756103516,0.0758819580078125,1.2070416879633943,0.04994563589704621,-0.2161598487294123,-0.04082747513102819,1.144561581590469,1.0027974058860163,1.0379911037006693,0.9646248048903648,9784,9786,2,Box 3,ARG_mid_3aer-ARG_mid
2017-07-15 09:14:00,-2.2693939208984375,-2.8381872248472e-05,-2.269365539025817,-4.119363735788679,-0.05855838322248978,2.5415576434021023,-0.6330010634167511,-2.324798583984375,0.006638050079345703,0.07725906372070312,1.8152050275501321,0.025803856723596613,-1.1199419395841936,0.27893305531046486,1.1385622690269839,1.0009227650935482,1.024115693974292,0.983871158438758,10400,10400,3,Box 4,ARG_mid_3aer-ARG_mid
2017-07-15 09:16:00,-3.108489990234375,0.04440177134085616,-3.1528917615747325,-3.039925962049585,-0.2008116494962446,0.0920602582665402,-0.004214408295443137,-3.1637420654296875,0.018853187561035156,0.1271209716796875,0.964170733387712,0.06369126017695828,-0.02919867386140782,0.0013366802967375649,1.1181005202572405,1.0036938792583894,1.0393475837210733,0.9657458906251497,10355,10353,0,Box 1,ARG_mid_3aer-ARG_mid
2017-07-15 09:16:00,-2.5082244873046875,0.01880419289546045,-2.5270286801997406,-3.186287414760136,-0.2430425063969558,0.9307857471674233,-0.028484506210072213,-2.54364013671875,0.012562751770019531,0.06293487548828125,1.260882964932668,0.09617718560192412,-0.3683320867944611,0.011271936259868942,1.1055666027994124,1.0038348691237373,1.0268862182639205,0.9778445754354187,10351,10350,1,Box 2,ARG_mid_3aer-ARG_mid
2017-07-15 09:16:00,-3.28436279296875,-0.034369311092369445,-3.249993481875844,-3.7050237694553014,-0.1809453360504319,0.4471877826857295,0.18878784094415993,-3.380889892578125,0.010585546493530273,0.0991058349609375,1.1400096000552042,0.05567559967720093,-0.13759651678674134,-0.05808868294566383,1.1625773966601338,1.003685225648482,1.0450306835359662,0.9579819103926024,9819,9820,2,Box 3,ARG_mid_3aer-ARG_mid
2017-07-15 09:16:00,-3.177032470703125,-0.00013052876907490766,-3.1769019419335605,-4.8163247174786905,-0.16272579784032418,2.3725354152252893,-0.5703868418398352,-3.268768310546875,0.011568069458007812,0.136260986328125,1.5160445004315515,0.051221536205579024,-0.7468078834631235,0.17954184682599306,1.15911313233441,1.0024974745616875,1.0329977415644847,0.9761472665974794,10401,10401,3,Box 4,ARG_mid_3aer-ARG_mid
2017-07-15 09:18:00,-3.9024200439453125,-0.01705533964338199,-3.8853647043013204,-3.483783905309401,-0.2613894067765367,-0.2665793086635866,0.12638791644820413,-3.97454833984375,0.024694442749023438,0.14128875732421875,0.8966427016369026,0.06727538511047977,0.0686111417979548,-0.0325292285453372,1.1319851622133783,1.0046616939201192,1.047166349526183,0.9579725641611927,10341,10342,0,Box 1,ARG_mid_3aer-ARG_mid
2017-07-15 09:18:00,-3.1967926025390625,0.09664100021603217,-3.293433602754594,-3.727403755926711,-0.3673817114422726,0.8846898940003298,-0.08333802938594029,-3.2534027099609375,0.014899492263793945,0.07981109619140625,1.1317683018747209,0.11154975498367367,-0.26862235609073287,0.025304299232338318,1.1208141501641824,1.005636608031693,1.0341626610820516,0.9732432087495408,10340,10335,1,Box 2,ARG_mid_3aer-ARG_mid
2017-07-15 09:18:00,-4.1206512451171875,-0.07476937782563615,-4.045881867290879,-4.528673618775487,-0.22928064631526535,0.5039711710185496,0.20810122678132445,-4.2315673828125,0.014070510864257812,0.11138534545898438,1.1193291765110003,0.056670128747182524,-0.12456398568948047,-0.05143531956870233,1.1829660101270214,1.004262494698851,1.051310379411336,0.9527929898243266,9869,9873,2,Box 3,ARG_mid_3aer-ARG_mid
2017-07-15 09:18:00,-4.01251220703125,-0.023781417965087724,-3.988730789065541,-5.413033786059643,-0.28527560777303773,2.1508568810229094,-0.44127827625576965,-4.1373291015625,0.013927459716796875,0.18452835083007812,1.3570817566576812,0.07152039655197452,-0.5392334039988698,0.1106312507892141,1.1825802379934516,1.0044287739240385,1.0420511259062193,0.9682983766375571,10398,10399,3,Box 4,ARG_mid_3aer-ARG_mid
2017-07-15 09:20:00,-4.7822723388671875,-0.047866684023326854,-4.7344056548431235,-4.182514258500503,-0.3289231839888268,-0.5139763714610175,0.2910081591072239,-4.880340576171875,0.03292036056518555,0.17141342163085938,0.8834296347677653,0.06947507416318466,0.10856196298583719,-0.061466671916787105,1.1499401626608319,1.00550868230667,1.0541291472348042,0.9507904172638799,10357,10361,0,Box 1,ARG_mid_3aer-ARG_mid
2017-07-15 09:20:00,-4.04595947265625,-0.07923577350843926,-3.9667236991471806,-4.256027760797855,-0.4059180402873202,0.8661140318948044,-0.17089192995680957,-4.1340179443359375,0.019665956497192383,0.1206817626953125,1.0729327484323834,0.10233080775819851,-0.21834493591802556,0.043081379727443636,1.1327296975664545,1.0059609988762745,1.039478908525602,0.9693707352408476,10330,10334,1,Box 2,ARG_mid_3aer-ARG_mid
2017-07-15 09:20:00,-4.68145751953125,-0.02375326439217311,-4.657704255138327,-4.948474795419054,-0.298474090736609,0.2965795769618263,0.2926650540555102,-4.8183441162109375,0.01670384407043457,0.12830352783203125,1.062427866681306,0.06408180390743697,-0.06367505550285701,-0.062834615085886,1.1973863680075267,1.0054475153006153,1.0581464116397423,0.9468284916371412,9947,9948,2,Box 3,ARG_mid_3aer-ARG_mid
2017-07-15 09:20:00,-4.838775634765625,-0.04849483184418269,-4.790280802920701,-6.005470098328167,-0.42420731162222447,1.9400798721287686,-0.3006832650990783,-5.0079345703125,0.016645431518554688,0.22817611694335938,1.2536780922459803,0.08855583400530077,-0.4050033707723094,0.0627694445210284,1.209307590682471,1.0067347689194672,1.0518292272822045,0.9601682114203562,10394,10396,3,Box 4,ARG_mid_3aer-ARG_mid
2017-07-15 09:22:00,-5.50506591796875,0.01967410841444731,-5.524740026382336,-4.688376841711337,-0.4624472322804344,-0.7601559016989701,0.38623994930840594,-5.62713623046875,0.03892850875854492,0.18465805053710938,0.8486149247426835,0.08370479517083272,0.13759125281352452,-0.06991097272704076,1.1683867425815424,1.0077046656562971,1.0630356192753225,0.9439075696512796,10384,10383,0,Box 1,ARG_mid_3aer-ARG_mid
2017-07-15 09:22:00,-4.667083740234375,-0.08102644723887227,-4.586057292994818,-4.573319556612453,-0.47075150743425337,0.658979354801086,-0.20096558374919762,-4.7813568115234375,0.02381300926208496,0.14563751220703125,0.9972225082312378,0.10264841395534334,-0.14369191501546963,0.043820992828888475,1.1452047689022455,1.0070024987238808,1.0463630223178793,0.9642966681201512,10329,10333,1,Box 2,ARG_mid_3aer-ARG_mid
2017-07-15 09:22:00,-5.3022003173828125,-0.09463947688010617,-5.207560840501863,-5.5119924280948505,-0.34501379046452746,0.2460391592379128,0.40340621881960215,-5.4700927734375,0.018097877502441406,0.1402435302734375,1.0584595354556912,0.06625247424498219,-0.04724652611340428,-0.07746548358726907,1.2153591214934627,1.0061227541031652,1.06334805503146,0.9416924835834434,10023,10027,2,Box 3,ARG_mid_3aer-ARG_mid
2017-07-15 09:22:00,-5.6757354736328125,-0.024922034185336193,-5.6508134394466145,-6.63667697334185,-0.6317924053215812,1.7922520983730121,-0.1745961591561955,-5.84844970703125,0.019197463989257812,0.25205230712890625,1.1744640031846072,0.11180556783404494,-0.3171670977246999,0.030897526706047784,1.234186565952451,1.0100656321002266,1.0615378070490458,0.9532689991382963,10392,10393,3,Box 4,ARG_mid_3aer-ARG_mid
2017-07-15 09:24:00,-6.01922607421875,0.024214370314561907,-6.043440444532413,-5.328621777644052,-0.5583832475336847,-0.6229854462462947,0.46655002689161906,-6.161102294921875,0.043634891510009766,0.19094085693359375,0.8817199121180938,0.09239492846146305,0.10308456779944254,-0.07719940837899934,1.1874662825485918,1.0090432025779208,1.067113227046165,0.9408522414269271,10383,10382,0,Box 1,ARG_mid_3aer-ARG_mid
2017-07-15 09:24:00,-5.3594818115234375,-0.1444067432482292,-5.215075068274431,-4.907666872222494,-0.5186170522744837,0.41932654748890835,-0.20811769126636148,-5.5002593994140625,0.027547359466552734,0.17169189453125,0.9410539269277187,0.09944575015409783,-0.08040661773784505,0.0399069406560285,1.1582597612592884,1.0077930144254872,1.053418376072092,0.9586771719255289,10326,10333,1,Box 2,ARG_mid_3aer-ARG_mid
2017-07-15 09:24:00,-5.7855377197265625,0.07470209257242501,-5.8602398122980786,-5.977872347932488,-0.4735340095212996,0.08120146791578758,0.5099650772399208,-5.962738037109375,0.019710302352905273,0.14218902587890625,1.020072990082684,0.08080454464125494,-0.013856338736408234,-0.08702119598753064,1.2298615368050512,1.008228469576169,1.0699480126983771,0.9367875383840707,10084,10080,2,Box 3,ARG_mid_3aer-ARG_mid
2017-07-15 09:24:00,-6.419677734375,-0.0492561867902746,-6.370421547583741,-7.04923031039511,-0.8635603323333368,1.620885684279502,-0.07851658913479628,-6.61785888671875,0.020238876342773438,0.2646369934082031,1.1065563334766813,0.1355578003563798,-0.25443931334407427,0.012325179511013223,1.2604256738345057,1.0142777350839616,1.0722086243295579,0.9467837465405771,10387,10389,3,Box 4,ARG_mid_3aer-ARG_mid
2017-07-15 09:26:00,-6.5943450927734375,0.0499291947436163,-6.6442742875160565,-6.02595982603454,-0.6700625419017585,-0.4637137384295693,0.5154618188498109,-6.76177978515625,0.04507875442504883,0.19825363159179688,0.9069402564184821,0.10084811567167548,0.06979148035788381,-0.07757985244804137,1.20503122379942,1.010423278058374,1.0709515005487875,0.9384777968694088,10386,10384,0,Box 1,ARG_mid_3aer-ARG_mid
2017-07-15 09:26:00,-5.8898468017578125,0.020996083963946754,-5.910842885720895,-5.432465446071464,-0.6334898290043202,0.3611851284084826,-0.20607273905359302,-6.05889892578125,0.030122756958007812,0.19503021240234375,0.9190678133561848,0.10717419516168697,-0.06110552004029996,0.03486351152242818,1.1726559891670811,1.0093297103766679,1.0594665282005928,0.9545978369641643,10345,10344,1,Box 2,ARG_mid_3aer-ARG_mid
2017-07-15 09:26:00,-6.45269775390625,0.13928813499262058,-6.591985888897845,-6.626382952164078,-0.6042612763366261,0.04627046167946027,0.5923878779233982,-6.6453704833984375,0.023175954818725586,0.15234375,1.0052180122721688,0.09166604518288134,-0.007019199139577726,-0.08986485831547239,1.2505447608128883,1.0102462575185085,1.0769570957215406,0.9318271142987565,10146,10139,2,Box 3,ARG_mid_3aer-ARG_mid
2017-07-15 09:26:00,-7.338531494140625,-0.02537397612155063,-7.313157518017982,-7.622699192205716,-1.1672767062131175,1.4675830326096795,0.009235347791172079,-7.581939697265625,0.02318429946899414,0.2893714904785156,1.042326679471226,0.15961323181364673,-0.20067707129155685,-0.0012628399933159173,1.2902792477842993,1.0197050995405084,1.0849166152826832,0.9397958672666695,10394,10395,3,Box 4,ARG_mid_3aer-ARG_mid
2017-07-15 09:28:00,-7.17645263671875,-3.1734337311764964e-05,-7.176420902380388,-6.5737328926346965,-0.7288089064049209,-0.38560363685860655,0.5117245335178358,-7.376708984375,0.04735565185546875,0.22252655029296875,0.9160183024457522,0.10155604253412423,0.05373202632675899,-0.07130637130663545,1.2278768857695446,1.0114447307370484,1.0775635269059014,0.9336538424322179,10372,10372,0,Box 1,ARG_mid_3aer-ARG_mid
2017-07-15 09:28:00,-6.424591064453125,-2.6572553913951506e-05,-6.424564491898266,-5.820295185030754,-0.6758188887299189,0.23590427928060087,-0.16435469741819408,-6.6155548095703125,0.03332018852233887,0.22820281982421875,0.9059439269962144,0.10519294958937125,-0.03671910828789863,0.025582231702312976,1.1874052738827363,1.0100223867834353,1.0652412439109233,0.949697308550448,10341,10341,1,Box 2,ARG_mid_3aer-ARG_mid
2017-07-15 09:28:00,-6.98870849609375,0.10271725631113254,-7.091425752403802,-7.098729976188526,-0.7206009912254987,0.008436087098009321,0.7194691279122136,-7.1845703125,0.025084733963012695,0.15941238403320312,1.0010300077924736,0.10161581272725509,-0.0011896179121877876,-0.10145620260754094,1.2693799224648532,1.0121802476373987,1.082667279047825,0.927391505371698,10184,10179,2,Box 3,ARG_mid_3aer-ARG_mid
2017-07-15 09:28:00,-8.34210205078125,-0.02583339079008967,-8.316268659989918,-8.337796067101436,-1.523371594831226,1.4802558881886771,0.06464311375406816,-8.633514404296875,0.02661752700805664,0.3003349304199219,1.0025885896658304,0.18317969958814112,-0.177995198172262,-0.007773091081709538,1.3216437181889154,1.0258035758722759,1.0971530885885548,0.9342948991139441,10397,10398,3,Box 4,ARG_mid_3aer-ARG_mid
2017-07-15 09:30:00,-7.613128662109375,-0.0524559509089661,-7.560672711199298,-7.028244072047774,-0.8121861164100082,-0.16985765357377283,0.44961513083225685,-7.868560791015625,0.047931671142578125,0.2660064697265625,0.9295791975808104,0.10742246721074858,0.02246594450810839,-0.05946760929966739,1.249255421292201,1.0129418724827632,1.0830729373110881,0.9308202205568934,10351,10352,0,Box 1,ARG_mid_3aer-ARG_mid
2017-07-15 09:30:00,-6.9706573486328125,0.108780648101451,-7.079437996733223,-6.356697300591695,-0.749429401968468,-0.015392429173404392,0.04208113500034497,-7.1953582763671875,0.03718900680541992,0.2700233459472656,0.8979098769598614,0.10586001350874025,0.002174244506485849,-0.0059441349750874485,1.204236207001389,1.0110154526730182,1.0714275255947467,0.9432284489542313,10333,10328,1,Box 2,ARG_mid_3aer-ARG_mid
2017-07-15 09:30:00,-8.069976806640625,-0.021528300679297434,-8.048448505960119,-8.289990649613395,-0.8753813215041971,0.31781411362944684,0.7991093515280265,-8.299453735351562,0.029785633087158203,0.20060348510742188,1.0300110193255765,0.10876398362441542,-0.03948762465139659,-0.09928737829859531,1.303725432902949,1.0141017646406905,1.0896240201167682,0.9227918863136312,10192,10194,2,Box 3,ARG_mid_3aer-ARG_mid
2017-07-15 09:30:00,-9.23638916015625,-0.026037561123411945,-9.210351599031464,-9.174235176170786,-1.8734561665555123,1.8157185005781564,0.021621243116678766,-9.591156005859375,0.029541492462158203,0.2920112609863281,0.9960787139912797,0.20340767085944036,-0.19713889106786028,-0.0023474937828597553,1.3610230213718173,1.0319727483731105,1.1086577251333036,0.9306054241792103,10400,10401,3,Box 4,ARG_mid_3aer-ARG_mid
2017-07-15 09:32:00,-6.933197021484375,-0.06847044895289427,-6.864726572530469,-6.521753748201316,-0.7714162622474906,0.1974556980796864,0.23098773983865123,-7.17938232421875,0.03967905044555664,0.239227294921875,0.9500383852575316,0.11237392401532051,-0.028763811055463565,-0.03364849821738854,1.273543574810809,1.0144034175479775,1.088542680276833,0.9292347606119733,10330,10332,0,Box 1,ARG_mid_3aer-ARG_mid
2017-07-15 09:32:00,-6.5014190673828125,1.372530556440517e-05,-6.50143279268745,-5.8730774933237875,-0.6404780285330752,-0.18905172660717048,0.2011744557765829,-6.704833984375,0.03180241584777832,0.24411392211914062,0.9033512581918233,0.09851336604655193,0.029078471259413503,-0.030943095497788706,1.2235461181336627,1.0110616562766488,1.0772874202701226,0.9363659496516347,10324,10324,1,Box 2,ARG_mid_3aer-ARG_mid
2017-07-15 09:32:00,-7.7184906005859375,0.02287596667079016,-7.741366567255583,-7.9593363044464205,-0.9253577134044902,0.5063068669247831,0.6370205836705447,-7.93359375,0.02306985855102539,0.15389633178710938,1.0281564934688412,0.11953415528965732,-0.06540277643825301,-0.08228787232024551,1.3360219550366488,1.016982748731773,1.0984729810459832,0.9186873484998298,10190,10190,2,Box 3,ARG_mid_3aer-ARG_mid
2017-07-15 09:32:00,-8.940704345703125,0.003766092006213355,-8.944470437708055,-8.893137857809004,-1.9748995071169735,1.953429404533512,-0.02986247731559074,-9.32513427734375,0.020348548889160156,0.22488021850585938,0.9942609704781801,0.2207955765375669,-0.2183951993734871,0.003338652357740113,1.4041642702318193,1.038409258583454,1.1205285998261267,0.9270659110075583,10399,10399,3,Box 4,ARG_mid_3aer-ARG_mid
2017-07-15 09:34:00,-7.264923095703125,-0.19216284391912833,-7.072760251782967,-6.753865969169363,-0.8026980927651809,0.31192966664134547,0.17187414351023148,-7.54473876953125,0.038919925689697266,0.22791671752929688,0.9549123296617874,0.11349148906366921,-0.044102960589214285,-0.02430085813624233,1.2928983030386094,1.0153826112132212,1.0938153577370622,0.9262736972239103,10330,10337,0,Box 1,ARG_mid_3aer-ARG_mid
2017-07-15 09:34:00,-7.11029052734375,-0.0,-7.110290527342734,-6.386836009588958,-0.6818889517118905,-0.44218366477834614,0.4006180987364607,-7.3412933349609375,0.03633379936218262,0.3210182189941406,0.8982524673258118,0.0959017003721122,0.062189254163092476,-0.056343421861016436,1.243577333322713,1.0117049125182749,1.0842569519996228,0.9288427040975703,10311,10311,1,Box 2,ARG_mid_3aer-ARG_mid
2017-07-15 09:34:00,-8.9532470703125,-0.006203899798375503,-8.947043170512817,-9.313466191104942,-1.173333238925204,0.9084036248392208,0.6313526346781076,-9.202117919921875,0.029074907302856445,0.20040512084960938,1.040954649889224,0.13114201156335228,-0.10153115476553064,-0.07056550668704557,1.3739800434158485,1.0202146500613878,1.1070925729099157,0.9149339782332219,10231,10231,2,Box 3,ARG_mid_3aer-ARG_mid
2017-07-15 09:34:00,-10.162109375,0.08041600663361362,-10.242525381632134,-10.058674399908902,-2.4030634575026912,2.271631157006878,-0.05241868122741897,-10.63092041015625,0.026285648345947266,0.22649765014648438,0.9820502293259696,0.23461630486287025,-0.22178428389160568,0.005117749702765795,1.4422319886709993,1.0447132679991544,1.132349905668556,0.9231934648958148,10397,10394,3,Box 4,ARG_mid_3aer-ARG_mid
2017-07-15 09:36:00,-7.72674560546875,-0.1659437740794855,-7.560801831388188,-7.216455979189481,-0.8655706745879567,0.41074841372451354,0.11047640866473583,-8.0296630859375,0.03896331787109375,0.2073974609375,0.9544564373094429,0.11448133331501892,-0.054326038809708994,-0.014611731814752775,1.3137407079897632,1.0164997164146408,1.0999886005375419,0.9228143181111355,10321,10327,0,Box 1,ARG_mid_3aer-ARG_mid
2017-07-15 09:36:00,-7.627227783203125,0.36357933609134774,-7.990807119293323,-7.056522924849304,-0.8638969403771316,-0.5720134347227301,0.5016261806558426,-7.875091552734375,0.03889775276184082,0.35115814208984375,0.8830801218830265,0.10811134938938827,0.07158393716469993,-0.06277540843711474,1.2663999861090038,1.0145621039326795,1.0932439869752775,0.92284987456538,10279,10263,1,Box 2,ARG_mid_3aer-ARG_mid
2017-07-15 09:36:00,-9.650543212890625,0.05546573670844973,-9.706008949597688,-10.60318120645716,-1.3858481625919008,1.70290143815403,0.5801189812973426,-9.907562255859375,0.030483484268188477,0.17748260498046875,1.092434723841529,0.14278249379208988,-0.17544816278215103,-0.05976905485146791,1.4275453549218016,1.0235346303479642,1.1147303885721591,0.9122490165726364,10271,10271,2,Box 3,ARG_mid_3aer-ARG_mid
2017-07-15 09:36:00,-11.268646240234375,0.29429892353164155,-11.562945163764375,-11.228822469788296,-2.872587023878325,2.625315785292404,-0.08685145539015796,-11.816558837890625,0.033833980560302734,0.22542953491210938,0.9711040146568244,0.24843039409028378,-0.22704559678441985,0.0075111880373116835,1.4788252810239273,1.0513184613809583,1.1437320557351593,0.9201276512930764,10393,10382,3,Box 4,ARG_mid_3aer-ARG_mid
2017-07-15 09:38:00,-8.2689208984375,-0.23744990816658726,-8.031470990269813,-7.7462795707262195,-0.9280510982922126,0.4743310168966825,0.16852866185193646,-8.6226806640625,0.03932952880859375,0.202972412109375,0.9644907614197816,0.11555182100720444,-0.05905904627823945,-0.020983536148746623,1.3345456311695298,1.0174377588082488,1.1048820671939394,0.9189312163952692,10322,10329,0,Box 1,ARG_mid_3aer-ARG_mid
2017-07-15 09:38:00,-8.178985595703125,0.0037217879184130876,-8.182707383620391,-7.256083070869377,-0.8410553808711341,-0.6875224177126845,0.6019534858328048,-8.45526123046875,0.03970956802368164,0.3375396728515625,0.8867582244715398,0.10278448702133768,0.08402138625767334,-0.07356409775055087,1.2816901538284737,1.0144872361273645,1.0977811245548377,0.9178047961431018,10243,10243,1,Box 2,ARG_mid_3aer-ARG_mid
2017-07-15 09:38:00,-10.485916137695312,0.35134204091262944,-10.8372581786064,-12.075842773558824,-1.7692433665648193,2.4587573367819937,0.5490706247352515,-10.75433349609375,0.03156161308288574,0.15203094482421875,1.1142894793627312,0.16325562586092532,-0.2268800185674061,-0.050665086656250385,1.4788810730281734,1.0290785886034692,1.1241766524719126,0.9099938209132062,10323,10308,2,Box 3,ARG_mid_3aer-ARG_mid
2017-07-15 09:38:00,-12.016693115234375,0.33121809857316586,-12.347911213805785,-11.95274030111925,-3.185134959470766,2.952403979837843,-0.1624399330536125,-12.6328125,0.036688804626464844,0.2359771728515625,0.9679969424913982,0.25794929233938557,-0.2391014908284131,0.01315525599762929,1.5178416963491244,1.057173769627877,1.1545320924342382,0.9174054937884899,10388,10376,3,Box 4,ARG_mid_3aer-ARG_mid
2017-07-15 09:40:00,-8.6982421875,-0.2573100194428096,-8.440932168055987,-8.235841731559711,-1.0017152925272976,0.5409015282131933,0.2557233278178286,-9.110626220703125,0.03679180145263672,0.18105697631835938,0.9757028687811965,0.11867353896269973,-0.06408078129808821,-0.03029562644580802,1.3519752918069181,1.0185087965291952,1.1085196284168246,0.9159375582594416,10333,10342,0,Box 1,ARG_mid_3aer-ARG_mid
2017-07-15 09:40:00,-8.70257568359375,-0.6068573223071443,-8.095718361285453,-7.219361744066904,-0.7598391309709921,-0.7144135147299555,0.5978960284823992,-9.010040283203125,0.038847923278808594,0.3196220397949219,0.891750604688847,0.09385691263725526,0.08824584587160955,-0.07385336319771185,1.2940571747633078,1.0136582543246428,1.1011533978146513,0.9140146053304805,10195,10221,1,Box 2,ARG_mid_3aer-ARG_mid
2017-07-15 09:40:00,-11.804092407226562,0.25048463028637913,-12.054577037511269,-13.59118791315861,-2.084074059172441,3.1649665545312105,0.45571838028857153,-12.127593994140625,0.03757953643798828,0.2193145751953125,1.1274711564632867,0.1728865353539363,-0.2625530986846333,-0.03780459313258966,1.518927181990019,1.0325674891817114,1.1315424068667252,0.9082776094602126,10336,10326,2,Box 3,ARG_mid_3aer-ARG_mid
2017-07-15 09:40:00,-12.863739013671875,0.45806550052646955,-13.321804514196486,-12.77779150089368,-3.564851083938141,3.2841827846960325,-0.2633447140606967,-13.52630615234375,0.04174613952636719,0.2536354064941406,0.9591637144410073,0.267595210554188,-0.2465268711304251,0.019767946135229753,1.5537621877324646,1.0634008437957514,1.1654963233720734,0.915168106873507,10394,10377,3,Box 4,ARG_mid_3aer-ARG_mid
2017-07-15 09:42:00,-9.234375,-0.1663533981661578,-9.068021601832578,-8.79488448819651,-1.1326135975000948,0.5477977947515904,0.31167868911243696,-9.69024658203125,0.03535747528076172,0.180084228515625,0.9698790843660023,0.12490195185146032,-0.060409846690361285,-0.03437118952710137,1.371408222366058,1.020545171467019,1.114659486159513,0.9121571817140879,10362,10368,0,Box 1,ARG_mid_3aer-ARG_mid
2017-07-15 09:42:00,-9.199478149414062,-0.2596520023097985,-8.939826147102997,-7.798701555589685,-0.9867248760697171,-0.7443941927970843,0.5899944773534901,-9.54071044921875,0.04118013381958008,0.3552513122558594,0.8723549459758678,0.1103740564786566,0.08326718893054869,-0.06599619138507311,1.3072122879941046,1.017092151325256,1.1077881651120096,0.9119470180371305,10220,10231,1,Box 2,ARG_mid_3aer-ARG_mid
2017-07-15 09:42:00,-13.452438354492188,0.1320906757489756,-13.584529030239255,-15.48487279322986,-2.46326482257604,3.9141985345234676,0.44941005104317777,-13.852813720703125,0.047977447509765625,0.2950096130371094,1.13989029422812,0.18132868773682145,-0.28813649157879784,-0.033082490386143526,1.5588893859001047,1.035943574430568,1.1386340547431641,0.9059132328691213,10328,10322,2,Box 3,ARG_mid_3aer-ARG_mid
2017-07-15 09:42:00,-14.0269775390625,0.17975280183530154,-14.206730340895827,-13.505582349375235,-3.8512785777828347,3.560625587527826,-0.41049500126558286,-14.759307861328125,0.04863405227661133,0.26384735107421875,0.9506467727129126,0.27108831415603446,-0.2506294905364766,0.02889440366752949,1.582946575864899,1.0676775140535537,1.1747367199645977,0.9131044145833694,10393,10388,3,Box 4,ARG_mid_3aer-ARG_mid
2017-07-15 09:44:00,-9.822479248046875,-0.2051350548259438,-9.61734419321961,-9.284330402258604,-1.2439111661984832,0.5714805249189457,0.3394168503185313,-10.312255859375,0.035730838775634766,0.19374465942382812,0.9653736224605763,0.1293404022157657,-0.0594218646476071,-0.03529216002873495,1.392954592946762,1.0224505441759029,1.1212434384697942,0.9082143895963241,10380,10387,0,Box 1,ARG_mid_3aer-ARG_mid
2017-07-15 09:44:00,-9.793258666992188,-0.6039966121551622,-9.189262054835742,-8.069472583735019,-1.0030299610661249,-0.6206057757368051,0.5038462657022064,-10.169189453125,0.0462493896484375,0.4209632873535156,0.8781415238330865,0.10915239494539086,0.06753597536270266,-0.054829894141180044,1.3202712948435513,1.017417435147355,1.111226221510817,0.9103016914075703,10190,10215,1,Box 2,ARG_mid_3aer-ARG_mid
2017-07-15 09:44:00,-14.497909545898438,0.15416845762526094,-14.652078003521682,-16.37174041297006,-2.7645403067063348,4.104821768771872,0.3793809473828406,-14.933990478515625,0.05347728729248047,0.29515838623046875,1.117366451982787,0.18867906013344093,-0.28015287441039166,-0.02589263770583633,1.579896977417466,1.0393702379353935,1.1461858325818322,0.9036098814749622,10322,10316,2,Box 3,ARG_mid_3aer-ARG_mid
2017-07-15 09:44:00,-15.229827880859375,-0.26304694204807766,-14.96678093880925,-14.115964085942899,-4.088850367489302,3.688559779484832,-0.45052626486188213,-16.028045654296875,0.060779571533203125,0.3306846618652344,0.943152982839472,0.273195043356772,-0.24644977397379425,0.030101747777550203,1.6029747318011849,1.0707292757288769,1.181479253447882,0.9108224561935659,10379,10388,3,Box 4,ARG_mid_3aer-ARG_mid
2017-07-15 09:46:00,-10.474090576171875,0.029824938859449885,-10.50391551502991,-10.031322504616739,-1.4554026368696453,0.6266679532561826,0.35614167320029255,-10.98004150390625,0.040196895599365234,0.198944091796875,0.9550079196908102,0.13855810576419142,-0.059660414476819815,-0.03390561097818183,1.4176158787854953,1.025638936146324,1.1295347212829623,0.9042766595433022,10394,10393,0,Box 1,ARG_mid_3aer-ARG_mid
2017-07-15 09:46:00,-10.368118286132812,-0.8068269586324653,-9.561291327499006,-8.348130748500632,-1.0741039803336048,-0.6040505384631578,0.46499393979838854,-10.7896728515625,0.04880523681640625,0.4331932067871094,0.8731174966388451,0.11233879855165582,0.06317666911015066,-0.04863296430065156,1.3298105574707828,1.0185061237666673,1.114961024586829,0.9086687233943331,10182,10215,1,Box 2,ARG_mid_3aer-ARG_mid
2017-07-15 09:46:00,-15.072845458984375,-0.10199464188495613,-14.97085081709741,-16.41466273247123,-2.9271911082888864,4.107472613072755,0.26353041058995025,-15.523834228515625,0.05360746383666992,0.2897682189941406,1.096441540498481,0.19552603549732106,-0.27436467461033204,-0.017602901385470104,1.5924494336357886,1.0423581442796217,1.151942340943386,0.9026198148688753,10313,10317,2,Box 3,ARG_mid_3aer-ARG_mid
2017-07-15 09:46:00,-16.624664306640625,-0.09955077695002984,-16.525113529688397,-15.346950801339936,-4.585359969377696,3.915961426910075,-0.508764185880841,-17.50762939453125,0.07256937026977539,0.3754615783691406,0.9287047119989936,0.27747827336494907,-0.23697031913728195,0.030787333773339254,1.6297983667277218,1.0756987558229778,1.1916252418499305,0.9076013021759703,10386,10389,3,Box 4,ARG_mid_3aer-ARG_mid
2017-07-15 09:48:00,-11.137908935546875,-0.059706731554428814,-11.07820220399097,-10.36983180277912,-1.5973011605868999,0.580892402519196,0.3080383568558524,-11.663360595703125,0.042510032653808594,0.17908477783203125,0.9360572782326849,0.1441841493028052,-0.052435620132473035,-0.027805807403017094,1.4374887608762321,1.028343436882452,1.1379508621673002,0.9004386163636836,10382,10384,0,Box 1,ARG_mid_3aer-ARG_mid
2017-07-15 09:48:00,-10.846633911132812,-0.12404972957678445,-10.722584181554568,-9.122326761265473,-1.4604866885170884,-0.5608851118886029,0.4211143801165968,-11.305572509765625,0.0467524528503418,0.36554718017578125,0.8507582320461589,0.13620659570381158,0.052308762737760604,-0.03927359048773104,1.3449649403769157,1.0240079491192804,1.1231296752930295,0.9075966042855919,10190,10195,1,Box 2,ARG_mid_3aer-ARG_mid
2017-07-15 09:48:00,-15.8072509765625,-0.4106428329786102,-15.396608143581787,-16.366751824958747,-3.1500725762923905,3.946827296279488,0.17338896138986387,-16.281494140625,0.05667543411254883,0.27392578125,1.063010220973986,0.20459522947627437,-0.25634394663247684,-0.011261503817783569,1.5976846537250722,1.0461229692264742,1.158269690144576,0.9016841859443591,10291,10306,2,Box 3,ARG_mid_3aer-ARG_mid
2017-07-15 09:48:00,-17.590789794921875,-0.0040159127725291595,-17.58677388214701,-16.100326529278732,-4.9370962655574475,3.9854920285355986,-0.5348431158464284,-18.50811767578125,0.07896900177001953,0.3329620361328125,0.9154792480514448,0.2807277957084146,-0.22661871104065426,0.03041166728079489,1.6561872760159204,1.080424656900723,1.2016541896955457,0.9041515051899969,10403,10404,3,Box 4,ARG_mid_3aer-ARG_mid
2017-07-15 09:50:00,-11.492889404296875,0.2418346108106873,-11.734724015106009,-10.797204137404199,-1.8214863478828647,0.6659957635613621,0.21797070661969206,-12.0455322265625,0.04101753234863281,0.13967132568359375,0.9201072069104523,0.15522191621533502,-0.05675427583162856,-0.018574847294158793,1.460005030322719,1.032436320714166,1.1469427485403032,0.8978743308517516,10385,10377,0,Box 1,ARG_mid_3aer-ARG_mid
2017-07-15 09:50:00,-11.4586181640625,-0.02519621155552647,-11.433421952505434,-9.574908917687917,-1.7139167578005943,-0.5186348327723939,0.37403855575547107,-11.971038818359375,0.04701089859008789,0.34134674072265625,0.8374490994439109,0.14990409388547227,0.04536129558821576,-0.032714488917598906,1.3573111064100736,1.0277201282194663,1.1293041710117364,0.9064341256084826,10186,10187,1,Box 2,ARG_mid_3aer-ARG_mid
2017-07-15 09:50:00,-16.56072998046875,-0.46173008593343773,-16.098999894533165,-16.682034604189262,-3.499670846742777,3.9838599056149637,0.09884565078391012,-17.1075439453125,0.05861330032348633,0.2723388671875,1.0362155856559812,0.21738436360454796,-0.24746008644722006,-0.006139862813309027,1.610029963152958,1.0512246070998494,1.1655611066356597,0.9010563573030231,10273,10290,2,Box 3,ARG_mid_3aer-ARG_mid
2017-07-15 09:50:00,-18.319183349609375,0.02908528564404834,-18.348268635250996,-16.424624937857114,-5.2160713521533175,3.799523883037232,-0.5070962282777965,-19.279632568359375,0.0824728012084961,0.28266143798828125,0.8951593888429262,0.28428139220351917,-0.20707806052814837,0.02763727948170297,1.6737121176308554,1.0852201583453382,1.2114143457574549,0.9005900075590995,10404,10404,3,Box 4,ARG_mid_3aer-ARG_mid
2017-07-15 09:52:00,-11.9637451171875,0.13577255354899748,-12.09951767073491,-11.077497406878265,-1.988727529972442,0.8186962740539183,0.14801099206187882,-12.53619384765625,0.04546356201171875,0.14507675170898438,0.9155321483327716,0.16436419897816051,-0.0676635462944195,-0.012232801016512654,1.4826395062698619,1.0359836168782606,1.154175425522433,0.8960233049686493,10372,10367,0,Box 1,ARG_mid_3aer-ARG_mid
2017-07-15 09:52:00,-12.254013061523438,0.10271930456841681,-12.35673236609018,-10.325615262608732,-2.0694248859450757,-0.3747189538595483,0.41302673632317577,-12.86053466796875,0.05068826675415039,0.354278564453125,0.8356266816091835,0.1674734731346995,0.03032508455778054,-0.03342523930166357,1.3802217931343217,1.0328185764705264,1.1371713729194812,0.9043408060438329,10139,10135,1,Box 2,ARG_mid_3aer-ARG_mid
2017-07-15 09:52:00,-17.47021484375,-0.22046572225270308,-17.249749121495014,-17.22203198950578,-3.9876416999452156,3.9354977457095797,0.024426822246402753,-18.088714599609375,0.0605926513671875,0.2766304016113281,0.998393186370769,0.2311709968567712,-0.22814811496623638,-0.0014160682613038322,1.6191738301801357,1.0573778880951188,1.1745642304373438,0.9000248548777117,10305,10315,2,Box 3,ARG_mid_3aer-ARG_mid
2017-07-15 09:52:00,-19.38726806640625,0.082563912980535,-19.469831979384207,-17.178691567264067,-5.632328152196197,3.8888953362392313,-0.5477075961631752,-20.396820068359375,0.09013128280639648,0.2738189697265625,0.8823235652703046,0.28928488741762304,-0.19973954271187447,0.028131090023946786,1.696715722628922,1.0905375768640584,1.2210799424618592,0.8981249125832291,10404,10401,3,Box 4,ARG_mid_3aer-ARG_mid
2017-07-15 09:54:00,-12.996490478515625,-0.17798903925364076,-12.818501439260304,-11.588941000637753,-2.2074830128803176,0.9121449536403624,0.06577762061740511,-13.610748291015625,0.057999610900878906,0.19261932373046875,0.9040792369959353,0.17221069275065753,-0.0711584702753677,-0.005131459471225119,1.502950095748833,1.0395667115545348,1.1620888281545345,0.8938780342862069,10365,10370,0,Box 1,ARG_mid_3aer-ARG_mid
2017-07-15 09:54:00,-12.95361328125,-0.15796893068831008,-12.795644350559979,-10.644622523170304,-2.237340375427112,-0.39886379637097674,0.4851823444084137,-13.631622314453125,0.054500579833984375,0.37339019775390625,0.8318942158395064,0.17485171626618387,0.031171841405041957,-0.03791777351073223,1.3919649285798024,1.0353668577251172,1.1416965899842544,0.9023216141708498,10135,10142,1,Box 2,ARG_mid_3aer-ARG_mid
2017-07-15 09:54:00,-18.5177001953125,-0.2306198576149749,-18.28708033769514,-17.662710823753123,-4.4494119736997515,3.829159617560644,-0.004117157802910245,-19.2276611328125,0.06649255752563477,0.3327178955078125,0.965857342866537,0.2433090406743707,-0.20939152378893428,0.0002251402480265563,1.626017790829982,1.063144452223761,1.1826679514866356,0.8989713547141942,10312,10320,2,Box 3,ARG_mid_3aer-ARG_mid
2017-07-15 09:54:00,-20.47930908203125,0.008928152158068836,-20.48823723418667,-17.778946331308052,-6.034182720411485,3.8269713451978773,-0.5020795276650099,-21.577606201171875,0.0936284065246582,0.27773284912109375,0.8677635917667971,0.29451936989204947,-0.18678870717155663,0.024505745512710092,1.7122747107048513,1.0955632809164266,1.2294825787010966,0.895599417420171,10404,10404,3,Box 4,ARG_mid_3aer-ARG_mid
2017-07-15 09:56:00,-13.73858642578125,-0.1672087326899942,-13.57137769308954,-12.133535942233678,-2.4757811171941118,1.03136781293833,0.006571553399919486,-14.357086181640625,0.060797691345214844,0.19204330444335938,0.8940533685398792,0.18242666096123492,-0.0759958079615967,-0.00048422153951736824,1.5253663891454308,1.0440186203578972,1.1704910395983712,0.8918812744857982,10368,10372,0,Box 1,ARG_mid_3aer-ARG_mid
2017-07-15 09:56:00,-13.711151123046875,-0.39578466637880405,-13.315366456666368,-10.981139854681206,-2.4576513490325307,-0.45048822598770566,0.5739129730350752,-14.46783447265625,0.0572361946105957,0.3879356384277344,0.8246967810024841,0.18457256561663027,0.03383220638003303,-0.04310155299914741,1.4002080984460947,1.038387451500988,1.145748846808627,0.9009966085775997,10209,10227,1,Box 2,ARG_mid_3aer-ARG_mid
2017-07-15 09:56:00,-18.96832275390625,-0.32830029590959564,-18.64002245799421,-17.394635393266917,-4.763062331000836,3.4607410416624313,0.056934224611110716,-19.69598388671875,0.06730318069458008,0.3200721740722656,0.9331874697289766,0.25552878714253296,-0.1856618493599621,-0.0030544075115474523,1.628806902055181,1.0690732240711982,1.1903633364825699,0.8976287502385917,10297,10308,2,Box 3,ARG_mid_3aer-ARG_mid
2017-07-15 09:56:00,-21.73553466796875,-0.0026780481058317363,-21.732856619860122,-18.68512686551945,-6.547075604562687,4.035674391755669,-0.536328541533655,-22.920013427734375,0.10413360595703125,0.283966064453125,0.8597639598120954,0.30125241789796636,-0.1856946126478261,0.024678234937764332,1.7388068716483003,1.1017696283183798,1.239213804977651,0.8938059436631642,10404,10404,3,Box 4,ARG_mid_3aer-ARG_mid
2017-07-15 09:58:00,-14.554534912109375,-0.3224844004984807,-14.232050511609101,-12.675855025256048,-2.6959929348261964,1.1205129507593854,0.019284497713758293,-15.169586181640625,0.06056785583496094,0.1589202880859375,0.8906555675105522,0.18943109656806456,-0.07873165921139626,-0.0013550048672204967,1.5473820554383932,1.0475204082120344,1.177492239414705,0.8894228667972645,10376,10386,0,Box 1,ARG_mid_3aer-ARG_mid
2017-07-15 09:58:00,-14.624786376953125,-0.8171586884050525,-13.807627688546296,-11.325253474331454,-2.712849561546868,-0.33465664096192144,0.5651319882939474,-15.49615478515625,0.06294107437133789,0.43109893798828125,0.8202171821105793,0.19647470389118554,0.024237084639783982,-0.04092897064154878,1.408133410038025,1.0418448694843052,1.1492335885682918,0.9014098445981114,10242,10272,1,Box 2,ARG_mid_3aer-ARG_mid
2017-07-15 09:58:00,-19.141143798828125,-0.17931961600511043,-18.96182418282057,-17.219837388006297,-5.005688518490086,3.118078548709547,0.14562317496626379,-19.8380126953125,0.06336832046508789,0.20207977294921875,0.9081318981750439,0.2639877086839168,-0.1644397985471529,-0.007679808311807812,1.636895214609048,1.0742545459374884,1.1982769166699203,0.895254891795447,10311,10321,2,Box 3,ARG_mid_3aer-ARG_mid
2017-07-15 09:58:00,-23.001922607421875,-0.004336156594658764,-22.997586450824294,-19.53717731184854,-7.116125892802047,4.298254559866523,-0.6425378060402293,-24.315185546875,0.11524486541748047,0.30492401123046875,0.8495316390537268,0.3094292485004219,-0.1869002457739413,0.027939358219792626,1.7641396798496831,1.108914293020608,1.2494903217469957,0.8930334774388533,10404,10404,3,Box 4,ARG_mid_3aer-ARG_mid
2017-07-15 10:00:00,-15.716094970703125,-0.20294069834791717,-15.51315427235327,-13.73558467495142,-3.1077714073988205,1.3134116923457109,0.01679011765125978,-16.37518310546875,0.06882286071777344,0.17122650146484375,0.8854153342257582,0.2003313673568842,-0.0846643867060875,-0.0010823148765549406,1.5745148485781642,1.052695852221171,1.1863697611909638,0.8871611467780509,10381,10388,0,Box 1,ARG_mid_3aer-ARG_mid
2017-07-15 10:00:00,-15.343963623046875,-1.3471274477394848,-13.996836175305608,-11.48732991122328,-2.8972061634925352,-0.15500894258202202,0.5427088419922288,-16.312347412109375,0.06566333770751953,0.46083831787109375,0.8207090350525207,0.20699007455727952,0.011074570041442779,-0.03877367965124299,1.4212414301393592,1.0453268167142342,1.153470494091651,0.9012419164834414,10238,10287,1,Box 2,ARG_mid_3aer-ARG_mid
2017-07-15 10:00:00,-19.596038818359375,-0.1886953588699488,-19.407343459486974,-17.009255983645254,-5.215083986569142,2.638299575744279,0.17869693498314437,-20.305267333984375,0.05955791473388672,0.13095855712890625,0.8764340168015395,0.2687170450430623,-0.1359433650077743,-0.009207696836827567,1.6377661573122426,1.078561976107741,1.2063858171494415,0.8925007346728465,10339,10344,2,Box 3,ARG_mid_3aer-ARG_mid
2017-07-15 10:00:00,-24.406707763671875,0.0014837094362618324,-24.408191473105056,-20.250699312371168,-7.756774289760722,4.331918463194748,-0.7326363341679136,-25.851409912109375,0.13659286499023438,0.3320426940917969,0.8296681601619296,0.3177938971147359,-0.1774780596902483,0.03001600241358285,1.7789846366410937,1.116638630504421,1.260407407943231,0.8921104736153102,10404,10404,3,Box 4,ARG_mid_3aer-ARG_mid
2017-07-15 10:02:00,-16.5743408203125,-0.12837723365900217,-16.445963586651462,-14.259592718652224,-3.527865895024677,1.228709109505522,0.11278591751991562,-17.284912109375,0.07195615768432617,0.16239547729492188,0.867057296066627,0.2145125687793755,-0.07471189529464947,-0.006857969551352983,1.5917557505299766,1.0591864494132786,1.1956657776394082,0.884769964992544,10383,10387,0,Box 1,ARG_mid_3aer-ARG_mid
2017-07-15 10:02:00,-15.94293212890625,-1.3775533051881326,-14.565378823716253,-11.78925460105501,-3.2478542542484132,-0.02726600673158992,0.4989960383187591,-16.998016357421875,0.06664752960205078,0.4459114074707031,0.8094025389754377,0.22298453706951002,0.0018719737441496348,-0.034259049789097336,1.4355828511212587,1.05106620978874,1.1605620994164778,0.9010444445738375,10244,10292,1,Box 2,ARG_mid_3aer-ARG_mid
2017-07-15 10:02:00,-20.51947021484375,-0.02484824773380204,-20.49462196710737,-17.46926333155957,-5.58296785727466,2.317707131114704,0.23990209061215556,-21.3026123046875,0.06644153594970703,0.1877288818359375,0.8523828036251013,0.2724113607089209,-0.11308855244241556,-0.011705611891606682,1.6475084933891708,1.0830481508779108,1.215605779869149,0.8889195500183388,10360,10361,2,Box 3,ARG_mid_3aer-ARG_mid
2017-07-15 10:02:00,-25.562896728515625,-0.02510837194225883,-25.53778835657019,-20.856510593268904,-8.227926132140507,4.411214922739016,-0.864566553899793,-27.16265869140625,0.1513962745666504,0.3455696105957031,0.81669212314163,0.3221863231560411,-0.1727328483245155,0.033854402026844393,1.8031593270053654,1.1233185416757985,1.2720390914394137,0.8903079881497629,10402,10403,3,Box 4,ARG_mid_3aer-ARG_mid
2017-07-15 10:04:00,-17.601165771484375,6.02284246890175e-05,-17.601225999906895,-15.048222970072732,-4.042030191637943,1.2953684045749017,0.19365875722887976,-18.406402587890625,0.07651185989379883,0.1807708740234375,0.8549531135019989,0.22964480949561833,-0.07359535094781203,-0.011002572049805176,1.6124812166912124,1.0662696991064557,1.2047558459187393,0.8832383705670444,10393,10393,0,Box 1,ARG_mid_3aer-ARG_mid
2017-07-15 10:04:00,-16.698699951171875,-1.1964426568055602,-15.502257294364355,-12.287683131597671,-3.7179838667366902,0.04943209643263339,0.45397760753737176,-17.8109130859375,0.06962728500366211,0.4055023193359375,0.7926383170059175,0.2398349992609344,-0.003188703134904346,-0.02928461313194753,1.4511896501810262,1.0579547595939724,1.1695287849322231,0.9004601712837745,10290,10333,1,Box 2,ARG_mid_3aer-ARG_mid
2017-07-15 10:04:00,-21.84075927734375,-0.06861629043202713,-21.77214298690902,-17.813383060784158,-6.062262732907422,1.7705996521123093,0.33290315467025156,-22.757781982421875,0.07721519470214844,0.23473358154296875,0.8181731615254799,0.2784412511231665,-0.08132408707663372,-0.01529032557201268,1.64640951604622,1.0885444246586984,1.2252368910474374,0.8856806971489459,10378,10380,2,Box 3,ARG_mid_3aer-ARG_mid
2017-07-15 10:04:00,-26.614044189453125,-0.027242593342245443,-26.58680159610759,-21.51455210092427,-8.69363105912823,4.616277672845002,-0.9948961089000944,-28.339324951171875,0.15740728378295898,0.3159065246582031,0.8092192670544501,0.3269904816381151,-0.17363042546346916,0.03742067677090391,1.8258272359679923,1.129342056309588,1.281446223584418,0.8895192215944995,10401,10401,3,Box 4,ARG_mid_3aer-ARG_mid
2017-07-15 10:06:00,-18.86419677734375,0.032475465233347656,-18.89667224257481,-16.062682273526562,-4.604253844380539,1.6187217913487504,0.1515420839835415,-19.799346923828125,0.08837413787841797,0.229278564453125,0.8500270347779448,0.24365421515895308,-0.08566173824519845,-0.008019511691699469,1.6413756110581035,1.073603501561846,1.2144862453038974,0.8826215588336307,10387,10386,0,Box 1,ARG_mid_3aer-ARG_mid
2017-07-15 10:06:00,-17.789703369140625,-0.47403800696041415,-17.31566536217808,-13.36823631107379,-4.506095518305049,0.09709916314058062,0.46156730406017826,-19.052764892578125,0.07948017120361328,0.4167137145996094,0.7720313387594968,0.2602323054906994,-0.005607590647522588,-0.026656053602673646,1.469421203217283,1.0670147004369719,1.1807754686480478,0.8996620163271848,10342,10358,1,Box 2,ARG_mid_3aer-ARG_mid
2017-07-15 10:06:00,-22.8492431640625,0.11971691762662125,-22.9689600816863,-18.115899699592287,-6.658319920673048,1.3682433996563694,0.4370161389226657,-23.89080810546875,0.08368253707885742,0.2519111633300781,0.7887122288151185,0.2898833859693058,-0.05956923582044545,-0.01902637896397883,1.6526732700499551,1.0967211995969943,1.2365518769460415,0.8833431193243861,10386,10382,2,Box 3,ARG_mid_3aer-ARG_mid
2017-07-15 10:06:00,-27.55810546875,-0.006501726151272024,-27.55160374259533,-22.325155339177947,-9.181604513585171,5.029128011966446,-1.073971901798658,-29.416595458984375,0.1676006317138672,0.31407928466796875,0.810303296597679,0.3332511820134168,-0.1825348556458553,0.03898037703475954,1.8548445697963982,1.135463149651282,1.2893573202845081,0.889410283157616,10404,10404,3,Box 4,ARG_mid_3aer-ARG_mid
2017-07-15 10:08:00,-20.23785400390625,-0.31170777581450404,-19.92614622808929,-16.745057049413152,-5.102290217798404,1.7239234774499284,0.19727756167233704,-21.312103271484375,0.1100616455078125,0.2817840576171875,0.8403560255825157,0.25606006095678746,-0.0865156492237202,-0.009900437315582919,1.6623667796060533,1.0805085455043124,1.2233561567894344,0.881471919613185,10384,10393,0,Box 1,ARG_mid_3aer-ARG_mid
2017-07-15 10:08:00,-19.0125732421875,-0.6008824106375369,-18.411690831547716,-14.04490218523349,-4.949212052219204,0.0551101971913076,0.5273132087136698,-20.453857421875,0.09166812896728516,0.4446563720703125,0.7628252241324895,0.26880812292040673,-0.0029932176080688048,-0.028640129444827474,1.483124873893895,1.0719146963175994,1.1879547151839591,0.8978795106931039,10315,10336,1,Box 2,ARG_mid_3aer-ARG_mid
2017-07-15 10:08:00,-23.470916748046875,-0.18771870907700147,-23.283198038967022,-17.784349519352187,-7.00501740286893,1.0085286843536605,0.4976401989004348,-24.609527587890625,0.0859823226928711,0.23378372192382812,0.7638276103475176,0.30086147921540907,-0.04331572847792539,-0.021373361085001236,1.6544241160938609,1.1042337967969973,1.2457106853846305,0.8822759876885302,10380,10384,2,Box 3,ARG_mid_3aer-ARG_mid
2017-07-15 10:08:00,-28.54486083984375,0.029622042224708236,-28.574482882064956,-23.228639019241484,-9.675636073934918,5.521744546530027,-1.191952335418584,-30.5260009765625,0.1797795295715332,0.32720947265625,0.8129154643012335,0.3386110647695368,-0.19324040156106562,0.04171387249029532,1.8865811098186132,1.1413393917799441,1.2972982480785882,0.8893860312894571,10404,10403,3,Box 4,ARG_mid_3aer-ARG_mid
2017-07-15 10:10:00,-21.70550537109375,-0.11539166967717976,-21.59011370141398,-17.84563029759268,-5.8614047594671295,1.8161492797382994,0.3007720759075307,-22.9315185546875,0.12078523635864258,0.25311279296875,0.8265649057894463,0.27148559014227214,-0.08411948657868143,-0.01393100935303701,1.6877217830016336,1.0897541478756119,1.2349940197846385,0.8798055396528027,10388,10391,0,Box 1,ARG_mid_3aer-ARG_mid
2017-07-15 10:10:00,-20.179595947265625,-0.7029774206519687,-19.476618526611272,-14.930945815939266,-5.356922771299134,0.25454516835828017,0.5567048922688482,-21.764556884765625,0.10322999954223633,0.5274734497070312,0.7666087311582774,0.27504377949282466,-0.0130692690833622,-0.028583241567739892,1.5055645888298004,1.0761615772033573,1.1947208525079904,0.8961949922109825,10311,10335,1,Box 2,ARG_mid_3aer-ARG_mid
2017-07-15 10:10:00,-23.9884033203125,-0.044267795762719116,-23.94413552454689,-17.924210780429927,-7.506761592034295,0.9751670501026042,0.5116697978147275,-25.20452880859375,0.0887613296508789,0.14189910888671875,0.7485845860692905,0.3135114894558863,-0.04072675954840336,-0.021369315976773405,1.6676204870411677,1.1130323596050076,1.2557307108558549,0.882059586339982,10390,10391,2,Box 3,ARG_mid_3aer-ARG_mid
2017-07-15 10:10:00,-29.8377685546875,-0.0069165952389948744,-29.830851959444935,-24.54089003787891,-10.161072680193485,6.160562914369004,-1.2894521557415466,-31.968414306640625,0.19178247451782227,0.3568305969238281,0.8226680911172858,0.3406229461366866,-0.2065164924804794,0.04322545522650703,1.9360616724181379,1.1465657395841609,1.306939690497138,0.887500511868983,10404,10404,3,Box 4,ARG_mid_3aer-ARG_mid
2017-07-15 10:12:00,-23.15130615234375,-0.0,-23.15130615234095,-18.905168619674672,-6.603112380635339,1.9480301607741144,0.40894468719494637,-24.470611572265625,0.1262202262878418,0.24158859252929688,0.816591880184828,0.285215544090054,-0.08414342361314844,-0.017664000661733542,1.717873793128826,1.099102877629517,1.2471640450945496,0.8778501117666658,10386,10386,0,Box 1,ARG_mid_3aer-ARG_mid
2017-07-15 10:12:00,-21.701385498046875,-0.430234289849365,-21.271151208194926,-16.20239535959946,-6.0951639058779765,0.41407362069433856,0.612334436588174,-23.445648193359375,0.1159067153930664,0.5850639343261719,0.761707497681523,0.2865460287607637,-0.019466441502931562,-0.028787084939355136,1.5304863715267232,1.0833415789693726,1.204713655875006,0.8944440281128858,10323,10339,1,Box 2,ARG_mid_3aer-ARG_mid
2017-07-15 10:12:00,-25.084197998046875,-0.0697673042166081,-25.014430693827258,-18.362500911554257,-8.085308994427084,0.9226011920806906,0.5107780200733912,-26.454986572265625,0.09840965270996094,0.084747314453125,0.7340763072447425,0.3232257848835342,-0.03688275793173891,-0.020419334196537783,1.6811958627715071,1.121170632727701,1.2660474464757323,0.8813121785705434,10386,10385,2,Box 3,ARG_mid_3aer-ARG_mid
2017-07-15 10:12:00,-31.241424560546875,-0.005644822811718764,-31.2357797377314,-25.55320973450911,-10.691983430942663,6.283628882321447,-1.2742154546010724,-33.466156005859375,0.19858503341674805,0.367919921875,0.8180749752067817,0.34229923250570354,-0.20116766525700364,0.04079345754451835,1.9629197765471627,1.1515377947479153,1.3162738509104195,0.8847090894356157,10404,10404,3,Box 4,ARG_mid_3aer-ARG_mid
2017-07-15 10:14:00,-24.450531005859375,-0.1000281151471137,-24.3505028907094,-19.532174315837825,-7.2539509673839895,1.9210854554622026,0.5145369370502102,-25.900360107421875,0.13137435913085938,0.22395706176757812,0.8021261163887525,0.29789737813388795,-0.0788930505494885,-0.021130443973151974,1.736884756326364,1.1079588804585632,1.257881638308172,0.8765535085071341,10382,10385,0,Box 1,ARG_mid_3aer-ARG_mid
2017-07-15 10:14:00,-22.844329833984375,-1.1490665827258384,-21.695263251255952,-16.536082345038853,-6.322513255982646,0.5010764998721778,0.662255849893368,-24.729248046875,0.12395811080932617,0.6185379028320312,0.7621978195669771,0.2914236708151781,-0.02309612444288595,-0.03052536593926924,1.546873032715232,1.0869727708092602,1.2101927542117341,0.8929660573470235,10288,10327,1,Box 2,ARG_mid_3aer-ARG_mid
2017-07-15 10:14:00,-26.472900390625,-0.31758186662083315,-26.15531852400105,-18.88272214477949,-8.611993340249258,0.8878514156855468,0.4515455453421484,-28.0126953125,0.11739253997802734,0.13018417358398438,0.7219457919219003,0.32926356191558465,-0.03394534900696479,-0.017264004830520194,1.6930008598557635,1.127568018748767,1.2751888041495003,0.8805329656943285,10367,10376,2,Box 3,ARG_mid_3aer-ARG_mid
2017-07-15 10:14:00,-32.561492919921875,0.07561391846031215,-32.63710683837829,-26.281747519616108,-11.257946276315504,6.163555363147712,-1.2609684055943882,-34.92840576171875,0.20390605926513672,0.31902313232421875,0.8052719761517325,0.3449431449933907,-0.18885115625199742,0.03863603510687422,1.9730081865709843,1.1566717434418197,1.3248457106064375,0.8826017927141523,10404,10401,3,Box 4,ARG_mid_3aer-ARG_mid
2017-07-15 10:16:00,-26.485931396484375,-0.0,-26.48593139648126,-20.93225793030702,-8.25815063029795,2.1552121893838723,0.5492649747398386,-28.18084716796875,0.14564895629882812,0.26746368408203125,0.7903160971370612,0.311793854128727,-0.08137196148103741,-0.02073798978475079,1.7667425844238198,1.118812068036948,1.2713080847501679,0.8756778836125982,10378,10378,0,Box 1,ARG_mid_3aer-ARG_mid
2017-07-15 10:16:00,-23.83404541015625,-0.6980123232651266,-23.136033086888403,-17.302149985308425,-7.062784283397996,0.521546509378187,0.7073546724398296,-25.85479736328125,0.1302509307861328,0.6166191101074219,0.7478442791091034,0.3052720514737075,-0.02254260734411538,-0.030573723238695574,1.5642364967005051,1.0956135249281813,1.2206904828565972,0.892080347199253,10300,10323,1,Box 2,ARG_mid_3aer-ARG_mid
2017-07-15 10:16:00,-27.715484619140625,-0.1572411545865145,-27.558243464550845,-19.388623408702138,-9.24324301951701,0.6810975033861506,0.3925254602821517,-29.428863525390625,0.13662958145141602,0.17947769165039062,0.7035507699771365,0.33540755351141754,-0.024714837295862876,-0.014243486192691172,1.7055288905219808,1.1357106936336074,1.2878101960836232,0.8787213579195063,10345,10348,2,Box 3,ARG_mid_3aer-ARG_mid
2017-07-15 10:16:00,-33.919464111328125,-0.012879180053902995,-33.90658493127025,-27.120095109623794,-11.688237391311198,6.249365079004826,-1.3476175093400864,-36.407623291015625,0.211669921875,0.2979850769042969,0.799847438619876,0.34471880358943946,-0.18431125079899646,0.03974500858968105,1.998021596820013,1.1608508844567977,1.3343629174822413,0.879997598885737,10404,10404,3,Box 4,ARG_mid_3aer-ARG_mid
2017-07-15 10:18:00,-28.507110595703125,-0.40565812286385916,-28.101452472835998,-21.841074592557742,-9.13631925137995,2.1781214159121154,0.6978199551895792,-30.457305908203125,0.1641697883605957,0.3090019226074219,0.7772222668443992,0.32511911119937614,-0.07750921124157464,-0.02483216680220071,1.7838911578413985,1.1286903941420354,1.2817587545107478,0.8751680869796433,10374,10386,0,Box 1,ARG_mid_3aer-ARG_mid
2017-07-15 10:18:00,-24.953399658203125,-0.7830637911372871,-24.170335867062956,-18.057717750597924,-7.576694075121575,0.7007114474416447,0.7633645112148966,-27.129547119140625,0.13697004318237305,0.6204605102539062,0.7471024751131105,0.31347078157264563,-0.028990554839434725,-0.03158270184632136,1.585028776070723,1.101453070957716,1.2281465901871995,0.8910396473272674,10287,10313,1,Box 2,ARG_mid_3aer-ARG_mid
2017-07-15 10:18:00,-29.05682373046875,0.05077080851679858,-29.107594538982116,-20.029452521622602,-9.928690949699359,0.4727928671314244,0.37775606520841915,-30.9698486328125,0.15148353576660156,0.22642135620117188,0.6881177520457183,0.34110310752070006,-0.01624293847085991,-0.012977921095558492,1.721818538993383,1.1441685606354128,1.3011141665953756,0.8763771150751898,10360,10352,2,Box 3,ARG_mid_3aer-ARG_mid
2017-07-15 10:18:00,-35.416900634765625,-0.038028696253536325,-35.378871938507935,-28.25739384355377,-12.216145696627118,6.6238875957659165,-1.5292199940929625,-38.0633544921875,0.2190713882446289,0.3013801574707031,0.7987081638065788,0.34529494659581056,-0.1872272131027497,0.04322410270036031,2.027508292523008,1.16507142534899,1.3430988207335883,0.878581258823838,10404,10404,3,Box 4,ARG_mid_3aer-ARG_mid
2017-07-15 10:20:00,-30.874298095703125,-0.305334260858065,-30.568963834841504,-23.36615421012762,-10.373447807950598,2.376972996294046,0.7936651869426673,-33.14312744140625,0.18970823287963867,0.35599517822265625,0.7643750810910915,0.33934574505032067,-0.0777577221503612,-0.025963103991051006,1.8146592101705448,1.1414221051605333,1.2967520133902326,0.8742974903967937,10382,10391,0,Box 1,ARG_mid_3aer-ARG_mid
2017-07-15 10:20:00,-26.16656494140625,-0.5211607278095979,-25.64540421359365,-19.23452167090169,-8.294517171970664,1.0594374533961515,0.8241971758825513,-28.538543701171875,0.14154434204101562,0.6378555297851562,0.7500182687978926,0.32343093923916616,-0.04131100623614207,-0.032138201800916665,1.6147613049384182,1.1088463116704579,1.2373436669957147,0.8900379877388648,10304,10321,1,Box 2,ARG_mid_3aer-ARG_mid
2017-07-15 10:20:00,-30.568572998046875,-0.1397519571836383,-30.428821040859695,-20.670627652744905,-10.466789042067655,0.3518410590912494,0.3567545948616129,-32.68328857421875,0.15648460388183594,0.2692413330078125,0.6793108291967168,0.34397616089078487,-0.011562756855377297,-0.011724233232124383,1.7403197770805645,1.150595106497217,1.31242679007781,0.8739027296538924,10356,10356,2,Box 3,ARG_mid_3aer-ARG_mid
2017-07-15 10:20:00,-37.0325927734375,0.005750369870760578,-37.03834314330397,-29.53491408191038,-12.808030536239263,7.059379475649374,-1.754778000803699,-39.8717041015625,0.22770977020263672,0.3382606506347656,0.7974145594914359,0.3458046297234217,-0.19059652448102593,0.04737733526616833,2.0521401652444116,1.1686794939892542,1.3505418129456734,0.8777493412617079,10404,10404,3,Box 4,ARG_mid_3aer-ARG_mid
2017-07-15 10:22:00,-33.1126708984375,-0.3391973133018491,-32.77347358513187,-24.633311534646122,-11.528719129740743,2.449228193098368,0.9393288861566292,-35.75634765625,0.21163702011108398,0.4475212097167969,0.7516234576313375,0.35176982689350644,-0.07473202944864209,-0.02866125507620189,1.8441129054138967,1.1539740782726067,1.311815121092659,0.8728609070908258,10385,10395,0,Box 1,ARG_mid_3aer-ARG_mid
2017-07-15 10:22:00,-27.237945556640625,-0.736724386104154,-26.501221170533444,-19.63390696650249,-8.690430661364632,0.9333308811195463,0.8897855762141317,-29.782806396484375,0.14626502990722656,0.6406898498535156,0.7408680090687035,0.32792566823401603,-0.03521841031828796,-0.03357526698443161,1.6285972439080785,1.1139786582194204,1.245373984809733,0.8879272111746119,10326,10350,1,Box 2,ARG_mid_3aer-ARG_mid
2017-07-15 10:22:00,-32.161285400390625,-0.10352330647204222,-32.05776209391488,-21.41325892987361,-11.143603889931537,0.1411732033569499,0.3579275225333154,-34.490386962890625,0.16149139404296875,0.30808258056640625,0.667958632519087,0.3476101624712845,-0.004403713613675704,-0.011165081376695855,1.7557971506993806,1.1577453488918117,1.3243437880280733,0.8714654182571417,10376,10376,2,Box 3,ARG_mid_3aer-ARG_mid
2017-07-15 10:22:00,-38.652923583984375,-0.02587081008600676,-38.6270527738939,-30.60212587365695,-13.379324610800126,7.28191064394427,-1.927512933381098,-41.637786865234375,0.25101375579833984,0.3570747375488281,0.7922459436081906,0.34637187281972864,-0.18851841186459223,0.04990059543667302,2.065913358635255,1.1718820253274587,1.357006000601319,0.8768353172721197,10404,10404,3,Box 4,ARG_mid_3aer-ARG_mid
2017-07-15 10:24:00,-34.640777587890625,-0.27150557442302237,-34.36927201346365,-25.256453359664597,-12.48726207486546,2.329131917348953,1.0453115037174538,-37.57958984375,0.2239522933959961,0.5822296142578125,0.7348556393563052,0.36332634773217665,-0.06776785718465467,-0.030414129903827136,1.8556223560779135,1.1651266459364238,1.3236949421826005,0.8727325053292633,10382,10390,0,Box 1,ARG_mid_3aer-ARG_mid
2017-07-15 10:24:00,-28.481231689453125,-0.6961417193138171,-27.785089970136106,-20.378426028766267,-9.266989299857325,0.9255720704054704,0.9347532880820164,-31.2149658203125,0.15850210189819336,0.6555061340332031,0.7334302696399166,0.3335238183434945,-0.033311825565448636,-0.03364226241796249,1.648537472548143,1.120372170571929,1.255070844137401,0.8858794940898282,10329,10352,1,Box 2,ARG_mid_3aer-ARG_mid
2017-07-15 10:24:00,-34.253997802734375,0.049143150966843706,-34.30314095369729,-22.289907124578523,-12.117776541426425,-0.32407732244076287,0.4286200347484244,-36.82281494140625,0.17403841018676758,0.3899688720703125,0.649792016266547,0.3532555971414722,0.009447453306920366,-0.0124950667149396,1.760282800523821,1.166150825473079,1.3365340458793995,0.8693618316744877,10365,10364,2,Box 3,ARG_mid_3aer-ARG_mid
2017-07-15 10:24:00,-40.159881591796875,-0.12469186373689625,-40.03518972805537,-31.019011818324916,-13.8165627074938,6.813097849228857,-2.01271305146551,-43.312408447265625,0.26201534271240234,0.4142723083496094,0.7747936759891959,0.3451104591072188,-0.17017773352662438,0.05027359843020965,2.0658322596215246,1.1753716137179064,1.366346486803121,0.8738350990728311,10393,10396,3,Box 4,ARG_mid_3aer-ARG_mid
2017-07-15 10:26:00,-35.980743408203125,-0.4709278322247802,-35.5098155759743,-25.85512763191089,-13.156791455592053,2.433576060894852,1.0685274506337903,-39.13189697265625,0.2420673370361328,0.6121406555175781,0.7281121349840041,0.3705113992339022,-0.06853248943769207,-0.030091044780214196,1.883984795483995,1.174867108807528,1.3363856083791716,0.8715002909340851,10379,10393,0,Box 1,ARG_mid_3aer-ARG_mid
2017-07-15 10:26:00,-29.701812744140625,-0.6012755773550015,-29.10053716678229,-21.071166468265545,-9.933503417497796,0.9325307891849735,0.9716019297960813,-32.618408203125,0.1722731590270996,0.6844978332519531,0.7240817015679657,0.34135120463812957,-0.03204514005498976,-0.0333877661511055,1.6674129527901569,1.1280763710106492,1.265372190986005,0.8845194281819538,10324,10343,1,Box 2,ARG_mid_3aer-ARG_mid
2017-07-15 10:26:00,-35.6121826171875,-0.2845192922266189,-35.32766332495686,-22.77237508570753,-12.49688625179388,-0.5686903246804906,0.5102883372250425,-38.38067626953125,0.1738147735595703,0.4007987976074219,0.6446046226221881,0.3537422256559376,0.016097592400874848,-0.014444440679000546,1.7718309006534825,1.1699406628877091,1.3441952263044026,0.8666543480127004,10348,10358,2,Box 3,ARG_mid_3aer-ARG_mid
2017-07-15 10:26:00,-40.85687255859375,0.15702708202751298,-41.0138996406166,-31.24436993938269,-14.151422086816394,6.431518708076412,-2.0496263224939306,-44.13836669921875,0.25968313217163086,0.4010963439941406,0.7617995414520637,0.3450396624270777,-0.1568131478457902,0.04997394396664878,2.0713434631967993,1.1792871830112106,1.375242902031401,0.871275558888996,10401,10395,3,Box 4,ARG_mid_3aer-ARG_mid
2017-07-15 10:28:00,-37.135986328125,0.030136252649340334,-37.16612258077015,-26.848941498276595,-14.010300790819347,2.444945118706256,1.2481745896195355,-40.45770263671875,0.2481975555419922,0.5030288696289062,0.7224036201228133,0.3769642840834926,-0.06578423975739878,-0.03358366444890715,1.897224589654694,1.181854164666761,1.343786474101629,0.8708108347833048,10385,10384,0,Box 1,ARG_mid_3aer-ARG_mid
2017-07-15 10:28:00,-30.660125732421875,-0.12236804673984059,-30.537757685678574,-21.876981171126822,-10.655587728845587,1.0068687373208027,0.9879424769730308,-33.7271728515625,0.18450069427490234,0.711883544921875,0.7163912097379227,0.3489315698461641,-0.032971272733393855,-0.03235150685069292,1.69112771505032,1.1364982377241746,1.2769366984005297,0.8830080422800956,10323,10327,1,Box 2,ARG_mid_3aer-ARG_mid
2017-07-15 10:28:00,-36.936126708984375,-0.05806004250526638,-36.8780666664749,-23.78337807720701,-13.041972802718126,-0.6504226973465191,0.5977069107967579,-39.867523193359375,0.18484735488891602,0.4126167297363281,0.6449193308397589,0.35365120738756944,0.017637114852818603,-0.01620765308014699,1.7999033348806959,1.174856603904237,1.3549654514685512,0.8628164046809791,10349,10352,2,Box 3,ARG_mid_3aer-ARG_mid
2017-07-15 10:28:00,-41.875823974609375,-0.09171378427812496,-41.78411019032653,-31.52521602212992,-14.375795660332368,6.210660169510973,-2.093758677375212,-45.28680419921875,0.25568580627441406,0.37786102294921875,0.7544785775868538,0.3440493430361602,-0.1486368895070741,0.050108968884060134,2.0855575324882385,1.1824537429733266,1.383675797252388,0.8685941527773996,10399,10402,3,Box 4,ARG_mid_3aer-ARG_mid
2017-07-15 10:30:00,-38.310882568359375,0.2710788748164217,-38.58196144317147,-27.7595352708771,-14.653277083564129,2.5393071738974813,1.2915437373722787,-41.79034423828125,0.24900054931640625,0.456878662109375,0.7194951794186243,0.3797960636383762,-0.06581591704811854,-0.03347532600888195,1.9200253408131207,1.1878835367408245,1.352859377549619,0.8692155387966979,10388,10380,0,Box 1,ARG_mid_3aer-ARG_mid
2017-07-15 10:30:00,-31.3431396484375,-0.4363684649909361,-30.90677118344307,-22.080980465660208,-10.895211353491487,1.0896293534111032,0.979791282297523,-34.51556396484375,0.18762636184692383,0.6583366394042969,0.7144382806797079,0.3525185885262616,-0.03525536028800135,-0.0317015089179682,1.7122989167264742,1.1418958446328085,1.2852290325057985,0.8814366774449949,10325,10339,1,Box 2,ARG_mid_3aer-ARG_mid
2017-07-15 10:30:00,-38.364837646484375,0.016793181025607277,-38.38163082750567,-24.627666193934413,-13.570152468154294,-0.8726697506854282,0.6888575852684691,-41.467620849609375,0.20085382461547852,0.3938751220703125,0.6416524171319301,0.3535585168108446,0.022736651149800582,-0.017947585092575293,1.8204841785199806,1.1794597436081682,1.3651017777269345,0.8591959165905723,10341,10344,2,Box 3,ARG_mid_3aer-ARG_mid
2017-07-15 10:30:00,-43.513519287109375,-0.18786949099186467,-43.3256497961127,-32.57054664980139,-14.921602425563371,6.371514089308882,-2.2050148100568183,-47.0819091796875,0.2712388038635254,0.40643310546875,0.7517612962085041,0.3444057387663734,-0.1470610162638704,0.05089398128899289,2.1123849976489164,1.186846170723677,1.3931741481716682,0.8663991835039343,10393,10399,3,Box 4,ARG_mid_3aer-ARG_mid
2017-07-15 10:32:00,-39.4410400390625,0.11010245238051061,-39.551142491438604,-28.411671971310152,-15.040821608086384,2.5603390182850077,1.3410120696729246,-43.10284423828125,0.25862741470336914,0.4353523254394531,0.7183527499227172,0.3802879173804443,-0.0647348940385029,-0.03390577326465867,1.943459813242701,1.1922966930629737,1.3611505260191044,0.8668381015671526,10376,10372,0,Box 1,ARG_mid_3aer-ARG_mid
2017-07-15 10:32:00,-32.312713623046875,-0.8189946492553503,-31.49371897378797,-22.45732359216721,-11.25649911171018,1.2543715060445284,0.9657322240448919,-35.594482421875,0.1928720474243164,0.6082038879394531,0.7130730927921947,0.35742044694940267,-0.03982925951325514,-0.030664280228342194,1.734405179599095,1.147984070506158,1.2935802724444565,0.8804696987142094,10304,10330,1,Box 2,ARG_mid_3aer-ARG_mid
2017-07-15 10:32:00,-39.805633544921875,-1.0299896100492918,-38.775643934868285,-24.77817264679388,-13.69257448247666,-1.07220496344283,0.7673081578450875,-43.09832763671875,0.21727705001831055,0.39251708984375,0.6390138275566474,0.35312307141761906,0.027651506322985117,-0.01978840529725155,1.834250253371445,1.1824817279530129,1.3722390666963369,0.856337855960881,10320,10354,2,Box 3,ARG_mid_3aer-ARG_mid
2017-07-15 10:32:00,-44.950286865234375,-0.0005953630576457844,-44.94969150217175,-33.681160141407645,-15.639603446897313,6.71654148869131,-2.3454694025581073,-48.68756103515625,0.2808084487915039,0.42548370361328125,0.7493079266134748,0.3479357237889315,-0.14942352804282982,0.05217987764042353,2.138771484963952,1.1930392280142823,1.4024108337410646,0.8658514703088387,10397,10397,3,Box 4,ARG_mid_3aer-ARG_mid
2017-07-15 10:34:00,-41.214599609375,-0.13391354018028684,-41.08068606919019,-29.39075819229619,-15.749079807586954,2.669960387150412,1.3891915435425382,-45.14129638671875,0.28386449813842773,0.5424690246582031,0.7154398089358773,0.38336944473277657,-0.06499308172832187,-0.03381617194033203,1.9658389810141792,1.1985303676271575,1.3701498239671268,0.8654779564152564,10371,10375,0,Box 1,ARG_mid_3aer-ARG_mid
2017-07-15 10:34:00,-33.347076416015625,-0.6954688214267881,-32.651607594585194,-23.006330189224197,-11.783281096980453,1.1665852272289634,0.9714184643904935,-36.784515380859375,0.20070219039916992,0.6462936401367188,0.7046002290263794,0.3608790489977144,-0.03572826311383287,-0.029751014910260942,1.7496626267913868,1.154031429488122,1.302978326914891,0.8787411147134948,10285,10307,1,Box 2,ARG_mid_3aer-ARG_mid
2017-07-15 10:34:00,-41.376434326171875,-0.49331267391095457,-40.88312165225635,-25.46382983012087,-14.728350289979378,-1.4988349527592775,0.8078934206031737,-44.842254638671875,0.22435808181762695,0.4066505432128906,0.622844557876747,0.36025503177706875,0.036661460577987845,-0.019761050231803565,1.8442871468271151,1.1936527003251083,1.3876049946923097,0.8546746203715092,10341,10353,2,Box 3,ARG_mid_3aer-ARG_mid
2017-07-15 10:34:00,-45.91796875,-0.029898790341771574,-45.88806995965313,-34.17724494505249,-16.15712106626742,6.8493825781279005,-2.40308652646112,-49.81427001953125,0.27707719802856445,0.4105224609375,0.7447958690592713,0.3520985101459593,-0.14926281676588682,0.052368437560656234,2.1589452392388453,1.1995145658149453,1.411204049764489,0.8654649748095359,10400,10400,3,Box 4,ARG_mid_3aer-ARG_mid
2017-07-15 10:36:00,-42.532135009765625,-0.23386041278463598,-42.2982745969763,-29.98451414248015,-16.45994235940686,2.729622972268771,1.4165589326419417,-46.70648193359375,0.30422449111938477,0.6827239990234375,0.7088826773237602,0.3891398057305983,-0.06453272617564165,-0.03348975687871686,1.9887146195583658,1.2076758882335024,1.381642891262763,0.8646747304901498,10345,10352,0,Box 1,ARG_mid_3aer-ARG_mid
2017-07-15 10:36:00,-34.51751708984375,-1.557995760968319,-32.959521328871766,-23.101387179704123,-11.858632877654081,1.0691779606383243,0.9313207678481116,-38.112091064453125,0.21398210525512695,0.7616233825683594,0.7009017803747001,0.35979384407097553,-0.03243912282493464,-0.02825650162074097,1.7608392118482046,1.1562923045758045,1.3087564561380804,0.8768125883160958,10255,10304,1,Box 2,ARG_mid_3aer-ARG_mid
2017-07-15 10:36:00,-42.84832763671875,-0.7051121224538903,-42.1432155142602,-25.94963029420533,-15.384245682564067,-1.6330073944303527,0.8236678569395522,-46.5472412109375,0.23212432861328125,0.4275932312011719,0.6157487030249182,0.3650467932936543,0.038748998492480584,-0.01954449481105313,1.8595525793040564,1.2018753879321142,1.3990824113192004,0.8534256888256773,10358,10381,2,Box 3,ARG_mid_3aer-ARG_mid
2017-07-15 10:36:00,-46.942138671875,-0.09048574500988257,-46.85165292685996,-34.504370300495744,-16.633613966233856,6.720058074803908,-2.433726734934269,-51.0546875,0.272489070892334,0.4041404724121094,0.7364600423886957,0.3550272600243275,-0.14343267857154537,0.05194537615852221,2.171474032675487,1.2055080214617657,1.4204318996138452,0.8643053941074579,10400,10402,3,Box 4,ARG_mid_3aer-ARG_mid
2017-07-15 10:38:00,-44.24383544921875,-0.4350460633440346,-43.80878938586993,-30.73533860716355,-17.276492395999078,2.7387882466292837,1.4642533706634142,-48.70684814453125,0.3234729766845703,0.8024711608886719,0.7015792729729462,0.3943613288152499,-0.06251686670695017,-0.03342373508124591,1.9961350925711496,1.214420680033946,1.388755547870606,0.8649206380379317,10344,10357,0,Box 1,ARG_mid_3aer-ARG_mid
2017-07-15 10:38:00,-35.8165283203125,-2.2424161383470396,-33.57411218196176,-23.501543465886552,-12.080349168807544,1.117235304498561,0.8905451482337776,-39.591644287109375,0.22570562362670898,0.8444938659667969,0.6999900202428329,0.3598114256405538,-0.03327668944582886,-0.026524756437557792,1.78256950782604,1.160170751152553,1.3168843728915673,0.8745875609147364,10238,10308,1,Box 2,ARG_mid_3aer-ARG_mid
2017-07-15 10:38:00,-44.102813720703125,-0.9714309342528131,-43.13138278644559,-26.289475691796966,-15.999693984049202,-1.7001885571786275,0.8579754465792038,-48.01678466796875,0.23970460891723633,0.4265174865722656,0.6095208174048772,0.3709524932986207,0.039418827947081875,-0.019892138650579733,1.8794317719462827,1.211674203275617,1.4120790606552036,0.8522084429283899,10361,10391,2,Box 3,ARG_mid_3aer-ARG_mid
2017-07-15 10:38:00,-47.881317138671875,-0.3987396899317251,-47.482577448734965,-34.97915372080237,-16.922158009421945,6.928269869450295,-2.509535587960943,-52.1448974609375,0.2787184715270996,0.4669837951660156,0.7366734410862166,0.3563866773595456,-0.14591183212264477,0.0528517136768826,2.198906369841229,1.2099741970273479,1.4283783323756127,0.8632102461476886,10392,10404,3,Box 4,ARG_mid_3aer-ARG_mid
2017-07-15 10:40:00,-46.897064208984375,-0.3667041309941572,-46.530360077985165,-32.493736982081,-18.486008407660414,3.0868551214520727,1.3625301903041795,-51.794464111328125,0.34649038314819336,0.8835906982421875,0.6983340968696847,0.39728917585588747,-0.06634066695977604,-0.029282605765796152,2.0202150272619486,1.221439209183149,1.3988603163696722,0.864627121336723,10343,10354,0,Box 1,ARG_mid_3aer-ARG_mid
2017-07-15 10:40:00,-37.24407958984375,-2.071876016752079,-35.17220357308782,-24.29574364617832,-12.826759548655962,1.0858830116228955,0.8644166101235665,-41.16644287109375,0.2234630584716797,0.8233566284179688,0.690765467557123,0.36468455898709795,-0.030873328973160044,-0.024576697571060888,1.8029366327431673,1.1683460735785889,1.3290001319110516,0.872992760381379,10258,10322,1,Box 2,ARG_mid_3aer-ARG_mid
2017-07-15 10:40:00,-45.99822998046875,-1.0999133243873607,-44.898316656076496,-26.785679523397487,-16.942129859225034,-2.1869480159209362,1.016440742466963,-50.155609130859375,0.2598991394042969,0.5013542175292969,0.5965853848948776,0.37734443340053603,0.0487089089034913,-0.022638727198904883,1.8930913092595516,1.2236479214340643,1.4284516488328134,0.8497378691507883,10348,10382,2,Box 3,ARG_mid_3aer-ARG_mid
2017-07-15 10:40:00,-49.502532958984375,-0.2838342121533564,-49.218698746825694,-36.04675924594174,-17.741394518735618,7.17102428744905,-2.6015692695973844,-54.03271484375,0.2891511917114258,0.52294921875,0.7323793632042443,0.3604604544706666,-0.1456971531152383,0.052857335440327335,2.2169514002340716,1.2164287039257906,1.436701714092329,0.8630541185303765,10394,10404,3,Box 4,ARG_mid_3aer-ARG_mid
2017-07-15 10:42:00,-49.0172119140625,-1.258583563932628,-47.75862835012474,-33.33924464885043,-18.934487991891523,3.145941715228911,1.3691625753883092,-54.336273193359375,0.35160064697265625,0.8749580383300781,0.6980779348275264,0.39646213984791023,-0.06587169321877508,-0.028668381456661604,2.0316115818118066,1.2229721929300654,1.4027956754185207,0.8633921029715274,10324,10362,0,Box 1,ARG_mid_3aer-ARG_mid
2017-07-15 10:42:00,-38.66802978515625,-1.7154056944331997,-36.95262409071904,-25.200547092084218,-13.616644580880156,0.9749604419338035,0.8896071403115279,-42.774749755859375,0.22047758102416992,0.7710418701171875,0.681969081010773,0.36848924578268555,-0.02638406516247037,-0.024074261630988206,1.823880522430239,1.1762841882144077,1.3414361296037458,0.8707051364035341,10281,10334,1,Box 2,ARG_mid_3aer-ARG_mid
2017-07-15 10:42:00,-47.86767578125,-1.4418812107777284,-46.42579457046728,-27.16943708737913,-17.757039377704654,-2.679827162202068,1.1805090568185708,-52.32464599609375,0.2909250259399414,0.6371383666992188,0.5852228774704128,0.38248218564686437,0.05772280662067073,-0.025427869737947896,1.9063390893667798,1.2347093727723557,1.4441004468251455,0.8470501439498183,10327,10371,2,Box 3,ARG_mid_3aer-ARG_mid
2017-07-15 10:42:00,-50.898193359375,-0.04435211453303506,-50.85384124483651,-36.43368631232755,-18.535193894287698,6.778405376144164,-2.6633664143654254,-55.696380615234375,0.2906327247619629,0.5262870788574219,0.7164392191519432,0.3644797215032342,-0.1332919050010291,0.0523729643458517,2.203331221011778,1.222556194854504,1.4441844145406655,0.8629906458946843,10404,10404,3,Box 4,ARG_mid_3aer-ARG_mid
2017-07-15 10:44:00,-50.536376953125,-0.8863141818341863,-49.650062771285505,-34.44588323317671,-19.75440097660015,3.1210532229918506,1.4291682154995013,-56.193817138671875,0.36493682861328125,0.9221687316894531,0.693773206125694,0.3978726284314964,-0.06286101263092204,-0.028784821926268397,2.049691035343328,1.2285002036327821,1.411741506761087,0.86160730593039,10331,10358,0,Box 1,ARG_mid_3aer-ARG_mid
2017-07-15 10:44:00,-40.25323486328125,-0.9726251755015409,-39.280609687775495,-26.51719900672278,-14.625935012736868,0.9844405866544718,0.8780837450296817,-44.577362060546875,0.22818660736083984,0.7639236450195312,0.6750709629381132,0.37234490831461303,-0.025061744063530643,-0.022354127189195584,1.8490797216569248,1.1847359650758202,1.3546156406978676,0.868678060932298,10300,10330,1,Box 2,ARG_mid_3aer-ARG_mid
2017-07-15 10:44:00,-49.415130615234375,-1.2074402835209064,-48.2076903317083,-27.854408960590902,-18.67665358176391,-2.988578822319197,1.311951032965713,-54.028106689453125,0.3231353759765625,0.6816635131835938,0.577800113818559,0.3874206263202671,0.0619938188649017,-0.02721455900372778,1.9325781019270742,1.2471791632070766,1.4624219209284195,0.8440414554917608,10303,10340,2,Box 3,ARG_mid_3aer-ARG_mid
2017-07-15 10:44:00,-51.349822998046875,-0.0008980743109889621,-51.348924923730415,-36.35250915562835,-18.900909221305884,6.477048338057332,-2.572554884853518,-56.238861083984375,0.27389049530029297,0.4557838439941406,0.7079507352806987,0.3680877301594879,-0.1261379541573231,0.05009948871713643,2.2039116325219577,1.2280588473033238,1.4507427984787944,0.8624309873833172,10404,10404,3,Box 4,ARG_mid_3aer-ARG_mid
2017-07-15 10:46:00,-51.81463623046875,-0.6896683242865882,-51.12496790617676,-35.267642293494966,-20.434514348590845,3.1207163209077526,1.456472415001305,-57.730804443359375,0.3818359375,1.0123291015625,0.6898320671460811,0.3996973530837564,-0.06104094435100305,-0.02848847587883451,2.0692821955223986,1.234510971579889,1.4210424618777573,0.8600829856315146,10360,10381,0,Box 1,ARG_mid_3aer-ARG_mid
2017-07-15 10:46:00,-41.877685546875,-1.5921614959493655,-40.285524050921346,-26.957976647897294,-14.998130527286097,0.9134042904479728,0.7571788338140731,-46.448333740234375,0.2438039779663086,0.8086051940917969,0.6691727930316139,0.3722957782137399,-0.022673263212200485,-0.018795308033153317,1.858356363250522,1.1881335512011106,1.361634480795302,0.8675310150941558,10265,10314,1,Box 2,ARG_mid_3aer-ARG_mid
2017-07-15 10:46:00,-50.959228515625,-0.9890230099391689,-49.97020550568048,-28.227338477736467,-19.582844267272737,-3.5718766344003936,1.4118538737291175,-55.688751220703125,0.34665346145629883,0.6611366271972656,0.5648833778465782,0.39189040887667775,0.07148012697274883,-0.028253913696004745,1.9461860975364396,1.2598286589918763,1.4813083415272865,0.8410941508780961,10312,10348,2,Box 3,ARG_mid_3aer-ARG_mid
2017-07-15 10:46:00,-51.190826416015625,-0.0009001303030865607,-51.18992628570713,-36.23332935919215,-19.024371895894497,6.561162270714008,-2.4933873013344967,-55.990753173828125,0.26845598220825195,0.4016761779785156,0.7078214795028713,0.3716428851589564,-0.12817291890779625,0.04870855424596854,2.219687289835486,1.2328508851909747,1.4557228139388243,0.8625319479365668,10404,10404,3,Box 4,ARG_mid_3aer-ARG_mid
2017-07-15 10:48:00,-52.891998291015625,-0.7387118690887512,-52.1532864219214,-35.75322406681888,-20.952604781154072,3.1159921673875672,1.436550258663984,-59.06243896484375,0.39409732818603516,1.2204704284667969,0.6855411522406162,0.40175042108846165,-0.05974680372352975,-0.02754476960554808,2.086956034437209,1.2405744372215852,1.4300729469656779,0.8589845081593114,10379,10402,0,Box 1,ARG_mid_3aer-ARG_mid
2017-07-15 10:48:00,-43.318206787109375,-2.2382077795696698,-41.07999900753538,-27.32309256383824,-15.287342693591615,0.9084262129678015,0.6220100369266762,-48.16009521484375,0.2555418014526367,0.8885765075683594,0.6651191145069482,0.3721359070818729,-0.022113588970661055,-0.015141432618159992,1.8723797604848846,1.191797760634331,1.3693480966178189,0.8662069962252761,10240,10309,1,Box 2,ARG_mid_3aer-ARG_mid
2017-07-15 10:48:00,-52.467742919921875,0.3865606691694165,-52.854303589085674,-29.411755371314474,-21.110240170486346,-3.6959258863477937,1.363617839062939,-57.45697021484375,0.35419797897338867,0.6812477111816406,0.5564685063296899,0.39940437650275984,0.0699266783473616,-0.02579956117981136,1.9734156797555196,1.276281073127545,1.5025901607266332,0.8405109579459267,10361,10350,2,Box 3,ARG_mid_3aer-ARG_mid
2017-07-15 10:48:00,-51.415496826171875,-0.03262330724944478,-51.382873518917016,-36.38516807484208,-19.173931471402174,6.699473886058421,-2.523247858731186,-56.15313720703125,0.26894617080688477,0.3979454040527344,0.7081185925004094,0.37315802247500107,-0.1303834026252338,0.04910678764982329,2.2305393175522945,1.2353811400244203,1.458838825167482,0.8626756230304287,10399,10400,3,Box 4,ARG_mid_3aer-ARG_mid
2017-07-15 10:50:00,-53.841033935546875,-0.8305573946636035,-53.0104765408777,-36.1345020522457,-21.28700480702774,2.932314372153481,1.4787159462422603,-60.243682861328125,0.3955669403076172,1.1889724731445312,0.6816483157698363,0.40156222309401046,-0.05531575197012802,-0.02789478689371875,2.104779297808684,1.2450914532499906,1.4389691199425876,0.8565268185902359,10354,10380,0,Box 1,ARG_mid_3aer-ARG_mid
2017-07-15 10:50:00,-44.724884033203125,-2.527050405364624,-42.197833627833994,-27.762613708801624,-15.768163403929405,0.7579732071967166,0.5749702777003162,-49.785491943359375,0.2637944221496582,0.9615554809570312,0.6579156160872013,0.3736723440117222,-0.017962372520866854,-0.013625587578056653,1.8901526161501057,1.1981746475586872,1.380661779217591,0.8640205098392745,10212,10290,1,Box 2,ARG_mid_3aer-ARG_mid
2017-07-15 10:50:00,-54.280120849609375,0.5346827784010356,-54.814803628004654,-30.431835549496938,-22.172081604411986,-3.4270634593557956,1.2161769852600652,-59.635040283203125,0.34552621841430664,0.7520065307617188,0.5551754915701174,0.40449076046829735,0.06252076505852742,-0.022187017096942138,1.9966552355182858,1.2864641261899248,1.5146252699020537,0.8415734916053017,10373,10360,2,Box 3,ARG_mid_3aer-ARG_mid
2017-07-15 10:50:00,-52.426055908203125,-0.0316422610393991,-52.394413647158245,-37.16021291017067,-19.473758417433622,6.879893728488011,-2.640336048041963,-57.231353759765625,0.2714662551879883,0.3775634765625,0.7092399804379939,0.37167623534402955,-0.13130968073847624,0.05039346495645283,2.2404512638807588,1.2353682020518257,1.4610094128427193,0.8618681671638531,10401,10402,3,Box 4,ARG_mid_3aer-ARG_mid
2017-07-15 10:52:00,-55.221466064453125,-0.8754677886487943,-54.34599827579869,-36.6463383942591,-21.870300294324004,2.650771981006577,1.5198684317778324,-61.865692138671875,0.4020962715148926,1.061187744140625,0.6743153048414682,0.40242705973188947,-0.048775844866337036,-0.02796651970702061,2.1237918728210605,1.252013929789914,1.451111523782348,0.8538590020573551,10354,10382,0,Box 1,ARG_mid_3aer-ARG_mid
2017-07-15 10:52:00,-45.666717529296875,-2.529251313238826,-43.13746621605353,-27.978706426430673,-16.175200050300365,0.4700823238697546,0.5463579368077514,-50.817352294921875,0.2639341354370117,0.9347724914550781,0.6485941081077786,0.37496870978205005,-0.010897309580385468,-0.012665508309443201,1.9097148481703599,1.2056396338186957,1.3944365078248033,0.8609737059815086,10187,10265,1,Box 2,ARG_mid_3aer-ARG_mid
2017-07-15 10:52:00,-56.344970703125,0.0685155500617236,-56.41348625318081,-31.42300005315216,-23.12674072881192,-2.9302268342767173,1.0664813630599876,-62.11236572265625,0.34323978424072266,0.7858924865722656,0.5570121993901841,0.4099505679372536,0.051941956239435566,-0.018904723566873255,2.01255254563101,1.293528915531753,1.5197485541053746,0.8444385630107879,10370,10371,2,Box 3,ARG_mid_3aer-ARG_mid
2017-07-15 10:52:00,-53.711334228515625,0.1059167580957646,-53.817250986605764,-38.27279986400054,-19.84835022853968,7.065799791944137,-2.7619006860096817,-58.602935791015625,0.28928184509277344,0.3758430480957031,0.7111622976343778,0.3688101838103847,-0.1312924696525785,0.051319988207816,2.2599195154994542,1.235425782006608,1.465443686624417,0.859735896393608,10403,10399,3,Box 4,ARG_mid_3aer-ARG_mid
2017-07-15 10:54:00,-57.145904541015625,-0.34886857166534846,-56.79703596934444,-37.64071578030038,-23.09744222137868,2.445523285837814,1.4955987464968055,-64.07550048828125,0.40843677520751953,0.99993896484375,0.6627232414138042,0.40666633086003406,-0.04305723430986359,-0.026332337963974703,2.1401086351841556,1.262939461572642,1.4662263213055846,0.852717273463173,10372,10383,0,Box 1,ARG_mid_3aer-ARG_mid
2017-07-15 10:54:00,-46.535400390625,-2.1438747466450163,-44.391525643975314,-28.535551496468553,-16.677033380153652,0.3505377739985623,0.4705214586483299,-51.77813720703125,0.26619434356689453,0.9080314636230469,0.6428152914888906,0.37568056376131803,-0.007896502066856452,-0.010599353183352185,1.93519340573734,1.2127887744915833,1.408255895007787,0.8580797677291285,10172,10238,1,Box 2,ARG_mid_3aer-ARG_mid
2017-07-15 10:54:00,-58.54766845703125,-0.5876109939786901,-57.960057463046546,-32.38792271652216,-24.04299830864074,-2.3884031318787655,0.8592666939951198,-64.73187255859375,0.34146785736083984,0.7652511596679688,0.5587972844431986,0.4148201254626046,0.0412077426493501,-0.014825152555153355,2.0265574212474156,1.2997517347451157,1.5240092224497583,0.8475395853966906,10357,10376,2,Box 3,ARG_mid_3aer-ARG_mid
2017-07-15 10:54:00,-55.089385986328125,0.05559919959933429,-55.14498518592175,-39.644839761719254,-20.205199013219037,7.5392980197509765,-2.8342444307344343,-60.215362548828125,0.3060264587402344,0.40200042724609375,0.7189201271531104,0.3664013861840211,-0.13671774494692807,0.05139623160979656,2.28633085764866,1.234578048023761,1.467296355931038,0.8581418870601516,10400,10399,3,Box 4,ARG_mid_3aer-ARG_mid
2017-07-15 10:56:00,-58.824615478515625,-0.6400324116461543,-58.1845830668635,-38.30229557432805,-23.87566535976647,2.613670188496224,1.3797076787347906,-66.02676391601562,0.4182405471801758,1.0444717407226562,0.6582894223081828,0.4103434982481436,-0.044920321685431586,-0.023712598870894774,2.15570214748801,1.270489170813518,1.4754244130663035,0.853195472465399,10373,10394,0,Box 1,ARG_mid_3aer-ARG_mid
2017-07-15 10:56:00,-47.78387451171875,-2.3257428091250123,-45.45813170258896,-28.93026278416863,-17.035745680157813,0.12242802168649046,0.38544874005099683,-53.182373046875,0.2736225128173828,0.9375648498535156,0.6364155696816941,0.37475683760200784,-0.0026932039901569,-0.008479203293545047,1.9497097681741418,1.2172371870320018,1.4186544871018603,0.8554818163093004,10158,10230,1,Box 2,ARG_mid_3aer-ARG_mid
2017-07-15 10:56:00,-59.998748779296875,-0.17232687671619948,-59.826421902574474,-33.28711110152572,-25.1780942507513,-2.0025542773905665,0.6413377270931098,-66.58895874023438,0.3358325958251953,0.7159347534179688,0.5563948175896726,0.42085241687616,0.03347274019916594,-0.010719974664998501,2.0394837443654734,1.3093606105783555,1.5326112953422533,0.8504316669881749,10358,10363,2,Box 3,ARG_mid_3aer-ARG_mid
2017-07-15 10:56:00,-56.846771240234375,-0.021854312695810143,-56.8249169275327,-40.836639733510786,-20.797517673833386,7.659106943905391,-2.849866464093914,-62.2958984375,0.3117804527282715,0.4372673034667969,0.7186396732544047,0.36599292701748964,-0.13478430516093576,0.050151704889041415,2.3054807244027726,1.2370140307971438,1.4732045224164574,0.8561507880229802,10400,10400,3,Box 4,ARG_mid_3aer-ARG_mid
2017-07-15 10:58:00,-60.027496337890625,-0.5919565793816729,-59.435539758502884,-38.87378817823148,-24.70902626659984,2.8468930479305583,1.3003816383978766,-67.49078369140625,0.41909122467041016,1.0564804077148438,0.6540495524425716,0.41572813786157214,-0.04789883392155583,-0.02187885638258788,2.178978785823754,1.2808565304926536,1.4872674737098843,0.8537677205341411,10366,10385,0,Box 1,ARG_mid_3aer-ARG_mid
2017-07-15 10:58:00,-49.697967529296875,-1.6003575949087772,-48.097609934383115,-30.211151459397502,-18.191739285924548,-0.04054217070055714,0.3458229816394922,-55.429779052734375,0.29105520248413086,1.0333938598632812,0.6281216779921682,0.3782254317988466,0.0008429144557466901,-0.007190024246761517,1.9741237200939228,1.2272422525643458,1.4346635959909504,0.8532045913779756,10161,10212,1,Box 2,ARG_mid_3aer-ARG_mid
2017-07-15 10:58:00,-60.73681640625,-0.542630262935503,-60.194186143308286,-33.5597944433963,-25.412765895842238,-1.6372771706301978,0.41565136656044616,-67.63766479492188,0.3282961845397949,0.6961784362792969,0.5575255119073838,0.4221797406703096,0.0271999220445015,-0.006905174622194865,2.0478626396286796,1.3117904730374876,1.5350429274819908,0.8520375849687796,10342,10358,2,Box 3,ARG_mid_3aer-ARG_mid
2017-07-15 10:58:00,-58.4755859375,-0.21231165892980994,-58.263274278564246,-40.95195537033409,-21.44545948342654,6.881555908229798,-2.7474153330334135,-64.23025512695312,0.3045482635498047,0.4163665771484375,0.7028776854273157,0.36807851513619066,-0.11811138308719467,0.047155182523688347,2.288839141673256,1.2421113177510434,1.48096318837105,0.854394219146832,10396,10403,3,Box 4,ARG_mid_3aer-ARG_mid
2017-07-15 11:00:00,-61.59283447265625,-0.775100235290596,-60.81773423735947,-39.55196530347125,-25.54869291116987,3.104916220845439,1.1780077564362141,-69.33322143554688,0.4238762855529785,1.1075897216796875,0.650336054104019,0.4200862335886836,-0.05105280983878109,-0.019369477853921443,2.2055197164595732,1.2910583937639357,1.4999211541825452,0.8540181522506982,10349,10374,0,Box 1,ARG_mid_3aer-ARG_mid
2017-07-15 11:00:00,-51.66571044921875,-1.7108736736681796,-49.95483677554541,-31.189146136260288,-18.870004893426923,-0.20473841131737544,0.3090526654591762,-57.70947265625,0.3129267692565918,1.1088218688964844,0.6243468730845385,0.3777412981692382,0.004098470228964933,-0.006186641482741627,1.9997504590753772,1.2332409537965514,1.4477325843164917,0.8498953791794842,10165,10217,1,Box 2,ARG_mid_3aer-ARG_mid
2017-07-15 11:00:00,-61.11517333984375,-0.5474544115162218,-60.56771892832138,-33.944485539236496,-25.50242091137031,-1.34715148811364,0.22633901039906362,-68.17758178710938,0.32561826705932617,0.6773490905761719,0.5604385659530609,0.42105632113289665,0.022242070725957516,-0.003736957811915017,2.0537504681735714,1.3104130428366287,1.5342449374674314,0.8527443046464468,10338,10357,2,Box 3,ARG_mid_3aer-ARG_mid
2017-07-15 11:00:00,-59.7578125,-0.09683502017246748,-59.66097747982147,-41.550920427754185,-22.40360854102364,6.807940701987166,-2.514389213030811,-65.84609985351562,0.29701757431030273,0.42012786865234375,0.6964505474588902,0.3755152779486556,-0.11411044521169213,0.04214461980414631,2.296079635818138,1.2511784830610266,1.4885883820344687,0.8547245196374064,10399,10402,3,Box 4,ARG_mid_3aer-ARG_mid
2017-07-15 11:02:00,-62.978302001953125,-0.5822008852613145,-62.39610111668553,-40.21269571847918,-26.441554017742394,3.204634016517482,1.0535146030185694,-70.99386596679688,0.4233059883117676,1.1037826538085938,0.6444744943803193,0.4237693308480068,-0.051359523418371425,-0.01688430180995469,2.23362841712822,1.302401080440365,1.5153553117598446,0.8534585062848866,10353,10372,0,Box 1,ARG_mid_3aer-ARG_mid
2017-07-15 11:02:00,-53.44775390625,-1.1323596598852208,-52.3153942463594,-32.40215169204936,-19.801178182017225,-0.4163153107204721,0.30425093842764783,-59.77093505859375,0.3259310722351074,1.1099090576171875,0.6193617033537734,0.3784962049367558,0.00795779744600593,-0.005815705736535101,2.028969672120551,1.2413352972819631,1.4634307084418976,0.8463601071677622,10197,10230,1,Box 2,ARG_mid_3aer-ARG_mid
2017-07-15 11:02:00,-61.51806640625,0.05898052156758649,-61.57704692781134,-35.071222226252246,-25.944862834485193,-0.7213601406464092,0.16039827357250908,-68.64236450195312,0.33042287826538086,0.6499252319335938,0.5695502460091553,0.42133983568424693,0.01171475698553849,-0.002604838678940692,2.0896817151095943,1.3133904957813738,1.5393209515672077,0.8522690676166146,10355,10357,2,Box 3,ARG_mid_3aer-ARG_mid
2017-07-15 11:02:00,-61.36572265625,-0.06375831571223052,-61.301964340531576,-42.07083433369874,-23.53651028001733,6.588357522409914,-2.2829772492254183,-67.65963745117188,0.3105964660644531,0.4227180480957031,0.6862885192388914,0.38394381865599503,-0.10747384024778843,0.03724150235290195,2.2898660502642665,1.2608046364792072,1.4954136055605478,0.8558444604494899,10402,10404,3,Box 4,ARG_mid_3aer-ARG_mid
2017-07-15 11:04:00,-64.01165771484375,0.38570145987126764,-64.39735917470857,-41.0684385924239,-27.473115810760564,3.2973313092380345,0.8468639192378618,-72.23098754882812,0.4109687805175781,1.0529098510742188,0.6377348251347724,0.426618671368598,-0.05120289638418945,-0.013150600119180962,2.2758098161839264,1.3166026387725336,1.536982773844878,0.8517868120729145,10378,10365,0,Box 1,ARG_mid_3aer-ARG_mid
2017-07-15 11:04:00,-55.209197998046875,-0.4810187567090769,-54.728179241332185,-33.54784936140453,-20.771765003254032,-0.771773564973022,0.36320868829939745,-61.826263427734375,0.3316950798034668,1.0717506408691406,0.6129904160244435,0.3795442364646884,0.01410194118773383,-0.006636593676865693,2.052972137218795,1.2494211211053599,1.4786601668207802,0.8427778680784742,10223,10238,1,Box 2,ARG_mid_3aer-ARG_mid
2017-07-15 11:04:00,-61.8702392578125,0.4848100655310026,-62.355049323337255,-35.504150546613296,-26.385772454364847,-0.5971510928010857,0.13202477044197697,-69.02392578125,0.34125614166259766,0.6299400329589844,0.56938693709485,0.42315374200962425,0.009576627703469613,-0.002117306807943857,2.098777745053415,1.3171601919548297,1.5434309369820873,0.8526137071484283,10369,10356,2,Box 3,ARG_mid_3aer-ARG_mid
2017-07-15 11:04:00,-62.36810302734375,0.005250219914464402,-62.37335324725198,-43.01863331487138,-24.45703727415473,7.279476890786066,-2.1771595490119315,-68.83697509765625,0.3173246383666992,0.4090156555175781,0.6896956965636072,0.39210714192654456,-0.1167081215263472,0.03490528303619546,2.320107237721825,1.2702806338894983,1.5019374571617365,0.8578550485237687,10404,10404,3,Box 4,ARG_mid_3aer-ARG_mid
2017-07-15 11:06:00,-65.465087890625,0.13240032214899974,-65.59748821276746,-41.464141644228704,-27.998785772290272,3.258707669399224,0.6067315343522949,-73.97909545898438,0.41059112548828125,1.1447677612304688,0.6320995326793382,0.4268271016944331,-0.04967732390651157,-0.0092493104672597,2.2944311851602484,1.3236508691770352,1.5495282398528107,0.8507750386134079,10387,10383,0,Box 1,ARG_mid_3aer-ARG_mid
2017-07-15 11:06:00,-56.584869384765625,-0.19255676143354689,-56.392312623326404,-34.48836981286584,-21.519906984062676,-0.7265217657904234,0.3424859393925369,-63.38604736328125,0.3377866744995117,1.031768798828125,0.6115792775379085,0.38161064838403297,0.012883347605253224,-0.006073273527194721,2.089634071575295,1.2585139588634784,1.4943424137159775,0.8401337477407512,10241,10247,1,Box 2,ARG_mid_3aer-ARG_mid
2017-07-15 11:06:00,-61.862274169921875,0.28277329638323995,-62.1450474662989,-35.10334124675681,-26.480141273896752,-0.6442660302612929,0.08270108461596035,-69.11007690429688,0.3375587463378906,0.5817718505859375,0.5648614439596858,0.4261021972548475,0.010367133931479845,-0.001330775146013187,2.082914243656657,1.318847529285678,1.5418880274957996,0.8548531135207167,10371,10361,2,Box 3,ARG_mid_3aer-ARG_mid
2017-07-15 11:06:00,-63.876678466796875,-0.0005782453972806704,-63.876100221393216,-44.04748293545334,-25.375196037472552,7.677533652271842,-2.1309549007391695,-70.53958129882812,0.3237133026123047,0.3947029113769531,0.6895768962536174,0.39725650046766564,-0.12019415126567953,0.03336075454439649,2.3449837138072707,1.2782518503705218,1.5098062744281404,0.8583494857789195,10404,10404,3,Box 4,ARG_mid_3aer-ARG_mid
2017-07-15 11:08:00,-67.4306640625,-0.040366223814027866,-67.39029783867925,-42.33036365975044,-28.71022462074613,3.083514805152899,0.5667756366644227,-76.31671142578125,0.41671276092529297,1.2377281188964844,0.6281373583046336,0.4260290507911607,-0.045756064360099755,-0.008410344735694533,2.3182732763599168,1.3299489433123426,1.5623622194525615,0.8480539262711527,10382,10383,0,Box 1,ARG_mid_3aer-ARG_mid
2017-07-15 11:08:00,-58.277191162109375,-0.6658557836095138,-57.611335378494076,-35.059785555048265,-22.113100496272487,-0.668370810116229,0.22992148294290635,-65.28561401367188,0.3578009605407715,1.092681884765625,0.6085570717066879,0.38383245850828096,0.011601376807622608,-0.0039909070225915035,2.1223332751621995,1.267841107968252,1.5101152664096933,0.8381858372735672,10247,10268,1,Box 2,ARG_mid_3aer-ARG_mid
2017-07-15 11:08:00,-61.930633544921875,-0.11419080921606994,-61.81644273569961,-35.32824865832798,-26.487015794881017,-0.057164945652010676,0.05598666316139235,-69.33502197265625,0.32963132858276367,0.5228347778320312,0.571502452986114,0.428478486025604,0.0009247530773717161,-0.0009056920890897446,2.084537852260542,1.317004517018269,1.534846629420761,0.8577362446636361,10364,10373,2,Box 3,ARG_mid_3aer-ARG_mid
2017-07-15 11:08:00,-65.5054931640625,-0.00144096957462714,-65.50405219448137,-45.16534304056533,-26.106945788622475,7.915104134006684,-2.1468674993002494,-72.3931884765625,0.32907629013061523,0.4028587341308594,0.6895045654041301,0.39855466820756397,-0.1208338090368327,0.03277457542513866,2.3717628499540315,1.283516081672714,1.518182709563472,0.8570774956804387,10404,10404,3,Box 4,ARG_mid_3aer-ARG_mid
2017-07-15 11:10:00,-68.9373779296875,0.5708744276094646,-69.5082523572901,-43.63847994148461,-29.69530625532521,3.2721535394570127,0.5533803000627031,-78.08282470703125,0.4299311637878418,1.2972068786621094,0.6278172513555904,0.4272198659618685,-0.0470757561654307,-0.007961361152028217,2.3542278918012025,1.3381923966742646,1.575539398566066,0.8462866392236302,10376,10358,0,Box 1,ARG_mid_3aer-ARG_mid
2017-07-15 11:10:00,-60.43182373046875,-0.8736777174392247,-59.55814601302358,-35.87054973911272,-23.171948731591527,-0.6319255433640404,0.11627800104470325,-67.7550048828125,0.3703465461730957,1.1210746765136719,0.602277809844331,0.38906430577144757,0.010610228586125854,-0.0019523442019044168,2.155950281339913,1.2816319646378536,1.5298675950520386,0.8370453282898916,10239,10266,1,Box 2,ARG_mid_3aer-ARG_mid
2017-07-15 11:10:00,-62.45697021484375,-0.39977305160923254,-62.057197163228366,-35.587847189756154,-26.799004040439872,0.2268719748518847,0.10278209211577714,-69.98544311523438,0.34127283096313477,0.4778594970703125,0.573468490627281,0.4318436098548045,-0.0036558527491202322,-0.0016562477329652922,2.0851248043452824,1.318740349454045,1.532844722582419,0.8597138050796156,10379,10390,2,Box 3,ARG_mid_3aer-ARG_mid
2017-07-15 11:10:00,-66.77130126953125,-0.0009650236760456242,-66.77033624584858,-45.7753827937953,-26.652560723970854,7.8960503219496,-2.2384430500320294,-73.77420043945312,0.33043718338012695,0.3985176086425781,0.6855646589115592,0.39916768766651173,-0.1182568602451891,0.033524513667118214,2.375219705237849,1.2864002782732262,1.5229079228383273,0.8566955764430927,10404,10404,3,Box 4,ARG_mid_3aer-ARG_mid
2017-07-15 11:12:00,-70.42007446289062,0.05803310036517512,-70.47810756324891,-43.946958632091,-30.193918239989284,3.130873163248558,0.5318961455828111,-79.84136962890625,0.4610161781311035,1.4436759948730469,0.6235547484394617,0.42841556454807567,-0.044423343240861425,-0.007546969746675923,2.3692578991880695,1.3448981197603398,1.5858288693934834,0.8451265360346202,10367,10365,0,Box 1,ARG_mid_3aer-ARG_mid
2017-07-15 11:12:00,-61.61077880859375,-0.7871210864478155,-60.823657722139906,-36.330729489618655,-23.923109627814622,-0.5957322015195538,0.02591359681292562,-69.09140014648438,0.35755205154418945,1.0733413696289062,0.5973124742939327,0.39331915448265736,0.00979441592021695,-0.0004260446968070621,2.193932940878992,1.2952231982687292,1.550320410886037,0.8352991153146299,10237,10261,1,Box 2,ARG_mid_3aer-ARG_mid
2017-07-15 11:12:00,-62.73675537109375,-0.02619574171788399,-62.710559629369726,-35.660228940334896,-27.202854466354022,-0.0034536750452691337,0.15597745236446459,-70.34237670898438,0.3520817756652832,0.4454536437988281,0.5686479143399936,0.43378427217246357,5.507326143604764e-05,-0.0024872597738932385,2.074424736451946,1.3209009408005261,1.5337724124607515,0.8602947881578514,10386,10385,2,Box 3,ARG_mid_3aer-ARG_mid
2017-07-15 11:12:00,-67.78836059570312,-0.0016738428529841887,-67.78668675284348,-46.44919746853132,-27.046658323343834,7.936344205616357,-2.2271751665846855,-74.86083984375,0.33655500411987305,0.42302703857421875,0.6852259594555695,0.3989966115611823,-0.11707821381730901,0.03285564280055717,2.3696553177739985,1.2855433583998512,1.5214876448410222,0.8566567581210288,10404,10404,3,Box 4,ARG_mid_3aer-ARG_mid
2017-07-15 11:14:00,-72.27178955078125,-0.5677084883345909,-71.70408106243963,-44.659435212612664,-30.444662866350022,3.130155861633764,0.26986115488929047,-82.04620361328125,0.5057744979858398,1.7327003479003906,0.622829754609412,0.4245875885340324,-0.04365380345517624,-0.003763539688268182,2.398564936660545,1.3474350755948554,1.5971543546867515,0.8421620254359174,10354,10374,0,Box 1,ARG_mid_3aer-ARG_mid
2017-07-15 11:14:00,-63.492279052734375,-1.331000903528077,-62.16127814920012,-36.72459436072661,-24.606776784780006,-0.8605096797416428,0.030602676048140126,-71.28195190429688,0.3498501777648926,1.0550651550292969,0.5907953545063838,0.3958537777443793,0.013843178669464275,-0.0004923109202273363,2.2162139140175783,1.3055274934557901,1.5667437319454374,0.833090259365041,10206,10247,1,Box 2,ARG_mid_3aer-ARG_mid
2017-07-15 11:14:00,-62.87725830078125,0.29161956565209957,-63.1688778664272,-36.09629849415392,-27.50969450343757,0.3182733283421899,0.11884180282209923,-70.49102783203125,0.36121034622192383,0.39931488037109375,0.5714253555442413,0.43549443068480304,-0.00503845151429142,-0.0018813347147529575,2.0777011833767127,1.3213508200681403,1.531996748041305,0.8618104644079785,10388,10378,2,Box 3,ARG_mid_3aer-ARG_mid
2017-07-15 11:14:00,-68.8837890625,-0.0007295967890246135,-68.88305946570428,-47.33438233242979,-27.404543054970926,8.15439014873836,-2.2985242270419204,-76.0682373046875,0.3306422233581543,0.44658660888671875,0.6871701503908488,0.3978415486701079,-0.11838019698875736,0.033368497927800625,2.38052926577891,1.285401409695234,1.5230608407837531,0.8558911188290114,10404,10404,3,Box 4,ARG_mid_3aer-ARG_mid
2017-07-15 11:16:00,-74.03720092773438,-0.9851667264586789,-73.05203420126855,-45.45390229570699,-30.943143512575126,3.1747490682756516,0.1702625387379075,-84.17330932617188,0.5466728210449219,1.9856300354003906,0.6222126843240962,0.4235767538973993,-0.04345873599534237,-0.0023307022261530794,2.4187487635133533,1.3507232979953976,1.6050856063725243,0.8405997094141753,10326,10361,0,Box 1,ARG_mid_3aer-ARG_mid
2017-07-15 11:16:00,-64.8931884765625,-0.9189424214436065,-63.97424605511252,-37.31179801311922,-25.583592641944996,-1.1997555621105964,0.12090016206229087,-72.9425048828125,0.3344101905822754,0.9560012817382812,0.5832315394694274,0.399904558779876,0.018753727258888384,-0.0018898255081918093,2.241155707645375,1.3187246842694957,1.586005488268577,0.8307510689643174,10196,10223,1,Box 2,ARG_mid_3aer-ARG_mid
2017-07-15 11:16:00,-62.61859130859375,0.4709199442195889,-63.08951125280725,-36.36276805995075,-27.3950448307363,0.6074394082030788,0.06086222967672376,-70.1231689453125,0.36511802673339844,0.3151283264160156,0.5763678833117089,0.4342250286416242,-0.00962821546943035,-0.0009646964839027123,2.0757586187264834,1.316672062565047,1.525577450421763,0.862713117576293,10399,10387,2,Box 3,ARG_mid_3aer-ARG_mid
2017-07-15 11:16:00,-70.07998657226562,-0.0005096515805957395,-70.0794769206782,-48.4266965911508,-27.743214261335016,8.421150726612925,-2.3307167948053142,-77.43392944335938,0.3290591239929199,0.45917510986328125,0.6910253717499086,0.395882153811409,-0.12016571893287226,0.03325819337155461,2.3970100178402673,1.2845609117184777,1.524555456827419,0.8544811541966415,10404,10404,3,Box 4,ARG_mid_3aer-ARG_mid
2017-07-15 11:18:00,-75.74114990234375,-1.4149136727130716,-74.32623622962349,-46.15459617055645,-31.509303842176276,3.313978751385707,0.023685031723534707,-86.22940063476562,0.584068775177002,2.2681198120117188,0.6209731383137232,0.42393245562484055,-0.04458693079987934,-0.0003186631386844635,2.450433864755093,1.3578951657701812,1.6178657120212137,0.8391839884663804,10316,10367,0,Box 1,ARG_mid_3aer-ARG_mid
2017-07-15 11:18:00,-66.01150512695312,-1.7792110209390608,-64.23229410600774,-37.359559793906286,-25.81030166337711,-1.2823510883232614,0.21991843959891433,-74.25601196289062,0.32924747467041016,0.9283409118652344,0.581632032825245,0.40182749227016995,0.01996427351959271,-0.003423798615007665,2.2605081386862103,1.325420750832766,1.595862651504692,0.8292075332964134,10190,10244,1,Box 2,ARG_mid_3aer-ARG_mid
2017-07-15 11:18:00,-62.517974853515625,0.2632756517519871,-62.78125050526157,-36.511913708702394,-27.223040178362766,0.9581749503263715,-0.0044715685227824375,-70.00836181640625,0.3584303855895996,0.27446746826171875,0.5815735337358787,0.4336173612228584,-0.015262119543892626,7.12245851555264e-05,2.069485728913684,1.311452201172994,1.5171865317534332,0.8644231358451088,10402,10394,2,Box 3,ARG_mid_3aer-ARG_mid
2017-07-15 11:18:00,-71.1173095703125,-0.0003284301836653712,-71.11698114012201,-49.4183917373947,-28.135630579872615,8.728095667970342,-2.2910544908250325,-78.58401489257812,0.33224058151245117,0.44867706298828125,0.6948887726269692,0.3956246472897506,-0.1227287144089166,0.03221529449219675,2.4165075036750916,1.285527148978039,1.5269074064517931,0.8534736779218646,10404,10404,3,Box 4,ARG_mid_3aer-ARG_mid
2017-07-15 11:20:00,-77.3123779296875,-1.655429028013551,-75.65694890166667,-46.74040711560691,-32.219407744804656,3.452353007094385,-0.1494870483494885,-88.12527465820312,0.6035690307617188,2.4991455078125,0.6177939739065693,0.4258618436580237,-0.045631671078640766,0.0019758535140477415,2.4763566002383506,1.3668880896469089,1.631111153735107,0.8388208911652606,10306,10366,0,Box 1,ARG_mid_3aer-ARG_mid
2017-07-15 11:20:00,-68.203857421875,-2.2642969489274787,-65.9395604729411,-38.20221958679665,-26.673520414990676,-1.3172715823035552,0.2534511111497863,-76.78451538085938,0.3312363624572754,0.8362693786621094,0.5793520507688746,0.4045146831989637,0.01997695424196996,-0.003843688209808318,2.2877405020450357,1.3349725553383218,1.6098544863640432,0.8277341854401592,10217,10287,1,Box 2,ARG_mid_3aer-ARG_mid
2017-07-15 11:20:00,-62.282257080078125,-0.11867918179467624,-62.16357789827752,-36.85654832534071,-26.85092371958587,1.7457899874065725,-0.20189584075750705,-69.76202392578125,0.3523426055908203,0.28618621826171875,0.5928961873084523,0.4319398050659803,-0.028083808017989684,0.003247815643557115,2.0692264078342077,1.3032779436733366,1.505050404055398,0.867086957699065,10396,10398,2,Box 3,ARG_mid_3aer-ARG_mid
2017-07-15 11:20:00,-72.19281005859375,-0.0024786293747960015,-72.19033142921201,-50.11356660011796,-28.861228097168514,8.9033404103272,-2.1188771422527317,-79.75131225585938,0.3432297706604004,0.4332427978515625,0.6941866813460753,0.3997935391870184,-0.12333147990957194,0.029351259376478256,2.43186745857796,1.291619436540399,1.5322158108951482,0.853599212699795,10404,10404,3,Box 4,ARG_mid_3aer-ARG_mid
2017-07-15 11:22:00,-77.40228271484375,-1.6451110370470559,-75.75717167778943,-46.84711240758383,-32.25865153051892,3.8741502176452633,-0.5255579573319469,-88.3936767578125,0.6061878204345703,2.5656585693359375,0.6183851821558766,0.4258164714453898,-0.051139055641132004,0.006937402039865627,2.500204604053029,1.370950691336038,1.638792951591733,0.8394329015087939,10279,10341,0,Box 1,ARG_mid_3aer-ARG_mid
2017-07-15 11:22:00,-71.51589965820312,-1.8006146486487087,-69.71528500954769,-39.94360325529983,-28.561639848775613,-1.4907432157782297,0.2807013103059817,-80.69073486328125,0.34839582443237305,0.9699516296386719,0.5729533093041138,0.40968978101235654,0.02138330519016122,-0.004026395506631565,2.3136101994980383,1.3497169341243453,1.6290600784013827,0.8268985933463732,10241,10297,1,Box 2,ARG_mid_3aer-ARG_mid
2017-07-15 11:22:00,-62.7308349609375,0.2323023348058125,-62.96313729573728,-37.817001981930616,-27.12059682137965,2.3336331618554063,-0.3591716542824235,-70.31973266601562,0.3250899314880371,0.3270759582519531,0.6006213096451103,0.43073769805965123,-0.03706348288990672,0.005704475185145198,2.071577265719522,1.2984290984767772,1.4981009446540097,0.8687174224716586,10401,10394,2,Box 3,ARG_mid_3aer-ARG_mid
2017-07-15 11:22:00,-73.19979858398438,0.0063677251052978185,-73.20616630908268,-50.4266902880152,-29.711004385734746,8.911540085250786,-1.9800117205835173,-80.863525390625,0.3708314895629883,0.4155731201171875,0.6888311850003102,0.4058538492548886,-0.12173209627759368,0.02704706202239493,2.425500978542046,1.298257907120524,1.5353586837932993,0.8554360650190774,10404,10404,3,Box 4,ARG_mid_3aer-ARG_mid
2017-07-15 11:24:00,-76.76736450195312,-1.5350028303439969,-75.23236167160192,-46.381466436965866,-32.33114984831392,4.1140743770932735,-0.6338197634154076,-87.8172607421875,0.6086635589599609,2.6255722045898438,0.616509510088576,0.4297505638523377,-0.05468490268924018,0.008424828748326486,2.51514533661542,1.3791463231020198,1.6465532513836503,0.8411223613803497,10257,10317,0,Box 1,ARG_mid_3aer-ARG_mid
2017-07-15 11:24:00,-74.98785400390625,-1.8579806538234216,-73.12987335007583,-41.6313769275776,-30.25555030173211,-1.5283376509304436,0.2853915301643303,-84.80523681640625,0.36758995056152344,1.15606689453125,0.5692800359202924,0.41372354300270014,0.02089895115248219,-0.0039025300754747493,2.346623848952102,1.3633572260382345,1.647811725846408,0.8257633183589299,10270,10327,1,Box 2,ARG_mid_3aer-ARG_mid
2017-07-15 11:24:00,-62.80950927734375,-0.0030921857336822342,-62.80641709160406,-38.391514908945254,-26.77868248185055,2.853121763013714,-0.4893414638219747,-70.41461181640625,0.30162954330444336,0.31819915771484375,0.6112673941095967,0.42636857381616683,-0.045427233316818486,0.007791265391054916,2.07258409615682,1.2893953301693468,1.4879860420618405,0.8692245805803845,10402,10402,2,Box 3,ARG_mid_3aer-ARG_mid
2017-07-15 11:24:00,-74.22122192382812,-0.000626022833671609,-74.22059590098738,-50.48171243368541,-30.46784456893553,8.739322678958747,-2.0103615773251824,-82.03610229492188,0.40042829513549805,0.43662261962890625,0.6801577354758727,0.41050390661886627,-0.11774794547078657,0.027086303376047643,2.398741575832968,1.3021710337973318,1.5354059036467986,0.8580032295567328,10404,10404,3,Box 4,ARG_mid_3aer-ARG_mid
2017-07-15 11:26:00,-76.52616882324219,-1.6824060650039938,-74.84376275823101,-46.522706379244234,-32.23810639699826,4.570838391991692,-0.6537883739802058,-87.64785766601562,0.6139707565307617,2.856586456298828,0.6215976410689995,0.4307387176822941,-0.061071734284083815,0.008735375532790204,2.5600445517379318,1.3849956999773605,1.6554794118830896,0.8403051445809804,10210,10276,0,Box 1,ARG_mid_3aer-ARG_mid
2017-07-15 11:26:00,-77.96469116210938,-1.2700352386053066,-76.69465592349674,-42.97641776428906,-32.109539892123934,-1.9411479102259277,0.33244964314218306,-88.37103271484375,0.38523006439208984,1.2652931213378906,0.5603573970937197,0.41866723965947955,0.02531008043327336,-0.004334717186472589,2.3611284233710905,1.3784369189031946,1.6670681448813833,0.825033225114159,10283,10322,1,Box 2,ARG_mid_3aer-ARG_mid
2017-07-15 11:26:00,-62.4132080078125,-0.0766829290021976,-62.33652507880439,-38.75779695561287,-26.21256214905917,3.167412571056058,-0.5335785451884125,-69.855712890625,0.2846870422363281,0.3304252624511719,0.6217510024278087,0.42050085589342456,-0.050811503641755594,0.008559645320522356,2.072656926695061,1.2794887139856017,1.478076037181111,0.868544805938837,10402,10404,2,Box 3,ARG_mid_3aer-ARG_mid
2017-07-15 11:26:00,-74.71295166015625,0.0005453915680634052,-74.71349705171725,-50.46542334205957,-30.87594748641235,8.692337104597945,-2.0644633278432716,-82.62258911132812,0.41800594329833984,0.4798126220703125,0.6754525665841478,0.4132579614770245,-0.11634226006823162,0.027631732007059373,2.383865030740455,1.3044124998220699,1.5352782579426882,0.8597506726478564,10404,10404,3,Box 4,ARG_mid_3aer-ARG_mid
2017-07-15 11:28:00,-76.31925964355469,-1.1770763633929069,-75.14218328015457,-47.315886768967154,-32.13753933600503,5.361518861816043,-1.050276036998425,-87.4344482421875,0.6002326011657715,2.8594207763671875,0.6296847483464527,0.42768972011614037,-0.07135165133313404,0.01397718287054095,2.62907639577064,1.388570012013501,1.6681277298679478,0.8383871622929177,10191,10238,0,Box 1,ARG_mid_3aer-ARG_mid
2017-07-15 11:28:00,-80.33953857421875,-1.0453650034677737,-79.29417357074345,-43.86095211884469,-33.523349475716756,-2.221995386958809,0.31212341077680655,-91.22430419921875,0.3904900550842285,1.3170623779296875,0.553142181117677,0.42277191332107666,0.028022177253369362,-0.003936271692123017,2.381324496871827,1.3931665566530007,1.686854366299973,0.8241981053585545,10310,10342,1,Box 2,ARG_mid_3aer-ARG_mid
2017-07-15 11:28:00,-62.069671630859375,-0.0008804710979083894,-62.06879115975558,-39.446333024037656,-25.694087766697354,3.6369089817697615,-0.5652793507903247,-69.33514404296875,0.2657766342163086,0.3289794921875,0.6355260395278012,0.4139614657640859,-0.058594809304549106,0.009107304012662049,2.0751358812091003,1.2684022984100614,1.466529734945934,0.867921823846713,10404,10404,2,Box 3,ARG_mid_3aer-ARG_mid
2017-07-15 11:28:00,-74.327392578125,0.00012645983464651183,-74.32751903795265,-49.39162430557017,-30.91910763119458,7.892816488474724,-1.9096035896626313,-82.32809448242188,0.4175090789794922,0.4758415222167969,0.6645132912394146,0.4159846585947105,-0.10618969381238923,0.02569174397826411,2.347270915575819,1.3061290913917782,1.5342001449603289,0.8607553216094476,10404,10404,3,Box 4,ARG_mid_3aer-ARG_mid
2017-07-15 11:30:00,-76.64237976074219,-0.8239530763263408,-75.81842668440862,-47.49408958188397,-32.44301406288285,5.012629171752839,-0.8939522113946414,-87.83963012695312,0.585646390914917,2.9033737182617188,0.6264188226903777,0.42790407928043256,-0.0661136004921036,0.011790698521293302,2.655747190574306,1.3959828770081952,1.6815915301791289,0.8352586512390904,10172,10205,0,Box 1,ARG_mid_3aer-ARG_mid
2017-07-15 11:30:00,-82.11431884765625,-0.4560437657884863,-81.65827508186001,-44.61022412584644,-34.975774646283455,-2.34487823932811,0.27260192959799767,-93.38446044921875,0.4068183898925781,1.3524894714355469,0.5463037773100891,0.42831880310013004,0.028715745427850863,-0.0033383258380699603,2.3956463203363385,1.4084436564669978,1.7041545822288484,0.8250070105675331,10332,10346,1,Box 2,ARG_mid_3aer-ARG_mid
2017-07-15 11:30:00,-61.73870849609375,-0.0,-61.73870849608795,-40.27631430787901,-25.19311382539371,4.349148092970131,-0.618428455785362,-68.87844848632812,0.2468700408935547,0.2693443298339844,0.6523672958016461,0.4080602662264965,-0.07044442941733568,0.010016867389193093,2.073889059598817,1.2562491174390527,1.4516589742264288,0.8686254359411301,10404,10404,2,Box 3,ARG_mid_3aer-ARG_mid
2017-07-15 11:30:00,-73.66152954101562,-6.351958808443832e-05,-73.6614660214206,-48.99661485733327,-30.879533795588213,7.802612479150076,-1.5879298476491865,-81.69357299804688,0.4164261817932129,0.45951080322265625,0.6651593771305768,0.4192087866756346,-0.10592529446645949,0.02155713066024806,2.329448802387557,1.3053545017517607,1.5277162330368599,0.8622897234269646,10404,10404,3,Box 4,ARG_mid_3aer-ARG_mid
2017-07-15 11:32:00,-77.01329040527344,-0.3808874199700487,-76.63240298529614,-47.65798754064749,-33.00105785141339,4.561770942928523,-0.535128536163779,-88.32615661621094,0.5846848487854004,2.9703712463378906,0.6219038642151399,0.43064104172415785,-0.05952796421904992,0.006983058279752194,2.6762552418518712,1.406118735529932,1.6949225182718257,0.8326688384455719,10208,10224,0,Box 1,ARG_mid_3aer-ARG_mid
2017-07-15 11:32:00,-83.7457275390625,-0.5836963552821633,-83.16203118377251,-44.997374705418395,-36.01370484624707,-2.392983025954858,0.2420313938478116,-95.36770629882812,0.41089296340942383,1.3251304626464844,0.5410807560241359,0.4330546564773476,0.028774946834413097,-0.002910359335896541,2.413325617343135,1.4227007650475612,1.7207228134185786,0.8254991776167016,10347,10365,1,Box 2,ARG_mid_3aer-ARG_mid
2017-07-15 11:32:00,-61.255462646484375,-0.00029852084218549277,-61.255164125636426,-41.245499383882404,-24.63397109686659,5.42507381193989,-0.8007674568273229,-68.29580688476562,0.21916961669921875,0.22653579711914062,0.6733391375670218,0.4021533767559822,-0.08856516653539412,0.013072652212390151,2.0783344998532445,1.2441654796570025,1.4364268646092837,0.8702634442564219,10404,10404,2,Box 3,ARG_mid_3aer-ARG_mid
2017-07-15 11:32:00,-73.71044921875,-6.380136667272291e-05,-73.71038541737644,-49.68448860987391,-30.915343985567237,8.2542722593071,-1.3648250812423965,-81.91351318359375,0.41704654693603516,0.4691581726074219,0.6740500450315284,0.41941639309729173,-0.11198248676313721,0.01851604863431705,2.329088315472772,1.3008812893848662,1.5190845474596872,0.8630141200581108,10404,10404,3,Box 4,ARG_mid_3aer-ARG_mid
2017-07-15 11:34:00,-77.30511474609375,-0.3800767789248243,-76.92503796716166,-47.87869586484961,-33.11579832462521,4.65108105162535,-0.5816248293121887,-88.68861389160156,0.5859935283660889,2.960887908935547,0.6224071788601317,0.43049440337958533,-0.060462512265653204,0.007560930025936122,2.705715235327955,1.4108998990634039,1.7041619822132277,0.8312578649466732,10225,10241,0,Box 1,ARG_mid_3aer-ARG_mid
2017-07-15 11:34:00,-85.30886840820312,-0.1633103188891592,-85.14555808930608,-45.30890519486521,-37.29583936196338,-2.8041541589093986,0.2633406264319106,-97.27877807617188,0.4125533103942871,1.2538871765136719,0.5321346904243948,0.4380244865251236,0.03293365175865338,-0.0030928287081717423,2.4100165519037717,1.4362469121976753,1.735003409825298,0.8263968639091172,10361,10366,1,Box 2,ARG_mid_3aer-ARG_mid
2017-07-15 11:34:00,-61.320159912109375,-0.03469503328353254,-61.285464878820115,-42.45490946875148,-24.244935524867685,6.445598012463081,-1.0312178976640276,-68.32528686523438,0.20850419998168945,0.2462005615234375,0.6927402696984949,0.39560661851561785,-0.1051733559532913,0.016826467739178563,2.083841022409482,1.2332405288501782,1.4237427406371583,0.871360716285962,10403,10404,2,Box 3,ARG_mid_3aer-ARG_mid
2017-07-15 11:34:00,-74.07693481445312,6.421521168106476e-05,-74.07699902965787,-49.299290316562036,-31.138071398289508,7.51000734449345,-1.149644659299775,-82.43902587890625,0.40882349014282227,0.4699897766113281,0.6655141401830318,0.4203473656623549,-0.10138109592542623,0.015519590080039516,2.28844614373028,1.2988089848010116,1.513845908642308,0.8634921754839597,10404,10404,3,Box 4,ARG_mid_3aer-ARG_mid
2017-07-15 11:36:00,-76.98435974121094,-0.7849620528780349,-76.19939768832579,-47.486354111779235,-32.61947951682019,4.325679505953786,-0.41924356568015014,-88.27520751953125,0.5819742679595947,3.0019760131835938,0.6231854260319755,0.42808054271297336,-0.056767896298168585,0.005501927553219765,2.7146740544102212,1.4091764541028933,1.7060417002025332,0.8284229578795226,10259,10291,0,Box 1,ARG_mid_3aer-ARG_mid
2017-07-15 11:36:00,-86.21987915039062,0.09788992973938859,-86.31776908012202,-45.73681732548289,-38.16086831669178,-2.6964676988816776,0.27638426093433016,-98.35256958007812,0.41220855712890625,1.1462287902832031,0.5298656095134825,0.4420974814730214,0.031238848357848056,-0.0032019393443519645,2.4313432566491886,1.4486614955925075,1.7487678610569701,0.8269086599364568,10368,10365,1,Box 2,ARG_mid_3aer-ARG_mid
2017-07-15 11:36:00,-61.54632568359375,-0.035030309313284505,-61.511295374274795,-43.42980969712324,-23.88008192303734,6.985416194928394,-1.1868199490426046,-68.51922607421875,0.2092442512512207,0.23064422607421875,0.7060460917440933,0.388222712230906,-0.11356314563731053,0.019294341662311268,2.0852795997632074,1.2239029525411402,1.414755919820307,0.8709089694573108,10403,10404,2,Box 3,ARG_mid_3aer-ARG_mid
2017-07-15 11:36:00,-73.47845458984375,-0.00019307033069289938,-73.47826151950629,-48.31506985475274,-31.088610623594345,6.927680709466268,-1.0022617506254716,-81.951416015625,0.3879709243774414,0.4803962707519531,0.6575423649881337,0.42309943077982654,-0.0942820443244588,0.013640248556498591,2.251522416670621,1.298378893865214,1.5089806938521722,0.8652767882438459,10404,10404,3,Box 4,ARG_mid_3aer-ARG_mid
2017-07-15 11:38:00,-76.60621643066406,-0.9755211642628036,-75.63069526639426,-47.45061882812251,-32.11851085206552,4.417380029851869,-0.47894561605810015,-87.76629638671875,0.5735025405883789,3.006572723388672,0.6273989503995306,0.42467559948952444,-0.058407238149702535,0.006332688260647458,2.7427372350113957,1.407018116427824,1.7092463548084442,0.8259795715489943,10292,10332,0,Box 1,ARG_mid_3aer-ARG_mid
2017-07-15 11:38:00,-88.21923828125,0.4260314602909001,-88.6452697415327,-46.55996664301228,-39.53337819442519,-2.803879260794216,0.25195435669898325,-100.68280029296875,0.41997241973876953,1.0546455383300781,0.5252391557808942,0.445972789182035,0.03163033142061186,-0.002842276383541037,2.4481698789610484,1.4624458724835079,1.7651073003614495,0.8271938525867311,10384,10371,1,Box 2,ARG_mid_3aer-ARG_mid
2017-07-15 11:38:00,-61.3135986328125,-0.07005305736656231,-61.24354557544026,-43.532832241837994,-23.504384754418126,7.065693230097664,-1.2720218092818043,-68.18960571289062,0.1970968246459961,0.21808242797851562,0.7108150227555641,0.38378549990162225,-0.11537041436299748,0.020769891705811158,2.0784474595234763,1.218364784225547,1.4092960044501208,0.8707026714555075,10402,10404,2,Box 3,ARG_mid_3aer-ARG_mid
2017-07-15 11:38:00,-72.64617919921875,0.00023591398173350753,-72.64641511319381,-48.094295032972774,-31.00592688477471,7.366649347907129,-0.9128425433534555,-81.197021484375,0.36980199813842773,0.4761199951171875,0.6620325993792644,0.4268060142604822,-0.1014041688970998,0.0125655552573532,2.247044402750579,1.2981961491985239,1.5032680432687688,0.8680174425725083,10404,10404,3,Box 4,ARG_mid_3aer-ARG_mid
2017-07-15 11:40:00,-76.48898315429688,-0.8298935804267823,-75.6590895738631,-47.66112939334585,-32.317750842417894,5.088311091928395,-0.7685204300277483,-87.614501953125,0.5639047622680664,2.9189910888671875,0.6299458486982731,0.4271496131455203,-0.06725313667647123,0.010157674832677849,2.774482185603193,1.4133670886378342,1.7159631463083915,0.8281882669261097,10302,10341,0,Box 1,ARG_mid_3aer-ARG_mid
2017-07-15 11:40:00,-89.9990234375,0.39253643705522817,-90.39155987454691,-47.117552179447664,-40.54237915543542,-3.0054715721342777,0.2738430324704453,-102.82492065429688,0.43152713775634766,1.0435447692871094,0.5212605274744833,0.4485195211998065,0.033249471259324724,-0.003029519933614465,2.4550589051675744,1.4716845310434306,1.7759675939045232,0.8272257022123248,10392,10380,1,Box 2,ARG_mid_3aer-ARG_mid
2017-07-15 11:40:00,-60.59130859375,6.539277179481893e-05,-60.5913739865162,-43.42626754387519,-23.0723989717346,7.222188020327574,-1.314895491233986,-67.14077758789062,0.18570375442504883,0.1856689453125,0.7167070935466676,0.38078685881704966,-0.1191949867638713,0.02170103440015403,2.0797948588803923,1.2147369167614366,1.4057502465071146,0.8705301600930279,10404,10404,2,Box 3,ARG_mid_3aer-ARG_mid
2017-07-15 11:40:00,-72.18594360351562,6.410903202100632e-05,-72.18600771254106,-48.49446251429703,-30.994679259959874,8.21721801904209,-0.9140839573262429,-80.80911254882812,0.36100244522094727,0.5108642578125,0.6717986497800454,0.4293723983654396,-0.11383394482438584,0.01266289667890079,2.2602149638142426,1.2977031928358647,1.4987257466457886,0.8703187834740852,10404,10404,3,Box 4,ARG_mid_3aer-ARG_mid
2017-07-15 11:42:00,-75.68287658691406,-0.6466175166793121,-75.03625907022787,-47.421594183516156,-32.348852376744894,5.491289490708548,-0.757102000675366,-86.69148254394531,0.5503666400909424,2.8412742614746094,0.6319823878630914,0.43110960990831093,-0.07318181314941546,0.010089815378013178,2.783228600060425,1.417834376579444,1.715825991252123,0.8308412519746401,10315,10344,0,Box 1,ARG_mid_3aer-ARG_mid
2017-07-15 11:42:00,-91.6552734375,0.16376141540971031,-91.81903485290135,-47.61296008763069,-41.09581412093486,-3.4203236314342678,0.3100629870984623,-104.84268188476562,0.44908857345581055,1.1234397888183594,0.5185521734562883,0.4475740154181798,0.037250703374456025,-0.003376892248924186,2.442186454455077,1.4701115821715347,1.775293667531073,0.8264913955861317,10381,10376,1,Box 2,ARG_mid_3aer-ARG_mid
2017-07-15 11:42:00,-60.828826904296875,-2.1829283560444338e-05,-60.82880507500779,-43.37294673010251,-23.257289733001148,7.142759293899344,-1.3413279058034762,-67.10720825195312,0.1967778205871582,0.14638137817382812,0.7130330223751639,0.3823400723443879,-0.11742396197149742,0.022050867251945674,2.0792598561611433,1.2168413628408792,1.4080499683428658,0.870749139475678,10404,10404,2,Box 3,ARG_mid_3aer-ARG_mid
2017-07-15 11:42:00,-72.43002319335938,-0.0005521442121980189,-72.42947104914056,-49.55072647586049,-31.244369838930286,9.255551134193935,-0.8899258685437178,-81.14691162109375,0.3687586784362793,0.569854736328125,0.6841238208441736,0.4313764740561505,-0.12778708721915705,0.012286792318833006,2.2783124994394646,1.2964241292475343,1.4936331414655086,0.8722561964402173,10404,10404,3,Box 4,ARG_mid_3aer-ARG_mid
2017-07-15 11:44:00,-74.41902160644531,-1.0345573386618634,-73.38446426777674,-46.80235299573403,-32.133951218085045,6.617252315438062,-1.0654123693957165,-85.28218078613281,0.5305171012878418,2.706146240234375,0.637769226262309,0.4378849329856746,-0.0901723870503707,0.014518227802387068,2.779085786553625,1.4203290148452563,1.7061123076045641,0.8389762802664024,10310,10358,0,Box 1,ARG_mid_3aer-ARG_mid
2017-07-15 11:44:00,-93.21047973632812,-0.6237279173051831,-92.58675181901457,-48.13948105379241,-41.272121183757974,-3.636163868640469,0.4610142871762828,-106.75509643554688,0.4566640853881836,1.1738624572753906,0.5199391933296659,0.44576702792679573,0.0392730471390585,-0.004979268395520105,2.443241633216164,1.4665958299662485,1.773068475018464,0.8247958490191918,10379,10398,1,Box 2,ARG_mid_3aer-ARG_mid
2017-07-15 11:44:00,-62.14263916015625,-0.0005032671844271999,-62.14213589296617,-43.769968743464084,-23.93996359578502,7.003312494782146,-1.4355160484992049,-68.44949340820312,0.20804691314697266,0.14117813110351562,0.7043524995480303,0.38524526477524523,-0.11269829068708993,0.023100526363814447,2.08195701070238,1.2220641056917565,1.4148685300154684,0.8706819118470691,10404,10404,2,Box 3,ARG_mid_3aer-ARG_mid
2017-07-15 11:44:00,-73.547607421875,-0.0003379518737322105,-73.5472694699946,-50.75362360007675,-31.713780914877795,9.792429724171653,-0.8722946792117116,-82.41656494140625,0.3838510513305664,0.6139030456542969,0.6900816844163457,0.431202696489177,-0.13314470808690881,0.011860327181386188,2.2867234525549205,1.294877442447594,1.4911200891402063,0.8725171265402992,10404,10404,3,Box 4,ARG_mid_3aer-ARG_mid
2017-07-15 11:46:00,-73.50044250488281,-1.4261493880463874,-72.07429311682988,-46.108755398677914,-31.747922586232715,6.746445853428125,-0.9640609853473736,-84.27735900878906,0.5019063949584961,2.5477218627929688,0.6397392663142357,0.4404888513408027,-0.0936040516206295,0.0133759339655911,2.7813261254104304,1.4221439923847519,1.7040232188433058,0.8405513771186114,10285,10351,0,Box 1,ARG_mid_3aer-ARG_mid
2017-07-15 11:46:00,-94.34371948242188,-0.19783982335624167,-94.14587965905709,-48.97782464417693,-42.05072158470937,-3.7457632641072194,0.6284298339364307,-108.13375854492188,0.4757709503173828,1.214935302734375,0.5202333317352474,0.4466549331419835,0.039786799780003615,-0.006675064657234567,2.439710095646541,1.4664856568794549,1.7708524219982382,0.8249712552126509,10390,10396,1,Box 2,ARG_mid_3aer-ARG_mid
2017-07-15 11:46:00,-62.73345947265625,-0.00037323271601680144,-62.73308623993454,-43.54816821858235,-24.394083321326317,6.848434999834252,-1.6392696998601306,-69.14376831054688,0.2023763656616211,0.14437103271484375,0.6941818237990739,0.3888551446046594,-0.10916783168679313,0.026130863283059816,2.0880645013352424,1.2290071047134195,1.4240824679110713,0.8710262819869331,10404,10404,2,Box 3,ARG_mid_3aer-ARG_mid
2017-07-15 11:46:00,-74.34423828125,-0.00010520651396471494,-74.34413307472927,-51.056407044942546,-31.86349115733271,9.846731362917984,-1.2709662353719986,-83.40704345703125,0.3888101577758789,0.6182212829589844,0.6867577162224979,0.4285945620659017,-0.13244799496175766,0.017095716673358047,2.2739419763987665,1.2922012783568002,1.4899473130040126,0.8732120815421547,10404,10404,3,Box 4,ARG_mid_3aer-ARG_mid
2017-07-15 11:48:00,-72.61676025390625,-0.9425003232621727,-71.67425993063755,-46.192794001010796,-31.42825014836019,6.944867209842098,-0.9980829911086573,-83.33987426757812,0.48763036727905273,2.6066551208496094,0.6444823294403552,0.43848726416951833,-0.0968948576038729,0.013925263993999348,2.774294767392029,1.4149925414712172,1.6951314805410205,0.8408963726357865,10283,10326,0,Box 1,ARG_mid_3aer-ARG_mid
2017-07-15 11:48:00,-95.3681640625,-0.12004009693630495,-95.24812396555507,-49.585911219826684,-42.708027934806935,-3.6580046953809884,0.7038198844595408,-109.41336059570312,0.48738956451416016,1.2160415649414062,0.5205972480650498,0.4483870774216151,0.038405005191533705,-0.007389330678198615,2.4355655619236463,1.4671954691236093,1.768219158713437,0.8262714735183239,10388,10392,1,Box 2,ARG_mid_3aer-ARG_mid
2017-07-15 11:48:00,-63.173736572265625,0.0010366886045703567,-63.17477326086449,-43.53855706025838,-24.757239686468242,6.948381649770444,-1.8273581639083172,-69.6612548828125,0.19878005981445312,0.15399932861328125,0.689176309038368,0.3918848997564168,-0.10998664959316645,0.028925440798381608,2.0995795780638757,1.234771859151158,1.4315465723299177,0.8715413241259081,10404,10404,2,Box 3,ARG_mid_3aer-ARG_mid
2017-07-15 11:48:00,-74.1124267578125,0.001130464118773277,-74.11355722192461,-50.89533181042603,-31.66383827510915,10.004634938776576,-1.5590220751660042,-83.25982666015625,0.39533519744873047,0.6021156311035156,0.686720941730347,0.42723409133224294,-0.1349906186370037,0.021035585574413734,2.2459218571979447,1.2861976088963512,1.4810388174184221,0.8756473173441878,10404,10404,3,Box 4,ARG_mid_3aer-ARG_mid
2017-07-15 11:50:00,-71.81187438964844,-0.6465540658027767,-71.16532032383921,-45.968015250583484,-31.012303043913597,6.656762116926111,-0.8417641462682418,-82.41712951660156,0.4769401550292969,2.661834716796875,0.6459328088654012,0.4357783103173216,-0.0935394105813672,0.011828291398644414,2.765852706806942,1.4094182642858615,1.690463041408257,0.8389404458395626,10284,10314,0,Box 1,ARG_mid_3aer-ARG_mid
2017-07-15 11:50:00,-96.53103637695312,-0.3278637978554326,-96.203172579089,-50.05629108124055,-43.2378701239623,-3.499245694819688,0.5902343209335453,-110.76834106445312,0.4858384132385254,1.1437911987304688,0.5203185065449799,0.44944328720985044,0.03637349581109651,-0.006135289565926856,2.4215534127695233,1.4651676737124928,1.7622333643717318,0.8285414467905776,10377,10386,1,Box 2,ARG_mid_3aer-ARG_mid
2017-07-15 11:50:00,-64.03607177734375,-0.0005310181495515329,-64.03554075918842,-43.8696346724571,-25.246647842759266,7.162560808066019,-2.0818190520380724,-70.66854858398438,0.21430301666259766,0.17635345458984375,0.6850825986998833,0.3942599303986769,-0.11185289798678348,0.03251036888822327,2.113056333864516,1.2402006406731485,1.4390918599545643,0.8720531410147627,10404,10404,2,Box 3,ARG_mid_3aer-ARG_mid
2017-07-15 11:50:00,-72.74969482421875,-0.0001248850735912072,-72.74956993913862,-50.41478746960309,-31.046895310195016,10.311228146094464,-1.599115305434983,-81.77471923828125,0.39742088317871094,0.5914230346679688,0.6929908659498533,0.4267639703735494,-0.14173593266215467,0.021981096338752004,2.2178304114390532,1.2779573928195342,1.4668776392925256,0.8785773572245346,10404,10404,3,Box 4,ARG_mid_3aer-ARG_mid
2017-07-15 11:52:00,-70.267822265625,-1.5361697008689792,-68.7316525647498,-44.7001118656019,-29.598076553525157,6.62193114710248,-1.055395292725218,-80.69000244140625,0.46225929260253906,2.7085418701171875,0.6503570072535564,0.4306324007798561,-0.0963447101881361,0.015355302154723624,2.7195066404305983,1.3926703175459587,1.669910269808508,0.8405715837521314,10228,10301,0,Box 1,ARG_mid_3aer-ARG_mid
2017-07-15 11:52:00,-97.81204223632812,-0.12045291938893159,-97.69158931693043,-50.47381276999628,-44.14222372409404,-3.3662444745017486,0.29069165166163,-112.40060424804688,0.4883894920349121,1.11334228515625,0.516664874867062,0.45185285686046234,0.0344578739893462,-0.002975605716870569,2.3991889853643817,1.4662026729084752,1.7587484475368582,0.8322631199789138,10383,10388,1,Box 2,ARG_mid_3aer-ARG_mid
2017-07-15 11:52:00,-65.51812744140625,-0.0005099176426446451,-65.51761752375772,-45.1164096675849,-25.858566693661277,7.861133672999396,-2.403774835510946,-72.40237426757812,0.23924636840820312,0.17805099487304688,0.6886149309569288,0.3946811204525951,-0.1199850356302841,0.036688984220760154,2.1438350346166275,1.244261087166888,1.4464973455485337,0.871918253505755,10404,10404,2,Box 3,ARG_mid_3aer-ARG_mid
2017-07-15 11:52:00,-71.54251098632812,-4.132080396496654e-05,-71.54246966551776,-50.11388479410213,-30.371115531562687,10.485489002123174,-1.542958341976119,-80.37649536132812,0.39832115173339844,0.560943603515625,0.7004774231082515,0.42451869041642887,-0.14656314006415969,0.021567026539479367,2.195142942945887,1.269025617486053,1.4537526259295832,0.880003327154561,10404,10404,3,Box 4,ARG_mid_3aer-ARG_mid
2017-07-15 11:54:00,-69.50210571289062,-2.6217698030299768,-66.8803359098546,-43.70821663680774,-28.55733993624594,6.461989544067063,-1.076768880867979,-79.84959411621094,0.46096086502075195,2.7559814453125,0.6535286649235785,0.4269915745449794,-0.096620171776304,0.01609993230774609,2.7057611334950327,1.3842706434126282,1.6614601244707319,0.8400032359114259,10150,10276,0,Box 1,ARG_mid_3aer-ARG_mid
2017-07-15 11:54:00,-98.93753051757812,-0.34978603261094365,-98.58774448495838,-51.09384169712033,-44.65762699888488,-2.8399910656006915,0.0037152766475289437,-113.90664672851562,0.49308109283447266,1.0939598083496094,0.5182575376284805,0.45297341198122587,0.028806735364901175,-3.768497460752626e-05,2.3870375872813896,1.4626164260532517,1.7499750048061624,0.8357751270017684,10382,10394,1,Box 2,ARG_mid_3aer-ARG_mid
2017-07-15 11:54:00,-66.73519897460938,-0.0,-66.73519897460348,-46.568020059686724,-26.223439970851718,8.585147673878781,-2.5288866179438196,-73.80291748046875,0.24428939819335938,0.15460968017578125,0.6978029701748322,0.39294765541691457,-0.12864497005764403,0.03789434446589729,2.1743830468054277,1.24445885949768,1.4492455593989606,0.8708531662037563,10404,10404,2,Box 3,ARG_mid_3aer-ARG_mid
2017-07-15 11:54:00,-70.16000366210938,-0.03328245328789753,-70.12672120881523,-50.48800558701292,-29.75513335262578,11.505672794008246,-1.3892550631847738,-78.77536010742188,0.3962993621826172,0.5129737854003906,0.7199538880004897,0.42430521261680537,-0.1640697382635071,0.019810637646212076,2.2121535321631756,1.2635968408006133,1.4442651153167565,0.8813011103406357,10403,10404,3,Box 4,ARG_mid_3aer-ARG_mid
2017-07-15 11:56:00,-67.90809631347656,-3.3424697920961943,-64.56562652137453,-42.51611108028005,-27.361140358940094,6.416199424871537,-1.1045745070259207,-78.09844970703125,0.45314764976501465,2.749126434326172,0.6584945174535717,0.4237725525652904,-0.09937484959969291,0.01710777958083083,2.690188232797079,1.3749686558720797,1.650282185649983,0.8403428791461026,10096,10259,0,Box 1,ARG_mid_3aer-ARG_mid
2017-07-15 11:56:00,-99.37939453125,-0.6544787110741298,-98.7249158201671,-51.08424191589641,-44.84095214638287,-2.8425906961568517,0.04286893826903943,-114.61630249023438,0.5024704933166504,1.1423759460449219,0.5174402175125598,0.45420096612756955,0.02879304249126723,-0.0004342261313965319,2.364719242550479,1.4589786949458579,1.7409552721176396,0.8378316846364477,10363,10384,1,Box 2,ARG_mid_3aer-ARG_mid
2017-07-15 11:56:00,-67.0692138671875,-4.448027780478349e-05,-67.06916938690374,-46.68208368083242,-26.03933928605225,8.301468575246062,-2.649214995265128,-74.0814208984375,0.23812007904052734,0.1165008544921875,0.696028952014244,0.3882460379945725,-0.12377473362398682,0.03949974361517032,2.177300174913788,1.2423549084654808,1.4515484556100717,0.8685732428669922,10404,10404,2,Box 3,ARG_mid_3aer-ARG_mid
2017-07-15 11:56:00,-69.69366455078125,0.03306832194952811,-69.7267328727246,-51.287923046847126,-29.62093881629715,12.694756315879372,-1.5126273254596916,-78.05026245117188,0.38341331481933594,0.4900398254394531,0.735556090667052,0.42481466714302546,-0.18206440762184703,0.021693649811769605,2.22981120733661,1.2605780971190013,1.438219939102818,0.883422097667226,10403,10402,3,Box 4,ARG_mid_3aer-ARG_mid
2017-07-15 11:58:00,-67.74702453613281,-3.3678927519882706,-64.3791317841387,-41.801739586116724,-27.41530494044659,5.557886030652953,-0.7199732882283503,-77.99531555175781,0.44655299186706543,2.7050094604492188,0.6493057366209395,0.42584148280174516,-0.08633055272146847,0.01118333329878382,2.6909896591991243,1.3834931722343284,1.662277168725788,0.8370314581424131,10052,10218,0,Box 1,ARG_mid_3aer-ARG_mid
2017-07-15 11:58:00,-98.87835693359375,-0.6883420363171809,-98.19001489726787,-51.53400261331569,-44.627820409273056,-2.137902508373704,0.10971063369458377,-114.15402221679688,0.49554014205932617,1.1401214599609375,0.5248395436871415,0.45450467092774444,0.021773115225723335,-0.0011173298406092456,2.372059108966936,1.4535402644816848,1.7308034051708354,0.8392920790054814,10363,10384,1,Box 2,ARG_mid_3aer-ARG_mid
2017-07-15 11:58:00,-67.24981689453125,-4.4354829373459635e-05,-67.24977253969588,-47.39463621827833,-25.5874704241848,8.507438311128531,-2.7751042083612862,-74.18588256835938,0.2412252426147461,0.10304641723632812,0.7047553386192116,0.38048411850138447,-0.12650508678087796,0.04126562966028191,2.2026598210328605,1.2375861070387748,1.4528018249474886,0.8650925997281078,10404,10404,2,Box 3,ARG_mid_3aer-ARG_mid
2017-07-15 11:58:00,-69.55120849609375,0.1321005356881611,-69.68330903177572,-51.99814099263341,-29.41053422511486,13.699802312699045,-1.9744361267264958,-77.67144775390625,0.3882112503051758,0.4954681396484375,0.7462065409224777,0.4220599542955631,-0.1966009149544249,0.028334419736384064,2.2400103883886318,1.2561803861810208,1.43369918150408,0.8851708805385347,10402,10398,3,Box 4,ARG_mid_3aer-ARG_mid
2017-07-15 12:00:00,-67.26560974121094,-2.2568292231549023,-65.00878051805019,-41.76124144777055,-27.955807103845913,5.115202936950897,-0.40693490338462224,-77.51884460449219,0.4555530548095703,2.6653175354003906,0.6423938599521217,0.43003124933383063,-0.07868480067135888,0.006259691385406524,2.7050445877303364,1.395253390496193,1.675915255137411,0.8352274921158546,10122,10236,0,Box 1,ARG_mid_3aer-ARG_mid
2017-07-15 12:00:00,-99.62203979492188,-0.3158727529269729,-99.30616704198619,-51.71419460865789,-45.14323703701171,-2.6003572150667753,0.1516218187501894,-114.98837280273438,0.49503087997436523,1.0608940124511719,0.5207551167169041,0.4545864409198812,0.026185254073569836,-0.0015268117103551526,2.3570388405016818,1.4538726386630045,1.7312130115509778,0.8390965577707468,10386,10396,1,Box 2,ARG_mid_3aer-ARG_mid
2017-07-15 12:00:00,-68.48977661132812,-0.03558555958986665,-68.45419105173222,-48.115394964766885,-25.719068710725168,8.145367855798026,-2.765095232038197,-75.4954833984375,0.26233386993408203,0.14007949829101562,0.7028845747136958,0.37571211222536754,-0.11899005350369865,0.0403933665646353,2.2129418397314873,1.2365116593137115,1.457462111247161,0.8614085675145322,10403,10404,2,Box 3,ARG_mid_3aer-ARG_mid
2017-07-15 12:00:00,-70.23678588867188,-0.03380118786134677,-70.20298470080432,-53.46332438299174,-29.027656491870733,14.756489893200127,-2.468493719141975,-78.29226684570312,0.4076814651489258,0.6075859069824219,0.7615534383736708,0.41348180017676883,-0.21019747174696776,0.03516223319652809,2.251828963920915,1.246532785836484,1.4266104140460663,0.8847570619315815,10400,10401,3,Box 4,ARG_mid_3aer-ARG_mid
2017-07-15 12:02:00,-68.26921081542969,-1.383471851772444,-66.88573896365126,-42.24231835920767,-28.957561219143564,4.271016687373141,0.043123927326835544,-78.78094482421875,0.4701392650604248,2.7329025268554688,0.6315594178030097,0.4329407384566748,-0.06385541602065882,-0.0006447402390257068,2.725746008817791,1.4101488106819053,1.6976439729269814,0.8303671086090924,10198,10269,0,Box 1,ARG_mid_3aer-ARG_mid
2017-07-15 12:02:00,-98.88809204101562,-0.2120201865047534,-98.67607185450217,-51.5226563575447,-44.82855554819422,-2.5007688675016437,0.17590891873839248,-114.07891845703125,0.49060916900634766,1.0166091918945312,0.5221393128976074,0.4543001632076914,0.02534321462642966,-0.001782690731728459,2.3505563600748185,1.4503509006010766,1.725659345686461,0.8396448016580136,10390,10396,1,Box 2,ARG_mid_3aer-ARG_mid
2017-07-15 12:02:00,-69.90536499023438,-0.00028511522479441107,-69.90507987500341,-48.12167272703432,-26.111241020144575,7.1680271867571825,-2.8401933145816933,-77.15087890625,0.27420902252197266,0.17924118041992188,0.6883859200658982,0.3735242283798807,-0.10253943203518631,0.040629283589407456,2.2058847067564136,1.2394114976623285,1.4668010661431923,0.8582303073741082,10404,10404,2,Box 3,ARG_mid_3aer-ARG_mid
2017-07-15 12:02:00,-71.48587036132812,-0.1323617808420964,-71.35350858047973,-54.54972119492834,-28.573138236683384,14.874726004678864,-3.10537515354687,-79.5628662109375,0.4344673156738281,0.7022705078125,0.7644994938602301,0.4004447546465876,-0.20846523598628144,0.043520987479463785,2.250422494920652,1.2366817131613446,1.4242704180468229,0.8817591602091075,10399,10403,3,Box 4,ARG_mid_3aer-ARG_mid
2017-07-15 12:04:00,-68.6273193359375,-1.454983072277217,-67.17233626365433,-42.479265053877825,-29.071206009811554,4.304199026902019,0.07393577313302639,-79.33985900878906,0.495438814163208,3.019664764404297,0.6323922527741906,0.4327853939113538,-0.06407695885413084,-0.0011006878314135937,2.7357524734392893,1.4111053369265179,1.6997410024085549,0.8297038474972382,10198,10274,0,Box 1,ARG_mid_3aer-ARG_mid
2017-07-15 12:04:00,-98.08349609375,-0.3638419511539938,-97.71965414258743,-51.17801765288637,-44.59164966090836,-2.1602657881474414,0.21027895935473548,-113.04486083984375,0.493868350982666,0.8953361511230469,0.523722869282878,0.45632222148312707,0.022106768664932993,-0.0021518594309380933,2.347251370828326,1.450224272385556,1.7212726667350278,0.8415462361714672,10386,10397,1,Box 2,ARG_mid_3aer-ARG_mid
2017-07-15 12:04:00,-70.31280517578125,-0.00013137638286704696,-70.3126737993922,-47.315125847850496,-26.398973468442247,6.262787426872182,-2.861361909971642,-77.63400268554688,0.27972888946533203,0.1452484130859375,0.672924570936449,0.3754511390615108,-0.08907053434975928,0.040694824351799525,2.1852282223615274,1.243681925134265,1.472888307382028,0.8577942864221886,10404,10404,2,Box 3,ARG_mid_3aer-ARG_mid
2017-07-15 12:04:00,-70.83822631835938,-0.00022532360827266925,-70.83800099474486,-54.2310607514853,-27.718782247572868,14.87437595132873,-3.762533947015417,-78.80307006835938,0.45795631408691406,0.664642333984375,0.7655645273715227,0.3912981995303509,-0.20997735315021368,0.0531146262483401,2.2409718340521834,1.2290178204297253,1.4209637555482137,0.8812103078000907,10403,10403,3,Box 4,ARG_mid_3aer-ARG_mid
2017-07-15 12:06:00,-69.04716491699219,-1.9215024008754218,-67.12566251611085,-42.57895461757983,-28.872215587795125,4.524769195555919,-0.19926150629180966,-79.93405151367188,0.5306007862091064,3.227771759033203,0.6343170856207259,0.43012187151025133,-0.0674074418925836,0.0029684847616064103,2.72408894387638,1.4046199904703072,1.6932012561520042,0.8308625437739441,10186,10288,0,Box 1,ARG_mid_3aer-ARG_mid
2017-07-15 12:06:00,-97.55429077148438,-0.13213131253522148,-97.42215945894064,-51.16151889678314,-44.65196279141554,-1.7964952135737229,0.18781744283176688,-112.29940795898438,0.5022101402282715,0.7654914855957031,0.5251527905039467,0.45833476736095624,0.01844031402661394,-0.0019278718915168788,2.3514470413782536,1.452259112953526,1.7206787159720638,0.8431210350459002,10379,10383,1,Box 2,ARG_mid_3aer-ARG_mid
2017-07-15 12:06:00,-69.58016967773438,-0.0,-69.58016967772832,-45.3243832360059,-26.497479505269798,5.202954134408132,-2.9612610708607594,-76.92532348632812,0.28871822357177734,0.0858306884765625,0.6513979981068316,0.3808194148993472,-0.0747763933101406,0.042558980303961796,2.1405709014198755,1.2491566045033151,1.476177529978087,0.8603529736853571,10404,10404,2,Box 3,ARG_mid_3aer-ARG_mid
2017-07-15 12:06:00,-69.45046997070312,-0.16521696598427957,-69.28525300471279,-53.66556318854513,-26.433531137899276,15.158297342024387,-4.344456020292768,-77.26171875,0.4627857208251953,0.6587142944335938,0.7745596770050734,0.38151742241745534,-0.21878100583674448,0.0627039064142157,2.237036118931184,1.219319544050032,1.4141076950828626,0.8811926968505904,10399,10404,3,Box 4,ARG_mid_3aer-ARG_mid
2017-07-15 12:08:00,-69.37449645996094,-1.8265140066047574,-67.54798245335022,-42.563164601441095,-29.32386830618525,4.377925722052395,-0.03887526777626573,-80.39178466796875,0.564239501953125,3.3205032348632812,0.6301174817595172,0.43411908455499487,-0.0648120870978769,0.0005755207833648274,2.7346429307217726,1.4141687000801766,1.7026338129525294,0.8308315535592928,10205,10307,0,Box 1,ARG_mid_3aer-ARG_mid
2017-07-15 12:08:00,-98.0311279296875,-0.7634698861795339,-97.26765804349955,-50.94151012798072,-44.61662238204888,-1.871467345940713,0.16194181247076447,-112.82244873046875,0.5319085121154785,0.7215766906738281,0.523725060854235,0.45869946166582587,0.0192403866154952,-0.0016649091355560516,2.3373260822416335,1.4503392322092594,1.71663277115695,0.844114730822141,10363,10385,1,Box 2,ARG_mid_3aer-ARG_mid
2017-07-15 12:08:00,-68.50982666015625,-0.0,-68.50982666015032,-44.977775936080775,-26.39923834439189,5.903526819615993,-3.0363391992936553,-75.8155517578125,0.30121421813964844,0.06640243530273438,0.6565156872925313,0.3853350625939821,-0.08617051169755564,0.04431976181104226,2.143239504328373,1.2507175840406477,1.4726340696834572,0.8640011795683281,10404,10404,2,Box 3,ARG_mid_3aer-ARG_mid
2017-07-15 12:08:00,-69.54864501953125,-0.19711925697515886,-69.35152576255003,-54.16853543826721,-25.90699002040387,15.349236774230478,-4.625237078109422,-77.64645385742188,0.4653282165527344,0.8148651123046875,0.781072007322993,0.37356049107132555,-0.2213251490210054,0.06669265062668686,2.238901571681215,1.2125648888430738,1.4105299143220846,0.8796003412375374,10398,10404,3,Box 4,ARG_mid_3aer-ARG_mid
2017-07-15 12:10:00,-69.35704040527344,-2.1766999638111644,-67.18034044145638,-42.87895057226168,-29.35608744938406,5.195807042614666,-0.14110946242530642,-80.45660400390625,0.5937542915344238,3.3969688415527344,0.6382663483170066,0.436974377570565,-0.07734118357352622,0.0021004576859546403,2.767986716231692,1.4169636451651815,1.701842135507667,0.8335362117761035,10189,10307,0,Box 1,ARG_mid_3aer-ARG_mid
2017-07-15 12:10:00,-98.03884887695312,-0.954453516714702,-97.08439536023002,-50.725781703059624,-44.47105482373116,-2.0108009598927716,0.12324212645354213,-112.8826904296875,0.550992488861084,0.7198257446289062,0.5224916065536842,0.4580659400382735,0.020711886317381165,-0.0012694329093388725,2.312829804049339,1.4441806633533134,1.7073096560643461,0.8453067254187405,10361,10390,1,Box 2,ARG_mid_3aer-ARG_mid
2017-07-15 12:10:00,-68.07345581054688,-0.0,-68.07345581054102,-44.891960085348046,-26.425119830028187,6.215935502142165,-2.9723113973069504,-75.41720581054688,0.3103313446044922,0.05638885498046875,0.6594635096870847,0.38818537292382205,-0.09131217782511405,0.04366329521420734,2.1382287795029753,1.2506656914642504,1.468350161730842,0.8661556298645234,10404,10404,2,Box 3,ARG_mid_3aer-ARG_mid
2017-07-15 12:10:00,-70.37991333007812,-0.4891013900658409,-69.89081194000624,-54.379916137890476,-25.855281015215095,14.739746263284433,-4.395361050185106,-78.74951171875,0.44127941131591797,0.8108024597167969,0.7780696006875667,0.3699381978479385,-0.21089676674434576,0.06288896820884055,2.2175885364650707,1.2084415960709154,1.4066274995163495,0.8777389952405935,10389,10404,3,Box 4,ARG_mid_3aer-ARG_mid
2017-07-15 12:12:00,-69.09368896484375,-1.8475938079045677,-67.2460951569333,-42.9171606516717,-29.57242971658908,5.4755690369618,-0.23207382563431067,-80.20350646972656,0.6104457378387451,3.4436111450195312,0.638210450012231,0.43976426657303186,-0.08142582887799472,0.0034511122927318866,2.7877184027564383,1.4236434891946568,1.7082472159256867,0.8349358007889252,10205,10307,0,Box 1,ARG_mid_3aer-ARG_mid
2017-07-15 12:12:00,-96.01513671875,-0.889007544612371,-95.12612917412939,-50.750138707111326,-43.43727869133148,-0.8778172087747513,-0.06089456691183083,-110.58843994140625,0.5301084518432617,0.6823005676269531,0.5335036666341448,0.4566282583812391,0.009227929448993952,0.0006401455356221074,2.313625194262172,1.4318582784546798,1.6889252748835817,0.8480770358657852,10362,10389,1,Box 2,ARG_mid_3aer-ARG_mid
2017-07-15 12:12:00,-68.0396728515625,-0.00010933462022171751,-68.0395635169364,-45.166897050529045,-26.56832187907901,6.454319586144501,-2.758664173472838,-75.52206420898438,0.33127403259277344,0.10886383056640625,0.6638328454192113,0.390483426197548,-0.09486127265554684,0.040545001038787554,2.1311075819523757,1.2492433173341557,1.4621908947816589,0.8676269832565332,10404,10404,2,Box 3,ARG_mid_3aer-ARG_mid
2017-07-15 12:12:00,-70.71194458007812,-0.09719778926096112,-70.61474679081104,-54.4837898264852,-26.533299921310846,14.234932295711955,-3.832589338726948,-79.26971435546875,0.4426603317260742,0.8749771118164062,0.7715639055945049,0.3757472925579275,-0.2015858293435716,0.05427463119113918,2.201995814251439,1.2119225134252114,1.4063862095811783,0.8778262761534515,10398,10401,3,Box 4,ARG_mid_3aer-ARG_mid
2017-07-15 12:14:00,-69.98709106445312,-2.214242922163392,-67.77284814228379,-42.595683646681465,-30.111411994035468,5.078695070906815,-0.14444757247367587,-81.284912109375,0.6371541023254395,3.5164031982421875,0.6285066190114241,0.4442990492419459,-0.07493701696355586,0.002131348710185818,2.785670043392301,1.436359416481416,1.7217571076185865,0.8352071042565468,10181,10304,0,Box 1,ARG_mid_3aer-ARG_mid
2017-07-15 12:14:00,-93.4442138671875,0.5952701048787876,-94.03948397205816,-49.95279316442182,-43.08552336013135,-0.9013948978375375,-0.09977254966745802,-107.62872314453125,0.5034670829772949,0.596466064453125,0.5311895711727239,0.4581641831736688,0.009585281200664264,0.001060964452943014,2.288641089647934,1.429131986104662,1.6812915923500833,0.8504889933438149,10388,10370,1,Box 2,ARG_mid_3aer-ARG_mid
2017-07-15 12:14:00,-68.10427856445312,-0.07089278306482384,-68.03338578138245,-44.21803918130097,-26.919623591056453,5.56099065197054,-2.4567136609955624,-75.65640258789062,0.3563346862792969,0.17120742797851562,0.6499461797093359,0.39568255029316934,-0.08173914304133197,0.03611041303882674,2.091100377125454,1.2517596818319565,1.4598506085831018,0.8692521802769848,10402,10404,2,Box 3,ARG_mid_3aer-ARG_mid
2017-07-15 12:14:00,-71.35781860351562,-0.26159552809788994,-71.09622307541157,-54.58340318327422,-27.381167729299804,14.16035853324557,-3.292010696083118,-80.11846923828125,0.44338226318359375,0.9303855895996094,0.7677398435832203,0.3851283028109197,-0.19917174106739421,0.04630359467325418,2.2106143277383485,1.220142587699207,1.4111684963705922,0.8785323396572742,10396,10404,3,Box 4,ARG_mid_3aer-ARG_mid
2017-07-15 12:16:00,-70.98300170898438,-2.2979903473912127,-68.68501136158716,-43.02161499661059,-30.544552697343224,4.994918723938385,-0.11376239157173082,-82.51380920410156,0.6829309463500977,3.6940574645996094,0.6263610377834326,0.4447047775320832,-0.0727221066855912,0.0016562913700754467,2.8003400167585153,1.4413043439009723,1.7297930122338674,0.8339802093621683,10152,10281,0,Box 1,ARG_mid_3aer-ARG_mid
2017-07-15 12:16:00,-89.9571533203125,0.2627831824586522,-90.21993650276337,-47.953657808648714,-41.0982680294917,-0.9795986629885828,-0.18841200163437677,-103.50094604492188,0.47051572799682617,0.4302825927734375,0.531519525145974,0.4555342158574107,0.010857895726390567,0.0020883632702247117,2.240086769772245,1.4128489317795272,1.6582979886835116,0.8528877738765258,10384,10376,1,Box 2,ARG_mid_3aer-ARG_mid
2017-07-15 12:16:00,-67.98275756835938,-0.035536643110317276,-67.94722092524324,-43.546529120207666,-27.338430402446594,5.142391273513295,-2.2046526761022753,-75.58053588867188,0.36910152435302734,0.16730880737304688,0.6408875672504449,0.40234802881084464,-0.07568214274975346,0.03244654668846389,2.064178416212464,1.2554483929591553,1.457819724350886,0.8717795291914947,10403,10404,2,Box 3,ARG_mid_3aer-ARG_mid
2017-07-15 12:16:00,-72.25564575195312,-0.2567126584033494,-71.99893309354357,-54.40125843932062,-28.298770084306234,13.780207705880388,-3.0791122757971037,-81.26211547851562,0.4462261199951172,0.8855094909667969,0.7555842302363088,0.3930442975806248,-0.19139460980590717,0.042766081988973526,2.201435690667593,1.227822035246032,1.4164070739096637,0.8798589544760442,10396,10404,3,Box 4,ARG_mid_3aer-ARG_mid
2017-07-15 12:18:00,-71.96897888183594,-3.4306189934056173,-68.53835988842435,-42.63203682885076,-30.31229733163916,4.527413912181178,-0.1214396401156143,-83.75750732421875,0.7432091236114502,3.925537109375,0.6220171725476467,0.4422676203659594,-0.06605664214246577,0.0017718492288597149,2.772272994010159,1.4369212577164976,1.7270772883215357,0.8328018425116023,10096,10290,0,Box 1,ARG_mid_3aer-ARG_mid
2017-07-15 12:18:00,-88.49276733398438,-0.09506829855737631,-88.39769903541941,-47.439139777863524,-39.84052461311442,-0.7812133961415918,-0.33682124829987437,-101.67660522460938,0.45820188522338867,0.30860137939453125,0.5366558213110897,0.45069639875073014,0.008837485643473291,0.0038102942947068792,2.22263998458207,1.3984743148757417,1.642294408239606,0.8531480685049391,10387,10390,1,Box 2,ARG_mid_3aer-ARG_mid
2017-07-15 12:18:00,-68.26913452148438,-0.10650591034506122,-68.16262861113347,-43.960956968207704,-27.874001812412075,5.841013270195806,-2.1686831007094995,-75.97232055664062,0.3704843521118164,0.14385986328125,0.6449422192768437,0.40893378645111733,-0.08569231247695389,0.031816306748992856,2.059221787788874,1.257342862021025,1.4525630829752403,0.8759458416737825,10401,10404,2,Box 3,ARG_mid_3aer-ARG_mid
2017-07-15 12:18:00,-74.3037109375,-0.28768142099838917,-74.01602951649524,-54.350353534287784,-29.640313518404195,13.329324557467192,-3.3546870212704523,-83.74346923828125,0.4552497863769531,0.7357330322265625,0.7343051753698197,0.4004580320239759,-0.18008699797246777,0.045323790578672224,2.1994951114476784,1.239778272488937,1.430195568437684,0.8810320406287154,10395,10404,3,Box 4,ARG_mid_3aer-ARG_mid
2017-07-15 12:20:00,-72.500732421875,-3.1751852347494336,-69.32554718711954,-42.86896198309722,-30.743717739351574,4.569761811839809,-0.28262927651055286,-84.45945739746094,0.790900468826294,4.081611633300781,0.6183717795603947,0.4434688074854987,-0.06591742867179065,0.004076841625897248,2.7832629295975466,1.4434684233211819,1.7363488305684145,0.8331961816517515,10111,10293,0,Box 1,ARG_mid_3aer-ARG_mid
2017-07-15 12:20:00,-88.292724609375,-0.4413421944206485,-87.85138241494688,-47.96225209195741,-39.13598339610458,-0.15965757886848186,-0.5934893480164177,-101.39596557617188,0.47145748138427734,0.3150978088378906,0.5459476080344206,0.4454794258245622,0.0018173598921229724,0.006755606248894297,2.228380163519964,1.3866767138176919,1.631052941482375,0.8529872023065809,10386,10400,1,Box 2,ARG_mid_3aer-ARG_mid
2017-07-15 12:20:00,-68.853759765625,-0.00041781342224494946,-68.8533419521969,-46.3483627296238,-28.13557406349972,8.11952447208714,-2.488929631160519,-76.61578369140625,0.4110250473022461,0.16955947875976562,0.6731461598741608,0.40863047843100375,-0.11792491463557885,0.03614827633041427,2.094335486513896,1.2515403975046064,1.4420422360000484,0.8794551000626444,10404,10404,2,Box 3,ARG_mid_3aer-ARG_mid
2017-07-15 12:20:00,-74.63330078125,-0.0,-74.6333007812436,-54.186692295294826,-30.577650240906888,13.37156955203028,-3.240527797072174,-84.28622436523438,0.461944580078125,0.6462135314941406,0.7260390700676701,0.40970518415810814,-0.17916358263750734,0.0434193284117291,2.17811865780233,1.2456327451527633,1.4296091818323873,0.8849365233373436,10403,10403,3,Box 4,ARG_mid_3aer-ARG_mid
2017-07-15 12:22:00,-74.54707336425781,-2.3232505237993686,-72.22382284045219,-42.83801545961973,-32.80553488796798,3.6840033233286564,-0.26427581619313284,-86.92166137695312,0.8285017013549805,4.169452667236328,0.5931286073606503,0.45422041644677064,-0.051008146321289236,0.003659122513868282,2.753933267573541,1.473869730022029,1.7670553389201573,0.8358217486113818,10137,10270,0,Box 1,ARG_mid_3aer-ARG_mid
2017-07-15 12:22:00,-88.90695190429688,-0.06449390958606831,-88.8424579947033,-48.197973858515674,-39.220207973063616,-0.4508854039827935,-0.9733907591412102,-102.1192626953125,0.4925980567932129,0.4383583068847656,0.5425105849884206,0.44145793417154094,0.005075111767052582,0.010956369072985833,2.222160666624062,1.3838564755378688,1.6333088661903654,0.8518383453505141,10397,10399,1,Box 2,ARG_mid_3aer-ARG_mid
2017-07-15 12:22:00,-69.65127563476562,-0.14376284421879432,-69.5075127905409,-49.24854936159166,-27.915459994292167,10.312729068949563,-2.656232503606642,-77.50653076171875,0.43831634521484375,0.25206756591796875,0.7085356299541445,0.4016178809104375,-0.14836855262001256,0.03821504175543053,2.128989840250992,1.2388222598164171,1.4268901398590579,0.8800726088022469,10400,10404,2,Box 3,ARG_mid_3aer-ARG_mid
2017-07-15 12:22:00,-76.08163452148438,-0.1911455683239316,-75.89048895315399,-54.960041984258645,-31.243886114718865,13.57848878218782,-3.2650496363643047,-86.044921875,0.5041799545288086,0.6546669006347656,0.7242019750088132,0.4116969932029984,-0.17892214122601857,0.04302317301420694,2.179379146077723,1.2478670938201573,1.4312869723649606,0.8854039838900096,10398,10404,3,Box 4,ARG_mid_3aer-ARG_mid
2017-07-15 12:24:00,-74.07734680175781,-2.9475255582472846,-71.1298212435044,-41.81715588661112,-32.36497675173168,3.319602401267675,-0.26729100642927095,-86.37493896484375,0.813554048538208,3.9907264709472656,0.5878990718035845,0.45501276659945583,-0.04666962946389834,0.0037577910608580373,2.7072455021525337,1.4702135792377915,1.7588919845169355,0.837650433259451,10125,10295,0,Box 1,ARG_mid_3aer-ARG_mid
2017-07-15 12:24:00,-89.835205078125,-0.03325020752579098,-89.80195487059164,-48.701370974717726,-39.71418781803475,-0.13712798159113496,-1.2492680962480256,-103.30426025390625,0.5077939033508301,0.4793052673339844,0.542319719486045,0.44224190748703135,0.0015270044153130307,0.01391136861161066,2.2325908145203215,1.3874602482138387,1.638299483200613,0.8527264986723191,10399,10400,1,Box 2,ARG_mid_3aer-ARG_mid
2017-07-15 12:24:00,-69.06155395507812,0.03505131239636187,-69.0966052674686,-51.16670396207751,-26.855307922391866,11.585378046169057,-2.659971429168286,-76.58859252929688,0.45091915130615234,0.2852287292480469,0.7405096641725657,0.3886632030392327,-0.16766927986292218,0.0384964126511238,2.1433387826708157,1.2214846344695987,1.4094100461268169,0.8781891138412024,10404,10403,2,Box 3,ARG_mid_3aer-ARG_mid
2017-07-15 12:24:00,-76.85208129882812,-1.97998999001019e-05,-76.85206149892171,-55.97110330697845,-31.524861795705615,14.219035511226087,-3.5751319074637378,-86.877685546875,0.5396327972412109,0.6270751953125,0.7282967068848734,0.4102019019509051,-0.18501827060846754,0.04651966177268907,2.1913763575726377,1.2472450617287292,1.4319979059951848,0.8856534058786699,10404,10404,3,Box 4,ARG_mid_3aer-ARG_mid
2017-07-15 12:26:00,-72.9775390625,-3.7895601233031333,-69.1879789391909,-40.80642920833796,-31.49768408151826,3.2981519936824917,-0.18201764301717277,-85.08737182617188,0.7890276908874512,3.721771240234375,0.589790738709142,0.4552479283894313,-0.04766943686245305,0.002630769763879756,2.6771951606518667,1.4623755691452378,1.7446682876116348,0.8394250917598831,10100,10321,0,Box 1,ARG_mid_3aer-ARG_mid
2017-07-15 12:26:00,-90.13897705078125,0.0005551289518612373,-90.13953217972549,-48.44518656944518,-40.08138623663574,-0.39259027283359904,-1.220369100810977,-103.85333251953125,0.5134491920471191,0.4542121887207031,0.537446616350885,0.4446593549733442,0.00435536177457444,0.013538666901196395,2.22460913005588,1.3920380823692577,1.6419976518598405,0.8534821484778321,10400,10400,1,Box 2,ARG_mid_3aer-ARG_mid
2017-07-15 12:26:00,-69.18670654296875,-0.00022042017809066042,-69.18648612278484,-51.2119078843833,-26.232059189392647,10.92929019097935,-2.671809239988242,-76.51837158203125,0.45270347595214844,0.23633575439453125,0.7402010241349422,0.3791500430132955,-0.15796856876909754,0.03861750162085986,2.1287999481706565,1.2134993949253476,1.4052977455052795,0.874938765560085,10404,10404,2,Box 3,ARG_mid_3aer-ARG_mid
2017-07-15 12:26:00,-77.28482055664062,-0.15991067336930992,-77.12490988326478,-56.33019911185201,-31.57180773412729,14.467574980241602,-3.6904780175270813,-87.39297485351562,0.5770168304443359,0.6728057861328125,0.7303762065604049,0.40935941165978607,-0.1875862805174039,0.04785066229721291,2.1808523133329087,1.2442171820627896,1.42739514983813,0.8866393888011829,10399,10404,3,Box 4,ARG_mid_3aer-ARG_mid
2017-07-15 12:28:00,-72.21725463867188,-3.7389296725949213,-68.47832496607109,-39.826818652781874,-31.357106402522437,2.8241893593764384,-0.11858927014321263,-84.21505737304688,0.7699103355407715,3.5785484313964844,0.5815974422930883,0.45791287123420327,-0.041242091724289956,0.001731778196998393,2.6457956275964216,1.4667192382433023,1.7465516218062658,0.8405914467247381,10103,10323,0,Box 1,ARG_mid_3aer-ARG_mid
2017-07-15 12:28:00,-91.17819213867188,-0.03765824162525432,-91.14053389703895,-49.39653490298165,-40.48329586745241,0.03891906482185189,-1.2996221914267434,-105.08755493164062,0.5099067687988281,0.4564704895019531,0.5419820664950755,0.44418541494595815,-0.00042702256787104825,0.014259541126837381,2.244353072572622,1.3927388415336994,1.644108138705597,0.8531362124909809,10402,10403,1,Box 2,ARG_mid_3aer-ARG_mid
2017-07-15 12:28:00,-68.73931884765625,-0.00035246681564324225,-68.73896638083482,-50.93811260876951,-25.81043135362572,10.725234562811025,-2.7156569812506226,-75.94387817382812,0.45873165130615234,0.23373794555664062,0.7410369298624137,0.3754847172217875,-0.15602845267398927,0.03950680558978811,2.123033188178792,1.210137694362361,1.4030454672933699,0.874124672801741,10404,10404,2,Box 3,ARG_mid_3aer-ARG_mid
2017-07-15 12:28:00,-76.5908203125,3.960202129250088e-05,-76.59085991451487,-56.271819597658265,-31.18508228717116,14.400635562916236,-3.534593592601676,-86.71636962890625,0.5459384918212891,0.7267723083496094,0.7347067216697236,0.40716454054671375,-0.18802028830841142,0.04614902609197405,2.1737715778638425,1.2400514250780479,1.4223043013979628,0.8861507885554327,10404,10404,3,Box 4,ARG_mid_3aer-ARG_mid
2017-07-15 12:30:00,-72.7843017578125,-2.910126976420833,-69.87417478138568,-39.77947974974439,-32.35180674448625,2.3271603421580735,-0.07004862931311329,-84.90617370605469,0.7614285945892334,3.5425567626953125,0.56930160354955,0.46300091336613103,-0.03330501361109489,0.0010024966954139125,2.6411112722040433,1.4842774375991412,1.7658811856056673,0.8410100477460788,10131,10302,0,Box 1,ARG_mid_3aer-ARG_mid
2017-07-15 12:30:00,-92.61050415039062,-0.13367092786430018,-92.47683322251851,-50.59542578797087,-41.043225369951585,0.5252868211281247,-1.3634688857241817,-106.80438232421875,0.5011420249938965,0.3980979919433594,0.5471146018400926,0.4438217004165037,-0.00568019905984643,0.014743896803250084,2.2665694589220293,1.393600963926984,1.6463077654885836,0.8527458756005095,10400,10404,1,Box 2,ARG_mid_3aer-ARG_mid
2017-07-15 12:30:00,-68.826416015625,-0.08574422101178553,-68.74067179460742,-50.13004475280727,-25.7796984988021,9.727090513604058,-2.5580190566021033,-75.97833251953125,0.49630069732666016,0.3140411376953125,0.7292632359281057,0.3750283176723983,-0.14150415263132662,0.03721259903082261,2.113423890153514,1.2121691576151707,1.4078151531243808,0.8720579855974294,10402,10404,2,Box 3,ARG_mid_3aer-ARG_mid
2017-07-15 12:30:00,-75.16085815429688,-0.20416718208886966,-74.95669097220168,-55.70098120913155,-30.228332394247737,14.287735218775488,-3.3151125875978864,-85.10345458984375,0.5246734619140625,0.7737312316894531,0.7431088604189948,0.40327730589732363,-0.19061320655249062,0.04422704023617216,2.1527912105474893,1.2312841948584083,1.4105007436606019,0.8863215831786424,10398,10404,3,Box 4,ARG_mid_3aer-ARG_mid
2017-07-15 12:32:00,-73.57513427734375,-1.1289991620444222,-72.44613511529317,-40.937702502175014,-34.00754444975244,2.5285553587032803,-0.02944352206900507,-85.86911010742188,0.776691198348999,3.7659988403320312,0.5650777979670745,0.4694183395101989,-0.034902556978081076,0.00040641950080770595,2.6936227013470586,1.509188551207466,1.7941181596240747,0.8413866751824032,10215,10282,0,Box 1,ARG_mid_3aer-ARG_mid
2017-07-15 12:32:00,-94.5059814453125,0.06659957942256413,-94.57258102472707,-51.77516251922515,-42.050420619770186,0.7631089815760672,-1.510106867307799,-108.99765014648438,0.5092172622680664,0.37116241455078125,0.5474648355604036,0.4446364915088405,-0.008069029874277659,0.01596770280503357,2.284747981118898,1.3986836543826249,1.6538070568639698,0.852556872885319,10403,10401,1,Box 2,ARG_mid_3aer-ARG_mid
2017-07-15 12:32:00,-69.23870849609375,0.0004171530959484155,-69.23912564918389,-50.94564215560524,-26.0350105452719,10.164816907743603,-2.42328985605035,-76.390869140625,0.522186279296875,0.3733711242675781,0.7357926848142649,0.3760158768784044,-0.14680741289608434,0.034998851203415116,2.1343509675756875,1.2137610507464238,1.4098276909043561,0.8713402991756412,10404,10404,2,Box 3,ARG_mid_3aer-ARG_mid
2017-07-15 12:32:00,-73.31875610351562,-0.06376096600507519,-73.25499513750442,-56.58930095582871,-29.024552562547314,15.458853630586692,-3.0999952497150915,-82.76913452148438,0.51068115234375,0.7234840393066406,0.7724975047722942,0.39621260649961587,-0.2110279797516799,0.04231786847976984,2.174421023231222,1.220426075882437,1.3981831634855584,0.8853344652151843,10402,10404,3,Box 4,ARG_mid_3aer-ARG_mid
2017-07-15 12:34:00,-74.77717590332031,-0.7871024933995925,-73.99007340991446,-41.675817831041684,-35.3148288728786,3.25036733896447,-0.24979404495864402,-87.39381408691406,0.8055684566497803,4.077983856201172,0.5632622852007773,0.4772914425591922,-0.0439297758356992,0.0033760480757297415,2.7332064904566846,1.5311280671489973,1.8130870383295508,0.8461849527941216,10231,10278,0,Box 1,ARG_mid_3aer-ARG_mid
2017-07-15 12:34:00,-94.58731079101562,0.2325235732329399,-94.81983436424065,-51.482768968618885,-42.26705668611395,0.6199406802824485,-1.6899493897902593,-109.09390258789062,0.507561206817627,0.4063987731933594,0.542953584698884,0.4457617646087568,-0.006538090732166965,0.017822741424526143,2.2767473569042918,1.4017698440094672,1.6571616651870458,0.8535353608487612,10402,10395,1,Box 2,ARG_mid_3aer-ARG_mid
2017-07-15 12:34:00,-69.38027954101562,0.002341350213978702,-69.38262089122378,-52.11514647336494,-26.10851823162512,11.171352986336526,-2.3303091725702494,-76.5068359375,0.5476722717285156,0.2804679870605469,0.7511268067412684,0.3762976649809375,-0.1610108243655234,0.033586352643317496,2.1438785477074207,1.210492008101417,1.402746702397077,0.8728089022374291,10404,10404,2,Box 3,ARG_mid_3aer-ARG_mid
2017-07-15 12:34:00,-73.15512084960938,0.06362568909729364,-73.21874653870053,-57.605095904289996,-28.727076845667607,15.936504537076178,-2.823078325819103,-82.5296630859375,0.4979515075683594,0.6833686828613281,0.7867533743403027,0.3923459251038067,-0.21765606884095964,0.03855676939685024,2.191546979110741,1.2160865341428226,1.394344259671279,0.8834071454411494,10404,10402,3,Box 4,ARG_mid_3aer-ARG_mid
2017-07-15 12:36:00,-76.12640380859375,-1.7076113913858404,-74.41879241720164,-41.714389488652024,-36.069788555845236,3.8817012124500216,-0.5163155851544023,-89.10890197753906,0.8314428329467773,4.405342102050781,0.5605356944627052,0.4846865608035294,-0.05216022843650416,0.006937973170269528,2.7372638391547195,1.5455052409105845,1.819947098688469,0.8527387499524881,10228,10332,0,Box 1,ARG_mid_3aer-ARG_mid
2017-07-15 12:36:00,-94.29095458984375,-0.07098872438653744,-94.21996586544935,-51.18299798244534,-41.79898710279673,0.6035681968687091,-1.8415489770759879,-108.635986328125,0.5376977920532227,0.48220062255859375,0.5432287892731475,0.4436319491188067,-0.0064059479466447005,0.01954520955469044,2.2616532034534145,1.3954759556421887,1.6499892595710854,0.8540670256523992,10393,10395,1,Box 2,ARG_mid_3aer-ARG_mid
2017-07-15 12:36:00,-69.90036010742188,-0.0032307062375811772,-69.89712940117843,-54.57086317763651,-25.978888695054625,13.099146262200582,-2.446523790687881,-77.17828369140625,0.5284786224365234,0.2936859130859375,0.7807311064868491,0.3716731848306296,-0.18740606909644758,0.0350017777789689,2.183612386889834,1.2042969713601133,1.3957610737846444,0.8729535939603715,10404,10404,2,Box 3,ARG_mid_3aer-ARG_mid
2017-07-15 12:36:00,-73.5343017578125,0.20587127070479497,-73.74017302851111,-58.86653663613538,-28.864226861036073,16.466333060131333,-2.475742591470988,-83.10858154296875,0.48195552825927734,0.8458595275878906,0.7982966979664539,0.39143150436975416,-0.22330206702613437,0.03357386468992635,2.2156732940818555,1.2153643454810854,1.3940163987186072,0.8816216349782826,10403,10396,3,Box 4,ARG_mid_3aer-ARG_mid
2017-07-15 12:38:00,-75.66630554199219,-2.7225280138388475,-72.94377752814718,-41.16133151902517,-35.51857030028184,4.481403665621717,-0.7452793744618869,-88.64163208007812,0.827843189239502,4.486225128173828,0.5642884549424664,0.48693077742753466,-0.061436407840167795,0.010217175470166762,2.7168846495146846,1.5391552593574416,1.8047295182658065,0.8580055884943883,10193,10361,0,Box 1,ARG_mid_3aer-ARG_mid
2017-07-15 12:38:00,-93.87985229492188,0.032860634968912325,-93.91271292988296,-51.844716649138974,-41.41334647019847,1.2451676144219792,-1.8998174249674917,-108.08309936523438,0.560366153717041,0.5111885070800781,0.5520521666523173,0.44097700064440126,-0.01325877589492751,0.02022960859820898,2.2732153075443806,1.3881663452292439,1.6418834047939184,0.8539953157820039,10397,10396,1,Box 2,ARG_mid_3aer-ARG_mid
2017-07-15 12:38:00,-70.60345458984375,-0.03934830978316234,-70.56410628005465,-56.2730795295492,-25.68682440369134,14.00064843222525,-2.604850779039351,-77.99676513671875,0.4957113265991211,0.3720207214355469,0.7974745588956055,0.3640211115513252,-0.19841034160709853,0.03691467116016783,2.194484758035636,1.196474891877015,1.388904201711172,0.8719628823943931,10403,10404,2,Box 3,ARG_mid_3aer-ARG_mid
2017-07-15 12:38:00,-75.30743408203125,0.02744521454608664,-75.33487929657105,-59.119775296178176,-29.551037680645123,15.713848163311857,-2.3779144830596075,-85.17031860351562,0.46989917755126953,0.9437599182128906,0.7847596737155598,0.3922623618246133,-0.20858662428396685,0.03156458874379375,2.208649749894975,1.2190063150412043,1.400137866084524,0.8799317242624897,10403,10402,3,Box 4,ARG_mid_3aer-ARG_mid
2017-07-15 12:40:00,-75.48518371582031,-2.86972734341522,-72.61545637239895,-40.75853937120541,-35.82327316573254,4.918424122232166,-0.9520679576931724,-88.49769592285156,0.8206038475036621,4.415126800537109,0.5612928900726111,0.49332848618367864,-0.0677324686497688,0.013111092393479087,2.714465597405695,1.5509069366490116,1.8094676606970146,0.8637969881060448,10146,10324,0,Box 1,ARG_mid_3aer-ARG_mid
2017-07-15 12:40:00,-92.980712890625,0.032882867693985025,-93.01359575831127,-52.12334200074546,-40.82567039332638,1.9183845034936933,-1.9829678677331275,-107.04391479492188,0.5530009269714355,0.4384346008300781,0.560384119932144,0.4389215367977899,-0.020624775204675122,0.021319118474741244,2.275267934857972,1.3798220663074048,1.6306986050379702,0.8550214426969303,10403,10402,1,Box 2,ARG_mid_3aer-ARG_mid
2017-07-15 12:40:00,-70.47772216796875,-0.06955710697506609,-70.40816506098778,-56.628646017877145,-25.13966150215431,13.903582345643365,-2.5434398865996917,-77.90402221679688,0.4780120849609375,0.40431976318359375,0.8042908939442638,0.35705605280833913,-0.19747116451053703,0.03612421775793412,2.178152162246267,1.1886261026025469,1.380761113758595,0.8709403040666374,10402,10404,2,Box 3,ARG_mid_3aer-ARG_mid
2017-07-15 12:40:00,-75.51177978515625,0.1262509832724807,-75.63803076842242,-58.279280727926114,-30.163065609176005,15.159804109373683,-2.355488540693986,-85.32684326171875,0.43488407135009766,0.8392295837402344,0.770502353589257,0.3987817411789172,-0.20042568474300682,0.03114158997483263,2.175821854706117,1.222841827778248,1.3997871288311072,0.8827889583129439,10401,10397,3,Box 4,ARG_mid_3aer-ARG_mid
2017-07-15 12:42:00,-75.16120910644531,-3.5352427369817914,-71.62596636945747,-40.54998957282835,-35.63218291500064,5.854598730374132,-1.2983926120026086,-88.18325805664062,0.8275234699249268,4.492652893066406,0.5661353225402284,0.49747577200151827,-0.08173849550839195,0.01812740096664532,2.7087787841098963,1.5493298737731087,1.798090714707485,0.8708660666487054,10081,10302,0,Box 1,ARG_mid_3aer-ARG_mid
2017-07-15 12:42:00,-93.14462280273438,-0.00045127262937547915,-93.14417153009727,-53.52129358442994,-40.78473846410398,3.349547760694468,-2.187687242257814,-107.2913818359375,0.5370807647705078,0.48897552490234375,0.5746070065923109,0.43786678000485935,-0.035960894875876837,0.023487108278706592,2.3026130120464656,1.3740777354223284,1.622283595838698,0.8566823045740416,10404,10404,1,Box 2,ARG_mid_3aer-ARG_mid
2017-07-15 12:42:00,-70.4337158203125,0.06864676581869225,-70.50236258612534,-57.00719419793859,-24.892475174628345,14.059439462818615,-2.662132676377026,-77.768310546875,0.46647167205810547,0.3556671142578125,0.8085855864517856,0.3530729221197349,-0.19941799036370833,0.037759481792187854,2.1929223713097747,1.1870110224008554,1.3822426081408083,0.8693183860861716,10402,10400,2,Box 3,ARG_mid_3aer-ARG_mid
2017-07-15 12:42:00,-74.20339965820312,0.06330044055642733,-74.2667000987534,-58.3860187446756,-29.750017865643503,16.36851061846236,-2.499174106896656,-83.58609008789062,0.4395303726196289,0.8086433410644531,0.7861668643825422,0.40058354317728556,-0.22040174932637285,0.03365134176654505,2.182227774905182,1.2199487607638533,1.3921724097867303,0.8861026402479284,10401,10399,3,Box 4,ARG_mid_3aer-ARG_mid
2017-07-15 12:44:00,-74.46904754638672,-4.455297058579826,-70.01375048780095,-40.31501532160965,-34.877163294090316,6.920185548183958,-1.7417574202849397,-87.36502075195312,0.8200130462646484,4.468767166137695,0.57581567964473,0.4981473360746078,-0.09884037778250027,0.024877362063162434,2.6753799869626445,1.5306256888450938,1.7677006746630173,0.8782439095767536,9987,10263,0,Box 1,ARG_mid_3aer-ARG_mid
2017-07-15 12:44:00,-93.812255859375,-0.26446739127112295,-93.54778846809617,-55.07773415877732,-40.85635437471847,4.728955506088576,-2.342655440688958,-108.177001953125,0.533545970916748,0.5739707946777344,0.5887657534262416,0.43674313464558545,-0.050551227169858264,0.025042339098031212,2.3223037786867944,1.366842084022893,1.611266199896756,0.858497428794554,10396,10404,1,Box 2,ARG_mid_3aer-ARG_mid
2017-07-15 12:44:00,-71.34408569335938,-0.03456197221103982,-71.30952372114244,-57.986343328755346,-25.213718958306416,14.819429358033487,-2.928890792114164,-78.86886596679688,0.47222900390625,0.3651542663574219,0.8131640810771966,0.35358136813401325,-0.2078183752283245,0.041072926017114625,2.2223805564593944,1.1896030942152653,1.3872932881291176,0.8691066390307439,10403,10404,2,Box 3,ARG_mid_3aer-ARG_mid
2017-07-15 12:44:00,-72.99874877929688,-0.0319016826900106,-72.96684709660082,-58.39165121953245,-28.87736572642956,17.51643071247194,-3.2142608631107477,-82.05679321289062,0.4622516632080078,0.8845291137695312,0.8002490657466361,0.39576008660753575,-0.2400601288045506,0.044050976450378726,2.19737005820482,1.2149081753774829,1.3880826605843546,0.8879768826849441,10403,10404,3,Box 4,ARG_mid_3aer-ARG_mid
2017-07-15 12:46:00,-73.02725219726562,-4.263581268080645,-68.76367092917918,-39.56573569026608,-34.24154496990736,7.022953766353137,-1.9793440353588858,-85.6611328125,0.8036513328552246,4.376211166381836,0.5753871943662733,0.4979598166766471,-0.10213174589800754,0.028784734855087132,2.6450596075652295,1.5233337736573007,1.7568121658615172,0.8812803655298593,10019,10288,0,Box 1,ARG_mid_3aer-ARG_mid
2017-07-15 12:46:00,-94.67471313476562,-0.26409939945669914,-94.41061373530113,-56.0157879006095,-40.96484054529279,4.978611592597373,-2.408596881996212,-109.1561279296875,0.5470972061157227,0.6212348937988281,0.5933208744692717,0.4339007970030344,-0.052733600552114804,0.025511929079808662,2.3199050340711875,1.3603034377678813,1.6044443292065564,0.8581226613317786,10396,10404,1,Box 2,ARG_mid_3aer-ARG_mid
2017-07-15 12:46:00,-73.28759765625,0.00019157285053883672,-73.2877892290945,-57.97946521144396,-26.186063375133944,14.042721518917514,-3.1649821614341156,-81.36801147460938,0.4660663604736328,0.3299293518066406,0.7911204011107856,0.35730458853489805,-0.19161065801863073,0.043185668372947045,2.211875241036033,1.196339637431381,1.3972129539320517,0.8686906584403553,10404,10404,2,Box 3,ARG_mid_3aer-ARG_mid
2017-07-15 12:46:00,-70.24496459960938,-0.03186235606554942,-70.21310224353802,-55.16449772853482,-27.14046700744277,15.846484819393904,-3.7546223269543297,-78.68832397460938,0.44337940216064453,0.7843894958496094,0.7856724167690771,0.3865441938928231,-0.22569127859397947,0.053474667932079334,2.1359246906876797,1.2052489132770603,1.3798497138332884,0.888632963406976,10396,10397,3,Box 4,ARG_mid_3aer-ARG_mid
2017-07-15 12:48:00,-72.0898666381836,-3.5016417056496736,-68.58822493252814,-40.13183035320881,-34.26395584857908,7.988041054199311,-2.1804797849395543,-84.62136840820312,0.7982633113861084,4.379140853881836,0.5851125377962099,0.4995603236894576,-0.11646373793836094,0.0317908764526935,2.680485192440731,1.5233549211392516,1.7536758338137781,0.8843153125039124,10055,10279,0,Box 1,ARG_mid_3aer-ARG_mid
2017-07-15 12:48:00,-94.55447387695312,-0.06550032648788688,-94.48897355045747,-56.948670785929544,-41.134096270109154,5.881298148935276,-2.2875046433540507,-109.06085205078125,0.5397281646728516,0.6137008666992188,0.6027017613385199,0.43533223745036653,-0.06224322191196881,0.024209223123082338,2.330576318239224,1.3574055218547758,1.5967287944050939,0.8598021421826647,10402,10404,1,Box 2,ARG_mid_3aer-ARG_mid
2017-07-15 12:48:00,-75.65594482421875,-0.10171348231228403,-75.55423134190025,-58.66085813639055,-27.3938160937071,13.713132262730566,-3.2126893745331637,-84.63729858398438,0.46999073028564453,0.3944435119628906,0.7764073182206923,0.36257156756375153,-0.18150051981437668,0.04252163402993284,2.218268023183515,1.2044586647382518,1.4078405708544945,0.8680708251668134,10400,10403,2,Box 3,ARG_mid_3aer-ARG_mid
2017-07-15 12:48:00,-68.72467041015625,-0.22689816815688588,-68.49777224199374,-54.90960775940706,-25.94455253522614,16.14274091291339,-3.7863528602739316,-76.84185791015625,0.45267581939697266,0.6986083984375,0.80162618377454,0.37876490995309164,-0.2356681156853274,0.055277021957695766,2.1155696948870286,1.1936623774259354,1.365587886041971,0.8892869469565301,10395,10402,3,Box 4,ARG_mid_3aer-ARG_mid
2017-07-15 12:50:00,-72.3908462524414,-2.9683963260417214,-69.42244992639385,-41.256516557588405,-34.608549038397484,8.900726378646079,-2.4581107090540404,-85.03439331054688,0.8209433555603027,4.556640625,0.5942820600732359,0.4985209982518868,-0.12821106699753756,0.035408008672414865,2.7165715658922474,1.5206947863580682,1.751631906674066,0.8855621296163289,10070,10261,0,Box 1,ARG_mid_3aer-ARG_mid
2017-07-15 12:50:00,-93.94906616210938,-0.0653086652568768,-93.88375749684478,-56.89160431959486,-40.945434016510575,6.209125022577821,-2.2558441833171665,-108.3583984375,0.535099983215332,0.5294532775878906,0.6059792006248457,0.4361290505217226,-0.06613630715394508,0.024028056007376786,2.3262356989911552,1.3550087524146743,1.5910602812175396,0.8611952067065999,10402,10404,1,Box 2,ARG_mid_3aer-ARG_mid
2017-07-15 12:50:00,-78.12222290039062,-0.1028625905035613,-78.01936030988061,-58.70857073336753,-28.937291928610968,12.660771457314791,-3.0342691052169055,-87.85028076171875,0.4763202667236328,0.5067672729492188,0.7524872095872913,0.370898861688645,-0.16227730408232266,0.038891232806386344,2.204305854991612,1.2150632149323788,1.4192568264160947,0.8678640940786496,10397,10400,2,Box 3,ARG_mid_3aer-ARG_mid
2017-07-15 12:50:00,-68.52554321289062,-0.1303546085781516,-68.39518860430682,-55.71417993732374,-25.610111523384738,16.736193728643922,-3.8070908722422687,-76.46011352539062,0.45030689239501953,0.6925811767578125,0.8145920944768831,0.37444317423480394,-0.24469840744894225,0.05566313873725523,2.1080839599660246,1.186972622428911,1.3568624508103788,0.8897791767356955,10396,10400,3,Box 4,ARG_mid_3aer-ARG_mid
2017-07-15 12:52:00,-72.91971588134766,-3.31186404085154,-69.60785184049028,-41.67662493703817,-34.57505389618151,9.173022340104067,-2.529195347374674,-85.69709777832031,0.8553175926208496,4.7416839599609375,0.5987345369103207,0.496711979783716,-0.13178143122595545,0.0363349145319187,2.703994068367539,1.5107640121045935,1.7398445524867467,0.8859824307681892,10064,10278,0,Box 1,ARG_mid_3aer-ARG_mid
2017-07-15 12:52:00,-94.238525390625,-0.09792895265932677,-94.14059643795794,-56.69770973854119,-41.56901013775974,6.203510115084532,-2.0773866767415337,-108.85345458984375,0.5355720520019531,0.4544334411621094,0.6022663110691787,0.44156306323335465,-0.06589622702436211,0.022066852721828747,2.3154287050112905,1.360405085347577,1.5915149801080526,0.8635964404724835,10401,10404,1,Box 2,ARG_mid_3aer-ARG_mid
2017-07-15 12:52:00,-77.92977905273438,-0.45233809060236074,-77.47744096212561,-56.432759121419046,-29.36273824744519,10.858997949140525,-2.540941542401898,-87.8070068359375,0.46117591857910156,0.5880699157714844,0.7283766528763627,0.37898435832178545,-0.1401569000510598,0.03279588885291168,2.1386747881187564,1.2186792587561353,1.4160774565147562,0.8704772864914256,10391,10404,2,Box 3,ARG_mid_3aer-ARG_mid
2017-07-15 12:52:00,-69.73797607421875,-0.5177201142667966,-69.22025595994624,-57.75743523395913,-25.575863046084205,18.18641574912828,-4.073373429031191,-77.76535034179688,0.45287418365478516,0.7461585998535156,0.8344007752207679,0.369485242309469,-0.26273257006809836,0.05884655253786142,2.1107999412218863,1.1798723608387403,1.347760749595344,0.8909421177939107,10388,10404,3,Box 4,ARG_mid_3aer-ARG_mid
2017-07-15 12:54:00,-73.05716705322266,-3.9149575337317564,-69.14220951948514,-41.44890931547362,-34.02432885714597,8.947133261020724,-2.6161046078862684,-85.88314819335938,0.8693089485168457,4.879354476928711,0.5994733116504297,0.4920920099835324,-0.12940189969629637,0.03783657806233423,2.6791868052417223,1.4985396876545711,1.7297699634005048,0.8844729649815029,10053,10310,0,Box 1,ARG_mid_3aer-ARG_mid
2017-07-15 12:54:00,-94.11114501953125,0.06587024384697761,-94.17701526337052,-56.480420291670804,-41.88076803590823,6.206385560351105,-2.022212496142591,-108.78521728515625,0.5301604270935059,0.3543891906738281,0.5997261660259736,0.44470264765544615,-0.06590127689855801,0.02147246321713825,2.3116925709941953,1.364359453059141,1.5932197921159528,0.8649608857726231,10403,10401,1,Box 2,ARG_mid_3aer-ARG_mid
2017-07-15 12:54:00,-75.512939453125,-0.548996364279215,-74.96394308883968,-54.00172624247858,-28.900354057418095,9.991098368890379,-2.052961157833385,-84.978515625,0.4311389923095703,0.5452499389648438,0.7203693404772105,0.3855233978710047,-0.13327871983801517,0.02738598148980001,2.0698280566189644,1.2148985213268397,1.400202580085953,0.875694678310697,10390,10404,2,Box 3,ARG_mid_3aer-ARG_mid
2017-07-15 12:54:00,-69.84429931640625,-0.7974205101136433,-69.04687880628691,-59.576627598132205,-25.189244802452627,20.474811748530076,-4.755818154232154,-77.95449829101562,0.45841312408447266,0.8215217590332031,0.862843167252733,0.36481366338255217,-0.2965349354309378,0.0688781047956526,2.1145413380564855,1.1715244952120307,1.335480110738744,0.8948858001268309,10380,10404,3,Box 4,ARG_mid_3aer-ARG_mid
2017-07-15 12:56:00,-72.9083480834961,-4.90040033427865,-68.00794774921172,-40.559162124816005,-33.40217101421043,8.517214706280992,-2.5638293164662795,-85.81278991699219,0.8988802433013916,5.101585388183594,0.5963885614426018,0.49115099219557895,-0.1252385197343308,0.03769896609615009,2.62574592232844,1.4881136165695825,1.7152546503373902,0.8854039014054802,9978,10302,0,Box 1,ARG_mid_3aer-ARG_mid
2017-07-15 12:56:00,-92.38861083984375,0.06557318801224903,-92.45418402784847,-55.80753423288061,-41.16298380473819,6.319306868024465,-1.8029728582541351,-106.73947143554688,0.5281023979187012,0.3182220458984375,0.6036236739277329,0.44522575411340315,-0.06835068563388114,0.019501257592745125,2.3049675927915887,1.360657011008437,1.5858822198433984,0.865731597573063,10404,10402,1,Box 2,ARG_mid_3aer-ARG_mid
2017-07-15 12:56:00,-72.5443115234375,0.025230041349390518,-72.56954156478093,-54.18531950748847,-28.325040909700853,11.656942440985599,-1.7161235885772077,-81.33489990234375,0.40151023864746094,0.4069633483886719,0.7466675183433349,0.39031583084228016,-0.16063133636554328,0.02364798717992822,2.073349843867772,1.2099552805654135,1.3847504979244312,0.8805234801733012,10400,10399,2,Box 3,ARG_mid_3aer-ARG_mid
2017-07-15 12:56:00,-68.27084350585938,-0.10425441651047505,-68.1665890893433,-58.64433973187979,-24.972516021811646,20.348283831911775,-4.898017167563644,-76.15597534179688,0.4347667694091797,0.6108741760253906,0.8603091414038178,0.36634539523579707,-0.29850817099330096,0.07185363435368614,2.1006816799858874,1.1712114877843411,1.3332172825970225,0.8968276196412494,10389,10392,3,Box 4,ARG_mid_3aer-ARG_mid
2017-07-15 12:58:00,-73.16737365722656,-5.747479694673553,-67.41989396254736,-39.75791372836184,-33.16435777993023,8.061714887696139,-2.5593373419514354,-86.18470764160156,0.9233200550079346,5.306434631347656,0.5897059664681152,0.49190759330403966,-0.11957471917969091,0.03796115940753601,2.574578202977101,1.4835314599348133,1.706683674205774,0.8870672071167645,9926,10306,0,Box 1,ARG_mid_3aer-ARG_mid
2017-07-15 12:58:00,-91.46798706054688,0.1301756464698802,-91.59816270700927,-55.52653657998927,-40.576487380102634,6.137106090316248,-1.6322448372336102,-105.524169921875,0.524928092956543,0.3207893371582031,0.6061970561309116,0.4429836383279077,-0.06700031866301424,0.01781962420419496,2.295938019490248,1.3548379359958547,1.5793682414853722,0.864850114719714,10404,10400,1,Box 2,ARG_mid_3aer-ARG_mid
2017-07-15 12:58:00,-68.4766845703125,0.9157474404419007,-69.39243201074878,-54.249263763635845,-26.93047245466682,13.43185383274391,-1.6445496251900176,-76.47845458984375,0.34604644775390625,0.15450668334960938,0.7817749312379298,0.3880894742310708,-0.19356367032450075,0.023699264855500085,2.065996115004017,1.1973426348111254,1.3625892933630444,0.8851927046594023,10402,10375,2,Box 3,ARG_mid_3aer-ARG_mid
2017-07-15 12:58:00,-65.67599487304688,0.24629285321494807,-65.92228772625643,-56.55317436969814,-23.963425375616733,19.78391959405019,-5.189607574991748,-72.980712890625,0.40700435638427734,0.36183929443359375,0.8578763923445176,0.36351022093051927,-0.3001097242893526,0.07872311101431573,2.0842841584747416,1.1683587868578174,1.3302483983026936,0.8982554391401579,10382,10375,3,Box 4,ARG_mid_3aer-ARG_mid
2017-07-15 13:00:00,-73.81681823730469,-6.919024480608084,-66.89779375669096,-38.82761621057745,-33.010803435089635,7.326649556594143,-2.386023667618014,-87.08154296875,0.9452760219573975,5.545001983642578,0.580402043627844,0.49345130207359,-0.10952004760039413,0.03566670189896015,2.520054839048947,1.4812799156456102,1.7003393090443948,0.8878180771927765,9816,10275,0,Box 1,ARG_mid_3aer-ARG_mid
2017-07-15 13:00:00,-89.69415283203125,0.09799325001669787,-89.79214608204062,-55.29233505337659,-39.328660025723934,6.355873993252347,-1.5270249961924387,-103.23687744140625,0.5157151222229004,0.32538604736328125,0.6157814181527358,0.43799665941596294,-0.07078429763161201,0.017006220062913274,2.2654625156428554,1.3375469836787144,1.5568711766299914,0.8656171640386271,10404,10401,1,Box 2,ARG_mid_3aer-ARG_mid
2017-07-15 13:00:00,-67.39706420898438,0.4353627297511071,-67.83242693872992,-54.79456608537902,-25.296344698737972,14.681490706504013,-2.4230068611169453,-75.27935791015625,0.3335580825805664,0.12472915649414062,0.8077930948110196,0.37292406951010404,-0.21643764448771918,0.03572048016659557,2.073644617643751,1.1833452004818679,1.3511371820725986,0.8852800045116966,10397,10382,2,Box 3,ARG_mid_3aer-ARG_mid
2017-07-15 13:00:00,-64.92071533203125,-0.16500525717406586,-64.75571007485188,-55.93696435046912,-22.975705124292848,20.050329475440655,-5.893370075530569,-71.98513793945312,0.39933204650878906,0.4279289245605469,0.8638151644976316,0.3548058556957365,-0.30963029286937394,0.09100927267600578,2.1068142353959347,1.165369303007414,1.3331607537078822,0.897318292589547,10378,10382,3,Box 4,ARG_mid_3aer-ARG_mid
