time,DCRE_total,DCRE_CF,DCRE_A,DCRE_A_Nc,DCRE_A_LWP,DCRE_A_re,DCRE_A_cov,DCRE_sfc,DCRE_lw_toa,DCRE_lw_sfc,frac_Nc,frac_LWP,frac_re,frac_cov,R_Nc,R_LWP,R_tau,R_re,n_any_pix,n_both_pix,box,box_label,pair
2017-07-15 09:04:00,-1.9620513916015625,-0.02319429707360609,-1.9388570945275991,-2.6946112796932855,0.010069827729263582,2.1383878529616136,-1.3927034955251911,-2.1307220458984375,0.0037224292755126953,0.124908447265625,1.3897936507537318,-0.005193692592241867,-1.1029115343246223,0.7183115761631323,0.8770597933805065,1.0002451416682294,0.9690270708821848,1.0091494008087687,9747,9748,0,Box 1,ARG_mid2_3aer-ARG_mid2
2017-07-15 09:04:00,-2.9957122802734375,-0.008968895591391059,-2.9867433846814997,-5.184780239715916,-0.01317696866724026,4.532166473160687,-2.3209526494590293,-3.0779800415039062,0.01620924472808838,0.1830730438232422,1.7359309361185078,0.004411818147760098,-1.5174274751575243,0.7770847208912564,0.8225140800184276,0.9997517422201114,0.9631763947077051,1.0081482230650203,9487,9487,1,Box 2,ARG_mid2_3aer-ARG_mid2
2017-07-15 09:04:00,-1.264373779296875,0.045923759779048674,-1.3102975390756446,-2.95548327771895,0.02662862851772315,2.6584990108794306,-1.0399419007538486,-1.2175521850585938,0.008757352828979492,0.02178192138671875,2.255581796943547,-0.02032258149283287,-2.0289277294643178,0.7936685140136037,0.8968660144845219,1.0004904790049556,0.9840428439959212,1.0038166393793804,8541,8537,2,Box 3,ARG_mid2_3aer-ARG_mid2
2017-07-15 09:04:00,1.3767547607421875,-0.016274764715631423,1.3930295254576042,1.0436024834359598,0.05426884811487522,-0.2087650343768316,0.5039232282836007,1.4150238037109375,-0.004776716232299805,-0.08204269409179688,0.7491603475476523,0.038957428484545684,-0.14986404132981546,0.3617462652976175,0.9425463499235331,0.9984627150094816,0.9740162091623276,1.015382157198629,10061,10062,3,Box 4,ARG_mid2_3aer-ARG_mid2
2017-07-15 09:06:00,2.7139129638671875,-0.1803543578346908,2.8942673217013635,2.0314361558795,0.07644951547079411,-0.7174672602652638,1.5038489106163329,2.59027099609375,-0.017445087432861328,0.013031005859375,0.7018826977894159,0.026414116933004685,-0.24789253393619096,0.5195957192137703,0.9114420832714715,0.9982567085123982,0.9569181864443818,1.0196005505219112,9713,9724,0,Box 1,ARG_mid2_3aer-ARG_mid2
2017-07-15 09:06:00,0.9959945678710938,-0.012925550075776083,1.0089201179466731,1.0539293368063907,0.02744219245340388,-0.5558286929770389,0.4833772816639174,0.9190216064453125,-0.0029914379119873047,0.08687591552734375,1.0446112809716979,0.02719956908903104,-0.550914470917922,0.4791036208571931,0.8436287583167232,0.9977886637524503,0.947185529121454,1.026392477248284,9472,9473,1,Box 2,ARG_mid2_3aer-ARG_mid2
2017-07-15 09:06:00,0.5356521606445312,-0.10210562870769745,0.6377577893521009,1.1552857874300946,0.000979878267719514,-0.7271375665674243,0.20862969022171113,0.6283187866210938,0.003432750701904297,-0.07559585571289062,1.8114804816476662,0.0015364426496695146,-1.1401469001360602,0.3271299758387245,0.9271756308296412,0.9999679345003156,0.9861828147582354,1.0093735914567623,8636,8644,2,Box 3,ARG_mid2_3aer-ARG_mid2
2017-07-15 09:06:00,2.9461212158203125,0.017326886921247453,2.9287943288985567,0.752392201532375,0.2663633553305441,1.6295946570039794,0.2804441150316583,3.025054931640625,-0.014942169189453125,-0.188995361328125,0.2568948574191381,0.09094641870285117,0.5564046068119872,0.09575411706602355,0.9823638627511329,0.9968553089105814,0.9771765626067592,1.0178855793436852,10230,10229,3,Box 4,ARG_mid2_3aer-ARG_mid2
2017-07-15 09:08:00,4.17340087890625,-0.20841650739103568,4.381817386296514,1.1591873318372168,0.1799123455991755,1.5953259189419882,1.4473917899181328,4.124664306640625,-0.02435445785522461,-0.0493927001953125,0.26454487479610717,0.041058841512159945,0.36407859531780906,0.3303176883739237,0.9608720044252487,0.9969073489646213,0.9509509915130742,1.0310551783459947,9663,9676,0,Box 1,ARG_mid2_3aer-ARG_mid2
2017-07-15 09:08:00,3.51116943359375,-0.15180806985312686,3.6629775034462044,3.0380829731170365,0.16841741307699082,-0.325062250239316,0.781539367491493,3.5233612060546875,-0.016211271286010742,-0.018695831298828125,0.8294025748885288,0.04597828212664158,-0.08874262807606402,0.21336177106089368,0.8494279186263012,0.9954869006974131,0.9365182764353869,1.048194678799402,9433,9444,1,Box 2,ARG_mid2_3aer-ARG_mid2
2017-07-15 09:08:00,1.4983673095703125,0.10511599379552998,1.3932513157745074,2.4499735196100603,-0.15012375017822152,-0.9776776581920318,0.07107920453470065,1.6008529663085938,-0.00015485286712646484,-0.06929969787597656,1.7584577110182893,-0.10775066097444727,-0.7017238362689372,0.0510167862250952,0.9374283638884878,1.001981622321626,0.9878262959130175,1.0136961419605162,8588,8580,2,Box 3,ARG_mid2_3aer-ARG_mid2
2017-07-15 09:08:00,2.556640625,0.03587914862557686,2.520761476373976,-0.5989024680210303,0.3704850006041784,3.1652101953729566,-0.41603125158212856,2.65203857421875,-0.01347208023071289,-0.17811965942382812,-0.23758791683952968,0.14697344595138276,1.25565636615726,-0.16504189526911306,1.0153292745249027,0.9953056320970084,0.978882529909676,1.0203654079237894,10220,10218,3,Box 4,ARG_mid2_3aer-ARG_mid2
2017-07-15 09:10:00,3.98724365234375,-0.1237242163673583,4.11096786871039,-0.4413594457298528,0.2263552326641536,3.4329031765604503,0.8930689052156386,3.9659271240234375,-0.024544239044189453,-0.048282623291015625,-0.10736144378289854,0.055061299405183915,0.8350595981761714,0.2172405462015431,1.0147707136684572,0.9962471125720926,0.9554963084181947,1.0323881293850985,9605,9611,0,Box 1,ARG_mid2_3aer-ARG_mid2
2017-07-15 09:10:00,5.5709228515625,-0.2242561805597443,5.795179032121213,4.034045630464674,0.37962438496085665,0.6735250275426434,0.7079839891530394,5.651611328125,-0.025809764862060547,-0.09696578979492188,0.6961037110510268,0.06550692961454592,0.11622160830743353,0.12216775102699381,0.8718134368013468,0.9935661239401641,0.9364217070169475,1.0525434601010222,9467,9483,1,Box 2,ARG_mid2_3aer-ARG_mid2
2017-07-15 09:10:00,1.946502685546875,0.13103136296271,1.815471322583804,0.6051571075279346,1.2103142150558692,0.0,0.0,2.0609283447265625,-0.0013533830642700195,-0.04450416564941406,0.3333333333333333,0.6666666666666666,0.0,0.0,0.9701697704319798,1.0021882530053805,0.9912181989167067,1.0055468680690298,8613,8603,2,Box 3,ARG_mid2_3aer-ARG_mid2
2017-07-15 09:10:00,1.77020263671875,0.04396236821453518,1.7262402685039016,-1.7529692929213927,0.46351833933639125,3.560756121022211,-0.5450648989333073,1.84405517578125,-0.008358001708984375,-0.10009384155273438,-1.0154839537144251,0.26851322367662844,2.062723356643886,-0.31575262660608905,1.0483505096897054,0.993776779309012,0.9846201589917855,1.014251222549131,10218,10216,3,Box 4,ARG_mid2_3aer-ARG_mid2
2017-07-15 09:12:00,3.2705230712890625,-0.19807773814961854,3.468600809438074,-1.1952298825426961,0.3128713831428761,4.4378270850581405,-0.08686777622024698,3.183380126953125,-0.022394180297851562,-0.020172119140625,-0.3445855975384864,0.09020103503739954,1.2794286021564658,-0.025044039655379047,1.040414293124868,0.9948279548298145,0.9623998646871199,1.0346876643836942,9596,9605,0,Box 1,ARG_mid2_3aer-ARG_mid2
2017-07-15 09:12:00,5.541015625,-0.17707699936753588,5.718092624366519,3.5111445348545756,0.44671559317182175,1.315052247338939,0.44518024900118275,5.6306304931640625,-0.027311325073242188,-0.10677337646484375,0.6140412136544499,0.0781231824171983,0.22998092785959856,0.07785467606875329,0.8906211622679241,0.992658288781893,0.9390544255420513,1.0519203523505647,9454,9466,1,Box 2,ARG_mid2_3aer-ARG_mid2
2017-07-15 09:12:00,1.3571701049804688,0.14323615100809853,1.2139339539721292,0.40464465132404304,0.8092893026480861,0.0,0.0,1.4406585693359375,-0.00032770633697509766,-0.010377883911132812,0.3333333333333333,0.6666666666666666,0.0,0.0,1.0155962068493842,1.0020283426617727,0.9970672589019135,0.9955004281971312,8655,8645,2,Box 3,ARG_mid2_3aer-ARG_mid2
2017-07-15 09:12:00,0.717559814453125,0.01652994162571833,0.7010298728272633,-1.8838824110742254,0.3620146474831201,2.5141763593305377,-0.29127872291216916,0.7490386962890625,-0.0037245750427246094,-0.001949310302734375,-2.687306895320311,0.5164040243008619,3.5864040275357016,-0.4155011565162523,1.085674073755957,0.9921330595199542,0.9898555921927649,1.006556100888865,10236,10235,3,Box 4,ARG_mid2_3aer-ARG_mid2
2017-07-15 09:14:00,2.17364501953125,-0.1509337903591097,2.324578809889959,-2.0143775459188427,0.3358275488046201,4.771486936789994,-0.7683581297858133,2.0214691162109375,-0.019930601119995117,0.034648895263671875,-0.8665559271850196,0.14446812789303434,2.052624293265354,-0.3305364939733688,1.0761829059867905,0.9938985352833305,0.9721528466398246,1.0319571786303634,9485,9493,0,Box 1,ARG_mid2_3aer-ARG_mid2
2017-07-15 09:14:00,4.5965423583984375,0.05859274371739457,4.537949614680251,2.18654900149676,0.33903544381687734,2.1019608879710128,-0.089595718604399,4.65325927734375,-0.02689528465270996,-0.09167098999023438,0.48183633296043693,0.07471115208509563,0.4631961714980653,-0.01974365654359783,0.9211494562697697,0.9936526637361512,0.9447646615977893,1.052926757463503,9436,9432,1,Box 2,ARG_mid2_3aer-ARG_mid2
2017-07-15 09:14:00,0.4611968994140625,0.13509716225046398,0.326099737163537,0.10869991238784567,0.21739982477569134,0.0,0.0,0.494842529296875,0.0011802911758422852,0.025587081909179688,0.3333333333333333,0.6666666666666666,0.0,0.0,1.0584286734357111,1.0023946437850224,1.0052173001662887,0.9851927773119717,8702,8693,2,Box 3,ARG_mid2_3aer-ARG_mid2
2017-07-15 09:14:00,-0.4344635009765625,-0.018344473518843815,-0.41611902745765916,-0.13870634248588637,-0.27741268497177274,-0.0,-0.0,-0.4710693359375,0.0011854171752929688,0.10002899169921875,0.3333333333333333,0.6666666666666666,0.0,0.0,1.123336954687359,0.9909316231008279,0.9967333110608483,0.9982142543629213,10241,10242,3,Box 4,ARG_mid2_3aer-ARG_mid2
2017-07-15 09:16:00,1.467803955078125,-0.053137357694178156,1.520941312772062,-3.192337197186857,0.3475868147547395,5.340754607601675,-0.9750629123974961,1.282562255859375,-0.02030658721923828,-0.02109527587890625,-2.0989220099285193,0.22853400840380167,3.5114797413633507,-0.6410917398386333,1.1146539108522748,0.9941082043701327,0.9829096758816805,1.0226323103963522,9485,9487,0,Box 1,ARG_mid2_3aer-ARG_mid2
2017-07-15 09:16:00,3.459991455078125,-0.04386711480285731,3.5038585698803666,0.8579229668617405,0.35540410145534457,2.7666601735934915,-0.47612867203021014,3.48077392578125,-0.024155378341674805,-0.07617568969726562,0.24485091214484517,0.10143220520098768,0.7896038377165304,-0.13588695506236337,0.9642342676935819,0.9924844827572339,0.9516265983336952,1.0499854116875897,9447,9450,1,Box 2,ARG_mid2_3aer-ARG_mid2
2017-07-15 09:16:00,-0.342742919921875,0.06150508441040516,-0.4042480043322145,-0.9915720778179768,-0.054748974552888664,0.33547403939770987,0.30659900864094125,-0.358734130859375,0.0024750232696533203,0.04651641845703125,2.452880576259059,0.1354341245130687,-0.8298718504544909,-0.758442850317637,1.1073152761769316,1.0028181936319385,1.013949280525155,0.9786851654100756,8753,8749,2,Box 3,ARG_mid2_3aer-ARG_mid2
2017-07-15 09:16:00,-1.762359619140625,0.02006910556466776,-1.782428724705019,-0.5941429082350063,-1.1882858164700125,-0.0,-0.0,-1.88031005859375,0.006051540374755859,0.208892822265625,0.3333333333333333,0.6666666666666666,0.0,0.0,1.1607674321711163,0.9918560044889967,1.007291757278956,0.987458307867835,10239,10238,3,Box 4,ARG_mid2_3aer-ARG_mid2
2017-07-15 09:18:00,0.3838653564453125,0.4944466712448242,-0.11058131479949944,-0.03686043826649981,-0.07372087653299962,-0.0,-0.0,0.1538848876953125,-0.013925313949584961,0.020374298095703125,0.3333333333333333,0.6666666666666666,0.0,0.0,1.1518669089110183,0.9967806110466139,0.995214126025048,1.013644719363167,9477,9453,0,Box 1,ARG_mid2_3aer-ARG_mid2
2017-07-15 09:18:00,2.4998931884765625,0.06021819502881449,2.439674993447328,-0.08666563683959704,0.29667293295163893,2.693563073395534,-0.46389537606024767,2.4878692626953125,-0.020865917205810547,-0.046077728271484375,-0.03552343532329939,0.12160346511255252,1.1040663533585902,-0.19014638314784327,1.0039623964940145,0.9932542387887169,0.9635724621140784,1.0381028280732194,9300,9296,1,Box 2,ARG_mid2_3aer-ARG_mid2
2017-07-15 09:18:00,-1.297698974609375,0.42233771831376976,-1.7200366929228363,-3.248681964550807,-0.30097859395347115,1.3616417448116538,0.4679821207697883,-1.3790283203125,0.005573272705078125,0.09263420104980469,1.8887282916217116,0.17498382167767718,-0.7916352891855076,-0.2720768241138811,1.1580561079389988,1.0068207514313503,1.0262362624242227,0.9741922191697862,8785,8758,2,Box 3,ARG_mid2_3aer-ARG_mid2
2017-07-15 09:18:00,-3.0859375,-0.06532660437230263,-3.0206108956272235,-10.126448158833764,0.6314128014854363,6.793714760451567,-0.3192902987304632,-3.28436279296875,0.01117086410522461,0.31349945068359375,3.352450384620303,-0.20903480233071356,-2.2491194646375883,0.10570388234799877,1.2029632302914985,0.9942555385885739,1.0185432431893608,0.9780521408110723,10250,10253,3,Box 4,ARG_mid2_3aer-ARG_mid2
2017-07-15 09:20:00,-0.30255126953125,0.0739164704070333,-0.37646773993822463,-0.12548924664607486,-0.2509784932921497,-0.0,-0.0,-0.54547119140625,-0.00938272476196289,0.023212432861328125,0.3333333333333333,0.6666666666666666,0.0,0.0,1.1863220071167928,0.9943738582672214,0.9996185495860939,1.0079507431096348,9476,9472,0,Box 1,ARG_mid2_3aer-ARG_mid2
2017-07-15 09:20:00,1.339080810546875,-0.016937251228179854,1.356018061774805,-0.7348649153621826,0.2453003967267615,2.2447069315552475,-0.39912435114502126,1.28515625,-0.01492166519165039,0.017488479614257812,-0.5419285598603053,0.18089758804960426,1.6553665432872586,-0.29433557147655764,1.0415790172951624,0.993223846645699,0.9752539995332474,1.0259647375161793,9123,9124,1,Box 2,ARG_mid2_3aer-ARG_mid2
2017-07-15 09:20:00,-2.025726318359375,0.09839949532317949,-2.1241258136821823,-3.6698599649076566,-0.21393774533077145,1.5816568198210395,0.17801507673520658,-2.155609130859375,0.007664918899536133,0.11949348449707031,1.7277036705024251,0.10071801959786428,-0.7446154129068417,-0.08380627719344769,1.196875405472933,1.0052520471844064,1.035281181246088,0.9681767847313905,8777,8771,2,Box 3,ARG_mid2_3aer-ARG_mid2
2017-07-15 09:20:00,-4.359375,-0.04308560711537348,-4.316289392883948,-10.868566595157116,0.20127669707764295,6.652449367717873,-0.3014488625223478,-4.6361083984375,0.016543865203857422,0.42250823974609375,2.5180347298018484,-0.04663188186813374,-1.5412426652127256,0.0698398172790109,1.254201627457511,0.9979049104309903,1.0304376316856731,0.970458309034456,10271,10273,3,Box 4,ARG_mid2_3aer-ARG_mid2
2017-07-15 09:22:00,-1.1263427734375,0.6177628697155619,-1.744105643152753,-0.5813685477175843,-1.1627370954351686,-0.0,-0.0,-1.3869781494140625,-0.0062885284423828125,0.017292022705078125,0.3333333333333333,0.6666666666666666,0.0,0.0,1.2217292561627173,0.9964688602454783,1.0090767406081134,1.0002748904426595,9476,9448,0,Box 1,ARG_mid2_3aer-ARG_mid2
2017-07-15 09:22:00,0.17608642578125,0.2211696967815357,-0.045083271000280256,0.08930960392524662,-0.009976154053141329,-0.14416700667554877,0.019750285803163205,0.069793701171875,-0.008776426315307617,0.10339927673339844,-1.9809921051356596,0.22128283577913666,3.1977938485131783,-0.438084579156655,1.0803364133133861,0.9956935138874892,0.9870818438856707,1.0144865797497447,9102,9088,1,Box 2,ARG_mid2_3aer-ARG_mid2
2017-07-15 09:22:00,-2.9786376953125,-0.016469060962022868,-2.962168634349937,-4.755877628939929,-0.25881958264883814,1.9966640770244393,0.055864500214391294,-3.186065673828125,0.012215018272399902,0.19436264038085938,1.6055391221788529,0.08737503315898738,-0.6740548305963064,-0.018859324741533845,1.2290685372701475,1.0056281230744952,1.043751961909164,0.9626964553712279,8797,8798,2,Box 3,ARG_mid2_3aer-ARG_mid2
2017-07-15 09:22:00,-5.680206298828125,-0.4185027236133397,-5.261703575213936,-11.474726140669432,-0.04342900237818587,6.525900015520624,-0.2694484476869427,-6.0537261962890625,0.022312641143798828,0.5209579467773438,2.180800567086845,0.008253791145279424,-1.2402637134980161,0.051209355265891654,1.3061891448262428,1.0005056077241772,1.0416730292760816,0.9624897696153375,10249,10269,3,Box 4,ARG_mid2_3aer-ARG_mid2
2017-07-15 09:24:00,-1.8267974853515625,0.08611470617712332,-1.9129121915283605,-11.18403837293529,0.6609159044658942,10.360750721590273,-1.7505404446492365,-2.100372314453125,-0.004402637481689453,-0.010700225830078125,5.846603112503336,-0.345502479095939,-5.416218667785445,0.9151180343780476,1.2494507504419412,0.9934413029150306,1.0127780124271624,0.9923711966981769,9479,9475,0,Box 1,ARG_mid2_3aer-ARG_mid2
2017-07-15 09:24:00,-0.8737030029296875,0.0320155286411987,-0.9057185315707104,-0.30190617719023677,-0.6038123543804735,-0.0,-0.0,-1.014068603515625,-0.004205226898193359,0.16911697387695312,0.3333333333333333,0.6666666666666666,0.0,0.0,1.1196152311715946,0.9953292800917042,0.9964814345188305,1.0038487636861186,9183,9181,1,Box 2,ARG_mid2_3aer-ARG_mid2
2017-07-15 09:24:00,-3.6344451904296875,-0.12616216361040714,-3.508283026818667,-5.395786889182078,-0.25873738848302885,2.195589200941478,-0.04934795009503814,-3.8880767822265625,0.0149766206741333,0.2537994384765625,1.5380135661617391,0.07375043190789927,-0.6258301237835,0.014066125713861566,1.256191255370801,1.0054835002837776,1.0506748430279693,0.9576539202284,8933,8940,2,Box 3,ARG_mid2_3aer-ARG_mid2
2017-07-15 09:24:00,-6.8310546875,-0.5371690606292393,-6.293885626869787,-12.31460940242215,-0.4312520936725705,6.757812251092301,-0.3058363818673676,-7.2658233642578125,0.028811931610107422,0.5814094543457031,1.956598853631651,0.06851921360494284,-1.073710685532944,0.04859261829635009,1.3721807796980219,1.0055554902958717,1.0553825200254228,0.955286615604809,10259,10283,3,Box 4,ARG_mid2_3aer-ARG_mid2
2017-07-15 09:26:00,-2.670318603515625,0.1389119449761085,-2.8092305484912714,-10.571412505484023,0.594859751831031,8.477361598477826,-1.3100393933161047,-2.9489898681640625,-0.003504037857055664,-0.033031463623046875,3.7630989422215695,-0.21175184505611586,-3.017680981374308,0.46633388420885424,1.2762668749361632,0.9931601926354056,1.0218431603511868,0.9817733788889125,9477,9471,0,Box 1,ARG_mid2_3aer-ARG_mid2
2017-07-15 09:26:00,-1.61236572265625,0.18110876508185075,-1.7934744877378284,-0.5978248292459427,-1.1956496584918854,-0.0,-0.0,-1.7671661376953125,0.0010590553283691406,0.22320175170898438,0.3333333333333333,0.6666666666666666,0.0,0.0,1.1588305425135332,0.9976608164317787,1.0080066729631945,0.9936816142944439,9194,9183,1,Box 2,ARG_mid2_3aer-ARG_mid2
2017-07-15 09:26:00,-4.3502655029296875,-0.4363692086959167,-3.913896294233114,-6.026239528883307,-0.21788837664115293,2.4185551443992543,-0.08832353310790872,-4.6703948974609375,0.019150614738464355,0.3468475341796875,1.5397034248870112,0.055670452219747896,-0.6179405284608197,0.022566651354060663,1.2801316839931411,1.0044746527181068,1.0549205759092697,0.9533298930694086,9111,9137,2,Box 3,ARG_mid2_3aer-ARG_mid2
2017-07-15 09:26:00,-7.88458251953125,-0.28587596552969846,-7.598706554000429,-13.447848063361999,-0.8968361822953788,7.1659534931465565,-0.41997580148960745,-8.36871337890625,0.03409528732299805,0.6078300476074219,1.7697548875975768,0.11802484750818924,-0.9430491152963336,0.055269380190567596,1.4388799904492993,1.0122069726862246,1.070937012418897,0.9487470317112184,10281,10294,3,Box 4,ARG_mid2_3aer-ARG_mid2
2017-07-15 09:28:00,-3.3756256103515625,0.27166140870271194,-3.6472870190537043,-10.271527302265506,0.47456802187710484,6.953517370042511,-0.8038451087078153,-3.653656005859375,-0.0014300346374511719,-0.0447998046875,2.8162103088148167,-0.13011534858592852,-1.9064903128590671,0.22039535263017895,1.301444701595729,0.9939319132736325,1.0316768837584047,0.9700584520942599,9492,9480,0,Box 1,ARG_mid2_3aer-ARG_mid2
2017-07-15 09:28:00,-2.3609161376953125,-0.05300073666092261,-2.307915401034013,-8.383894436033659,0.3103687984309999,6.179354765788476,-0.41374452921983107,-2.5321807861328125,0.0059583187103271484,0.263824462890625,3.632669738361047,-0.13448014528259816,-2.677461558174943,0.17927196509649423,1.193939405995655,0.9967243576120199,1.0163981952470373,0.9835071983342399,9267,9270,1,Box 2,ARG_mid2_3aer-ARG_mid2
2017-07-15 09:28:00,-5.084808349609375,-0.5831298904044078,-4.501678459204227,-6.756474500756196,-0.25033622279109174,2.5965919653878653,-0.09145970104480376,-5.473785400390625,0.02344346046447754,0.44101715087890625,1.5008789636989213,0.055609529880849,-0.5768052936075029,0.020316800027732618,1.297243977546683,1.004832793745006,1.0595006230578097,0.9495165967089121,9239,9272,2,Box 3,ARG_mid2_3aer-ARG_mid2
2017-07-15 09:28:00,-9.280975341796875,-0.31083411240710895,-8.970141229388423,-14.670284073292695,-1.2960172923471283,7.457878787545127,-0.46171865129372625,-9.82598876953125,0.040841102600097656,0.6607742309570312,1.6354574245976397,0.14448125834418882,-0.8314115237239803,0.05147284078215186,1.5059666652122694,1.0182498938017779,1.0870304698470088,0.9407584327811254,10284,10298,3,Box 4,ARG_mid2_3aer-ARG_mid2
2017-07-15 09:30:00,-3.9104461669921875,0.25500726598036644,-4.1654534329718915,-9.806042369775392,0.38336549129441133,5.689699493809069,-0.43247604829997943,-4.17913818359375,-2.5510787963867188e-05,-0.05736541748046875,2.354135636748472,-0.09203451616092002,-1.3659256033861569,0.10382448279860479,1.3270778135565164,0.9944837560220816,1.0408819750538556,0.9594070517930001,9519,9509,0,Box 1,ARG_mid2_3aer-ARG_mid2
2017-07-15 09:30:00,-2.9182281494140625,-0.28513163613510506,-2.633096513278506,-7.660604838302434,0.3781984042678942,4.834345289824567,-0.18503536906853346,-3.10205078125,0.009367227554321289,0.28574371337890625,2.909352087806347,-0.1436325643061955,-1.8359924391093643,0.070272915609213,1.2223471637707428,0.9950562554462985,1.0232697778139186,0.9740012709443716,9403,9419,1,Box 2,ARG_mid2_3aer-ARG_mid2
2017-07-15 09:30:00,-5.6610260009765625,-0.4521429392833278,-5.208883061692368,-7.65846607545749,-0.2980441751535348,2.8461368523088817,-0.09850966339022456,-6.0858612060546875,0.025195598602294922,0.4816932678222656,1.4702703026259245,0.05721844234619853,-0.546400604237057,0.018911859264933994,1.3219038412174198,1.0054451066352807,1.0653146756871081,0.9449310355488099,9391,9417,2,Box 3,ARG_mid2_3aer-ARG_mid2
2017-07-15 09:30:00,-10.807388305664062,-0.3116179398585198,-10.495770365803985,-15.917188209732803,-1.7582936166154997,7.566569506998036,-0.38685804645371785,-11.422454833984375,0.04606771469116211,0.6876983642578125,1.5165335801926658,0.16752401732646072,-0.7209160684050875,0.03685847088596095,1.5754903421820117,1.0254246991253362,1.105075329443731,0.9313464187624797,10292,10306,3,Box 4,ARG_mid2_3aer-ARG_mid2
2017-07-15 09:32:00,-3.28082275390625,0.8477102406811697,-4.128532994586766,-8.129504256451266,0.11881505609690816,3.9916383396681594,-0.1094821339005663,-3.5064697265625,-0.005581855773925781,-0.10757064819335938,1.9691024068623115,-0.028779001222152188,-0.9668418164277482,0.026518410787588875,1.3540926177527983,0.9977872738707516,1.0526540895628387,0.9491683742227722,9661,9627,0,Box 1,ARG_mid2_3aer-ARG_mid2
2017-07-15 09:32:00,-2.7010955810546875,-0.10446909383392676,-2.596626487220342,-6.032356527006594,0.22933726496833612,3.2403542521949276,-0.033961477377012134,-2.869720458984375,0.004252433776855469,0.22211456298828125,2.3231514261660946,-0.08832123761236024,-1.2479092654037003,0.01307907684996601,1.251769806583317,0.9957404831595218,1.0327450662111126,0.964575113317157,9577,9583,1,Box 2,ARG_mid2_3aer-ARG_mid2
2017-07-15 09:32:00,-5.6302490234375,-0.4727735054479221,-5.157475517988745,-7.397496216261918,-0.3277392368707056,2.636263106448886,-0.0685031713050074,-6.0918731689453125,0.022768497467041016,0.49938201904296875,1.434325027905651,0.06354644549015982,-0.5111537800332491,0.01328230663743829,1.3363425416558996,1.006443352642566,1.0697023785381694,0.9417053851126773,9600,9628,2,Box 3,ARG_mid2_3aer-ARG_mid2
2017-07-15 09:32:00,-11.06689453125,-0.1537063167766349,-10.91318821447178,-15.516792664050621,-2.077889939150699,6.965462807348761,-0.2839684186192217,-11.71575927734375,0.039855003356933594,0.6620903015136719,1.4218386377203762,0.19040173213500036,-0.6382610352226847,0.026020665367308182,1.644644920188903,1.0338734028919825,1.1237134314085417,0.9228473782254837,10311,10318,3,Box 4,ARG_mid2_3aer-ARG_mid2
2017-07-15 09:34:00,-4.0440521240234375,0.7860709576511737,-4.830123081673874,-8.772914923938211,0.08049136788314677,3.8543075430399085,0.007992931341280865,-4.27386474609375,-0.0019805431365966797,-0.07895660400390625,1.816292209451931,-0.016664454822806,-0.7979729455888321,-0.001654809040292804,1.3779306215655176,0.9985304095136366,1.0605998706152215,0.941385365824116,9768,9737,0,Box 1,ARG_mid2_3aer-ARG_mid2
2017-07-15 09:34:00,-3.2937164306640625,-0.9568930500829081,-2.336823380580802,-5.202905392331532,0.3920011330073143,2.394880238823666,0.0792006399197498,-3.4860687255859375,0.005983114242553711,0.24460983276367188,2.2264863641677466,-0.1677495767394646,-1.0248443501230438,-0.03389243730523828,1.2710277016747327,0.9910061234470117,1.0365573391349763,0.9548925633667787,9626,9680,1,Box 2,ARG_mid2_3aer-ARG_mid2
2017-07-15 09:34:00,-6.420684814453125,-0.6029668758552433,-5.817717938596975,-8.186447016698846,-0.3839098414011391,2.8141360013585635,-0.061497081855553526,-6.9462127685546875,0.02646923065185547,0.5802993774414062,1.4071577727044504,0.06598976530885654,-0.48371819174809155,0.010570653734784607,1.3532941792375328,1.0071191879539518,1.0742979059595181,0.9381777953130663,9746,9780,2,Box 3,ARG_mid2_3aer-ARG_mid2
2017-07-15 09:34:00,-12.540802001953125,-0.041387523226784045,-12.499414478724548,-16.60651749831794,-2.608345112109481,6.980639915245168,-0.2651917835422943,-13.269927978515625,0.0461735725402832,0.7270584106445312,1.3285836329841016,0.20867738377259085,-0.5584773532493883,0.02121633649269583,1.6993940558860137,1.0425235285607717,1.142297824439163,0.9152344982069003,10343,10345,3,Box 4,ARG_mid2_3aer-ARG_mid2
2017-07-15 09:36:00,-4.6639862060546875,0.654353218795501,-5.318339424849392,-9.18981106834757,0.0573735082895545,3.7204873431361225,0.09361079207250124,-4.881500244140625,1.8358230590820312e-05,-0.08031463623046875,1.7279474539381836,-0.010787861342862531,-0.699558084945186,-0.017601507650135018,1.3981195925008165,0.9989544166973751,1.0667840976338299,0.9353517194812851,9793,9768,0,Box 1,ARG_mid2_3aer-ARG_mid2
2017-07-15 09:36:00,-3.827362060546875,-0.8759478669127709,-2.951414193633657,-5.5738757225850515,0.34685381815971056,2.0952087448822305,0.18039896590945387,-4.0246429443359375,0.004771709442138672,0.22748565673828125,1.888544052748737,-0.11752122725027582,-0.7098999352248482,-0.06112289027361295,1.2940245043729828,0.9920121563471659,1.046545623687113,0.945259720222955,9672,9720,1,Box 2,ARG_mid2_3aer-ARG_mid2
2017-07-15 09:36:00,-7.374969482421875,-0.547874544687508,-6.827094937733373,-9.286173688931868,-0.5527507166140888,3.1325940284885356,-0.12076456067595297,-7.9766693115234375,0.030744075775146484,0.6909942626953125,1.3601940171663878,0.08096426395933562,-0.45884729259800966,0.017689011472286242,1.3696920878829564,1.0094066834200648,1.080142961501793,0.9357873841971163,9840,9870,2,Box 3,ARG_mid2_3aer-ARG_mid2
2017-07-15 09:36:00,-13.880722045898438,-0.17820004060118777,-13.702522005295283,-17.20672117260681,-3.036894567156392,6.783072189084004,-0.2419784546160851,-14.66583251953125,0.053452491760253906,0.75750732421875,1.2557338835841565,0.2216303368082749,-0.49502363042823166,0.017659410035800238,1.7366055614160343,1.0499122209770637,1.1577864063639927,0.9091764661524991,10366,10373,3,Box 4,ARG_mid2_3aer-ARG_mid2
2017-07-15 09:38:00,-5.00238037109375,0.5646254423639209,-5.567005813456847,-9.054155313334318,0.02769739165007641,3.4095033298759763,0.04994877835141922,-5.176910400390625,-0.0014002323150634766,-0.1118621826171875,1.626395878992646,-0.004975276221757283,-0.612448314969306,-0.008972287801582768,1.4190010728551465,0.9994648757624431,1.0743584058268085,0.9296915222834102,9855,9834,0,Box 1,ARG_mid2_3aer-ARG_mid2
2017-07-15 09:38:00,-4.41363525390625,-1.1151891427235816,-3.298446111182173,-5.700171342837762,0.34633163395565103,1.8015043299248974,0.25388926777504,-4.6209869384765625,0.006058692932128906,0.22420501708984375,1.7281383871979654,-0.1049984211600549,-0.5461675798848303,-0.07697238615308022,1.3108488973007388,0.9918108663238572,1.0535962887599595,0.9375821709189207,9678,9737,1,Box 2,ARG_mid2_3aer-ARG_mid2
2017-07-15 09:38:00,-8.199630737304688,-0.284515885721272,-7.915114851582258,-10.296355732074488,-0.8542971433765657,3.3905102509104874,-0.1549722270416919,-8.873260498046875,0.03432917594909668,0.8043289184570312,1.3008472934560402,0.10793237487966316,-0.428358945446346,0.019579277110642612,1.383569368054337,1.0135600451282984,1.0867522252743615,0.934170941378137,9928,9943,2,Box 3,ARG_mid2_3aer-ARG_mid2
2017-07-15 09:38:00,-15.234451293945312,0.007754593104491134,-15.242205887047657,-18.092685821266123,-3.623428942168202,6.688723700129747,-0.21481482374307695,-16.12255859375,0.062100887298583984,0.8440780639648438,1.18701229699572,0.2377233957485955,-0.43882911369236993,0.014093420948054491,1.773652616632422,1.0590598409148555,1.174590664286763,0.9036887917632755,10378,10378,3,Box 4,ARG_mid2_3aer-ARG_mid2
2017-07-15 09:40:00,-5.53143310546875,0.05520497546979429,-5.586638080937738,-8.635029827792252,0.05415466549258598,2.9905045034937725,0.0037325778681549142,-5.6676025390625,0.00032401084899902344,-0.0987701416015625,1.5456576392975916,-0.009693605475781226,-0.5352959078730594,-0.0006681259487509861,1.4337660749909877,0.998870811276482,1.0808011221867437,0.9241468533418495,9906,9904,0,Box 1,ARG_mid2_3aer-ARG_mid2
2017-07-15 09:40:00,-4.9178009033203125,-1.258010869595172,-3.6597900337246094,-5.9105319057794725,0.3235545165219143,1.6228478168993257,0.30433953863362273,-5.135955810546875,0.00739288330078125,0.23368453979492188,1.6149920764072516,-0.08840794513903555,-0.4434264812857953,-0.0831576499824207,1.3246773556298126,0.9923336585638463,1.059750058550558,0.9318766149195643,9643,9708,1,Box 2,ARG_mid2_3aer-ARG_mid2
2017-07-15 09:40:00,-8.976043701171875,-0.33180746036019454,-8.644236240810425,-11.065858911783845,-1.028426982921641,3.6373620753634177,-0.18731242146835705,-9.720474243164062,0.038482666015625,0.9323806762695312,1.280143046014946,0.11897256787896655,-0.4207846678450337,0.021669053951121064,1.403440484369131,1.0158740799550814,1.0922636671954995,0.9318433541733303,9967,9986,2,Box 3,ARG_mid2_3aer-ARG_mid2
2017-07-15 09:40:00,-16.428802490234375,-0.24079410712553334,-16.188008383106585,-18.21197542010393,-4.022189248682734,6.220299119790882,-0.1741428341108031,-17.40985107421875,0.069580078125,0.9024391174316406,1.1250287860679333,0.24846720816380313,-0.38425351485994014,0.010757520628203676,1.7870232634746863,1.0662081393127456,1.1876906425108251,0.8993780445058985,10380,10390,3,Box 4,ARG_mid2_3aer-ARG_mid2
2017-07-15 09:42:00,-6.470184326171875,0.15515431280539177,-6.625338638976304,-9.612762343300256,-0.05288077602280006,3.08243301654591,-0.042128536199157456,-6.593780517578125,0.006832599639892578,-0.047206878662109375,1.450908831550012,0.007981595946161445,-0.46524912680118996,0.00635869930501648,1.451057318697615,1.0010245337225188,1.0892951853792658,0.9194652813295031,9921,9916,0,Box 1,ARG_mid2_3aer-ARG_mid2
2017-07-15 09:42:00,-5.4063720703125,-2.3043908079641016,-3.1019812623479432,-5.02177008462146,0.4146244698748223,1.2456721052259812,0.2594922471727137,-5.631805419921875,0.007560014724731445,0.207122802734375,1.618891173062856,-0.13366440181556283,-0.4015730592399228,-0.08365371200737026,1.3289173406807813,0.9883292990868172,1.060299384849839,0.9275684570967464,9594,9709,1,Box 2,ARG_mid2_3aer-ARG_mid2
2017-07-15 09:42:00,-9.8370361328125,-0.4604452908731158,-9.376590841938038,-11.845881960355074,-1.1673513093132972,3.8128448168245233,-0.17620238909418912,-10.6336669921875,0.04310131072998047,1.0048561096191406,1.263346365437298,0.12449634723231867,-0.4066344454075006,0.01879173273788387,1.4232071239809303,1.0175409489882608,1.0975889272981203,0.9286928690144248,10042,10065,2,Box 3,ARG_mid2_3aer-ARG_mid2
2017-07-15 09:42:00,-17.774765014648438,-0.19220497355897603,-17.582560041087042,-18.854408027899957,-4.6183286910326915,6.028241005820037,-0.13806432797442938,-18.851318359375,0.0815892219543457,1.0038414001464844,1.0723357681612264,0.2626653160996209,-0.3428534292920487,0.007852345031201358,1.8086234771287741,1.0752719500076882,1.202253746607407,0.8956747576849718,10381,10389,3,Box 4,ARG_mid2_3aer-ARG_mid2
2017-07-15 09:44:00,-6.83123779296875,-0.26007076662293216,-6.571167026344882,-9.181880109077145,-0.07204150590222494,2.7759583174119373,-0.09320372877744974,-6.923980712890625,0.008475303649902344,-0.02944183349609375,1.3972982382376657,0.010963274196714034,-0.42244525307037045,0.01418374063599065,1.4619340749035312,1.0014909196622286,1.0948243531268698,0.915926486929199,9914,9923,0,Box 1,ARG_mid2_3aer-ARG_mid2
2017-07-15 09:44:00,-5.8151702880859375,-1.0118578797769944,-4.80331240830826,-6.951547049944602,0.1691426931739073,1.65157201197616,0.32751993648627414,-6.0414276123046875,0.00719761848449707,0.16218185424804688,1.4472402498576926,-0.03521376058766076,-0.34384022349232296,-0.06818626577770892,1.3548696307805033,0.9963119908950507,1.072455019053749,0.9245807237051678,9629,9677,1,Box 2,ARG_mid2_3aer-ARG_mid2
2017-07-15 09:44:00,-10.643661499023438,-0.34453536761598674,-10.29912613140599,-12.71203229760177,-1.378588034908853,3.9113441876452795,-0.1198499865406455,-11.510940551757812,0.04842114448547363,1.1336860656738281,1.2342826114963195,0.1338548549963874,-0.37977437481012,0.011636908317413153,1.443486277016259,1.0201028282251943,1.1042092135125035,0.9248974240400986,10062,10079,2,Box 3,ARG_mid2_3aer-ARG_mid2
2017-07-15 09:44:00,-19.03887939453125,-0.44104686181007174,-18.597832532718634,-19.32737275561469,-5.0891319617358866,5.953498914218434,-0.13482672958649064,-20.22222900390625,0.0933842658996582,1.0969657897949219,1.039227163789791,0.2736411327923683,-0.3201178902834303,0.00724959370127104,1.8354851864580366,1.0832392937954856,1.2150619072708113,0.8927694153035098,10367,10385,3,Box 4,ARG_mid2_3aer-ARG_mid2
2017-07-15 09:46:00,-7.260101318359375,-0.6392122369956479,-6.620889081362789,-9.006631038438426,-0.08366077654332235,2.5961378101390684,-0.12673507652010949,-7.339141845703125,0.010835647583007812,-0.009197235107421875,1.3603355875257428,0.012635882509921509,-0.392113170638512,0.019141700602847644,1.475096252534722,1.0018070165377597,1.0999357850790905,0.9124489561122353,9906,9928,0,Box 1,ARG_mid2_3aer-ARG_mid2
2017-07-15 09:46:00,-6.399749755859375,-1.0633301532511434,-5.33641960260744,-7.6178912165528105,0.14317138115789282,1.7987610079920848,0.3395392247953928,-6.6508026123046875,0.00922703742980957,0.17177581787109375,1.4275285273351848,-0.026829108619557868,-0.33707263332763193,-0.06362678538799493,1.3646736326997244,0.9970825778964114,1.0753002277691748,0.9229862987622534,9593,9643,1,Box 2,ARG_mid2_3aer-ARG_mid2
2017-07-15 09:46:00,-11.295318603515625,-0.7371944772201977,-10.558124126293961,-12.9654659173981,-1.3621527781025586,3.8416785594676153,-0.07218399026091708,-12.208236694335938,0.052606821060180664,1.2279777526855469,1.2280084759667576,0.1290146584572019,-0.3638599540519036,0.006836819627944135,1.457569355980238,1.0199889086310208,1.1076839919079755,0.9214743127605287,10066,10102,2,Box 3,ARG_mid2_3aer-ARG_mid2
2017-07-15 09:46:00,-20.419082641601562,-0.5498661716543229,-19.86921646994455,-19.844092261788674,-5.656488526535367,5.806227422366288,-0.17486310398679858,-21.71746826171875,0.10667800903320312,1.10247802734375,0.9987355209404517,0.2846860385809241,-0.29222226408118107,0.00880070455980525,1.8509620763266348,1.0917177217048553,1.228132872068231,0.8905338384689129,10355,10377,3,Box 4,ARG_mid2_3aer-ARG_mid2
2017-07-15 09:48:00,-7.66778564453125,-0.08195347913113067,-7.5858321653990535,-9.910036349230431,-0.2618188552256407,2.739285696253984,-0.15326265719696505,-7.7271728515625,0.01328277587890625,0.005130767822265625,1.306387504120204,0.034514190337595965,-0.3611054972648322,0.020203802807032267,1.4943974588688367,1.0053207800730235,1.1079398265532068,0.9092595717163758,9858,9861,0,Box 1,ARG_mid2_3aer-ARG_mid2
2017-07-15 09:48:00,-6.9326934814453125,-1.8330946937283226,-5.099598787716279,-7.4625844333596385,0.2502398257381621,1.8202662497822188,0.2924795701229787,-7.19647216796875,0.011434555053710938,0.15598678588867188,1.4633669714047368,-0.049070492827971164,-0.35694303131587674,-0.05735344726088892,1.3783173219009017,0.9946347529245904,1.075825138615014,0.920664603299485,9566,9649,1,Box 2,ARG_mid2_3aer-ARG_mid2
2017-07-15 09:48:00,-12.0123291015625,-0.43551841338894565,-11.576810688171957,-13.986625047733714,-1.6664381144800482,4.113651688108831,-0.037399214067026926,-12.970596313476562,0.05619049072265625,1.3133735656738281,1.2081587428931413,0.14394621794952994,-0.35533548910078966,0.003230528258118426,1.48108301814281,1.0236744213229882,1.1144566678582106,0.9188628721330494,10114,10135,2,Box 3,ARG_mid2_3aer-ARG_mid2
2017-07-15 09:48:00,-21.622116088867188,-0.4353387015252051,-21.186777387339163,-20.29557232854879,-6.259006063066615,5.468150812988675,-0.10034980871243435,-23.018951416015625,0.11412715911865234,1.1173324584960938,0.9579357897382288,0.29542039115429064,-0.25809261658907806,0.004736435696558627,1.8656951195800118,1.1009374412497965,1.2423516686072718,0.8870834509303255,10361,10378,3,Box 4,ARG_mid2_3aer-ARG_mid2
2017-07-15 09:50:00,-8.063323974609375,-1.011732388948632,-7.051591585659755,-9.191308632800888,-0.17991444143258203,2.5042752983474093,-0.1846438097736928,-8.095184326171875,0.017183303833007812,0.004451751708984375,1.3034374610538282,0.025514018962535964,-0.35513617995689784,0.026184699940533684,1.49895601283067,1.0039694132377197,1.109060412038702,0.9077001703951696,9890,9923,0,Box 1,ARG_mid2_3aer-ARG_mid2
2017-07-15 09:50:00,-7.459564208984375,-1.7353206464693434,-5.724243562514223,-8.14046771929549,0.20580064471980314,1.9076301901668125,0.30279332189465175,-7.7356414794921875,0.014958381652832031,0.15652084350585938,1.4221036597052144,-0.03595246122431077,-0.33325454609568295,-0.05289665238522062,1.3883652989080613,0.9958608705893385,1.079946151178392,0.9183954174519691,9550,9627,1,Box 2,ARG_mid2_3aer-ARG_mid2
2017-07-15 09:50:00,-12.704116821289062,-0.6224283867622548,-12.081688434525162,-14.696512930115043,-1.7739670683688056,4.399637456190507,-0.010845892231820177,-13.728927612304688,0.05967283248901367,1.3993072509765625,1.216428730947708,0.14683105577358208,-0.36415750000785574,0.0008977132865656823,1.5039242951235745,1.0249346562625123,1.1183160532120635,0.9165902139101403,10116,10146,2,Box 3,ARG_mid2_3aer-ARG_mid2
2017-07-15 09:50:00,-22.844528198242188,-0.573601496040361,-22.27092670219887,-20.604351533142413,-6.782768615118349,5.097208042731036,0.01898540333085653,-24.3424072265625,0.12317657470703125,1.1189994812011719,0.9251681265291978,0.30455708942047155,-0.2288727411701182,-0.0008524747795511378,1.8775164219649654,1.1092531312631224,1.254789340285499,0.8838443979540059,10365,10387,3,Box 4,ARG_mid2_3aer-ARG_mid2
2017-07-15 09:52:00,-8.380340576171875,-0.7030759383344793,-7.677264637836331,-9.851878833752705,-0.3076355095824722,2.704761663973458,-0.22251195847461128,-8.408477783203125,0.017190933227539062,-0.00107574462890625,1.2832537757261995,0.04007097893517091,-0.35230798879114,0.02898323412976961,1.51312047929044,1.0064874682428453,1.113584785059116,0.9066491846952386,9928,9952,0,Box 1,ARG_mid2_3aer-ARG_mid2
2017-07-15 09:52:00,-7.9658050537109375,-1.7375748637600728,-6.228230189949986,-8.70841840087092,0.1775054407942426,1.992306789566863,0.31037598055982807,-8.265716552734375,0.018592357635498047,0.15830612182617188,1.3982171716971896,-0.02850014135326427,-0.31988329409881067,-0.04983373624511467,1.4029687624182468,0.9965551676566705,1.0840668670128288,0.9155842209845236,9559,9634,1,Box 2,ARG_mid2_3aer-ARG_mid2
2017-07-15 09:52:00,-13.500335693359375,-0.6802549677993418,-12.820080725558304,-15.595783859263765,-1.9804276039413455,4.730556974491843,0.02557376315496327,-14.587005615234375,0.06322669982910156,1.4864349365234375,1.216512141625737,0.154478559561106,-0.368995880428501,-0.001994820758341953,1.5276824437257999,1.0272702311813466,1.1231206917832068,0.9144451962955457,10133,10165,2,Box 3,ARG_mid2_3aer-ARG_mid2
2017-07-15 09:52:00,-24.16961669921875,-0.4494295852514068,-23.720187113964247,-21.27148409143817,-7.472943596949603,4.91526238519626,0.10897818922726771,-25.752960205078125,0.13210535049438477,1.0759658813476562,0.8967671287430736,0.3150457271287808,-0.20721853337753013,-0.0045943224943243155,1.8892061356257728,1.1182276554352233,1.2667606705195877,0.8817873121852269,10376,10392,3,Box 4,ARG_mid2_3aer-ARG_mid2
2017-07-15 09:54:00,-8.90936279296875,-0.28818631560042196,-8.621176477367175,-10.856007837510035,-0.5072601709890302,2.9905806427855697,-0.2484891116536802,-8.946868896484375,0.023201942443847656,0.01873779296875,1.2592257989393758,0.058838857123586295,-0.3468877653341884,0.028823109271226333,1.5267334659526317,1.009934667171549,1.1185219194104117,0.905838690643787,9963,9971,0,Box 1,ARG_mid2_3aer-ARG_mid2
2017-07-15 09:54:00,-8.614974975585938,-1.4119428437456218,-7.203032131839311,-9.750684630878894,0.06432416827108375,2.151964094079279,0.331364236689219,-8.95391845703125,0.023961782455444336,0.192169189453125,1.3536916748959487,-0.008930151510327696,-0.2987580861352856,-0.046003437250335344,1.4153139794872704,0.9988549370536329,1.089296292499206,0.9133716978063122,9536,9596,1,Box 2,ARG_mid2_3aer-ARG_mid2
2017-07-15 09:54:00,-14.107528686523438,-0.4796393322157792,-13.627889354305811,-16.337870971530684,-2.2829866367680323,4.969019994259519,0.02394825973338459,-15.239410400390625,0.06458783149719238,1.5180015563964844,1.1988555635263238,0.16752312683304177,-0.3646213925775328,-0.0017572977818328117,1.5525852496746626,1.0312136434374826,1.1301123523918266,0.9122916038329085,10160,10182,2,Box 3,ARG_mid2_3aer-ARG_mid2
2017-07-15 09:54:00,-25.34759521484375,-0.304539525439478,-25.043055689401037,-21.688783102907646,-8.15309545304235,4.641639073095428,0.15718379345353206,-26.99310302734375,0.1432332992553711,1.0366935729980469,0.8660597720943048,0.3255631243312286,-0.18534635432128627,-0.0062765421042471625,1.892166853881936,1.1273436547290276,1.2781961472091588,0.8806224581037815,10383,10393,3,Box 4,ARG_mid2_3aer-ARG_mid2
2017-07-15 09:56:00,-9.398468017578125,0.2642430151394167,-9.662711032716244,-11.984960903783776,-0.7192564208860713,3.337594594012045,-0.29608830205844067,-9.4580078125,0.028492450714111328,0.055713653564453125,1.240331089608786,0.07443629623723563,-0.34540974915958217,0.030642363313560517,1.5413958946713822,1.0130681707193119,1.123313776471788,0.9050760192294229,9972,9964,0,Box 1,ARG_mid2_3aer-ARG_mid2
2017-07-15 09:56:00,-8.839004516601562,-0.7977406622509121,-8.041263854349515,-10.45746456938273,-0.12200377375649542,2.1995410250009315,0.3386634637887787,-9.183135986328125,0.02406597137451172,0.1638641357421875,1.3004752435435,0.015172213717437422,-0.2735317563060937,-0.04211570095484379,1.4255513963184387,1.0020703996583178,1.0951367705509274,0.911523006893294,9561,9594,1,Box 2,ARG_mid2_3aer-ARG_mid2
2017-07-15 09:56:00,-14.717254638671875,-0.6729066198737016,-14.044348018796354,-16.716994844914296,-2.4324598977737386,5.109933698727823,-0.004826974836142275,-15.900070190429688,0.06655263900756836,1.5460166931152344,1.190300526769985,0.17319849198540496,-0.36384271394363815,0.0003436951882481165,1.5732873093477693,1.0335193026442315,1.1353097919040682,0.9103809284770737,10229,10261,2,Box 3,ARG_mid2_3aer-ARG_mid2
2017-07-15 09:56:00,-26.5811767578125,-0.03240728789212939,-26.54876946991694,-22.390689459257647,-8.900116997631867,4.521327195845172,0.22070979112740255,-28.33135986328125,0.1513538360595703,0.9887542724609375,0.8433795579350329,0.3352365166196048,-0.17030270276625809,-0.008313371788379653,1.9035371783021582,1.136479704532102,1.2897113040735002,0.8793274135816268,10396,10396,3,Box 4,ARG_mid2_3aer-ARG_mid2
2017-07-15 09:58:00,-9.844940185546875,0.2231953730564109,-10.06813555860196,-12.350935251692635,-0.8317099113541481,3.3757472918071465,-0.26123768736232367,-9.923370361328125,0.029075145721435547,0.04332733154296875,1.2267350970597837,0.08260813598636504,-0.3352902106014051,0.02594697755525638,1.5479298904369616,1.0148197482176362,1.1260559592901354,0.9039965272323857,10067,10060,0,Box 1,ARG_mid2_3aer-ARG_mid2
2017-07-15 09:58:00,-9.255645751953125,-1.4362210507778375,-7.819424701174219,-10.296087777689676,-0.011505338002409476,2.18545224740021,0.3027161671176565,-9.63262939453125,0.027727127075195312,0.20042800903320312,1.316732134544827,0.0014713790901627014,-0.279490158281341,-0.03871335535364878,1.434288912512993,1.0002015347585438,1.0956021459575027,0.9097028316878022,9535,9594,1,Box 2,ARG_mid2_3aer-ARG_mid2
2017-07-15 09:58:00,-15.646041870117188,-0.5912791574894789,-15.054762712625786,-17.701549645370985,-2.7743061412550976,5.488247442315058,-0.06715436831476154,-16.910171508789062,0.07086634635925293,1.6370964050292969,1.1758106044757153,0.18428096106280079,-0.3645522381905295,0.004460672652013442,1.5981947765387874,1.0374259565527395,1.1421613713088876,0.9088393979098308,10265,10289,2,Box 3,ARG_mid2_3aer-ARG_mid2
2017-07-15 09:58:00,-27.876678466796875,-0.0001173379939832544,-27.876561128799327,-22.891436486540588,-9.577813723192717,4.3279351378108935,0.26475394312308265,-29.75445556640625,0.15986108779907227,0.923583984375,0.8211714630357114,0.3435794565527618,-0.1552535521800677,-0.00949736740840551,1.9060457148009557,1.1444692108496042,1.2993102920266117,0.8786405895070543,10404,10404,3,Box 4,ARG_mid2_3aer-ARG_mid2
2017-07-15 10:00:00,-10.37310791015625,-0.5020667902321675,-9.871041119922799,-12.140657027553539,-0.7736866454540513,3.301623725998293,-0.25832117291350093,-10.47698974609375,0.029057025909423828,0.003910064697265625,1.229926699732813,0.0783794369868963,-0.3344757342094949,0.02616959748978548,1.5531700395275674,1.0141282921560382,1.126740634267577,0.9028698572325515,10128,10144,0,Box 1,ARG_mid2_3aer-ARG_mid2
2017-07-15 10:00:00,-9.670745849609375,-2.0888666118280397,-7.581879237780295,-10.05371035051369,0.06558470718554757,2.135407316328501,0.27083908921934574,-10.053466796875,0.03011345863342285,0.20824813842773438,1.3260182647616343,-0.008650191480067473,-0.28164617891667615,-0.035721894364890705,1.4437202045273012,0.9988029388677672,1.0967072344268132,0.9077306235030685,9588,9672,1,Box 2,ARG_mid2_3aer-ARG_mid2
2017-07-15 10:00:00,-16.542251586914062,-1.0898825990700658,-15.452368987842023,-18.007269555123557,-2.8744031547801963,5.572772122804699,-0.1434684007429701,-17.8536376953125,0.07394695281982422,1.6146469116210938,1.1653403804485731,0.18601698917763268,-0.36064192663205075,0.009284557005844962,1.612639388776839,1.03887674799798,1.1464730406695294,0.9073009097212987,10276,10324,2,Box 3,ARG_mid2_3aer-ARG_mid2
2017-07-15 10:00:00,-29.52264404296875,-0.0019545236360826663,-29.520689519328933,-23.909126707104168,-10.372259410233939,4.510971724483969,0.24972487352520537,-31.55364990234375,0.17298364639282227,0.8525810241699219,0.8099108488455006,0.3513555943008245,-0.15280712605070998,-0.008459317095615121,1.919666457078146,1.1519523508285567,1.3078762311338585,0.8787832975934969,10404,10404,3,Box 4,ARG_mid2_3aer-ARG_mid2
2017-07-15 10:02:00,-10.616912841796875,0.15870107289764923,-10.775613914693162,-12.991588933357717,-1.0276550674682787,3.5232816288141526,-0.27965154268131853,-10.74505615234375,0.026283740997314453,-0.03778839111328125,1.2056472175235369,0.09536858647719483,-0.3269680648088141,0.025952260808082384,1.568628113637574,1.01796528818928,1.1325482617241693,0.9017354539219788,10167,10163,0,Box 1,ARG_mid2_3aer-ARG_mid2
2017-07-15 10:02:00,-10.085708618164062,-2.36321502930715,-7.722493588855875,-10.193417601302254,0.07655903082058775,2.1159725944212973,0.2783923872044946,-10.49786376953125,0.03347945213317871,0.24421310424804688,1.3199645275215384,-0.009913770719223135,-0.27400121088799617,-0.03604954591431908,1.4507258928088365,0.9986037571782358,1.0985137088160886,0.9059760054113424,9601,9696,1,Box 2,ARG_mid2_3aer-ARG_mid2
2017-07-15 10:02:00,-17.173721313476562,-1.2275089512730177,-15.946212362201498,-18.218228097310053,-3.08539041694244,5.519241022090572,-0.1618348700395759,-18.514923095703125,0.07445240020751953,1.5302696228027344,1.1424799622319144,0.1934873527870463,-0.34611611188455277,0.010148796865592058,1.6275719162816031,1.0421085050973504,1.1527087527552133,0.9053567192103026,10283,10336,2,Box 3,ARG_mid2_3aer-ARG_mid2
2017-07-15 10:02:00,-30.7977294921875,-0.0006743063924714054,-30.79705518579114,-24.69161038499848,-10.975897306046749,4.77907911538261,0.0913733898714771,-32.972625732421875,0.18732357025146484,0.7431373596191406,0.8017523180719716,0.3563943773140591,-0.15517974321088782,-0.0029669521751428396,1.9255883468739685,1.1567698808634952,1.3131337392629163,0.8802114124004852,10404,10404,3,Box 4,ARG_mid2_3aer-ARG_mid2
2017-07-15 10:04:00,-11.100433349609375,0.4758283170114632,-11.5762616666194,-13.712196311144654,-1.244328510929245,3.693541430633808,-0.31327827517930973,-11.225433349609375,0.026078224182128906,-0.07493209838867188,1.1845098794444413,0.10748966693775718,-0.31906167439910915,0.027062128016910658,1.5805179910634959,1.0209868260598878,1.1374811803519287,0.9007201698571563,10216,10201,0,Box 1,ARG_mid2_3aer-ARG_mid2
2017-07-15 10:04:00,-10.454971313476562,-2.090668974764245,-8.364302338711184,-10.722674905173589,-0.07844536510516796,2.1621779354412842,0.2746399961262883,-10.899566650390625,0.03444552421569824,0.2660675048828125,1.2819568770903367,0.009378590338863246,-0.25850069113767166,-0.032834776291528256,1.4647779708676592,1.001397216548653,1.1043426421271545,0.9038310001429508,9645,9729,1,Box 2,ARG_mid2_3aer-ARG_mid2
2017-07-15 10:04:00,-17.682098388671875,-1.0982832279241612,-16.58381516074563,-18.372643662376053,-3.3598864675251283,5.2737831432834055,-0.12506817412785484,-19.050750732421875,0.07449865341186523,1.4802207946777344,1.1078659213390554,0.20260033261092278,-0.31800783427486595,0.0075415803248877755,1.6397406437448139,1.0462571550935444,1.1604362473734753,0.9026190635685328,10267,10313,2,Box 3,ARG_mid2_3aer-ARG_mid2
2017-07-15 10:04:00,-32.18792724609375,-0.00099952913683151,-32.18692771695294,-25.43029449070255,-11.496344180807935,4.857701320218879,-0.11799036566133204,-34.5123291015625,0.19918107986450195,0.6533889770507812,0.790081449038342,0.357174324990104,-0.15092155930310536,0.0036657852746593833,1.9343293642069188,1.1608238014276286,1.3209502152499004,0.879676515847521,10404,10404,3,Box 4,ARG_mid2_3aer-ARG_mid2
2017-07-15 10:06:00,-11.800994873046875,0.36436801916891404,-12.165362892214272,-14.279246876180023,-1.4018392072175572,3.8218042408932864,-0.30608104970997857,-11.98150634765625,0.03046560287475586,-0.063262939453125,1.1737625094043531,0.11523200907674709,-0.3141545611713078,0.025160042690207607,1.5854464264055645,1.022880169507565,1.139830965229528,0.9003563174059959,10266,10255,0,Box 1,ARG_mid2_3aer-ARG_mid2
2017-07-15 10:06:00,-10.950714111328125,-2.645186260018146,-8.305527851308849,-10.63066547239652,-0.09220053460400134,2.170330566545737,0.2470075891459366,-11.428497314453125,0.03714418411254883,0.2848052978515625,1.2799506139421661,0.011101104740678422,-0.2613115753026726,-0.029740143380171946,1.475231776801669,1.0016875331626947,1.1065619240327358,0.9025030992508458,9614,9718,1,Box 2,ARG_mid2_3aer-ARG_mid2
2017-07-15 10:06:00,-18.308074951171875,-1.2410738195820785,-17.06700113158769,-18.460539414591178,-3.548274958275506,5.0780861261528845,-0.13627288487389116,-19.71185302734375,0.07733798027038574,1.4512596130371094,1.081651033609198,0.20790266145282787,-0.29753827793181176,0.007984582869785872,1.649529524018339,1.0492747998974303,1.166766759030201,0.9004094299438757,10252,10302,2,Box 3,ARG_mid2_3aer-ARG_mid2
2017-07-15 10:06:00,-33.37994384765625,-0.0009729474690576164,-33.37897090018309,-26.019450404326776,-11.924161251366272,4.824280984229729,-0.25964022871977477,-35.85687255859375,0.20867490768432617,0.6091423034667969,0.779516255373351,0.3572357364468916,-0.14453054884934355,0.007778557029100935,1.9419559955048602,1.1642520000912575,1.3281761139054442,0.8785168148950142,10404,10404,3,Box 4,ARG_mid2_3aer-ARG_mid2
2017-07-15 10:08:00,-12.5872802734375,0.4732977516686054,-13.060578025104505,-15.10548384671079,-1.6235234080645589,3.9158494030076487,-0.2474201733368047,-12.8206787109375,0.03774547576904297,-0.012439727783203125,1.1565708514336541,0.12430716350715022,-0.2998220595965021,0.018944044655697767,1.5970157738152786,1.0254765710230027,1.1444462569755622,0.89833924627751,10272,10259,0,Box 1,ARG_mid2_3aer-ARG_mid2
2017-07-15 10:08:00,-11.378936767578125,-2.1650331076021545,-9.213903659974742,-11.465590996141028,-0.3030514793557857,2.309619039449849,0.2451197760722235,-11.88427734375,0.04111123085021973,0.291046142578125,1.2443793010282527,0.03289067159148226,-0.25066672332193457,-0.02660324929780039,1.487637859515833,1.0052629360878467,1.1122618257940748,0.901246064590117,9587,9671,1,Box 2,ARG_mid2_3aer-ARG_mid2
2017-07-15 10:08:00,-18.8560791015625,-1.1280965978024362,-17.72798250375789,-18.637219966045592,-3.815042499615653,4.813465981622672,-0.08918601971931561,-20.270172119140625,0.07781481742858887,1.3654060363769531,1.0512882648713675,0.21519890934047115,-0.27151797902566394,0.005030804813825285,1.6572338029400733,1.0530620237635853,1.1737086373630465,0.8979323017822121,10276,10323,2,Box 3,ARG_mid2_3aer-ARG_mid2
2017-07-15 10:08:00,-34.26068115234375,-0.0006410198171061856,-34.26004013252249,-26.18808185495799,-12.295277008517873,4.536929659693271,-0.31361092873989943,-36.820068359375,0.21504735946655273,0.560516357421875,0.7643914529480681,0.358880986740181,-0.13242627977503268,0.009153840086783605,1.945478894869622,1.1690923673379339,1.336711684842035,0.8769297625307048,10404,10404,3,Box 4,ARG_mid2_3aer-ARG_mid2
2017-07-15 10:10:00,-13.269256591796875,-0.9024745302103105,-12.366782061585026,-14.423484912623541,-1.4557581732292464,3.689865647088445,-0.1774046228206826,-13.53338623046875,0.04504585266113281,0.00726318359375,1.1663086517411234,0.11771519591594265,-0.2983691010897885,0.014345253432722416,1.6003376790916624,1.024013095226533,1.1438368674571766,0.8969715488234632,10266,10291,0,Box 1,ARG_mid2_3aer-ARG_mid2
2017-07-15 10:10:00,-11.926345825195312,-2.81983763213773,-9.10650819305641,-11.359797733727474,-0.2971091903877045,2.345130128576779,0.2052686024819883,-12.47576904296875,0.04529690742492676,0.31360626220703125,1.2474372715536748,0.03262602790103964,-0.2575224310855954,-0.022540868369119005,1.4978389486161507,1.0052974855404697,1.114004191968236,0.9002246517056217,9557,9665,1,Box 2,ARG_mid2_3aer-ARG_mid2
2017-07-15 10:10:00,-19.297592163085938,-1.1640607272112768,-18.133531435872456,-18.48668253045899,-4.021688649579134,4.420958993481963,-0.04611924931629521,-20.74493408203125,0.0780644416809082,1.3089027404785156,1.019475031426472,0.22178187761173054,-0.24380022220802783,0.002543313169825284,1.663641606500619,1.05692761202012,1.18107902301676,0.8952619275012484,10281,10329,2,Box 3,ARG_mid2_3aer-ARG_mid2
2017-07-15 10:10:00,-35.02191162109375,-0.0008046876881385788,-35.02110693340137,-26.241626396390995,-12.703265653235478,4.228149154571017,-0.3043640383459126,-37.650726318359375,0.21660423278808594,0.515655517578125,0.7493088795363876,0.3627316999828964,-0.1207314538233062,0.008690874304022225,1.9485047373309188,1.17522373108316,1.3454729304335977,0.8757207170627227,10404,10404,3,Box 4,ARG_mid2_3aer-ARG_mid2
2017-07-15 10:12:00,-13.90545654296875,-0.8508101679220806,-13.054646375045092,-15.027350825209862,-1.6585845524986702,3.751408258451473,-0.12011925578803352,-14.2291259765625,0.050785064697265625,0.003307342529296875,1.1511112896888374,0.12704936655114424,-0.2873619208577387,0.00920126461775711,1.611146211655516,1.0266699522905183,1.1481038019551424,0.8953680621558312,10252,10280,0,Box 1,ARG_mid2_3aer-ARG_mid2
2017-07-15 10:12:00,-12.544448852539062,-2.3840607198642614,-10.1603881326735,-12.322047362351542,-0.5834681202085832,2.5959250108560346,0.14920233903059066,-13.13531494140625,0.05175900459289551,0.3392219543457031,1.2127536075838123,0.0574257708061646,-0.2554946697861009,-0.014684708603876051,1.5110132425910405,1.0098208090291396,1.120141963446141,0.9000107313780301,9599,9688,1,Box 2,ARG_mid2_3aer-ARG_mid2
2017-07-15 10:12:00,-19.8448486328125,-1.4119603610039781,-18.432888271806267,-18.24901994411657,-4.217181151665293,3.984275393924172,0.04903743005142329,-21.29339599609375,0.07842016220092773,1.2063980102539062,0.990024985505341,0.22878569486669192,-0.21615035772870483,-0.0026603226433281058,1.6748752799648474,1.061402601320908,1.1896331858771745,0.8917979175021088,10257,10312,2,Box 3,ARG_mid2_3aer-ARG_mid2
2017-07-15 10:12:00,-35.68572998046875,-0.00039455492701640307,-35.685335425537446,-26.344094933148934,-13.177489890617256,4.1502250016289315,-0.3139756034001854,-38.4296875,0.22189569473266602,0.4904327392578125,0.738233075828015,0.36926904941426075,-0.11630057423136654,0.008798448989090782,1.954761383576709,1.1825064172301978,1.3534342057982582,0.8760377093639942,10404,10404,3,Box 4,ARG_mid2_3aer-ARG_mid2
2017-07-15 10:14:00,-14.3345947265625,-0.34767661385565857,-13.98691811270519,-15.736684513821523,-2.0237344317471098,3.8478136073996208,-0.0743127745361789,-14.6654052734375,0.053080081939697266,-0.044677734375,1.125100210569397,0.14468765852778,-0.27510088901603075,0.005313019918853745,1.6233619306424003,1.0316435947730085,1.1543559293139143,0.8943781080807802,10298,10304,0,Box 1,ARG_mid2_3aer-ARG_mid2
2017-07-15 10:14:00,-12.964096069335938,-3.7302480394311446,-9.23384802990362,-11.413132711015685,-0.3879310033775952,2.4542240304955856,0.11299165399407488,-13.599578857421875,0.05791974067687988,0.3874664306640625,1.23601045566859,0.04201184621203305,-0.2657856207452877,-0.012236681135335326,1.5144947081071656,1.0070792312388699,1.1184472075755019,0.8991937050999572,9526,9664,1,Box 2,ARG_mid2_3aer-ARG_mid2
2017-07-15 10:14:00,-20.359634399414062,-1.6136408645308276,-18.74599353488101,-17.984328906007004,-4.441889977441575,3.575607105887346,0.1046182426802248,-21.813751220703125,0.0814809799194336,1.1113471984863281,0.959369204547267,0.23695143013767025,-0.19073980257350187,-0.005580832111435424,1.6860433960043812,1.0666373357253423,1.1990178971633476,0.8886918612289216,10251,10313,2,Box 3,ARG_mid2_3aer-ARG_mid2
2017-07-15 10:14:00,-36.510406494140625,-0.000413623968411751,-36.509992870167885,-26.609732318058473,-13.716977060526453,4.208713271406346,-0.3919967629893065,-39.407958984375,0.22603940963745117,0.4664764404296875,0.7288342238982232,0.37570473128562343,-0.11527565306224045,0.010736697878393861,1.959932520223672,1.1893872583348224,1.3603694713118837,0.8772056858715034,10404,10404,3,Box 4,ARG_mid2_3aer-ARG_mid2
2017-07-15 10:16:00,-15.15509033203125,1.5062558354619373,-16.661346167491224,-18.04041424406395,-2.888984855863996,4.323329809717536,-0.055276877280813555,-15.558990478515625,0.06256389617919922,-0.032466888427734375,1.082770507419352,0.17339444405163593,-0.25948262320802135,0.0033176717370332898,1.642485042196042,1.040531319164175,1.165044723513679,0.893578400132482,10318,10274,0,Box 1,ARG_mid2_3aer-ARG_mid2
2017-07-15 10:16:00,-13.401412963867188,-3.824294552196089,-9.577118411669895,-11.707165876167181,-0.5109398830394233,2.5282536051153994,0.11273374242131075,-14.070281982421875,0.06468582153320312,0.403076171875,1.2224100583221134,0.05335006429667129,-0.2639889679169755,-0.011771154701809117,1.5268634208337555,1.0092780485450858,1.1223275458995539,0.8980514937957225,9514,9654,1,Box 2,ARG_mid2_3aer-ARG_mid2
2017-07-15 10:16:00,-21.193069458007812,-2.142789008782834,-19.050280449222694,-17.962912965732087,-4.583691481992772,3.3245072786865006,0.17181671981566313,-22.684600830078125,0.08968734741210938,1.0555229187011719,0.9429211823737232,0.24061018388733482,-0.17451224865417403,-0.009019117606884036,1.699309847880605,1.0699905330067472,1.2061573479981889,0.8856085001633394,10235,10319,2,Box 3,ARG_mid2_3aer-ARG_mid2
2017-07-15 10:16:00,-37.485198974609375,-0.0008513704920462038,-37.4843476041129,-27.051114126061897,-14.246594985522652,4.238373213540893,-0.42501170606924027,-40.580780029296875,0.2340259552001953,0.4439506530761719,0.7216642640218651,0.38006783887468465,-0.11307048099927035,0.011338378102720578,1.9638409778419887,1.194491056233883,1.3657915808415941,0.8776745614197117,10404,10404,3,Box 4,ARG_mid2_3aer-ARG_mid2
2017-07-15 10:18:00,-15.745758056640625,1.961817847825764,-17.70757590446428,-18.75484527926557,-3.3362038459743153,4.407485226538407,-0.02401200576280461,-16.20263671875,0.06701850891113281,-0.04754638671875,1.0591424473034312,0.1884054522185174,-0.24890392961281785,0.0013560300908692369,1.6531324298945114,1.045723378293753,1.1714015297185496,0.892902826100448,10312,10255,0,Box 1,ARG_mid2_3aer-ARG_mid2
2017-07-15 10:18:00,-13.75286865234375,-3.03061565645395,-10.72225299588847,-12.636307145279392,-0.8796428774053282,2.642041466420253,0.1516555603759973,-14.458984375,0.06813955307006836,0.4026832580566406,1.1785123098778663,0.08203899663089782,-0.24640730520286774,-0.014144001305896325,1.5419447462793283,1.0151867826900296,1.1303003115444588,0.8966020626604722,9512,9619,1,Box 2,ARG_mid2_3aer-ARG_mid2
2017-07-15 10:18:00,-21.993927001953125,-1.3758648653386258,-20.61806213661206,-18.966123677066903,-5.246976848825705,3.311738720351241,0.2832996689293081,-23.5625,0.09656405448913574,1.0418701171875,0.9198790629012722,0.2544844813280732,-0.16062318070477125,-0.013740363524574167,1.720733202674777,1.0779660107905886,1.2173478249608574,0.8831139690017328,10240,10293,2,Box 3,ARG_mid2_3aer-ARG_mid2
2017-07-15 10:18:00,-38.654937744140625,-0.0013815941462705494,-38.653556149989804,-27.488962038392557,-14.832841538984841,4.119604363436997,-0.45135693604940125,-41.97747802734375,0.2419877052307129,0.4307060241699219,0.7111625624231164,0.3837380830221168,-0.10657762891081583,0.011676983465582644,1.963452406890986,1.1996534837791009,1.3719660517927712,0.8776395993650573,10404,10404,3,Box 4,ARG_mid2_3aer-ARG_mid2
2017-07-15 10:20:00,-15.989166259765625,0.43187142517908106,-16.4210376849428,-17.486583510283594,-3.0375742570186817,4.11424591835713,-0.011125835997655714,-16.45318603515625,0.06845283508300781,-0.07246017456054688,1.0648890676572675,0.18498065197207192,-0.2505472551305129,0.000677535501173443,1.649320540493935,1.0444169377887722,1.169556456790811,0.8930973530918718,10338,10327,0,Box 1,ARG_mid2_3aer-ARG_mid2
2017-07-15 10:20:00,-14.02239990234375,-1.9823637684201625,-12.040036133922085,-13.595869086247225,-1.3430187772711542,2.6963444278118853,0.20250730178440923,-14.75555419921875,0.07079696655273438,0.4033012390136719,1.1292216181927954,0.1115460753051462,-0.2239482006382934,-0.016819492859648233,1.553758414686802,1.022003923984285,1.1389226317254595,0.8953815395659712,9492,9563,1,Box 2,ARG_mid2_3aer-ARG_mid2
2017-07-15 10:20:00,-22.878173828125,-1.0357618776195474,-21.842411950502907,-19.69606701656357,-5.759939999618019,3.1844718752857784,0.42912319039290386,-24.4892578125,0.10118961334228516,0.9669265747070312,0.9017349851837256,0.26370439366635057,-0.14579305080877106,-0.019646328041305144,1.736132850680386,1.084006669912041,1.2262067373775472,0.8804978603413108,10238,10278,2,Box 3,ARG_mid2_3aer-ARG_mid2
2017-07-15 10:20:00,-39.66900634765625,-0.0005837650463055632,-39.66842258260533,-27.88027933382445,-15.311778924602327,4.02957950723819,-0.5059438314167436,-43.238616943359375,0.24632692337036133,0.41717529296875,0.7028330727234412,0.38599414667213333,-0.10158154130901005,0.01275432191343552,1.9649835511839198,1.203804571936234,1.3776269287919354,0.8774025544542383,10404,10404,3,Box 4,ARG_mid2_3aer-ARG_mid2
2017-07-15 10:22:00,-16.561767578125,0.06949770671947111,-16.63126528484258,-17.534332153373047,-3.156816162967957,4.05461988762517,0.005263143873253306,-17.046875,0.07784128189086914,-0.04946136474609375,1.0542993484298218,0.18981214651449396,-0.24379503412289824,-0.0003164608214174802,1.6563212740538027,1.0464704971935228,1.1729675788053873,0.8921113286356815,10371,10369,0,Box 1,ARG_mid2_3aer-ARG_mid2
2017-07-15 10:22:00,-14.35272216796875,-2.59240773201261,-11.760314435954697,-13.20844011227691,-1.3819695248060588,2.617642804729343,0.21245239639892893,-15.125335693359375,0.07334256172180176,0.4157142639160156,1.123136646065761,0.11751127338746799,-0.22258272251007583,-0.018065196943153172,1.5633730661146312,1.023651598801404,1.1418141832801971,0.8943680223382853,9526,9618,1,Box 2,ARG_mid2_3aer-ARG_mid2
2017-07-15 10:22:00,-23.414093017578125,-1.1369000530108637,-22.27719296456467,-19.86997717322027,-6.032286401562796,3.108258913331156,0.5168116968872409,-25.037109375,0.10481524467468262,0.8887138366699219,0.8919425892133964,0.2707830565169536,-0.13952650669567407,-0.023199139034675964,1.7539003546034464,1.0890265826053112,1.233640370420966,0.8784851233295783,10273,10315,2,Box 3,ARG_mid2_3aer-ARG_mid2
2017-07-15 10:22:00,-40.675323486328125,-0.0012455690164262928,-40.67407791730705,-28.364504030421642,-15.728259698771977,3.9169592427815725,-0.49827343089500536,-44.43988037109375,0.2468581199645996,0.4229164123535156,0.6973607143126503,0.38669001251235524,-0.0963011196159135,0.012250392790907921,1.9719294205617153,1.2071448075901856,1.3834259621393659,0.8760526636206155,10404,10404,3,Box 4,ARG_mid2_3aer-ARG_mid2
2017-07-15 10:24:00,-17.077056884765625,0.1788193963226524,-17.255876281086316,-17.896207226477394,-3.4259709126138644,4.041482882684417,0.024818975320525058,-17.62542724609375,0.08705472946166992,-0.043979644775390625,1.0371079935298868,0.1985393761989923,-0.23420907851049988,-0.0014382912183792396,1.6615055435080912,1.0497984932547593,1.1772554989345396,0.8915245043686599,10388,10383,0,Box 1,ARG_mid2_3aer-ARG_mid2
2017-07-15 10:24:00,-15.017730712890625,-1.4787592884441045,-13.538971424444862,-14.602003351003948,-1.967970395532423,2.8121323521885415,0.21886996990296761,-15.861602783203125,0.08091616630554199,0.48779296875,1.0785164465773052,0.1453559752684917,-0.20770649881948824,-0.01616592302630862,1.5817795583932834,1.0313827148336077,1.1522569863361687,0.8930494279834361,9548,9600,1,Box 2,ARG_mid2_3aer-ARG_mid2
2017-07-15 10:24:00,-23.930755615234375,-0.6867162341641997,-23.24403938106749,-20.171666838771323,-6.572747150643326,2.9231043415062383,0.5772702668409195,-25.5789794921875,0.10849237442016602,0.8539543151855469,0.8678210576084875,0.2827712964553354,-0.12575715836581902,-0.024835195698003854,1.7690480661257615,1.0973920508294221,1.2449666712587544,0.8766794450959863,10291,10317,2,Box 3,ARG_mid2_3aer-ARG_mid2
2017-07-15 10:24:00,-41.873809814453125,-0.001766293264839716,-41.872043521183514,-28.794695202879794,-16.22316471483608,3.603916544231948,-0.4581001476995875,-45.85137939453125,0.2544674873352051,0.4385414123535156,0.68768306443683,0.38744621352498854,-0.08606975540634142,0.010940477444522853,1.9788266253183577,1.2119906328802421,1.3921133207429799,0.8737688194118223,10404,10404,3,Box 4,ARG_mid2_3aer-ARG_mid2
2017-07-15 10:26:00,-18.01507568359375,0.21098886923241786,-18.226064552824095,-18.572421950665735,-3.8024327913545695,4.143439044271732,0.005351144924477853,-18.684906005859375,0.10093975067138672,0.01607513427734375,1.0190034111224506,0.20862610139090007,-0.2273359140292145,-0.00029359848413620937,1.6711988864180232,1.0539763861215141,1.1829225044312992,0.8909496608944436,10404,10398,0,Box 1,ARG_mid2_3aer-ARG_mid2
2017-07-15 10:26:00,-15.594482421875,-1.2941501598148006,-14.300332262058392,-15.109919262039476,-2.280370788530658,2.894001839933454,0.19595594857828869,-16.490081787109375,0.08507609367370605,0.492218017578125,1.056613160110208,0.1594627835732833,-0.20237304888445237,-0.01370289479903894,1.5945143973922877,1.0358341386682095,1.1585742772339571,0.8922578879339967,9549,9594,1,Box 2,ARG_mid2_3aer-ARG_mid2
2017-07-15 10:26:00,-24.545257568359375,-0.48469463119402384,-24.060562937162576,-20.37549134038278,-7.078642753977094,2.7896842100453187,0.6038869471519793,-26.224334716796875,0.11490058898925781,0.8024787902832031,0.8468418379734564,0.29420104477455206,-0.11594426187495935,-0.025098620873049066,1.7887351805977332,1.106288683520227,1.2572076395774643,0.8749162435153284,10296,10311,2,Box 3,ARG_mid2_3aer-ARG_mid2
2017-07-15 10:26:00,-42.937652587890625,-0.0008670285077012958,-42.936785559378045,-29.496199948505517,-16.67330254885203,3.5813856517567633,-0.34866871377726216,-47.088775634765625,0.2614927291870117,0.4546623229980469,0.6869680523176263,0.38832209564906117,-0.08341066069801618,0.008120512731328758,1.9942167347818522,1.2154191836820405,1.3978376017058523,0.8718676246305919,10404,10404,3,Box 4,ARG_mid2_3aer-ARG_mid2
2017-07-15 10:28:00,-18.960968017578125,-0.03587390760485929,-18.925094109971127,-19.045635188855027,-4.129895872845034,4.257914831023776,-0.007477879294843857,-19.75030517578125,0.11179351806640625,0.1108551025390625,1.0063693780429017,0.2182232674166255,-0.2249877758219651,0.0003951303624378788,1.679608222107668,1.05783343332457,1.187392255239057,0.8909483984752802,10399,10400,0,Box 1,ARG_mid2_3aer-ARG_mid2
2017-07-15 10:28:00,-16.30865478515625,-1.8700317948585485,-14.438622990295924,-15.027662041375493,-2.396790372470491,2.811661480357602,0.17416794319245774,-17.2816162109375,0.08763957023620605,0.5326271057128906,1.0407960683976205,0.1659985425259288,-0.19473196870970977,-0.012062642213839542,1.6009684981487986,1.0382422535708917,1.1626719609531528,0.8913574805673532,9538,9602,1,Box 2,ARG_mid2_3aer-ARG_mid2
2017-07-15 10:28:00,-25.37786865234375,-1.3292155943907111,-24.0486530579503,-19.925933013397806,-7.169271692859909,2.4438394406526918,0.6027122076547217,-27.09063720703125,0.12325525283813477,0.7318763732910156,0.8285675278936441,0.2981153113059612,-0.10162063691316704,-0.025062202286438226,1.794381605261605,1.110909730204957,1.2651735867702747,0.8729081478628453,10263,10312,2,Box 3,ARG_mid2_3aer-ARG_mid2
2017-07-15 10:28:00,-44.100738525390625,0.029540479082591973,-44.13027900446824,-30.15655197866838,-17.283772400897142,3.5983104227024714,-0.2882650476051935,-48.46136474609375,0.2670159339904785,0.4815216064453125,0.6833528511255275,0.3916533679550755,-0.08153835651793949,0.006532137437336535,2.0010032956033754,1.2199100662917346,1.4026391321421972,0.8716491982707599,10404,10403,3,Box 4,ARG_mid2_3aer-ARG_mid2
2017-07-15 10:30:00,-19.619384765625,-6.678820550229225e-05,-19.619317977417314,-19.466888711773343,-4.501359139445331,4.314542065521141,0.034387808280221,-20.451446533203125,0.1128840446472168,0.1590576171875,0.9922306542042174,0.2294350468567047,-0.2199129485789142,-0.0017527524820079299,1.6871059825917059,1.0623343938462169,1.1920843242860446,0.8908826845534981,10399,10399,0,Box 1,ARG_mid2_3aer-ARG_mid2
2017-07-15 10:30:00,-16.960601806640625,-2.5475515517941143,-14.413050254844752,-14.815900556063058,-2.472161699490349,2.7081955285672468,0.1668164721414093,-17.99713134765625,0.09502267837524414,0.5688438415527344,1.0279503848314755,0.17152245054161006,-0.18789884727259057,-0.01157398810049498,1.6081954270049805,1.040434422859357,1.1665663969724485,0.8902886581703102,9545,9632,1,Box 2,ARG_mid2_3aer-ARG_mid2
2017-07-15 10:30:00,-26.325469970703125,-1.686187053961281,-24.639282916739035,-20.01369493503108,-7.522470605882426,2.3028192026757273,0.5940634214987435,-28.135528564453125,0.12991094589233398,0.6579780578613281,0.8122677515681473,0.30530395837014934,-0.09346129148552758,-0.02411041845276911,1.809101337161897,1.117855825515788,1.27542816763468,0.8713294236867822,10215,10278,2,Box 3,ARG_mid2_3aer-ARG_mid2
2017-07-15 10:30:00,-45.1143798828125,-0.0024427096105377306,-45.11193717319692,-30.6314891032872,-17.831952459922334,3.6742211912715677,-0.3227168012589556,-49.703338623046875,0.27004146575927734,0.4907188415527344,0.6790107236070274,0.39528234824988,-0.08144676157809937,0.007153689721191944,2.0029933283163173,1.224082049893706,1.4063634280535287,0.872514010126644,10404,10404,3,Box 4,ARG_mid2_3aer-ARG_mid2
2017-07-15 10:32:00,-19.943695068359375,-0.05865622922915989,-19.88503883912801,-19.38589587282155,-4.748639624426759,4.100358887045813,0.14913777107448287,-20.7919921875,0.10573768615722656,0.1401824951171875,0.9748985671919185,0.2388046441771493,-0.20620321238586123,-0.007499998983206552,1.6973359929195713,1.0669429440592504,1.198288176430204,0.8891821013727789,10394,10395,0,Box 1,ARG_mid2_3aer-ARG_mid2
2017-07-15 10:32:00,-17.5941162109375,-2.0514358993340633,-15.54268031160158,-15.481265968313851,-2.934857697137839,2.6940557346687797,0.17938761918132934,-18.716033935546875,0.09977531433105469,0.5851898193359375,0.996048664576734,0.1888257133454107,-0.17333276376133436,-0.01154161416081037,1.6194583863849197,1.0467563807934022,1.175078251421325,0.8891399925178167,9582,9652,1,Box 2,ARG_mid2_3aer-ARG_mid2
2017-07-15 10:32:00,-27.389617919921875,-1.4789310965114641,-25.91068682340746,-20.45963649753925,-8.170664140845018,2.10984565381169,0.6097681611651175,-29.318115234375,0.13715887069702148,0.6047782897949219,0.7896215425311002,0.31533954296663874,-0.08142762359759897,-0.02353346190013994,1.8233191895367844,1.1274270503187402,1.2886097283074975,0.8697120893880474,10162,10214,2,Box 3,ARG_mid2_3aer-ARG_mid2
2017-07-15 10:32:00,-45.91436767578125,-0.0011137241132506163,-45.91325395166291,-31.225578607722195,-18.289450988089353,3.983442300788894,-0.38166665664025634,-50.70635986328125,0.2684946060180664,0.4866142272949219,0.6800994466782124,0.3983479586819164,-0.08676018269109458,0.008312777330965734,2.0174561584044963,1.2281882982068206,1.4105611866126107,0.8732023334146414,10404,10404,3,Box 4,ARG_mid2_3aer-ARG_mid2
2017-07-15 10:34:00,-20.585784912109375,0.24935812113965497,-20.83514303324678,-19.84155282111721,-5.222257056757019,3.9069543177365187,0.32171252689093033,-21.466461181640625,0.1016545295715332,0.09668731689453125,0.9523118122806217,0.2506465661610207,-0.18751751843038297,-0.01544086001125941,1.709705846672535,1.073129721075036,1.206503004150063,0.8868801746454231,10394,10387,0,Box 1,ARG_mid2_3aer-ARG_mid2
2017-07-15 10:34:00,-18.41363525390625,-2.1997074951439135,-16.213927758760413,-15.800207119977582,-3.206022344867008,2.585283934517714,0.20701777156646403,-19.635955810546875,0.10557126998901367,0.6072731018066406,0.9744836263650369,0.19773261559863486,-0.1594483442249754,-0.01276789773869641,1.6261169437660759,1.0505637682872024,1.1809374451566246,0.8877145532972179,9622,9695,1,Box 2,ARG_mid2_3aer-ARG_mid2
2017-07-15 10:34:00,-28.683074951171875,-2.5813750338247936,-26.1016999173441,-20.348654363467073,-8.293767834068698,1.9313882802017979,0.6093339999898731,-30.7989501953125,0.15110492706298828,0.6807212829589844,0.7795911541357414,0.31774818729555776,-0.07399473161969906,-0.023344609811600123,1.8314996408239026,1.1312479733653922,1.2952974609368146,0.8680906478645029,10086,10176,2,Box 3,ARG_mid2_3aer-ARG_mid2
2017-07-15 10:34:00,-46.84716796875,0.00044759726967027135,-46.847615566014504,-31.713776325519554,-18.744440820991564,4.0295451065396115,-0.4189435260429955,-51.778411865234375,0.27263498306274414,0.4723930358886719,0.6769560401816105,0.4001151519564141,-0.08601387835548317,0.00894268621745857,2.031664171590639,1.2330423805990773,1.4177066216142085,0.87246341631471,10404,10404,3,Box 4,ARG_mid2_3aer-ARG_mid2
2017-07-15 10:36:00,-21.254669189453125,0.32750448998882414,-21.58217367943958,-20.07797450805802,-5.650744612314843,3.679690576109176,0.46685486482410543,-22.237274169921875,0.10226869583129883,0.07349777221679688,0.9303036295730236,0.2618246287999279,-0.17049675490354618,-0.021631503469405317,1.7206840694796695,1.079363831097077,1.214655502912682,0.8848871550087951,10378,10369,0,Box 1,ARG_mid2_3aer-ARG_mid2
2017-07-15 10:36:00,-19.544158935546875,-2.5203755083940234,-17.023783427150846,-16.423278691554614,-3.4688417674512033,2.6245965325985967,0.24374049925637506,-20.903778076171875,0.11330938339233398,0.6466064453125,0.9647255418769896,0.2037644441551592,-0.1541723403513632,-0.014317645680785557,1.6366306117680895,1.0534035766623857,1.1855627297201214,0.8863634214340386,9655,9740,1,Box 2,ARG_mid2_3aer-ARG_mid2
2017-07-15 10:36:00,-29.836761474609375,-1.6242761360501738,-28.21248533855606,-21.542979280798757,-9.24344024152022,1.9479007287128243,0.6260334550500914,-32.090911865234375,0.1622476577758789,0.7454414367675781,0.7635973584843109,0.3276365102399485,-0.0690439252457763,-0.022189943478483076,1.8589431275126247,1.1422652547880705,1.3108192028024592,0.866195461324264,10110,10160,2,Box 3,ARG_mid2_3aer-ARG_mid2
2017-07-15 10:36:00,-47.986236572265625,-0.0011060388133139385,-47.98513053344706,-32.18437505608151,-19.282392094385745,3.97387848437848,-0.49224186735829245,-53.09881591796875,0.27869081497192383,0.45618438720703125,0.6707155883143433,0.40184098448883754,-0.08281478950252243,0.010258216699341585,2.049509857089069,1.2398190635824824,1.4285134503627541,0.8710895684859113,10404,10404,3,Box 4,ARG_mid2_3aer-ARG_mid2
2017-07-15 10:38:00,-22.421051025390625,-0.33176860236185124,-22.08928242302638,-20.205945607299597,-5.915500386855617,3.4163766565079765,0.6157869146208588,-23.556365966796875,0.108489990234375,0.07730865478515625,0.9147397919199246,0.2677995723704072,-0.15466218372701263,-0.02787718056331917,1.7275962465329129,1.0833202027887436,1.2204627126192256,0.8827145136787686,10354,10363,0,Box 1,ARG_mid2_3aer-ARG_mid2
2017-07-15 10:38:00,-20.805755615234375,-2.795609504435977,-18.010146110796303,-17.17087665894241,-3.8034363648107976,2.676811542073865,0.28735537088304286,-22.318084716796875,0.12481999397277832,0.7305679321289062,0.9534001863898937,0.21118298215975062,-0.14862797478745787,-0.015955193762186404,1.6490724296485113,1.0569631631422851,1.1911120593220423,0.8849024372660943,9658,9749,1,Box 2,ARG_mid2_3aer-ARG_mid2
2017-07-15 10:38:00,-31.020294189453125,-1.9243269858834262,-29.095967203566463,-21.98832768949212,-9.548016834376291,1.8293623175765363,0.6110150027254134,-33.4208984375,0.17282485961914062,0.8261871337890625,0.7557173657659637,0.3281560213336347,-0.06287339770414302,-0.020999989395455387,1.8718178026763814,1.1458101429726295,1.3185316643026213,0.8639730547385618,10063,10127,2,Box 3,ARG_mid2_3aer-ARG_mid2
2017-07-15 10:38:00,-49.187347412109375,-0.0007724715140426672,-49.18657494059002,-32.57555066451735,-19.866500048049552,3.813715486056614,-0.5582397140797284,-54.528045654296875,0.2892484664916992,0.4613380432128906,0.6622854041750968,0.4039008626245128,-0.07753569933793943,0.011349432538329776,2.0673100852391677,1.247890602933759,1.4412724129595156,0.8694249883648734,10404,10404,3,Box 4,ARG_mid2_3aer-ARG_mid2
2017-07-15 10:40:00,-23.7950439453125,-1.0280347777385395,-22.767009167571455,-20.51313550794762,-6.130714330081125,3.114027739556332,0.7628129309009598,-25.119476318359375,0.11681270599365234,0.13544845581054688,0.9010026462837212,0.26928061938032266,-0.13677807728877475,-0.033505188375269085,1.7315569763625966,1.0855017577806905,1.2252131478212707,0.879960817594149,10336,10364,0,Box 1,ARG_mid2_3aer-ARG_mid2
2017-07-15 10:40:00,-21.786834716796875,-2.0699126963903036,-19.716922020404276,-18.308653935705493,-4.450904506467725,2.7175601095960666,0.32507631217287675,-23.415985107421875,0.13155746459960938,0.7442970275878906,0.9285756629132367,0.22574033116637865,-0.13782882068427157,-0.01648717339534375,1.6641504447769278,1.0638646686382176,1.2006104095915946,0.8834361475259002,9685,9752,1,Box 2,ARG_mid2_3aer-ARG_mid2
2017-07-15 10:40:00,-32.181854248046875,-1.420339478378531,-30.76151476966488,-22.93071657184169,-10.18473447245927,1.777187507340514,0.5767487672955631,-34.73760986328125,0.18097305297851562,0.8760032653808594,0.7454352213647994,0.33108689701141863,-0.05777308174346041,-0.018749036632757676,1.894303544756895,1.1524310653166774,1.330656723921567,0.8614355796016399,10031,10079,2,Box 3,ARG_mid2_3aer-ARG_mid2
2017-07-15 10:40:00,-50.6944580078125,0.0010234020887033807,-50.69548140989569,-33.088682564759296,-20.62121542093228,3.663022706311369,-0.6486061305154882,-56.362701416015625,0.29998207092285156,0.4703254699707031,0.6526949078010023,0.4067663398676602,-0.07225540826201429,0.012794160593351839,2.085422859895788,1.2573684868733277,1.4555041286249695,0.8680300297991432,10404,10404,3,Box 4,ARG_mid2_3aer-ARG_mid2
2017-07-15 10:42:00,-24.93505859375,0.654654834357522,-25.589713428104783,-22.48235368461657,-7.180561306103957,3.206617407100363,0.866584155515381,-26.39825439453125,0.12184572219848633,0.17023849487304688,0.8785699670995358,0.28060342786870207,-0.12530884396612996,-0.033864551002107945,1.7464586256919923,1.0931280833859962,1.2355943996090044,0.8783827199685426,10361,10344,0,Box 1,ARG_mid2_3aer-ARG_mid2
2017-07-15 10:42:00,-22.57049560546875,-2.066870162491139,-20.50362544297526,-18.710694216458403,-4.814005391285188,2.6562932564902106,0.3647809082781226,-24.314697265625,0.13605833053588867,0.7346954345703125,0.9125554048232416,0.23478800881697307,-0.12955236935428327,-0.017791044285931396,1.6753837670453127,1.068638386902753,1.2074336305974216,0.8820862847937262,9785,9853,1,Box 2,ARG_mid2_3aer-ARG_mid2
2017-07-15 10:42:00,-33.662200927734375,-3.2636646198069252,-30.398536307924083,-22.800232528164567,-9.87989118298378,1.7022827429195182,0.5793046603047483,-36.441436767578125,0.19811391830444336,1.0384445190429688,0.7500437618840602,0.32501206909782554,-0.05599883907817558,-0.01905699190371015,1.9062056930165336,1.1500114405700692,1.3320257765877395,0.858651030633064,9896,10007,2,Box 3,ARG_mid2_3aer-ARG_mid2
2017-07-15 10:42:00,-51.7781982421875,-0.0011796773684161306,-51.7770185648135,-33.49259752330099,-21.09036852689516,3.665028304228591,-0.8590808188459518,-57.6639404296875,0.3105921745300293,0.4948577880859375,0.6468622267497998,0.4073306866924875,-0.0707848463626923,0.016591932920405034,2.097682032676795,1.2626998097739979,1.4648563776373345,0.8674729256943936,10404,10404,3,Box 4,ARG_mid2_3aer-ARG_mid2
2017-07-15 10:44:00,-26.10736083984375,0.30766539865048026,-26.415026238491443,-22.99838077259765,-7.439151197708808,3.1249565087098787,0.8975492231051351,-27.71295166015625,0.12807130813598633,0.21353912353515625,0.8706552310398569,0.2816257356908708,-0.11830222996925345,-0.03397873676147421,1.7555242563226632,1.095288232869635,1.2404292329447761,0.8765505592574699,10376,10367,0,Box 1,ARG_mid2_3aer-ARG_mid2
2017-07-15 10:44:00,-23.751373291015625,-2.3777311560242143,-21.373642134989026,-19.2783961842312,-5.181387251130631,2.6778835467996336,0.4082577535731719,-25.644287109375,0.1426076889038086,0.7366447448730469,0.9019705702226636,0.24241948182750797,-0.12528906069854567,-0.01910099135162588,1.6893320123738609,1.0730033662688743,1.2138209664529498,0.8807223401456645,9808,9884,1,Box 2,ARG_mid2_3aer-ARG_mid2
2017-07-15 10:44:00,-34.9495849609375,-3.9778521873001624,-30.971732773633864,-23.11914521476702,-10.08365658995137,1.5762999248105096,0.6547691062740174,-37.881134033203125,0.2124934196472168,1.0476455688476562,0.7464595340448072,0.32557612012381676,-0.05089479288522109,-0.021140861283402916,1.920568677691597,1.15294991728029,1.3383394817287748,0.856186610921849,9835,9969,2,Box 3,ARG_mid2_3aer-ARG_mid2
2017-07-15 10:44:00,-52.678955078125,-0.0011457215780317812,-52.67780935654136,-33.8278044632355,-21.557583566481973,3.7548481176124344,-1.047269444436317,-58.816802978515625,0.31639623641967773,0.5033950805664062,0.6421642220214094,0.40923462516394526,-0.07127950390264605,0.019880656717291348,2.10383705203703,1.2674289478833594,1.4711890413847757,0.8681374680179423,10399,10399,3,Box 4,ARG_mid2_3aer-ARG_mid2
2017-07-15 10:46:00,-27.540496826171875,-0.7841132409643743,-26.756383585204656,-23.208104849150025,-7.4181466423384945,2.894229467144777,0.9756384391390863,-29.3636474609375,0.1340618133544922,0.2907981872558594,0.8673857128428707,0.2772477311336077,-0.10816968062698819,-0.03646376334949018,1.7592636123654637,1.0944811883470034,1.2424525883651991,0.8739582352069031,10354,10374,0,Box 1,ARG_mid2_3aer-ARG_mid2
2017-07-15 10:46:00,-25.166229248046875,-2.527770034757691,-22.638459213286644,-20.13914933601842,-5.674133675004581,2.721606824447503,0.4532169732888549,-27.230621337890625,0.15152311325073242,0.7743415832519531,0.8895989407352703,0.2506413365656263,-0.12022049728765004,-0.020019780013246627,1.7027569640825164,1.077862147324488,1.2207115737525889,0.8794601870984818,9848,9929,1,Box 2,ARG_mid2_3aer-ARG_mid2
2017-07-15 10:46:00,-36.32794189453125,-4.552484824232274,-31.775457070295445,-23.537481175821164,-10.415863310374524,1.4500818405387477,0.7278055753614948,-39.484466552734375,0.22582721710205078,1.1540412902832031,0.7407440630594307,0.32779586104243813,-0.0456352787414134,-0.02290464536045548,1.9394595622839308,1.1578507659656603,1.3472734374815962,0.8535553757101764,9808,9962,2,Box 3,ARG_mid2_3aer-ARG_mid2
2017-07-15 10:46:00,-53.669830322265625,-0.06309077795141564,-53.60673954430853,-34.50100991132086,-22.056767461411013,4.209504560923295,-1.2584667324999608,-60.102294921875,0.31516122817993164,0.5077171325683594,0.6435946338949438,0.4114551201753287,-0.07852565921200894,0.023475905141736475,2.119956811609589,1.2714863886167085,1.475749710802232,0.8694942910775113,10393,10395,3,Box 4,ARG_mid2_3aer-ARG_mid2
2017-07-15 10:48:00,-28.9954833984375,-0.7815922729929373,-28.213891125441574,-24.26152080345905,-7.802441955611032,2.724620194070813,1.125451439557696,-31.04052734375,0.13745355606079102,0.31696319580078125,0.8599140294257918,0.27654611414358454,-0.09657016758010795,-0.039889975989268356,1.7680427672783305,1.0959645702766838,1.247202633174286,0.8710289110293983,10357,10378,0,Box 1,ARG_mid2_3aer-ARG_mid2
2017-07-15 10:48:00,-26.83453369140625,-3.5838457861973034,-23.250687905206398,-20.62357787990552,-5.899911891472011,2.7857300022832474,0.48707186388788365,-29.0987548828125,0.16540288925170898,0.8667030334472656,0.887009363507365,0.2537521434000616,-0.11981279924450984,-0.020948707662916774,1.7139855759417417,1.0801197904841373,1.2244431594186354,0.8783975050750721,9894,10006,1,Box 2,ARG_mid2_3aer-ARG_mid2
2017-07-15 10:48:00,-37.718231201171875,-3.871495588091412,-33.84673561307674,-24.567992255567415,-11.38483588653387,1.3239537587651637,0.7821387702593819,-41.031494140625,0.23624086380004883,1.18670654296875,0.7258600219654723,0.3363643695711477,-0.0391161432493848,-0.023108248287235164,1.9639048145355447,1.1692736785717532,1.3633530642357048,0.8515247430440293,9785,9910,2,Box 3,ARG_mid2_3aer-ARG_mid2
2017-07-15 10:48:00,-55.08441162109375,0.0392848745902787,-55.12369649567821,-35.68864279691635,-22.693136719272673,4.680609706874929,-1.4225266863641168,-61.8292236328125,0.3170151710510254,0.5220375061035156,0.6474283305676788,0.41167661390508986,-0.08491102746061119,0.025806082987842538,2.146054226200407,1.274791770815363,1.481657071569388,0.8691562999451451,10393,10392,3,Box 4,ARG_mid2_3aer-ARG_mid2
2017-07-15 10:50:00,-30.313751220703125,-0.631927009304251,-29.68182421139575,-25.302968961437745,-8.203730419103339,2.579544263589647,1.2453309055556878,-32.572723388671875,0.14822006225585938,0.3746452331542969,0.8524735131246809,0.2763890238240033,-0.08690652721402756,-0.04195600973465666,1.7749201862313913,1.0974743755772673,1.2515080697123477,0.8687059722851348,10370,10387,0,Box 1,ARG_mid2_3aer-ARG_mid2
2017-07-15 10:50:00,-28.16729736328125,-3.4112166017862036,-24.75608076149235,-21.65789118874128,-6.54074320213431,2.891973350314464,0.5505802790687785,-30.594696044921875,0.17370176315307617,0.9096031188964844,0.8748513707561397,0.2642075401655791,-0.11681870721689024,-0.022240203704828612,1.7315229048003513,1.0864331158403968,1.232665488986098,0.8772782075963143,9920,10026,1,Box 2,ARG_mid2_3aer-ARG_mid2
2017-07-15 10:50:00,-38.80694580078125,-3.2055637368726297,-35.60138206390464,-25.417136459521075,-12.271187542553342,1.2849220076952985,0.802019930474482,-42.28607177734375,0.2391643524169922,1.2116012573242188,0.7139367908216935,0.34468289799891777,-0.03609191366191509,-0.02252777515869616,1.993144506957197,1.181156514816732,1.3799173797618187,0.8497746793805976,9765,9875,2,Box 3,ARG_mid2_3aer-ARG_mid2
2017-07-15 10:50:00,-56.308502197265625,0.021037753651918237,-56.32953995091163,-36.59353635147865,-23.108891314944085,4.9173192163227135,-1.5444315008116076,-63.32232666015625,0.3174147605895996,0.5275001525878906,0.6496331477829942,0.41024463070499645,-0.08729556855262639,0.027417790064635753,2.167437807287763,1.2766606974058636,1.487228223113745,0.8678088674790587,10389,10389,3,Box 4,ARG_mid2_3aer-ARG_mid2
2017-07-15 10:52:00,-30.95086669921875,-0.33375273397334443,-30.61711396524222,-25.88730094590268,-8.513884297950627,2.5028599933089817,1.2812112853021058,-33.34466552734375,0.1506786346435547,0.46440887451171875,0.8455173461251438,0.27807599068991057,-0.08174709073331762,-0.04184624608173679,1.7805367434417256,1.0995144198122706,1.2553828393737472,0.8675436374243634,10381,10390,0,Box 1,ARG_mid2_3aer-ARG_mid2
2017-07-15 10:52:00,-29.26947021484375,-2.9695993673985974,-26.299870847442318,-22.66454635722976,-7.224349204159788,2.9580632998708425,0.630961414076387,-31.83087158203125,0.17850065231323242,0.8991470336914062,0.8617740554202723,0.27469143274756275,-0.11247444206208018,-0.023991046105754865,1.7510961863289263,1.0933964665338822,1.2419727377426537,0.8758056778302903,9958,10050,1,Box 2,ARG_mid2_3aer-ARG_mid2
2017-07-15 10:52:00,-39.868255615234375,-4.670532156278055,-35.197723458952396,-24.882608965879516,-12.238746842081055,1.1416908952770775,0.7819414537310961,-43.533782958984375,0.24591779708862305,1.2607841491699219,0.7069380210029103,0.34771415987610355,-0.03243649824706754,-0.02221568263194626,2.0080708737411723,1.1870318398230224,1.3892022551137977,0.8482527103697765,9710,9869,2,Box 3,ARG_mid2_3aer-ARG_mid2
2017-07-15 10:52:00,-57.44927978515625,0.03210999480309818,-57.481389779953375,-37.346778328407645,-23.61878947525925,5.041372660871937,-1.5571946371584187,-64.7275390625,0.32158803939819336,0.5382156372070312,0.649719473926713,0.4108945445765178,-0.08770443234185883,0.027090413838627994,2.18518257169612,1.2804102480093142,1.4933838124023677,0.8667544466304212,10392,10391,3,Box 4,ARG_mid2_3aer-ARG_mid2
2017-07-15 10:54:00,-31.61138916015625,-6.912916609300095e-05,-31.611320030986896,-26.478508465227954,-8.818559435941545,2.422583541648415,1.26316432853419,-34.111846923828125,0.1569499969482422,0.5571098327636719,0.8376274207869991,0.27896840205651585,-0.07663658269486011,-0.03995924014865489,1.7844638381030449,1.1012395906082157,1.2591786747501377,0.8665528231959679,10377,10377,0,Box 1,ARG_mid2_3aer-ARG_mid2
2017-07-15 10:54:00,-30.59844970703125,-2.0450262747567143,-28.55342343227146,-24.16040485903937,-8.159128282228659,3.0275629104730237,0.7385467985235458,-33.3153076171875,0.18559551239013672,0.8981666564941406,0.8461473951222591,0.2857495635009252,-0.10603152079660023,-0.025865437826584056,1.7708581643837684,1.1013025643389276,1.252478018369264,0.8741936976236263,10025,10089,1,Box 2,ARG_mid2_3aer-ARG_mid2
2017-07-15 10:54:00,-41.43603515625,-5.9150951067350075,-35.52094004951107,-24.824641632275313,-12.458285176683574,0.9792436731640964,0.7827430862837225,-45.298187255859375,0.2522616386413574,1.249755859375,0.6988734419098521,0.35073072839059216,-0.02756806750607309,-0.022036102794371192,2.023168043606127,1.1934144930883743,1.3994726444316246,0.8464677321065636,9621,9809,2,Box 3,ARG_mid2_3aer-ARG_mid2
2017-07-15 10:54:00,-58.3575439453125,0.0892065540187165,-58.4467504993252,-37.880553338938945,-23.97230409866302,4.940850773094674,-1.5347438348179068,-65.86856079101562,0.3204622268676758,0.5698127746582031,0.6481207768663939,0.41015631996409785,-0.08453593623056459,0.026258839400072828,2.1996647048295133,1.2833003868239226,1.4999489758685522,0.8647198002907676,10397,10394,3,Box 4,ARG_mid2_3aer-ARG_mid2
2017-07-15 10:56:00,-32.7779541015625,-0.819854317412098,-31.95809978414714,-26.80964860827883,-8.781128898173904,2.4186746940062918,1.2140030282993037,-35.44940185546875,0.15818023681640625,0.6109809875488281,0.8388999593016414,0.27477005696470713,-0.07568268170957018,-0.03798733455677836,1.7871183973755802,1.0997517553853982,1.2594822526754152,0.8655588128778153,10340,10362,0,Box 1,ARG_mid2_3aer-ARG_mid2
2017-07-15 10:56:00,-31.7366943359375,-2.633956611372592,-29.10273772456179,-24.483239978812698,-8.352580305980624,2.9159057380205176,0.8171768222110143,-34.582061767578125,0.19576644897460938,0.9440994262695312,0.8412693063632161,0.28700324983279185,-0.10019352012919339,-0.028079036066814528,1.7818549588767802,1.103552963119417,1.257194044678471,0.8721671899437743,10044,10125,1,Box 2,ARG_mid2_3aer-ARG_mid2
2017-07-15 10:56:00,-43.163238525390625,-4.72404789269769,-38.439190632688735,-26.225576145950747,-13.769252965484332,0.6918661635299176,0.8637723152164258,-47.271820068359375,0.2590789794921875,1.2406044006347656,0.6822614033826322,0.35820871196426657,-0.017998978442109907,-0.022471136904788854,2.040431993520195,1.2058878854201476,1.4168417237173594,0.8444719566582994,9617,9776,2,Box 3,ARG_mid2_3aer-ARG_mid2
2017-07-15 10:56:00,-59.088348388671875,0.022180670515668688,-59.11052905918147,-38.25921977373776,-24.20690379238205,4.763800809108939,-1.4082063021705975,-66.831298828125,0.32213449478149414,0.6349945068359375,0.6472488130741078,0.4095193221523376,-0.08059140875459635,0.023823273528150987,2.2185436828481957,1.2867078277903505,1.507388216449207,0.8619870330384293,10402,10401,3,Box 4,ARG_mid2_3aer-ARG_mid2
2017-07-15 10:58:00,-34.036041259765625,-0.48501644430732493,-33.55102481545486,-27.802512392370815,-9.360339557623142,2.4269099154524265,1.1849172190866706,-36.915069580078125,0.1556549072265625,0.5856552124023438,0.8286635816728893,0.27898818617640014,-0.07233489673717808,-0.0353168711121114,1.7926536974120766,1.1032466702990509,1.2646488976671022,0.86516988753217,10334,10347,0,Box 1,ARG_mid2_3aer-ARG_mid2
2017-07-15 10:58:00,-33.14404296875,-3.0425867975976364,-30.10145617114916,-25.18066987217706,-8.743412997737666,2.9178808222216253,0.9047458765439396,-36.182373046875,0.20239639282226562,0.9364814758300781,0.8365266360871789,0.29046478509294904,-0.09693487270620077,-0.03005654847392719,1.798242878406484,1.1072485923071693,1.2634271432423474,0.8702473014579598,10026,10119,1,Box 2,ARG_mid2_3aer-ARG_mid2
2017-07-15 10:58:00,-44.844451904296875,-3.975392331691118,-40.8690595726013,-27.494123340925995,-14.903197556630257,0.6017015184884106,0.926559806466541,-49.2459716796875,0.2708907127380371,1.2488136291503906,0.6727368730392346,0.3646572177702222,-0.014722666114191492,-0.02267142469526528,2.060590950112937,1.2164651458834697,1.4308012022722676,0.8433214937640974,9639,9764,2,Box 3,ARG_mid2_3aer-ARG_mid2
2017-07-15 10:58:00,-60.0369873046875,-0.06676487646586671,-59.97022242821547,-38.69071203854042,-24.60811670320983,4.626628851806195,-1.2980225382714157,-68.0626220703125,0.3241548538208008,0.7125740051269531,0.6451653916217055,0.41033892666757765,-0.07714876924700892,0.02164445095772577,2.234036911410328,1.2912622247188135,1.5148240726054343,0.8601141428906726,10401,10403,3,Box 4,ARG_mid2_3aer-ARG_mid2
2017-07-15 11:00:00,-35.156402587890625,-0.8580823869774629,-34.29832020090967,-28.085256591135668,-9.735210746423823,2.3269030082275406,1.1952441284222763,-38.234039306640625,0.16518306732177734,0.5622749328613281,0.8188522477666641,0.28383928686296483,-0.06784306037722004,-0.03484847425240889,1.7989278590458497,1.1071278879006203,1.2700166857430895,0.8645114776583536,10323,10346,0,Box 1,ARG_mid2_3aer-ARG_mid2
2017-07-15 11:00:00,-34.509490966796875,-2.537122241036162,-31.972368725757388,-26.438046901951882,-9.519305561841184,2.982137375394364,1.0028463626413135,-37.71551513671875,0.20526981353759766,0.9283905029296875,0.8269029776531077,0.29773538656121834,-0.09327233152393592,-0.031366032690390136,1.819818631789704,1.1138147638492808,1.2729756000440529,0.8683705791255177,10039,10116,1,Box 2,ARG_mid2_3aer-ARG_mid2
2017-07-15 11:00:00,-46.077484130859375,-4.2705282331948435,-41.806955897660025,-28.215671824356335,-15.230937110085065,0.6780991859540458,0.961553850827329,-50.663055419921875,0.2785320281982422,1.1856651306152344,0.6749037622692733,0.364315860436458,-0.016219769447313424,-0.022999853258417892,2.0717704371090595,1.2172541527194938,1.4329807805636623,0.842456322147295,9659,9794,2,Box 3,ARG_mid2_3aer-ARG_mid2
2017-07-15 11:00:00,-61.4635009765625,0.024926180558652727,-61.48842715711488,-39.58716898166136,-25.296415490910622,4.689249316548176,-1.2940920010910706,-69.7713623046875,0.32881784439086914,0.76409912109375,0.6438149553005877,0.4114012450875246,-0.076262307125961,0.02104610673784864,2.2559246901605174,1.2968452813490534,1.5238169134986335,0.8586286973296992,10404,10403,3,Box 4,ARG_mid2_3aer-ARG_mid2
2017-07-15 11:02:00,-36.214019775390625,-1.2290107515712274,-34.985009023815834,-28.243501412151016,-10.122010343460769,2.2270192854721116,1.1534834463238395,-39.4366455078125,0.18008661270141602,0.5434799194335938,0.8073029620465275,0.28932421702593447,-0.06365638733881937,-0.03297079173364262,1.8070808891926267,1.1118553481709077,1.2767486065344669,0.8638622936638978,10307,10340,0,Box 1,ARG_mid2_3aer-ARG_mid2
2017-07-15 11:02:00,-36.07366943359375,-2.847184677192643,-33.226484756397625,-27.243253102274164,-10.009799496026334,2.941939901757609,1.0846279401452616,-39.480010986328125,0.2121577262878418,0.9294166564941406,0.8199258303130783,0.30125965985911246,-0.08854201470082237,-0.032643475471368394,1.836140495279677,1.1181049204242737,1.2802315598806555,0.8663467671266306,10055,10142,1,Box 2,ARG_mid2_3aer-ARG_mid2
2017-07-15 11:02:00,-47.172088623046875,-3.5315187334793205,-43.64056988956289,-29.244461459206494,-16.088209958022063,0.6690339475722191,1.0230675800934497,-51.884796142578125,0.2825798988342285,1.1806907653808594,0.6701209799324968,0.36865260922886645,-0.015330550202833757,-0.023443038958529443,2.0910826879238185,1.2249621114505624,1.4433108778974693,0.8414472418635806,9695,9803,2,Box 3,ARG_mid2_3aer-ARG_mid2
2017-07-15 11:02:00,-62.67486572265625,-0.0005257606649384135,-62.674339961984955,-40.080241529454376,-25.802010656317492,4.500661743467661,-1.2927495196807464,-71.1956787109375,0.3393864631652832,0.75726318359375,0.6395000179302247,0.41168380348269595,-0.07181027747875018,0.020626456065829524,2.272831066599196,1.3024817101529453,1.5341126699494785,0.8565406000334018,10404,10404,3,Box 4,ARG_mid2_3aer-ARG_mid2
2017-07-15 11:04:00,-37.44024658203125,-1.2495367210713648,-36.19070986095623,-28.760180090160205,-10.712687718686725,2.1664444696115486,1.1157134782791507,-40.837158203125,0.19846248626708984,0.6088714599609375,0.7946840556777159,0.296006565216449,-0.05986189488780331,-0.030828726006361655,1.8131956891652403,1.1172057632987413,1.2835288367466429,0.8637449667125773,10313,10347,0,Box 1,ARG_mid2_3aer-ARG_mid2
2017-07-15 11:04:00,-37.432373046875,-2.7345010660477387,-34.697871980823706,-28.244345213613727,-10.68127004182502,3.083337406924059,1.14440586769098,-40.987640380859375,0.22044658660888672,0.9288749694824219,0.8140079953382554,0.30783645889662,-0.08886243538589661,-0.03298201884897878,1.8588453905071993,1.1243728979794814,1.2890036463451606,0.865007391564831,10096,10178,1,Box 2,ARG_mid2_3aer-ARG_mid2
2017-07-15 11:04:00,-48.453033447265625,-4.725564318070603,-43.72746912919036,-29.272936713887113,-16.133486773783055,0.6449072968218309,1.0340470616579758,-53.345428466796875,0.2895221710205078,1.1900367736816406,0.6694404523481993,0.3689554208160909,-0.014748333476984189,-0.02364753968730597,2.0950354200665418,1.2260571325295455,1.4452076989695,0.8410048190215166,9699,9844,2,Box 3,ARG_mid2_3aer-ARG_mid2
2017-07-15 11:04:00,-63.281951904296875,-0.00013091013229387234,-63.281820994158245,-40.51515919104155,-26.11086540877817,4.651296081697793,-1.3070924760363214,-71.91571044921875,0.3476710319519043,0.728515625,0.6402337757439318,0.4126124216809208,-0.07350129956164139,0.020655102136788756,2.2930736820969733,1.3065907151617762,1.5404555457201188,0.85578823255069,10404,10404,3,Box 4,ARG_mid2_3aer-ARG_mid2
2017-07-15 11:06:00,-38.557769775390625,-2.1799530376233407,-36.37781673776365,-28.754175182651927,-10.827094594544105,2.110662517219989,1.0927905222123921,-42.141204833984375,0.20727062225341797,0.6407508850097656,0.790431580595719,0.29762903784449896,-0.05802059349617097,-0.03004002494404704,1.8138594771766898,1.1186321465291165,1.2854520510249172,0.8636849912773134,10285,10344,0,Box 1,ARG_mid2_3aer-ARG_mid2
2017-07-15 11:06:00,-38.897857666015625,-1.9071374338079632,-36.99072023220393,-29.51652274823722,-11.766809215877474,3.075868336316045,1.2167433955947249,-42.660919189453125,0.2377457618713379,1.0468292236328125,0.7979439860308611,0.3181016520363221,-0.08315243166415047,-0.032893206403032796,1.8810831324497044,1.134218150513144,1.3020608069757493,0.8635644119268012,10134,10192,1,Box 2,ARG_mid2_3aer-ARG_mid2
2017-07-15 11:06:00,-49.799346923828125,-4.4002981555698115,-45.399048768253536,-30.041555822153,-16.873400293834788,0.4860877632578102,1.0298195844764422,-54.928985595703125,0.29363441467285156,1.2093162536621094,0.6617221425828714,0.37166858671351616,-0.010707003262097415,-0.022683726034290176,2.0979089071706025,1.231313755492307,1.452431105945052,0.8406133036599743,9746,9884,2,Box 3,ARG_mid2_3aer-ARG_mid2
2017-07-15 11:06:00,-63.72039794921875,-0.00042966530068056354,-63.71996828391168,-40.782751525194406,-26.29640284154011,4.732319395815332,-1.3731333129924936,-72.35272216796875,0.35543346405029297,0.6899375915527344,0.640030945142379,0.4126870045567733,-0.07426744744645722,0.021549497747304885,2.3004103772629962,1.3081111146623483,1.5432317821973878,0.8556064971015729,10404,10404,3,Box 4,ARG_mid2_3aer-ARG_mid2
2017-07-15 11:08:00,-39.780303955078125,-1.5533456044734342,-38.22695835060092,-29.926045163984497,-11.623437681324868,2.258830704662748,1.0636937900456984,-43.611053466796875,0.2033557891845703,0.5709877014160156,0.7828518525987843,0.304063890585272,-0.05908999308670447,-0.027825750097351845,1.8249209403775177,1.123917158142943,1.291921288718986,0.8637797529908863,10280,10322,0,Box 1,ARG_mid2_3aer-ARG_mid2
2017-07-15 11:08:00,-40.394378662109375,-3.5697204285266233,-36.82465823357905,-29.26031189440354,-11.765154521568423,3.004392155638079,1.1964160267548312,-44.386810302734375,0.2462782859802246,1.1043319702148438,0.794584751032995,0.31949120741167425,-0.08158642333029134,-0.03248953511437788,1.8918187430942626,1.1367491963339096,1.306630264225186,0.8624584767924395,10117,10226,1,Box 2,ARG_mid2_3aer-ARG_mid2
2017-07-15 11:08:00,-51.13397216796875,-3.5370868326338676,-47.59688533532991,-30.90707193916685,-17.980657549292314,0.18886075518773082,1.101983397941526,-56.462890625,0.29796552658081055,1.1711158752441406,0.6493507237169015,0.37776962552517585,-0.003967922561679566,-0.02315242668039778,2.102002423832333,1.241218902155828,1.4642605555139374,0.8402249049779669,9809,9920,2,Box 3,ARG_mid2_3aer-ARG_mid2
2017-07-15 11:08:00,-64.04818725585938,-0.00046685100506028537,-64.04772040484796,-41.05020534944645,-26.37742251648715,4.762404461193581,-1.382497000107947,-72.67086791992188,0.3566288948059082,0.6564102172851562,0.6409315599363508,0.4118401459061229,-0.07435712670318709,0.02158542086071344,2.2961750397478746,1.3061244955198357,1.5408137703474039,0.8556321396133428,10404,10404,3,Box 4,ARG_mid2_3aer-ARG_mid2
2017-07-15 11:10:00,-41.236358642578125,-1.9544515455607347,-39.281907097013494,-30.651221404198683,-12.11176108739707,2.4586720249041525,1.0224033696781052,-45.304656982421875,0.2071981430053711,0.6533279418945312,0.7802885264327968,0.30832925340118983,-0.06259044447185405,-0.02602733536213256,1.8328116792314733,1.1271590739703103,1.2953941898470567,0.8642865282860207,10282,10335,0,Box 1,ARG_mid2_3aer-ARG_mid2
2017-07-15 11:10:00,-42.006561279296875,-3.076051323585882,-38.930509955707066,-30.329437566065515,-12.777423123662214,2.9511736703075555,1.2251770637131079,-46.237548828125,0.25679969787597656,1.1166763305664062,0.7790660230388103,0.3282110390590733,-0.07580619091980131,-0.03147087117808231,1.9123555385268807,1.1463328054452822,1.3196924514927864,0.8610861554128402,10115,10208,1,Box 2,ARG_mid2_3aer-ARG_mid2
2017-07-15 11:10:00,-52.59051513671875,-3.0725854821296603,-49.517929654583966,-31.593897892289544,-18.906764834175082,-0.03701917906092613,1.0197522509415842,-58.12664794921875,0.3134756088256836,1.13458251953125,0.6380294594841737,0.3818165453616627,0.0007475914142444199,-0.020593596260080792,2.1031159395686183,1.249124315898743,1.4746103460412827,0.8403393766371563,9882,9970,2,Box 3,ARG_mid2_3aer-ARG_mid2
2017-07-15 11:10:00,-64.5604248046875,-0.002717338554893494,-64.5577074661262,-41.75926323982849,-26.45428764091209,5.121915422735833,-1.46607200812145,-73.25799560546875,0.3511056900024414,0.6449165344238281,0.6468517064633966,0.40977737096368866,-0.07933855807106116,0.022709480643975877,2.3001395611859765,1.3019213479853584,1.5360943381283698,0.8558552387190436,10404,10404,3,Box 4,ARG_mid2_3aer-ARG_mid2
2017-07-15 11:12:00,-42.371002197265625,-2.663204657865781,-39.70779753939594,-30.820914011302403,-12.391952188885089,2.5071319222382322,0.9979367385533163,-46.64691162109375,0.20500707626342773,0.6787109375,0.7761929878060738,0.31207855778428556,-0.06313953625231394,-0.025132009338045436,1.8370711512874875,1.1300499864203932,1.298458180177391,0.8646075327821083,10256,10328,0,Box 1,ARG_mid2_3aer-ARG_mid2
2017-07-15 11:12:00,-43.161102294921875,-2.9713087371727127,-40.189793557745105,-30.961921688488097,-13.387597418160372,2.9364392146649188,1.2232863342384444,-47.6063232421875,0.2619285583496094,1.1384010314941406,0.7703926531496533,0.33310938507123544,-0.07306430202100474,-0.030437736199884033,1.9327273099002773,1.1531041106426145,1.3299038051896308,0.8595665057417724,10086,10176,1,Box 2,ARG_mid2_3aer-ARG_mid2
2017-07-15 11:12:00,-53.8748779296875,-1.6971340099326102,-52.17774391974952,-32.989079800354105,-20.221558840510383,0.16015262195566046,0.8727420991593091,-59.575347900390625,0.32655811309814453,1.0697822570800781,0.6322442735564039,0.3875514217634931,-0.0030693665521832184,-0.01672632876771378,2.1182624655956372,1.2586619651000408,1.4854698174081846,0.8417257740891879,9909,9956,2,Box 3,ARG_mid2_3aer-ARG_mid2
2017-07-15 11:12:00,-65.25076293945312,-0.005486093953433967,-65.24527684549327,-42.68997271350274,-26.57325393315407,5.617856517043141,-1.5999067158795925,-74.05056762695312,0.34229135513305664,0.63995361328125,0.6542998172051054,0.4072824151866494,-0.08610365054234861,0.02452141815059375,2.3100432939518587,1.297691384166317,1.5319564933856002,0.8559876417763248,10404,10404,3,Box 4,ARG_mid2_3aer-ARG_mid2
2017-07-15 11:14:00,-43.8118896484375,-2.2742052008798845,-41.537684447553545,-31.871371470278795,-13.13360716527563,2.4903487213067437,0.9769454666941356,-48.3388671875,0.21468210220336914,0.8225173950195312,0.7672881118474559,0.31618534687118705,-0.05995396119037681,-0.023519497528266167,1.8457272240202875,1.134596329492345,1.3050624057235753,0.8639537724503837,10273,10335,0,Box 1,ARG_mid2_3aer-ARG_mid2
2017-07-15 11:14:00,-45.4110107421875,-2.350264791755639,-43.06074595042757,-32.47099188592459,-14.693284229056314,2.8480375585419977,1.2554926060113378,-50.235626220703125,0.27594470977783203,1.0998573303222656,0.7540740683708981,0.3412222409238226,-0.06613999585192319,-0.02915631344279747,1.9555443621086406,1.1638580915642747,1.3450948236494578,0.8578140771879548,10073,10145,1,Box 2,ARG_mid2_3aer-ARG_mid2
2017-07-15 11:14:00,-54.77496337890625,-0.7006897738956211,-54.074273605005125,-33.90812933308359,-21.272700988898823,0.41934005272676694,0.6872166642505253,-60.5880126953125,0.32354164123535156,0.9266204833984375,0.6270658313558012,0.39339781324274353,-0.007754890168103021,-0.012708754430441695,2.1293056145931843,1.267541434846924,1.4944574024522665,0.8438420359179867,9968,9984,2,Box 3,ARG_mid2_3aer-ARG_mid2
2017-07-15 11:14:00,-66.05801391601562,-0.009665224613483304,-66.0483486913957,-43.343414266547825,-26.66099061381516,5.719768953461162,-1.7637127644938837,-74.92855834960938,0.33022594451904297,0.613983154296875,0.6562376671832567,0.4036587006646596,-0.08659972681809518,0.026703358970178878,2.3088029563389205,1.293485442848778,1.5296107477814787,0.8552824284876875,10404,10404,3,Box 4,ARG_mid2_3aer-ARG_mid2
2017-07-15 11:16:00,-44.958770751953125,-1.201385641995935,-43.757385109952885,-33.27733825834281,-14.090156580511664,2.581323006083378,1.0287867228182115,-49.711944580078125,0.23215913772583008,0.9293251037597656,0.760496500755793,0.32200636635635643,-0.05899171076144219,-0.023511156350707246,1.8635420048064726,1.1408616061603003,1.313688531703118,0.8628884636635535,10305,10338,0,Box 1,ARG_mid2_3aer-ARG_mid2
2017-07-15 11:16:00,-47.516448974609375,-0.5791549740506123,-46.93729400055411,-34.493780845400366,-16.561330803386827,2.865800824322683,1.2520168239104013,-52.68304443359375,0.2896881103515625,1.0751419067382812,0.7348907000261489,0.3528394884287815,-0.061055944645825797,-0.02667424380910456,1.990373179072544,1.1796766534027543,1.3664425279537515,0.8561597702760624,10116,10134,1,Box 2,ARG_mid2_3aer-ARG_mid2
2017-07-15 11:16:00,-55.84478759765625,0.5437554315319156,-56.388543029182465,-35.03612254131028,-22.545381239674757,0.6344034424685464,0.5585573093340251,-61.821929931640625,0.32224559783935547,0.8445320129394531,0.6213340628995897,0.39982202107983117,-0.01125057340354098,-0.00990551057587989,2.144067260977593,1.2781276734004012,1.5055763999049656,0.8454953094647907,10039,10016,2,Box 3,ARG_mid2_3aer-ARG_mid2
2017-07-15 11:16:00,-66.63436889648438,-9.54059127695107e-05,-66.63427349056512,-43.6100033435161,-26.726999439150198,5.560831439337207,-1.8581021472360353,-75.55624389648438,0.3224039077758789,0.570892333984375,0.6544680546369418,0.4010998850754263,-0.08345302121624507,0.027885081503876946,2.2954204439716253,1.2899703636326174,1.526842265356286,0.8548908619145023,10404,10404,3,Box 4,ARG_mid2_3aer-ARG_mid2
2017-07-15 11:18:00,-45.82525634765625,-0.7985872620962661,-45.026669085555575,-33.98262244044147,-14.712172983032174,2.568561186306834,1.0995651516112295,-50.732879638671875,0.24201583862304688,0.918853759765625,0.7547221042682678,0.3267435340392922,-0.057045329767260546,-0.02442030854029944,1.8777183371091026,1.1461243034368702,1.3208473440694122,0.8618423600230259,10294,10316,0,Box 1,ARG_mid2_3aer-ARG_mid2
2017-07-15 11:18:00,-49.16680908203125,-0.8133414647100647,-48.35346761731637,-35.07348243288698,-17.243682619888034,2.7668000281151377,1.1968974073435115,-54.62469482421875,0.2997555732727051,1.08111572265625,0.7253560946335615,0.35661729074654236,-0.05722030217175758,-0.02475308320834632,2.0122832310863417,1.1875544481385067,1.3789821032198573,0.854358991653673,10103,10128,1,Box 2,ARG_mid2_3aer-ARG_mid2
2017-07-15 11:18:00,-57.125213623046875,-0.03959660020761532,-57.085617022833574,-35.33734938981127,-22.831322372609765,0.5658972305585651,0.5171575090288985,-63.307830810546875,0.3148021697998047,0.8096466064453125,0.619023691653832,0.39994877104468374,-0.009913131539459632,-0.009059331159056081,2.13664411255386,1.2779661048823991,1.5050639914490527,0.845971711094377,10096,10097,2,Box 3,ARG_mid2_3aer-ARG_mid2
2017-07-15 11:18:00,-67.3695068359375,5.7563548216349016e-05,-67.36956439947924,-44.32099391444846,-26.830779305824365,5.687662528860457,-1.9054537080668812,-76.32717895507812,0.33139991760253906,0.5565528869628906,0.6578785881951027,0.3982626211849421,-0.08442480784252217,0.02828359846247737,2.294070936255179,1.2857336529003085,1.5230422528470806,0.8542929274384576,10404,10404,3,Box 4,ARG_mid2_3aer-ARG_mid2
2017-07-15 11:20:00,-46.379547119140625,-0.49546365731937386,-45.88408346181679,-34.320061693690725,-15.283480272379277,2.6322404946458886,1.0872180096073183,-51.43511962890625,0.2568778991699219,0.9027099609375,0.7479731336957125,0.33308893017548624,-0.05736718042622234,-0.023694883444976403,1.8909729119917575,1.152410042929334,1.3283253986016719,0.8617491672594195,10299,10312,0,Box 1,ARG_mid2_3aer-ARG_mid2
2017-07-15 11:20:00,-51.36614990234375,-1.6969293758100519,-49.6692205265288,-35.76024840756765,-17.84635267476934,2.798177027037124,1.1392035287710673,-57.1781005859375,0.3069877624511719,1.0826416015625,0.7199679807430794,0.35930406166203943,-0.056336237963359855,-0.022935804441759015,2.0335850724559856,1.1937682575906159,1.389058050026311,0.8529552055149687,10087,10137,1,Box 2,ARG_mid2_3aer-ARG_mid2
2017-07-15 11:20:00,-58.417755126953125,-0.8938209581667655,-57.523934168780734,-35.708236808486205,-23.087564821243557,0.642229713060201,0.6296377478888283,-64.8468017578125,0.3119850158691406,0.7900619506835938,0.6207544272565715,0.40135580354261635,-0.011164565190827135,-0.0109456656083607,2.1442180278722245,1.2796548381445507,1.506208619045354,0.8457862945984523,10171,10197,2,Box 3,ARG_mid2_3aer-ARG_mid2
2017-07-15 11:20:00,-67.96487426757812,7.733448103918979e-05,-67.9649516020526,-45.254007887516096,-26.82369169558503,6.074630346150946,-1.9618823651024104,-76.90811157226562,0.336578369140625,0.5343132019042969,0.6658433033615136,0.394669473946553,-0.08937886665055005,0.0288660893424834,2.294787220183,1.2791237373541984,1.5156337003788787,0.8541445122657441,10404,10404,3,Box 4,ARG_mid2_3aer-ARG_mid2
2017-07-15 11:22:00,-46.892791748046875,-1.648759571615692,-45.24403217642683,-33.90483358198549,-15.091416607619749,2.7075019928030164,1.0447160203754005,-52.056854248046875,0.26880311965942383,0.9093437194824219,0.7493769222375075,0.3335559604584209,-0.05984219050692141,-0.023090692189007,1.8968377449040432,1.1531270383466647,1.329449095924497,0.8616874684799082,10279,10325,0,Box 1,ARG_mid2_3aer-ARG_mid2
2017-07-15 11:22:00,-53.73785400390625,-3.168732075004268,-50.569121928897005,-36.30216514395284,-18.19913884879892,2.821503466822261,1.1106785970324942,-59.925750732421875,0.3229560852050781,1.1943016052246094,0.7178721670310135,0.35988639222148094,-0.05579498633156913,-0.021963572920925344,2.052047269715205,1.1974392093119959,1.3962384321223067,0.851353755698588,10064,10157,1,Box 2,ARG_mid2_3aer-ARG_mid2
2017-07-15 11:22:00,-59.625762939453125,-0.4419113550531509,-59.18385158439419,-36.58929985299851,-23.912539050430645,0.5844638674731706,0.7335234515617928,-66.23855590820312,0.3156709671020508,0.7744026184082031,0.6182311369313873,0.40403823695610896,-0.00987539424736061,-0.01239397964013567,2.1582187815818608,1.2857964724907098,1.5140323181507156,0.8448984104160049,10217,10230,2,Box 3,ARG_mid2_3aer-ARG_mid2
2017-07-15 11:22:00,-68.58425903320312,0.00011677276391461161,-68.58437580596045,-46.16548820060976,-26.695336092611917,6.361612289251514,-2.0851638019902885,-77.60198974609375,0.3316969871520996,0.5238990783691406,0.6731196086295453,0.3892334920148375,-0.09275599893552793,0.030402898291145106,2.299896145549514,1.2722704757322716,1.5104986206662212,0.8529133130192188,10404,10404,3,Box 4,ARG_mid2_3aer-ARG_mid2
2017-07-15 11:24:00,-47.427459716796875,-1.3046842481941359,-46.12277546859828,-34.529005067830276,-15.448542377418148,2.7577986047694654,1.0969733718806796,-52.688385009765625,0.27236127853393555,0.9098281860351562,0.7486324211199871,0.33494390180261296,-0.059792555342794894,-0.02378376757980514,1.9099154239595837,1.1557501078718757,1.3339001648919233,0.8605274179704219,10271,10308,0,Box 1,ARG_mid2_3aer-ARG_mid2
2017-07-15 11:24:00,-55.725555419921875,-3.4163395524143234,-52.309215867502466,-37.40852605753525,-18.93659085586189,2.9882665640167776,1.047634481877895,-62.22802734375,0.32985877990722656,1.2172317504882812,0.7151421682995559,0.36201251618505725,-0.05712696155847488,-0.020027722926138275,2.0767956463070516,1.2031895114419326,1.4058523306448203,0.850024486925656,10056,10155,1,Box 2,ARG_mid2_3aer-ARG_mid2
2017-07-15 11:24:00,-60.890594482421875,-0.09712952877092657,-60.79346495364505,-37.44135688060683,-24.633343204153167,0.5247982623961089,0.7564368687188439,-67.611572265625,0.32286882400512695,0.726043701171875,0.6158779880231506,0.4051972234669642,-0.008632478224366172,-0.012442733265748648,2.1725988687790765,1.2907806848822845,1.521893863726166,0.843720753924772,10253,10259,2,Box 3,ARG_mid2_3aer-ARG_mid2
2017-07-15 11:24:00,-69.17147827148438,-0.0,-69.17147827147778,-47.06827400461751,-26.67083643154163,6.785342949461567,-2.2177107847802078,-78.1861572265625,0.3321561813354492,0.5422439575195312,0.6804578300305847,0.38557563172014936,-0.09809451986599281,0.032061058115258764,2.3150045507454005,1.268484309536352,1.5086262197849534,0.8519791464877119,10404,10404,3,Box 4,ARG_mid2_3aer-ARG_mid2
2017-07-15 11:26:00,-48.109375,-1.17807360174484,-46.93130139825066,-35.04562408362597,-15.713844620293065,2.7542756753786017,1.0738916302897712,-53.5279541015625,0.2796816825866699,0.9797286987304688,0.7467430699659284,0.33482652626544873,-0.058687391854027424,-0.022882204377349738,1.919461644645628,1.1574076607207704,1.3378470256971002,0.859384342306,10224,10257,0,Box 1,ARG_mid2_3aer-ARG_mid2
2017-07-15 11:26:00,-57.151702880859375,-4.078925724276512,-53.07277715657771,-37.990908676636764,-19.217468414161267,3.123373503621561,1.012226430598763,-63.8905029296875,0.33809900283813477,1.2700386047363281,0.715826657507563,0.3620965294027298,-0.05885076438353401,-0.01907242252675881,2.09859318846736,1.20620942826919,1.4122441487818702,0.8485038007242538,10038,10156,1,Box 2,ARG_mid2_3aer-ARG_mid2
2017-07-15 11:26:00,-62.7384033203125,0.46359353876528053,-63.20199685907178,-38.90453643532553,-25.73914491229468,0.640610558345513,0.8010739302029252,-69.69110107421875,0.3318643569946289,0.6896591186523438,0.6155586590416616,0.40725208365944504,-0.010135922758484206,-0.012674819942622461,2.193945278670161,1.296812144585442,1.5303063406742714,0.8428623576718128,10289,10273,2,Box 3,ARG_mid2_3aer-ARG_mid2
2017-07-15 11:26:00,-69.489501953125,-0.0,-69.48950195311838,-46.863968668232125,-26.684763082740268,6.304445886009274,-2.245216088155262,-78.5126953125,0.33321332931518555,0.5566596984863281,0.6744035768143691,0.38401143097475854,-0.09072515572586226,0.03231014793673459,2.2993147233759483,1.2675021012776513,1.5091243992831023,0.85113466678214,10404,10404,3,Box 4,ARG_mid2_3aer-ARG_mid2
2017-07-15 11:28:00,-48.48931884765625,-1.6401020285574133,-46.849216819094295,-35.11618115539603,-15.555593355597352,2.9323292066675797,0.8902284852315022,-54.001434326171875,0.2806382179260254,1.0330352783203125,0.7495574854750561,0.33203529134039594,-0.06259078391834402,-0.019001992897107994,1.9251773183822414,1.1561301430117714,1.3381539470143449,0.8592049637854368,10183,10229,0,Box 1,ARG_mid2_3aer-ARG_mid2
2017-07-15 11:28:00,-59.1802978515625,-4.815868742932978,-54.36442910862423,-38.808762190510414,-19.706657533349222,3.1942355822376984,0.9567550329977066,-66.17996215820312,0.35538482666015625,1.3604393005371094,0.7138631422573679,0.36249175897669844,-0.05875598501835409,-0.01759891621571226,2.1149858630669054,1.2094662561460703,1.4187308624623594,0.8472673368910106,10065,10203,1,Box 2,ARG_mid2_3aer-ARG_mid2
2017-07-15 11:28:00,-65.04202270507812,0.7870158318551899,-65.82903853692707,-40.33294340360934,-26.890680457175,0.5151601965810443,0.8794251272762291,-72.31149291992188,0.3353428840637207,0.6807289123535156,0.6126922753244286,0.4084926812669543,-0.007825728706216225,-0.013359227885166695,2.199912308637768,1.3006002446786882,1.5356229004691293,0.8421135068711568,10316,10293,2,Box 3,ARG_mid2_3aer-ARG_mid2
2017-07-15 11:28:00,-69.7578125,-0.0001788998694705911,-69.75763360012397,-46.519376059165246,-26.759800414367945,5.730665225792941,-2.209122352383717,-78.82858276367188,0.32515573501586914,0.549713134765625,0.6668714756843841,0.38361106925967153,-0.08215108411852372,0.03166853917446809,2.285457755007051,1.2683755161964005,1.5115811771782046,0.8501561631693807,10404,10404,3,Box 4,ARG_mid2_3aer-ARG_mid2
2017-07-15 11:30:00,-48.565338134765625,-1.7943484734834751,-46.77098966127769,-34.95844691920062,-15.621983530102986,3.0449755387101147,0.7644652493158027,-54.09271240234375,0.27025890350341797,1.0118446350097656,0.7474386830891281,0.3340101127480873,-0.06510393645210996,-0.01634485938510541,1.9351743192361388,1.1589473946712607,1.3423563825247469,0.8592230313141601,10145,10196,0,Box 1,ARG_mid2_3aer-ARG_mid2
2017-07-15 11:30:00,-61.08526611328125,-4.866933443249733,-56.21833267002613,-39.999524277216516,-20.38368772527787,3.2508185701864543,0.9140607622817982,-68.40786743164062,0.3662567138671875,1.5172157287597656,0.7115032121637969,0.36258079450559405,-0.057824884086604904,-0.016259122582786008,2.1351117158174757,1.2132102816459334,1.4266939222984534,0.8454656887327681,10092,10231,1,Box 2,ARG_mid2_3aer-ARG_mid2
2017-07-15 11:30:00,-67.0675048828125,0.7225253243431797,-67.79003020714926,-41.41222958053308,-27.724885949377978,0.4054723988347419,0.9416129239270554,-74.66452026367188,0.3304753303527832,0.6939125061035156,0.6108896758710349,0.40898176125099384,-0.0059812983944057905,-0.013890138727622977,2.205468335431783,1.3031199874594297,1.5396854407158445,0.8412962372082798,10335,10315,2,Box 3,ARG_mid2_3aer-ARG_mid2
2017-07-15 11:30:00,-70.24343872070312,-0.0001203004932745306,-70.24331842020327,-46.432803049915165,-27.04750485668408,5.39055527636277,-2.153565789966797,-79.44918823242188,0.3165569305419922,0.5336647033691406,0.661028039309718,0.3850544858214546,-0.0767411819031082,0.030658656771935647,2.2828483030841995,1.2717682384160098,1.516238245440803,0.8495376183921213,10404,10404,3,Box 4,ARG_mid2_3aer-ARG_mid2
2017-07-15 11:32:00,-48.242156982421875,-2.4941635758004432,-45.74799340661706,-34.588119097261554,-15.103493357372622,3.121678695463953,0.8219403525531577,-53.711700439453125,0.2590036392211914,0.9842033386230469,0.7560576218028979,0.3301454825161365,-0.06823640695489888,-0.01796669736413556,1.944903816009447,1.1563149820260241,1.3408198138679788,0.8578617573740809,10118,10188,0,Box 1,ARG_mid2_3aer-ARG_mid2
2017-07-15 11:32:00,-62.908203125,-3.61707661859724,-59.29112650639711,-42.13887349951086,-21.64844822868927,3.634326338723883,0.8618688830791335,-70.4569091796875,0.37299537658691406,1.5620040893554688,0.7107112983418246,0.3651212163485129,-0.06129629428328982,-0.014536220407047648,2.1774476839335426,1.221261670437904,1.440463021316917,0.8433397899033087,10141,10243,1,Box 2,ARG_mid2_3aer-ARG_mid2
2017-07-15 11:32:00,-68.21807861328125,0.2773108716041802,-68.49538948487898,-41.72797914714361,-27.96557534121439,0.15118328899742672,1.046981714481588,-75.9759521484375,0.32807350158691406,0.6899604797363281,0.6092085826646108,0.40828405461345774,-0.002207203873638851,-0.01528543340442964,2.20715010405333,1.3038148779066485,1.5421632476420186,0.8398658634813769,10365,10357,2,Box 3,ARG_mid2_3aer-ARG_mid2
2017-07-15 11:32:00,-71.060302734375,-0.0,-71.06030273436834,-46.42082649819022,-27.50375407135552,5.048192247286054,-2.1839144121086456,-80.421630859375,0.3129887580871582,0.5111885070800781,0.6532596219258545,0.3870480846974118,-0.07104096173297746,0.03073325510971113,2.283316785844863,1.2770942981712972,1.5239213925615662,0.8489525857810916,10404,10404,3,Box 4,ARG_mid2_3aer-ARG_mid2
2017-07-15 11:34:00,-48.967803955078125,-2.178719677234202,-46.78908427783945,-35.357362182433455,-15.453261714814658,2.9330367417916574,1.0885028776170083,-54.59539794921875,0.2767930030822754,1.1249504089355469,0.7556754471294417,0.33027493385105067,-0.06268634633614364,-0.023264034644348702,1.9585283587220974,1.1582313658058447,1.345154452950441,0.8551206778060212,10133,10195,0,Box 1,ARG_mid2_3aer-ARG_mid2
2017-07-15 11:34:00,-65.09783935546875,-3.240203277893919,-61.85763607756897,-43.61851736067349,-22.582869332439376,3.477319615643966,0.8664309998999342,-72.88507080078125,0.38852739334106445,1.6139793395996094,0.705143618905453,0.3650781175038866,-0.05621488042775245,-0.014006855981587088,2.202527954206752,1.2267931872167022,1.4524619646298487,0.8402257924725818,10158,10249,1,Box 2,ARG_mid2_3aer-ARG_mid2
2017-07-15 11:34:00,-69.47543334960938,0.4760104813738339,-69.95144383097673,-42.369949286951375,-28.546988810540537,-0.23178932701945157,1.1972835935346329,-77.34506225585938,0.32299232482910156,0.66107177734375,0.6057051429750276,0.4080972063924579,0.003313574592963696,-0.01711592396044923,2.2074170795299617,1.305710848149218,1.5461350142920998,0.8382246970259101,10372,10359,2,Box 3,ARG_mid2_3aer-ARG_mid2
2017-07-15 11:34:00,-72.11175537109375,4.0808382396881554e-05,-72.11179617946945,-46.748825775714586,-28.14710834150176,4.894591697592561,-2.1104537598456665,-81.65509033203125,0.3084425926208496,0.48143768310546875,0.6482826424038538,0.3903259914848074,-0.06787504897827067,0.029266415089609463,2.2935840660873343,1.2839010453253117,1.5323891763710629,0.8483744193789995,10404,10404,3,Box 4,ARG_mid2_3aer-ARG_mid2
2017-07-15 11:36:00,-49.57159423828125,-1.9410006809279092,-47.63059355734882,-36.155664566983205,-15.624248895613785,2.8600190497850004,1.2893008554631755,-55.297210693359375,0.2813091278076172,1.0883445739746094,0.7590849046096935,0.32802969118580627,-0.06004584104838926,-0.027068754747110478,1.9726496909439135,1.158113707498088,1.3476089461721648,0.8524721184043403,10164,10219,0,Box 1,ARG_mid2_3aer-ARG_mid2
2017-07-15 11:36:00,-67.18582153320312,-3.4197844499396006,-63.76603708325757,-44.64023908218025,-23.265823401950563,3.3142912060130145,0.8257341948602247,-75.23309326171875,0.392702579498291,1.4821243286132812,0.7000629351310433,0.3648623070549768,-0.05197580652041517,-0.01294943566560497,2.2246426578742775,1.2316673274507084,1.4633464655770214,0.8375391282627717,10213,10309,1,Box 2,ARG_mid2_3aer-ARG_mid2
2017-07-15 11:36:00,-70.83261108398438,0.7353223591524131,-71.56793344313012,-42.97413962387011,-29.182779519934712,-0.7926016088093293,1.3815873094840325,-78.765625,0.3195915222167969,0.6230812072753906,0.6004664038262131,0.40776333919330177,0.011074814804302722,-0.01930455782381757,2.20083426302153,1.307138810252458,1.54945320964445,0.8365115317788161,10385,10366,2,Box 3,ARG_mid2_3aer-ARG_mid2
2017-07-15 11:36:00,-73.62490844726562,6.172395634603168e-05,-73.62497017121517,-47.19126409463887,-28.9970386171202,4.639235151264123,-2.0759026107202248,-83.43634033203125,0.2956380844116211,0.461883544921875,0.6409681930586238,0.39384788271815213,-0.06301170839832686,0.02819563262155088,2.2944785566590467,1.290662057826635,1.5401835895869074,0.8482595864001758,10404,10404,3,Box 4,ARG_mid2_3aer-ARG_mid2
2017-07-15 11:38:00,-50.389801025390625,-1.2351203243956506,-49.15468070099039,-37.211148013272776,-16.222078304978094,2.8777797499129796,1.4007658673475034,-56.246124267578125,0.2851376533508301,1.0076217651367188,0.7570214572164443,0.3300210289973717,-0.05854538588946621,-0.028497100324349788,1.9848020911268738,1.1611662969254712,1.3523574206944056,0.8512697601485213,10186,10221,0,Box 1,ARG_mid2_3aer-ARG_mid2
2017-07-15 11:38:00,-68.678466796875,-4.5593796729065,-64.11908712396256,-44.88239279340262,-23.26087749017244,3.3371816374657497,0.687001522146756,-76.97943115234375,0.39828062057495117,1.4165687561035156,0.6999849000755533,0.36277617997277123,-0.05204661805327823,-0.010714461995046248,2.245629682201665,1.233226236349348,1.4699666618475968,0.835492701849563,10240,10367,1,Box 2,ARG_mid2_3aer-ARG_mid2
2017-07-15 11:38:00,-72.13388061523438,0.36380045266229255,-72.49768106788994,-43.43890309920444,-29.41039784620324,-1.193255384011702,1.5448752615294334,-80.16824340820312,0.31820154190063477,0.5951957702636719,0.5991764489477447,0.4056736355285913,0.016459221404534118,-0.02130930588087012,2.1931500630244454,1.304549342290429,1.5478998356393572,0.8349767208632941,10388,10379,2,Box 3,ARG_mid2_3aer-ARG_mid2
2017-07-15 11:38:00,-75.40829467773438,0.00012432603861685392,-75.40841900376606,-47.82754299933455,-29.94922151394624,4.467229747482782,-2.098884237968046,-85.57965087890625,0.28688573837280273,0.46341705322265625,0.6342467277684994,0.3971601833006274,-0.05924046421474079,0.027833553145613935,2.302635621776105,1.298408215230353,1.5501377751868586,0.8478902413342355,10404,10404,3,Box 4,ARG_mid2_3aer-ARG_mid2
2017-07-15 11:40:00,-51.071197509765625,0.16643760182818335,-51.23763511158902,-38.39845319642663,-17.41053047829653,2.9666577308999686,1.604690832234169,-57.10809326171875,0.2959718704223633,1.0307693481445312,0.7494189205415064,0.33979965001075124,-0.05789997380712375,-0.031318596745133875,2.002757159797064,1.1705279076800499,1.3619493706988977,0.8511754247544763,10221,10216,0,Box 1,ARG_mid2_3aer-ARG_mid2
2017-07-15 11:40:00,-69.72760009765625,-3.265541064252155,-66.46205903339792,-46.200433946864045,-24.35284823426155,3.5788256170201866,0.5123975307074866,-78.16363525390625,0.3994464874267578,1.3704109191894531,0.6951399733740993,0.366417300162548,-0.05384764885514286,-0.007709624681504393,2.2786730940369133,1.2424228158269062,1.4842791547134493,0.8345099306006218,10290,10381,1,Box 2,ARG_mid2_3aer-ARG_mid2
2017-07-15 11:40:00,-73.57427978515625,0.29043182936748635,-73.86471161451696,-44.17259829664983,-29.90688688685356,-1.466960856473688,1.6817344254601159,-81.74929809570312,0.3131256103515625,0.5312042236328125,0.5980203175662083,0.40488734380946023,0.019860104025443453,-0.02276776540111201,2.191564356847804,1.304226939262248,1.5485833601217422,0.8338620171722123,10400,10393,2,Box 3,ARG_mid2_3aer-ARG_mid2
2017-07-15 11:40:00,-76.2548828125,-0.0,-76.254882812493,-47.94864482226577,-30.484739558938983,4.197714291166976,-2.0192127224552143,-86.56304931640625,0.28304243087768555,0.4446907043457031,0.6287944201575804,0.39977426276949973,-0.05504846557156148,0.026479782644481392,2.290555817840516,1.3014318141375913,1.551708172406656,0.8485237061828518,10404,10404,3,Box 4,ARG_mid2_3aer-ARG_mid2
2017-07-15 11:42:00,-51.227569580078125,-0.494238488124409,-50.73333109194903,-38.251318466337665,-17.208775564564704,3.0089322205922984,1.7178307183610373,-57.362518310546875,0.3092355728149414,1.1154136657714844,0.7539682028174144,0.3392005845895579,-0.059308784892104026,-0.03386000251486824,2.0115217598639847,1.170242683868326,1.362040093864893,0.8502416444039158,10238,10252,0,Box 1,ARG_mid2_3aer-ARG_mid2
2017-07-15 11:42:00,-70.6424560546875,-1.3353506755429128,-69.30710537913825,-47.60768508313718,-25.93449092683066,3.8641405787516723,0.37093005207791074,-79.16653442382812,0.39217615127563477,1.1622200012207031,0.6869091534367745,0.37419671164966956,-0.055753887824534595,-0.00535197726190946,2.320876021061073,1.257752626202291,1.504659677114133,0.8340792259512511,10355,10391,1,Box 2,ARG_mid2_3aer-ARG_mid2
2017-07-15 11:42:00,-74.75994873046875,0.37473434987750215,-75.13468308033941,-44.75966841453018,-30.425169637224766,-1.6193307667186863,1.6694857381342172,-83.06723022460938,0.3093266487121582,0.46448516845703125,0.5957257897350804,0.4049417444762758,0.021552373688555806,-0.022219907899911986,2.186807589628529,1.3046448441879022,1.5493093268518614,0.8339294577289006,10400,10391,2,Box 3,ARG_mid2_3aer-ARG_mid2
2017-07-15 11:42:00,-77.40936279296875,-0.03378802623254548,-77.37557476672917,-48.60588093769582,-31.24646541288993,4.403770049325981,-1.926998465469404,-87.91644287109375,0.2985711097717285,0.4492759704589844,0.6281811939262767,0.4038285402995887,-0.0569142143706513,0.024904480144785905,2.2979165086636364,1.3065995662634868,1.5550189291398748,0.8495362343450518,10403,10404,3,Box 4,ARG_mid2_3aer-ARG_mid2
2017-07-15 11:44:00,-52.61468505859375,-0.4880921392475869,-52.12659291934138,-38.83272736391242,-18.115517918228942,2.9361165344724833,1.8855358283275014,-59.08099365234375,0.3358597755432129,1.2710075378417969,0.7449696055140347,0.34752929174289554,-0.0563266534418567,-0.03617224381507352,2.0262172324534147,1.1790567539797647,1.3715930864328465,0.8498566488654891,10212,10226,0,Box 1,ARG_mid2_3aer-ARG_mid2
2017-07-15 11:44:00,-71.00640869140625,-0.9076449317664478,-70.09876375963343,-47.935772370747976,-26.40115898678883,3.907812377943708,0.3303552199596674,-79.59591674804688,0.38610172271728516,1.0389022827148438,0.683831922273527,0.37662802552863295,-0.05574723673221229,-0.0047127110699476185,2.3529076739021164,1.265705767184592,1.5175342785792996,0.8324163380975559,10358,10383,1,Box 2,ARG_mid2_3aer-ARG_mid2
2017-07-15 11:44:00,-75.6583251953125,-0.08225173423906157,-75.57607346106658,-44.835445936190204,-30.605236568675082,-1.6362262451746696,1.500835288973368,-84.032470703125,0.31009578704833984,0.4231758117675781,0.5932492108006566,0.4049593365609492,0.021650056297481242,-0.019858603659087044,2.1749655187773724,1.3036908211400855,1.5474152372269474,0.8352229344691924,10395,10397,2,Box 3,ARG_mid2_3aer-ARG_mid2
2017-07-15 11:44:00,-78.16195678710938,-0.0,-78.16195678710226,-49.039899071633776,-31.970896233382096,4.7442083567924485,-1.8953698388788331,-88.86328125,0.31249570846557617,0.4700813293457031,0.6274139119266011,0.40903397954153714,-0.06069715436775382,0.024249262899615556,2.2921756489568046,1.3104768738459531,1.553792429180285,0.8524668499025907,10404,10404,3,Box 4,ARG_mid2_3aer-ARG_mid2
2017-07-15 11:46:00,-53.654571533203125,-0.20262440588771047,-53.45194712731049,-39.429101628765046,-18.94206341329221,2.9908429577821827,1.9283749569645854,-60.339630126953125,0.354947566986084,1.4167900085449219,0.7376551042163874,0.3543755547047984,-0.05595386358253084,-0.03607679533865494,2.0468968824453575,1.187754063492699,1.3822251165715351,0.8493293119798704,10215,10220,0,Box 1,ARG_mid2_3aer-ARG_mid2
2017-07-15 11:46:00,-71.04763793945312,-1.894346587130016,-69.15329135231681,-47.07792093479855,-26.027332237367823,3.6506510970232515,0.30131072282630783,-79.6666259765625,0.3772850036621094,0.9586372375488281,0.6807762872044603,0.37637156132982585,-0.052790706351548734,-0.004357142182737382,2.376453738578383,1.270332727501659,1.527808659762303,0.8299396340273419,10321,10373,1,Box 2,ARG_mid2_3aer-ARG_mid2
2017-07-15 11:46:00,-76.249755859375,-0.5291203041860308,-75.72063555518207,-44.79194020442624,-30.74856277522385,-1.4066055970346063,1.226473021502628,-84.66134643554688,0.3021879196166992,0.42325592041015625,0.5915420529161265,0.4060790371049589,0.018576251859501763,-0.016197341880587163,2.164446058661903,1.3034778164450853,1.5451390034281096,0.8376745420528052,10389,10402,2,Box 3,ARG_mid2_3aer-ARG_mid2
2017-07-15 11:46:00,-78.65719604492188,-0.0,-78.65719604491473,-48.61993872411566,-32.624510388164715,4.514387619512892,-1.9271345521472378,-89.54898071289062,0.3154892921447754,0.4219970703125,0.618124484075847,0.4147682860387689,-0.05739319282288034,0.024500422708264455,2.2644843611942487,1.3155099855865902,1.5538989826379435,0.8557783707073713,10404,10404,3,Box 4,ARG_mid2_3aer-ARG_mid2
2017-07-15 11:48:00,-55.1046142578125,0.0002543670921610299,-55.1048686248996,-40.13815910851949,-20.024574243193804,3.0734608199251716,1.9844039068885173,-62.13958740234375,0.38405799865722656,1.6218643188476562,0.728395876991216,0.36339029096506237,-0.05577475995535542,-0.036011408000922944,2.070387670818058,1.1990511188729092,1.3951909626946042,0.8491718378109782,10218,10218,0,Box 1,ARG_mid2_3aer-ARG_mid2
2017-07-15 11:48:00,-70.60775756835938,-2.046171598778724,-68.56158596957444,-46.18585333224306,-25.908661511535335,3.278236994528829,0.25469187967512996,-79.15704345703125,0.36302614212036133,0.8200416564941406,0.6736403873845472,0.3778888884372193,-0.047814486029882856,-0.003714789791883673,2.402022969715981,1.2786311811614528,1.5428320620266944,0.8274220140743896,10309,10365,1,Box 2,ARG_mid2_3aer-ARG_mid2
2017-07-15 11:48:00,-76.65646362304688,-0.2567256079779632,-76.399738015062,-45.46616453456127,-31.151553809119967,-0.618605960526488,0.836586289145725,-85.15655517578125,0.3008918762207031,0.4822425842285156,0.5951089063367958,0.4077442491095784,0.008096964421586517,-0.010950119867960729,2.1745699514801338,1.3048999427621564,1.5451480844525038,0.8405002731638165,10397,10403,2,Box 3,ARG_mid2_3aer-ARG_mid2
2017-07-15 11:48:00,-78.4453125,-0.0,-78.4453124999929,-48.44040005420028,-32.88612460249186,4.840033733222631,-1.9588215765233807,-89.45578002929688,0.3108224868774414,0.40423583984375,0.6175053487638879,0.41922357824114526,-0.06169946398292529,0.024970536977892185,2.2577825331466945,1.3184302590793746,1.5521005847375833,0.858824985737913,10404,10404,3,Box 4,ARG_mid2_3aer-ARG_mid2
2017-07-15 11:50:00,-56.3145751953125,-0.034381740775428264,-56.28019345453195,-40.612870791080155,-20.608276121447975,3.0630719960812955,1.8778814619148907,-63.562896728515625,0.3882312774658203,1.5822639465332031,0.7216192464564071,0.36617280177078887,-0.05442539920471155,-0.03336664902248439,2.087145315736102,1.2052458721948323,1.4047825150758775,0.8482841236656765,10180,10181,0,Box 1,ARG_mid2_3aer-ARG_mid2
2017-07-15 11:50:00,-70.1402587890625,-0.036885849259950615,-70.10337293979619,-46.413333369108344,-26.835385146317755,2.957438620759701,0.18790695487020725,-78.55743408203125,0.3338799476623535,0.6265792846679688,0.6620699036687931,0.3827973465608226,-0.042186823497059246,-0.0026804267325564943,2.4350175117560044,1.2934046125825693,1.5652827162892644,0.825315542427795,10339,10340,1,Box 2,ARG_mid2_3aer-ARG_mid2
2017-07-15 11:50:00,-76.9678955078125,-0.3556959372228973,-76.61219957058276,-45.77340904146372,-31.270667786471247,-0.007661379174311082,0.4395386365265182,-85.51492309570312,0.29770421981811523,0.503814697265625,0.5974689318153921,0.4081682546871873,0.00010000207822322944,-0.0057371885808026124,2.182399911959273,1.3054900962468812,1.5455908510226959,0.8425470690654104,10395,10403,2,Box 3,ARG_mid2_3aer-ARG_mid2
2017-07-15 11:50:00,-78.56838989257812,-0.0,-78.56838989257106,-49.39740927629874,-33.136806916361806,6.00547188426189,-2.0396455841724044,-89.723388671875,0.3058176040649414,0.4206428527832031,0.6287186150033278,0.42175749002456037,-0.07643623462913461,0.025960129601246426,2.2883433903418045,1.3200401421246595,1.550995529532056,0.8608448123350404,10404,10404,3,Box 4,ARG_mid2_3aer-ARG_mid2
2017-07-15 11:52:00,-58.62744140625,-0.7866738425038474,-57.84076756374086,-41.073847231326496,-21.519147657331743,2.9460021743365976,1.8062251505807825,-66.38009643554688,0.4160490036010742,1.6509246826171875,0.7101193321140298,0.3720411841633588,-0.050932971646513614,-0.03122754463087496,2.096993304804019,1.2140722551455063,1.4156606334727782,0.8483426377792043,10144,10167,0,Box 1,ARG_mid2_3aer-ARG_mid2
2017-07-15 11:52:00,-70.48052978515625,0.517964093994861,-70.99849387914473,-46.79344468756893,-27.265894099903512,2.9421772784403664,0.11866762988734178,-78.89199829101562,0.3177623748779297,0.5526580810546875,0.6590765822049944,0.3840348239825502,-0.041439995663127845,-0.0016714105244167651,2.465397636832951,1.3006892913917278,1.5783380266016036,0.823459550906855,10351,10337,1,Box 2,ARG_mid2_3aer-ARG_mid2
2017-07-15 11:52:00,-77.07302856445312,-0.043925707831597306,-77.02910285661463,-45.89875708964909,-31.42281929383946,0.18172223683476785,0.11075129003915318,-85.6221923828125,0.28871917724609375,0.4662055969238281,0.5958625426948962,0.4079343797153043,-0.0023591373921754435,-0.0014377850180250771,2.1898572395001668,1.3077547183167835,1.550361845897722,0.8429841749911438,10403,10404,2,Box 3,ARG_mid2_3aer-ARG_mid2
2017-07-15 11:52:00,-79.49078369140625,-0.0,-79.49078369139914,-50.097605946475824,-33.67015451418456,6.452847697603432,-2.175870928342187,-90.91989135742188,0.3088984489440918,0.4431037902832031,0.6302316271149854,0.4235730603046961,-0.0811773063233949,0.027372618903713425,2.3049915501352354,1.3239555818800097,1.5553137598916227,0.8616005393191328,10404,10404,3,Box 4,ARG_mid2_3aer-ARG_mid2
2017-07-15 11:54:00,-60.911956787109375,-2.1442776224439584,-58.76767916466004,-41.77764776413359,-21.77268866117637,3.0261634818897956,1.756493778760127,-69.10028076171875,0.4382205009460449,1.7207603454589844,0.7108949742098475,0.37048746812294375,-0.05149367007349135,-0.029888772259299888,2.1047449906772653,1.2140001503265647,1.4175742626658034,0.8475072116672439,10146,10209,0,Box 1,ARG_mid2_3aer-ARG_mid2
2017-07-15 11:54:00,-71.61068725585938,1.2272918395904175,-72.83797909544326,-47.673404827812874,-27.968672809285007,2.751647401306585,0.05245114034803841,-80.07000732421875,0.31838369369506836,0.4311561584472656,0.6545130084587331,0.3839847447254989,-0.03777764616040436,-0.000720107023827625,2.491149486543211,1.3070085122294188,1.5917698347411338,0.8208291487291748,10356,10323,1,Box 2,ARG_mid2_3aer-ARG_mid2
2017-07-15 11:54:00,-76.92291259765625,-0.0004605563118907378,-76.9224520413375,-45.545415306245225,-31.383951386482625,0.17798207410199465,-0.17106742271163694,-85.45123291015625,0.2826728820800781,0.3733940124511719,0.5920952088444801,0.40799468235382236,-0.0023137857592780394,0.0022238945609756007,2.191722866055944,1.3104259221259995,1.5554388806461523,0.8433079326586427,10404,10404,2,Box 3,ARG_mid2_3aer-ARG_mid2
2017-07-15 11:54:00,-79.9794921875,-4.160734753382285e-05,-79.97945058014531,-49.898069789622475,-33.85629173036736,6.087074497706933,-2.3121635578624087,-91.50885009765625,0.3204493522644043,0.43454742431640625,0.6238861285952562,0.4233123819279161,-0.07610798090701104,0.028909470383838787,2.2910435742810313,1.3247774961110963,1.5572581421245824,0.8616747667761391,10404,10404,3,Box 4,ARG_mid2_3aer-ARG_mid2
2017-07-15 11:56:00,-63.193878173828125,-1.9210460579415765,-61.27283211588095,-43.02175184725162,-23.060187900522447,2.990032610158537,1.8190750217345812,-71.83560180664062,0.46796464920043945,2.034412384033203,0.7021342144898353,0.37635257102055203,-0.048798668298924076,-0.029688117211463215,2.119875681769138,1.2230752871437944,1.4286096808379933,0.847111367402922,10150,10207,0,Box 1,ARG_mid2_3aer-ARG_mid2
2017-07-15 11:56:00,-74.11819458007812,-0.22463221821480037,-73.89356236185672,-48.188870237039566,-28.15643079398411,2.4064719160079973,0.04526675315895783,-82.86227416992188,0.3503251075744629,0.4927940368652344,0.6521389509015508,0.38104037610342956,-0.03256673300203752,-0.0006125940029428623,2.5034657213034817,1.307472594053102,1.5984902283690514,0.8177071912107424,10359,10365,1,Box 2,ARG_mid2_3aer-ARG_mid2
2017-07-15 11:56:00,-76.86965942382812,-4.866325250083001e-05,-76.86961076056879,-45.80840200152374,-31.324264910546997,0.7784782233065793,-0.5154220718046373,-85.42874145507812,0.28369569778442383,0.30521392822265625,0.5959234286252132,0.4074986799154597,-0.010127255954649757,0.006705147413976882,2.2110426870873994,1.3116548269566293,1.558663852979324,0.8440332035011696,10404,10404,2,Box 3,ARG_mid2_3aer-ARG_mid2
2017-07-15 11:56:00,-79.84686279296875,-0.0,-79.84686279296166,-49.88012933759988,-33.765430942942835,6.209664680464968,-2.410967192883912,-91.44747924804688,0.31509828567504883,0.4158821105957031,0.6246974219505179,0.42287736501927026,-0.07776967639375229,0.030194889423964116,2.285524003836885,1.3228310923673883,1.5543607507013473,0.8624550290492328,10404,10404,3,Box 4,ARG_mid2_3aer-ARG_mid2
2017-07-15 11:58:00,-63.988922119140625,-3.060329415646876,-60.928592703488235,-42.87339532944295,-22.675804494856784,2.7683521226998464,1.852254998111654,-72.74209594726562,0.46360111236572266,2.1242332458496094,0.7036662661500862,0.3721701665621856,-0.04543600959523483,-0.030400423117036973,2.11959914717454,1.219770288568639,1.4274124012749934,0.8453376570228405,10107,10197,0,Box 1,ARG_mid2_3aer-ARG_mid2
2017-07-15 11:58:00,-76.26174926757812,0.24241777416695723,-76.50416704173831,-49.523169235920825,-29.169791085659963,2.05872932802172,0.13006395182075403,-85.3531494140625,0.3614182472229004,0.5821456909179688,0.6473264287539071,0.38128368968118853,-0.026910028664171203,-0.0017000897709244407,2.524405416063333,1.313525391314835,1.6109691581232497,0.8147027449431341,10373,10367,1,Box 2,ARG_mid2_3aer-ARG_mid2
2017-07-15 11:58:00,-77.78945922851562,-0.00019562826805537067,-77.78926360024069,-46.05570230426326,-31.764576252425634,0.893339331434115,-0.8623243749859119,-86.52899169921875,0.29392099380493164,0.2882423400878906,0.5920573119311642,0.40834139291591587,-0.01148409549195618,0.011085390644876136,2.2138451836450455,1.3152971289711648,1.564302911968335,0.8450008405642389,10404,10404,2,Box 3,ARG_mid2_3aer-ARG_mid2
2017-07-15 11:58:00,-79.81948852539062,0.033226723256133996,-79.85271524863964,-50.44553574573984,-33.688762421014204,6.764062893200217,-2.4824799750858166,-91.4716796875,0.3131895065307617,0.4010505676269531,0.6317322534201393,0.42188624790173457,-0.08470673629742914,0.031088234975555296,2.3045864477599447,1.321521513476299,1.5535387459516032,0.8623826577195486,10404,10403,3,Box 4,ARG_mid2_3aer-ARG_mid2
2017-07-15 12:00:00,-64.32223510742188,-6.382337498760292,-57.93989760865637,-41.109606825819675,-21.179348822809494,2.478545202929159,1.870512837043639,-73.19924926757812,0.4605531692504883,2.1863250732421875,0.7095215649755963,0.3655399767162385,-0.042777866465522674,-0.03228367522631209,2.116080980949508,1.2129861634766617,1.4221162985158127,0.8433025733135174,10043,10232,0,Box 1,ARG_mid2_3aer-ARG_mid2
2017-07-15 12:00:00,-78.01312255859375,0.26266160051618503,-78.27578415910305,-50.30435720629318,-29.80021358650922,1.5676902607502063,0.2610963729491428,-87.34884643554688,0.3657073974609375,0.5750350952148438,0.6426554233432493,0.3807079533810536,-0.0200277809745569,-0.0033355957497460433,2.5324248032004437,1.316822313904188,1.6192237155950748,0.8119366736353668,10378,10371,1,Box 2,ARG_mid2_3aer-ARG_mid2
2017-07-15 12:00:00,-78.64373779296875,-2.4506500211229746e-05,-78.6437132864616,-46.49205335133362,-32.135745907186134,1.1297187691175368,-1.145632797059385,-87.49716186523438,0.3099856376647949,0.2727165222167969,0.5911731708545501,0.40862447313659916,-0.014365023240986971,0.014567379249837684,2.226498515365697,1.3186815948545394,1.570388463990854,0.8452557972604807,10404,10404,2,Box 3,ARG_mid2_3aer-ARG_mid2
2017-07-15 12:00:00,-79.50933837890625,-0.0,-79.50933837889923,-50.01604977971757,-33.54475638165525,6.650667737861732,-2.5991999553881473,-91.15756225585938,0.3116168975830078,0.34793853759765625,0.6290588099396284,0.4218970634845277,-0.08364637253259719,0.0326904991084411,2.2863168770559175,1.3195710515353614,1.5498996332918005,0.8636749487162977,10404,10404,3,Box 4,ARG_mid2_3aer-ARG_mid2
2017-07-15 12:02:00,-65.06942749023438,-7.08449669147611,-57.98493079875299,-40.95184937351233,-21.20016776345687,2.2775937345332093,1.8894926036829995,-74.11514282226562,0.48189306259155273,2.4157562255859375,0.7062498619795374,0.365615125713193,-0.039279062735075136,-0.032585924957655284,2.127041403989004,1.2157446951615778,1.4279156074465635,0.8415864166619751,9983,10194,0,Box 1,ARG_mid2_3aer-ARG_mid2
2017-07-15 12:02:00,-79.99215698242188,0.35785379338288337,-80.35001077579768,-51.33087580032566,-30.484219704581786,1.1721459000614605,0.29293882904830115,-89.60205078125,0.3792390823364258,0.5940933227539062,0.6388409323746735,0.379392851478795,-0.01458799928891265,-0.0036457845645558717,2.5365360573869675,1.3183620749522265,1.6252650687296228,0.8097323974232766,10391,10382,1,Box 2,ARG_mid2_3aer-ARG_mid2
2017-07-15 12:02:00,-79.365966796875,-0.0,-79.365966796868,-46.752903845085285,-32.39533549345999,1.1794655882639113,-1.3971930465866313,-88.29461669921875,0.3270139694213867,0.26169586181640625,0.5890800015672497,0.4081766631328732,-0.014861100240644411,0.01760443554052149,2.2350220155212095,1.3213248701843827,1.576313304663848,0.8449800466115007,10404,10404,2,Box 3,ARG_mid2_3aer-ARG_mid2
2017-07-15 12:02:00,-78.38140869140625,-0.0,-78.38140869139936,-49.3424640084033,-32.998354788232746,6.816920501789161,-2.8575103965524744,-89.8399658203125,0.3180117607116699,0.33512115478515625,0.6295174433860048,0.4209972152727282,-0.08697114042219516,0.036456481763462154,2.2665981371871546,1.3147114746243718,1.5423146507412617,0.8659994063851386,10404,10404,3,Box 4,ARG_mid2_3aer-ARG_mid2
2017-07-15 12:04:00,-65.4791259765625,-6.098423796117642,-59.38070218043947,-41.60863618132988,-21.95982415927005,2.3988863616972993,1.788871798463153,-74.58016967773438,0.4884793758392334,2.5401840209960938,0.700709736555391,0.3698141543112942,-0.040398416886479896,-0.03012547398020536,2.143286726921524,1.2228332932430896,1.437135062682129,0.8416373102998272,9957,10139,0,Box 1,ARG_mid2_3aer-ARG_mid2
2017-07-15 12:04:00,-82.64169311523438,0.4886873852713372,-83.13038050049843,-53.12169514822798,-31.37757003759678,1.0156193813846401,0.35326530394168726,-92.64254760742188,0.40686798095703125,0.6796760559082031,0.639016624589003,0.3774500952441646,-0.012217186728485511,-0.004249533104682098,2.5600690396652017,1.319993201903943,1.6328951442371706,0.8066932511945494,10390,10377,1,Box 2,ARG_mid2_3aer-ARG_mid2
2017-07-15 12:04:00,-80.29061889648438,-0.0,-80.29061889647734,-47.31192120159673,-32.94278060824159,1.533015224825536,-1.5689323114645557,-89.36209106445312,0.3506803512573242,0.21670150756835938,0.5892583947148088,0.41029426676504194,-0.01909332928174496,0.019540667801894236,2.2585112601226536,1.3279487436112962,1.5854449376795745,0.8451644792712047,10404,10404,2,Box 3,ARG_mid2_3aer-ARG_mid2
2017-07-15 12:04:00,-77.78793334960938,-2.0330173585538132e-05,-77.78791301942896,-48.65620411471307,-32.81871892086016,6.767028664575628,-3.0800186484313583,-89.31207275390625,0.3245363235473633,0.34808349609375,0.6254982583548718,0.4218999796621755,-0.08699331813781196,0.03959508012076461,2.2336721251078524,1.3113154941111598,1.5346007815290987,0.8691130700465612,10404,10404,3,Box 4,ARG_mid2_3aer-ARG_mid2
2017-07-15 12:06:00,-66.28097534179688,-7.332588709489059,-58.94838663230249,-40.874796043779895,-22.007684824780526,2.281812104677426,1.6522821315805092,-75.58273315429688,0.5028033256530762,2.7753067016601562,0.6933997413490085,0.37333820452213656,-0.038708643866888125,-0.02802930200425694,2.1427583626046713,1.227724146246082,1.4424690075334567,0.8424316264796129,9932,10150,0,Box 1,ARG_mid2_3aer-ARG_mid2
2017-07-15 12:06:00,-85.88943481445312,0.2631866394611352,-86.15262145390672,-54.78568620856381,-32.49497740992876,0.5917069254246871,0.5363352391611611,-96.40072631835938,0.4384279251098633,0.6782798767089844,0.6359143260414332,0.3771792066398605,-0.006868124445188954,-0.006225408236104697,2.5819706231438446,1.3248604123967125,1.644131221263043,0.8033214326879473,10387,10380,1,Box 2,ARG_mid2_3aer-ARG_mid2
2017-07-15 12:06:00,-81.1082763671875,-4.880884342301456e-05,-81.10822755833698,-48.02764147486727,-33.54529819752253,2.2209953381022367,-1.7562832240494155,-90.3292236328125,0.36786508560180664,0.16895294189453125,0.5921426582811646,0.41358687284092255,-0.027383107792668615,0.02165357667058143,2.2877362143832047,1.335103728097932,1.5933803576654741,0.846401626812469,10404,10404,2,Box 3,ARG_mid2_3aer-ARG_mid2
2017-07-15 12:06:00,-76.6854248046875,-0.0980570356233745,-76.58736776905744,-48.711647150565824,-32.30386821320353,7.690285895172728,-3.262138300460814,-88.0828857421875,0.32085609436035156,0.3530235290527344,0.6360271748397408,0.42179107539787813,-0.10041193631777656,0.04259368608015762,2.234462174587006,1.3055084583928622,1.5240418812000012,0.8721221179821125,10400,10403,3,Box 4,ARG_mid2_3aer-ARG_mid2
2017-07-15 12:08:00,-66.56265258789062,-8.633679493129852,-57.92897309475556,-39.95429030910243,-21.61436169538101,2.1362981613188077,1.5033807484090718,-75.97573852539062,0.5082674026489258,2.964141845703125,0.6897116964899138,0.3731183299249233,-0.03687788764741993,-0.025952138767417164,2.1399837198245866,1.228491828066602,1.444392769621284,0.8424473934769026,9896,10153,0,Box 1,ARG_mid2_3aer-ARG_mid2
2017-07-15 12:08:00,-89.2034912109375,0.09585832523886154,-89.29934953616855,-56.18377750827268,-34.072348664298865,0.21093239295853614,0.7458442434444532,-100.27255249023438,0.46769189834594727,0.71539306640625,0.6291622257059867,0.38155203639527835,-0.0023620820762317316,-0.008352180025033296,2.6184776392769042,1.3389419250498147,1.6652690409215007,0.8006218799704106,10378,10376,1,Box 2,ARG_mid2_3aer-ARG_mid2
2017-07-15 12:08:00,-81.9129638671875,-4.8423501405982835e-05,-81.91291544367901,-48.37619772454546,-34.10508156771648,2.5440096573383135,-1.9756458087553779,-91.36865234375,0.38804054260253906,0.15918731689453125,0.5905808316370763,0.41635780368684555,-0.031057491282769713,0.024118855958847853,2.3041359797823353,1.3420960273044547,1.6017893928344398,0.8474479352740865,10404,10404,2,Box 3,ARG_mid2_3aer-ARG_mid2
2017-07-15 12:08:00,-75.65878295898438,-0.03229036143878804,-75.62649259753898,-48.77047779507759,-31.78534425487194,8.332808382888192,-3.403478930477646,-86.90811157226562,0.3176450729370117,0.3397560119628906,0.6448861519285196,0.42029377752613495,-0.11018372129503406,0.0450037918403795,2.231169033676379,1.2988981821355456,1.5140908671593956,0.874038754610843,10403,10404,3,Box 4,ARG_mid2_3aer-ARG_mid2
2017-07-15 12:10:00,-66.68795776367188,-8.979873399673844,-57.708084363992846,-39.68011436803182,-21.53570880512074,2.179979151001152,1.3277596581585691,-76.15826416015625,0.5013809204101562,3.0900650024414062,0.6876006161935669,0.37318356764859134,-0.03777597497866966,-0.023008208863488616,2.1468476425143446,1.2303813581838168,1.448270819830705,0.8423432432544108,9869,10139,0,Box 1,ARG_mid2_3aer-ARG_mid2
2017-07-15 12:10:00,-93.29965209960938,-0.07513332911755506,-93.22451877048377,-57.1951798261928,-36.56896211353049,-0.4744975653825424,1.0141207346220584,-105.06793212890625,0.504488468170166,0.7833480834960938,0.6135207838080213,0.3922676415585719,0.00508983657561958,-0.010878261942212822,2.6730537123084015,1.3693304021046488,1.7060764555735999,0.7979690012218112,10379,10381,1,Box 2,ARG_mid2_3aer-ARG_mid2
2017-07-15 12:10:00,-83.58282470703125,-0.0,-83.58282470702399,-49.153708324242686,-35.04202065210326,2.7151568988551866,-2.1022526295332304,-93.47573852539062,0.4157266616821289,0.1743316650390625,0.5880838377565862,0.4192490595398418,-0.0324846271751691,0.025151729878741043,2.331604252086885,1.3522339837108097,1.615814115170304,0.8470359687505955,10404,10404,2,Box 3,ARG_mid2_3aer-ARG_mid2
2017-07-15 12:10:00,-75.08840942382812,-0.0,-75.08840942382166,-49.31392592121185,-31.541279312163564,9.141906028918749,-3.375110219364997,-86.29214477539062,0.3178238868713379,0.3210868835449219,0.6567448465031288,0.4200552329472723,-0.12174856411352478,0.04494848466312365,2.2338808293753467,1.2930928638902062,1.5037191313157081,0.8758432064619707,10404,10404,3,Box 4,ARG_mid2_3aer-ARG_mid2
2017-07-15 12:12:00,-67.06744384765625,-6.134614789485078,-60.93282905816572,-41.24568265272173,-23.26246307461248,2.413771199697103,1.1615454694713878,-76.58615112304688,0.48821473121643066,3.0231895446777344,0.6769041137635201,0.3817722471478621,-0.039613640741888854,-0.019062720169493376,2.1734120219162127,1.2447256688031447,1.4656206547923527,0.8431158348354546,9947,10131,0,Box 1,ARG_mid2_3aer-ARG_mid2
2017-07-15 12:12:00,-96.19705200195312,-0.2627187199260334,-95.93433328201877,-57.410621060678295,-38.207551375410176,-1.4939009080086345,1.1777400620783416,-108.48348999023438,0.527958869934082,0.8085861206054688,0.5984366503273435,0.3982677532462877,0.015572119562419896,-0.01227652313605111,2.683078224841818,1.38877108384604,1.7328130808141327,0.7960638572168744,10382,10389,1,Box 2,ARG_mid2_3aer-ARG_mid2
2017-07-15 12:12:00,-84.90090942382812,-2.3894751240734644e-05,-84.90088552906955,-49.62927796698477,-35.79833762936995,2.72237904923173,-2.195648981946561,-95.22628784179688,0.44510602951049805,0.20526123046875,0.5845554808729528,0.4216485777066814,-0.03206537873270596,0.025861320153071715,2.3473903084447354,1.36036156076883,1.626748044750803,0.8468355475730134,10404,10404,2,Box 3,ARG_mid2_3aer-ARG_mid2
2017-07-15 12:12:00,-75.34609985351562,5.959996226113725e-05,-75.34615945347136,-50.276340201680036,-31.458587343744266,9.762689224959745,-3.373921133006801,-86.6627197265625,0.3189997673034668,0.3480987548828125,0.6672714384696312,0.41752078104486456,-0.12957115924386983,0.04477893972937405,2.230417861564585,1.2852718444199474,1.4929155436301098,0.8765019116022671,10404,10404,3,Box 4,ARG_mid2_3aer-ARG_mid2
2017-07-15 12:14:00,-67.91253662109375,-5.271147520421269,-62.64138910066698,-42.06273055211152,-24.240079788352112,2.649488858260566,1.0119323815360837,-77.6920166015625,0.4970993995666504,3.153308868408203,0.6714846390860711,0.3869658725063939,-0.04229613832481814,-0.016154373267646918,2.1894129821906607,1.2533221230362106,1.4755125274084344,0.8440936592536871,10048,10209,0,Box 1,ARG_mid2_3aer-ARG_mid2
2017-07-15 12:14:00,-98.470947265625,-0.5621607228177918,-97.90878654279872,-57.68844092902382,-39.24505500176552,-2.241902001950036,1.26661138994065,-111.18594360351562,0.5390324592590332,0.7226524353027344,0.5892059636936319,0.4008328198880331,0.022897863216495253,-0.012936646798160225,2.6925612987412033,1.400616923048983,1.7512934780625564,0.7939848039806251,10386,10401,1,Box 2,ARG_mid2_3aer-ARG_mid2
2017-07-15 12:14:00,-85.84597778320312,-0.0,-85.84597778319569,-50.17922753162702,-36.16972561677104,2.8222806194536236,-2.319305254251257,-96.37173461914062,0.46405649185180664,0.21638870239257812,0.5845262507039622,0.4213327933443522,-0.03287609614723363,0.027017052098919185,2.372859325722171,1.3653690031413515,1.6368297158453236,0.8453338931168659,10404,10404,2,Box 3,ARG_mid2_3aer-ARG_mid2
2017-07-15 12:14:00,-74.80010986328125,0.015378029023633824,-74.8154878922984,-51.043752507677084,-30.924638938305993,10.465119677165406,-3.312216123480739,-85.9801025390625,0.31490278244018555,0.3511238098144531,0.6822618410396223,0.41334541562869914,-0.1398790540834353,0.04427179741511386,2.239389895447568,1.276621911497782,1.4827338968615291,0.8761376714695728,10404,10404,3,Box 4,ARG_mid2_3aer-ARG_mid2
2017-07-15 12:16:00,-69.25982666015625,-8.137330433612853,-61.12249622653799,-41.49179615021013,-23.337827304040484,2.9203778938759224,0.7867493338366999,-79.36642456054688,0.5276727676391602,3.484081268310547,0.6788301969283012,0.3818205856243766,-0.04777910056310758,-0.012871681989570172,2.187907502951064,1.2463148927206513,1.4688183737128564,0.8443267091408975,9970,10218,0,Box 1,ARG_mid2_3aer-ARG_mid2
2017-07-15 12:16:00,-101.39358520507812,-0.22468146446698162,-101.16890374060243,-58.69225372307526,-40.71531888502599,-3.1681026419060085,1.406771509404829,-114.57772827148438,0.5577301979064941,0.7249908447265625,0.5801412445227487,0.4024489480425751,0.03131498439509673,-0.013905176960420547,2.7131447707484275,1.4136827361751385,1.7744417309778093,0.7903636610551552,10397,10403,1,Box 2,ARG_mid2_3aer-ARG_mid2
2017-07-15 12:16:00,-85.91574096679688,4.681060945893864e-05,-85.915787777399,-50.15674460062216,-36.258741586752706,2.9023906773928423,-2.402692267416973,-96.58251953125,0.48192310333251953,0.2496337890625,0.5837896142042521,0.42202652765864446,-0.03378180835532471,0.027965666492428126,2.3809919736904575,1.368298253853592,1.6410506255341806,0.8454244881710052,10404,10404,2,Box 3,ARG_mid2_3aer-ARG_mid2
2017-07-15 12:16:00,-74.95578002929688,-0.0,-74.95578002929042,-50.825517114639716,-30.81508597929977,9.994573621117059,-3.3097505564679985,-86.15386962890625,0.3287782669067383,0.41408538818359375,0.6780733533128287,0.41111020347274324,-0.13333959859014857,0.044156041804576635,2.2104220390511378,1.271821660180252,1.476862915609874,0.8761196561142932,10404,10404,3,Box 4,ARG_mid2_3aer-ARG_mid2
2017-07-15 12:18:00,-70.37823486328125,-8.04530951748127,-62.332925345794486,-42.2203327951301,-23.73266891435648,2.9322594160910556,0.6878169476010386,-80.723388671875,0.5471680164337158,3.6202125549316406,0.6773359755042949,0.3807404960171293,-0.04704190281178406,-0.01103456870964014,2.2004234152971662,1.2481417140684536,1.4741971650542953,0.8430404018195662,9914,10159,0,Box 1,ARG_mid2_3aer-ARG_mid2
2017-07-15 12:18:00,-104.43841552734375,-0.11225198123633548,-104.32616354609848,-60.020065523097756,-42.08664255087837,-3.8032348879914375,1.583779415869079,-118.1103515625,0.5890803337097168,0.8240699768066406,0.5753117289372647,0.40341407294519743,0.03645523575982842,-0.015181037642290528,2.73236200090308,1.422500370608214,1.790311175477173,0.787560902834118,10399,10402,1,Box 2,ARG_mid2_3aer-ARG_mid2
2017-07-15 12:18:00,-85.9464111328125,-0.11174527004825983,-85.83466586275686,-49.79176108684096,-36.09192587657085,2.5301062051746666,-2.481085104519728,-96.794677734375,0.4915194511413574,0.2621955871582031,0.5800891817585009,0.4204819289945056,-0.029476507885754632,0.028905397132748156,2.379116630385889,1.369064352162853,1.6454989997344314,0.8440698904511666,10401,10404,2,Box 3,ARG_mid2_3aer-ARG_mid2
2017-07-15 12:18:00,-74.14840698242188,-0.0,-74.14840698241557,-50.29404484050086,-30.485301756935357,9.807746130555913,-3.1768065155352607,-85.1820068359375,0.34166526794433594,0.4303398132324219,0.678288946280777,0.4111389980929058,-0.13227183873123313,0.042843894357550344,2.1883444134210372,1.267882747324578,1.469413233574674,0.8771951928897436,10404,10404,3,Box 4,ARG_mid2_3aer-ARG_mid2
2017-07-15 12:20:00,-69.9251708984375,-8.261350390092497,-61.66382050833951,-42.12980562321637,-23.07239436929342,2.928341678705536,0.6100378054647404,-80.15625,0.5513064861297607,3.567127227783203,0.6832175703015136,0.37416420486260776,-0.04748881361169476,-0.009892961552426645,2.2026887479965973,1.2413926435608198,1.4700176776116334,0.8412620431606881,9900,10150,0,Box 1,ARG_mid2_3aer-ARG_mid2
2017-07-15 12:20:00,-107.658203125,-0.18694116355344925,-107.47126196143739,-60.78158502323922,-43.63890901161571,-4.818570882106309,1.7678029555238475,-121.83441162109375,0.6200118064880371,0.915557861328125,0.5655612850721781,0.40605188973471,0.044835901190360065,-0.016449075997248146,2.725443757464055,1.433223220726177,1.805677410149397,0.7860536297026888,10398,10403,1,Box 2,ARG_mid2_3aer-ARG_mid2
2017-07-15 12:20:00,-85.95211791992188,6.845722000755434e-05,-85.95218637713457,-50.37903821966068,-36.07635903541634,3.0477977535478535,-2.5445868756054058,-97.04800415039062,0.5110607147216797,0.2842140197753906,0.5861286413193878,0.4197259029237859,-0.03545922311010164,0.02960467886692792,2.394483219004235,1.3670251979643746,1.6430812025214545,0.8443101474411353,10404,10404,2,Box 3,ARG_mid2_3aer-ARG_mid2
2017-07-15 12:20:00,-74.48165893554688,0.030963879657435505,-74.51262281519796,-50.75398858808769,-30.790797347528663,10.069420949702062,-3.037257829283674,-85.68490600585938,0.36225271224975586,0.4873199462890625,0.681146182626867,0.4132292782646274,-0.13513711595786498,0.04076165506637058,2.177788777369761,1.2662853815192956,1.4635756660006543,0.8787371952494109,10404,10403,3,Box 4,ARG_mid2_3aer-ARG_mid2
2017-07-15 12:22:00,-69.48931884765625,-10.366363612573691,-59.122955235077356,-41.0864633622174,-21.63389530652379,3.13266103310014,0.4647424005636981,-79.61566162109375,0.559051513671875,3.546344757080078,0.6949325046228577,0.3659136323701307,-0.05298552855899104,-0.00786060843399737,2.2113499001980066,1.2323637955980735,1.4632529089153112,0.8396920161970037,9871,10186,0,Box 1,ARG_mid2_3aer-ARG_mid2
2017-07-15 12:22:00,-110.31695556640625,-0.5232600692122769,-109.79369549718461,-61.47541569008867,-45.19472674066496,-5.133579614003767,2.010026547572777,-124.90432739257812,0.6489944458007812,0.9674758911132812,0.5599175381765435,0.4116331683345504,0.04675659736888449,-0.01830730387997842,2.736247872371747,1.4477421925793719,1.8207482123053491,0.7864604101886585,10390,10404,1,Box 2,ARG_mid2_3aer-ARG_mid2
2017-07-15 12:22:00,-86.78933715820312,-0.07309653920341888,-86.71624061899227,-50.963251926687796,-36.32411160720689,3.164834445540288,-2.5937115306378713,-98.17041015625,0.5443100929260254,0.296905517578125,0.5877013528596858,0.41888475962426946,-0.036496444298660446,0.02991033181470515,2.400686467540667,1.3662879709243783,1.6433089738210547,0.8438694243706416,10402,10404,2,Box 3,ARG_mid2_3aer-ARG_mid2
2017-07-15 12:22:00,-74.95489501953125,-0.030743675975305335,-74.92415134354958,-51.74489882802801,-30.946793046704737,10.608420026893617,-2.84087949571045,-86.28564453125,0.3784308433532715,0.5120048522949219,0.6906304295762019,0.4130416226512124,-0.14158879128641508,0.037916739059000754,2.1847473053173756,1.2632576237051856,1.4581837986172603,0.8788016957734767,10402,10403,3,Box 4,ARG_mid2_3aer-ARG_mid2
2017-07-15 12:24:00,-69.17608642578125,-11.013950277619431,-58.162136148156655,-40.613520182616334,-21.09614233549716,3.3487366716571905,0.19878969829964813,-79.16751098632812,0.5694580078125,3.5020980834960938,0.6982810961268916,0.36271264662217473,-0.05757588860090935,-0.0034178541481569777,2.2242394011794966,1.230748652383554,1.464642069687341,0.8392114842335961,9850,10184,0,Box 1,ARG_mid2_3aer-ARG_mid2
2017-07-15 12:24:00,-113.4244384765625,-0.0,-113.42443847655288,-62.58270674614551,-47.626102442164644,-5.299050011275099,2.0834207230323742,-128.48727416992188,0.6824140548706055,0.868499755859375,0.5517568134937924,0.4198927769169421,0.04671876786386313,-0.018368358274597582,2.743008541280142,1.4680733476225771,1.8396981133919592,0.7891112438139464,10401,10401,1,Box 2,ARG_mid2_3aer-ARG_mid2
2017-07-15 12:24:00,-87.30633544921875,-0.14489601906091365,-87.1614394301504,-51.58570580584,-36.65556824272583,3.620706904177727,-2.540872285762296,-98.96255493164062,0.5795402526855469,0.3224296569824219,0.5918409120260095,0.42054799097370277,-0.04154023760793093,0.029151334608218636,2.4055877002363593,1.3659768200351952,1.6394918883318736,0.8452654530149718,10399,10403,2,Box 3,ARG_mid2_3aer-ARG_mid2
2017-07-15 12:24:00,-74.8126220703125,-0.15341505309480188,-74.65920701721133,-51.57143066651957,-30.612768230730875,10.348935289578161,-2.8239434095390497,-86.12515258789062,0.38728952407836914,0.5116424560546875,0.6907578144331309,0.41003339646607356,-0.13861566045286822,0.037824449553663764,2.1485295094486414,1.254814239408551,1.4463676984840244,0.8797579058893965,10398,10403,3,Box 4,ARG_mid2_3aer-ARG_mid2
2017-07-15 12:26:00,-68.67864990234375,-10.832506332073644,-57.84614357026503,-40.60903990496558,-20.914629250320107,3.741531094744215,-0.06400550972355804,-78.583984375,0.5645251274108887,3.3569107055664062,0.7020181017882074,0.3615561549909607,-0.06468073520232893,0.0011064784231607644,2.2463760532874266,1.231717033861592,1.4685591783136611,0.8390815221257543,9874,10207,0,Box 1,ARG_mid2_3aer-ARG_mid2
2017-07-15 12:26:00,-115.74221801757812,-0.0,-115.74221801756832,-63.3610298928721,-49.310910890214096,-5.174433388883778,2.1041561544016494,-131.12973022460938,0.6960244178771973,0.7877693176269531,0.5474323110280696,0.42604083224609773,0.04470653386043077,-0.018179677134598053,2.7335054165600376,1.4789016682125997,1.8446764611810733,0.7928385330706981,10404,10404,1,Box 2,ARG_mid2_3aer-ARG_mid2
2017-07-15 12:26:00,-87.78823852539062,4.46891692915126e-05,-87.78828321455252,-52.63075660772862,-37.06911570667295,4.422859561799378,-2.51127046195033,-99.648193359375,0.5917139053344727,0.3074493408203125,0.599519146297693,0.422255844963694,-0.05038097796023658,0.02860598669884959,2.420575104852041,1.3652166232886633,1.6347794178604487,0.8469321445376208,10404,10404,2,Box 3,ARG_mid2_3aer-ARG_mid2
2017-07-15 12:26:00,-74.32080078125,-0.03069008578605,-74.29011069545768,-51.55249032469092,-30.207588849681503,10.235217713057674,-2.765249234142932,-85.48355102539062,0.4079771041870117,0.45644378662109375,0.6939347625422638,0.40661655457095025,-0.13777362312751926,0.03722230601430518,2.1305734688172078,1.2480804014831854,1.4381167305919202,0.8796742644031935,10403,10404,3,Box 4,ARG_mid2_3aer-ARG_mid2
2017-07-15 12:28:00,-69.08285522460938,-10.825018319840325,-58.25783690476398,-40.93789484665792,-21.102014343953336,4.010134972861117,-0.2280626870138379,-79.05532836914062,0.5780761241912842,3.373004913330078,0.7027019371416151,0.3622176082241004,-0.06883425794570124,0.003914712579985755,2.2665985857380573,1.2347852250934177,1.474264204219628,0.8388340042779742,9868,10200,0,Box 1,ARG_mid2_3aer-ARG_mid2
2017-07-15 12:28:00,-117.43582153320312,-0.1118323762242643,-117.32398915696893,-64.19499908200291,-50.57555293544204,-4.473271678445904,1.9198345389219145,-133.1240234375,0.7028870582580566,0.7388267517089844,0.5471600441075676,0.43107597430715133,0.03812751092584373,-0.016363529340562642,2.7392676710297557,1.487282723503995,1.847607290662206,0.7969318621720659,10398,10401,1,Box 2,ARG_mid2_3aer-ARG_mid2
2017-07-15 12:28:00,-87.03140258789062,-0.0,-87.0314025878833,-52.86922967408236,-36.833285157180114,5.065163642653127,-2.394051399273956,-98.9412841796875,0.5854387283325195,0.27825164794921875,0.6074730281486114,0.4232183334054198,-0.058199264771567755,0.027507903217536572,2.4080265510618486,1.3581544199918223,1.6196666260423656,0.8497367042582195,10404,10404,2,Box 3,ARG_mid2_3aer-ARG_mid2
2017-07-15 12:28:00,-72.86514282226562,-0.0,-72.8651428222595,-51.06948635177554,-29.395640490835593,10.210660057478957,-2.6106760371273263,-83.6778564453125,0.4183502197265625,0.4321403503417969,0.7008767755571375,0.40342527787999544,-0.1401309276561208,0.03582887421898792,2.1144334274104395,1.2404834611043003,1.427777636713379,0.879977802829778,10404,10404,3,Box 4,ARG_mid2_3aer-ARG_mid2
2017-07-15 12:30:00,-69.39447021484375,-11.724355237733754,-57.670114977104966,-40.80641527065538,-20.745576452062117,4.249047040584864,-0.3671702949723346,-79.43533325195312,0.5904092788696289,3.4308815002441406,0.7075833867654941,0.3597283698896406,-0.07367849088339318,0.006366734228258453,2.27416129222335,1.2322595542085886,1.4726307259661846,0.8388388677421432,9839,10198,0,Box 1,ARG_mid2_3aer-ARG_mid2
2017-07-15 12:30:00,-119.5787353515625,-0.4102902823341369,-119.1684450692183,-65.43203997690377,-51.80556641731653,-3.5620868139837034,1.6312481389857063,-135.71710205078125,0.7225584983825684,0.7707710266113281,0.5490718615896847,0.43472553818442095,0.029891191513950578,-0.013688591288056207,2.7589023761705493,1.4944302496471586,1.8516736684291653,0.800292263616307,10393,10404,1,Box 2,ARG_mid2_3aer-ARG_mid2
2017-07-15 12:30:00,-86.14810180664062,-0.0001315671696270381,-86.14797023946375,-52.518984575910615,-36.40683584817267,5.129636326474932,-2.351786141855395,-97.98550415039062,0.5755496025085449,0.29019927978515625,0.60963693549511,0.4226081676326596,-0.05954448273379149,0.027299379606021863,2.3803985363125766,1.3506698336963423,1.6067269137837812,0.8515873911490479,10404,10404,2,Box 3,ARG_mid2_3aer-ARG_mid2
2017-07-15 12:30:00,-71.85064697265625,-0.060847399155858656,-71.78979957349438,-50.693568118450735,-28.951126244041326,10.23001144725724,-2.375116658259559,-82.35964965820312,0.42153406143188477,0.3916130065917969,0.7061388723693747,0.40327632081494785,-0.1424995125774704,0.033084319393147876,2.1051501765983347,1.2368401602006132,1.421039003959465,0.8805549150523875,10402,10404,3,Box 4,ARG_mid2_3aer-ARG_mid2
2017-07-15 12:32:00,-70.81637573242188,-13.843986922531618,-56.97238880988531,-40.82593368154765,-20.207405477303993,4.623710096774306,-0.5627597478079672,-81.21426391601562,0.6160681247711182,3.5587539672851562,0.7165915724155826,0.35468769871551875,-0.08115703401876741,0.009877762887666078,2.28125846968491,1.226427576142108,1.4676085928175466,0.8388366509591854,9809,10236,0,Box 1,ARG_mid2_3aer-ARG_mid2
2017-07-15 12:32:00,-121.68740844726562,-0.8953797351646599,-120.79202871209081,-66.52209962341786,-52.91418540065218,-2.6293044272282557,1.2735607392074904,-138.33990478515625,0.7589740753173828,0.9152450561523438,0.5507159730049245,0.43806024259079007,0.02176720148889322,-0.010543417084607768,2.779989896078515,1.501773221539586,1.8568089834732335,0.8035324173674715,10380,10404,1,Box 2,ARG_mid2_3aer-ARG_mid2
2017-07-15 12:32:00,-85.07516479492188,-0.00010881520279439859,-85.07505597971195,-51.96724730524733,-35.90758368212268,4.909397628058111,-2.1096226204000534,-96.72998046875,0.5614829063415527,0.27564239501953125,0.6108400013000295,0.4220694687604513,-0.05770666350462192,0.024797193444141136,2.349831475868222,1.3433426894929243,1.5939455731983572,0.8525779620632828,10404,10404,2,Box 3,ARG_mid2_3aer-ARG_mid2
2017-07-15 12:32:00,-71.88018798828125,-0.06102029137043574,-71.81916769690477,-51.18970807230015,-28.87157883792548,10.622712337626332,-2.380593124305474,-82.318359375,0.42394447326660156,0.4081153869628906,0.7127583027463336,0.4020038071141525,-0.14790915403610483,0.033147044175618756,2.117130158064814,1.235556665781392,1.4201731264144046,0.8801790781752908,10401,10403,3,Box 4,ARG_mid2_3aer-ARG_mid2
2017-07-15 12:34:00,-71.82284545898438,-12.807525061993887,-59.01532039698541,-42.12380006418983,-21.05625882707394,4.910203735600311,-0.7454652413219479,-82.45596313476562,0.6385276317596436,3.5795745849609375,0.7137773679924235,0.35679309517312263,-0.08320218720444551,0.012631724038899353,2.3111118786650167,1.232908597417154,1.4787815972563723,0.8378630235430928,9832,10226,0,Box 1,ARG_mid2_3aer-ARG_mid2
2017-07-15 12:34:00,-123.16351318359375,-0.5590154958726401,-122.60449768771086,-67.50063315228478,-54.159390211938316,-2.028119963027903,1.0836456395401293,-140.243408203125,0.7682056427001953,0.9304313659667969,0.5505559292304056,0.4417406476383038,0.016541970329618582,-0.008838547198328005,2.789154522016698,1.5090836336127422,1.860847402652947,0.8065266033513008,10387,10402,1,Box 2,ARG_mid2_3aer-ARG_mid2
2017-07-15 12:34:00,-84.06295776367188,-4.296875384864098e-05,-84.06291479491102,-52.63752765545836,-35.15462823334406,5.6872867921969545,-1.9580456983055483,-95.55181884765625,0.5467238426208496,0.271392822265625,0.6261682429627686,0.41819425746907657,-0.06765512242910295,0.023292621997257748,2.333073442316253,1.3269751343347695,1.5698652696690327,0.8542058702990574,10404,10404,2,Box 3,ARG_mid2_3aer-ARG_mid2
2017-07-15 12:34:00,-72.85952758789062,-0.030190586167880833,-72.82933700171667,-51.74122309528676,-29.201888047321948,10.488182132901088,-2.3744079920090457,-83.39691162109375,0.42488765716552734,0.416717529296875,0.7104447908686463,0.40096325532434307,-0.1440104024653399,0.0326023562723505,2.1210197180355186,1.2363692859005908,1.4230212712843506,0.8788846271115062,10403,10404,3,Box 4,ARG_mid2_3aer-ARG_mid2
2017-07-15 12:36:00,-73.1710205078125,-11.368101527510717,-61.802918980296475,-43.990724033825515,-21.922865601617126,5.1178227945255275,-1.0071521393793643,-84.0872802734375,0.6658504009246826,3.618480682373047,0.7117903937166834,0.35472217110985327,-0.0828087552977417,0.016296190471205035,2.3390803842293395,1.2358256211729886,1.488760451040917,0.8355044316114453,9830,10181,0,Box 1,ARG_mid2_3aer-ARG_mid2
2017-07-15 12:36:00,-124.28515625,-0.40955697320262,-123.87559927678704,-67.88308555586302,-55.19341656101958,-1.8415404989500637,1.0424433390456267,-141.73367309570312,0.7683711051940918,0.82586669921875,0.5479940032757007,0.4455551931393339,0.014866047144888756,-0.008415243559923341,2.7783528194528846,1.5150054009069434,1.8618583000747695,0.8094609256453427,10392,10403,1,Box 2,ARG_mid2_3aer-ARG_mid2
2017-07-15 12:36:00,-83.85211181640625,-2.1359906366086103e-05,-83.8520904564929,-54.16908694040852,-34.7387405779895,7.054069843927102,-1.9983327820219787,-95.37811279296875,0.5193519592285156,0.2670860290527344,0.6460075908127113,0.4142859216612361,-0.08412515186591732,0.02383163939196989,2.3486323410729457,1.3149286905601,1.5535912981181048,0.8553134284265237,10404,10404,2,Box 3,ARG_mid2_3aer-ARG_mid2
2017-07-15 12:36:00,-74.39532470703125,0.15058039466330125,-74.54590510168829,-52.95659012531635,-29.750574431755055,10.641772750021097,-2.4805132946379826,-85.19998168945312,0.41252994537353516,0.3589324951171875,0.7103889885444158,0.39909065952277606,-0.14275462529436894,0.033274977227177094,2.1493879603676107,1.239783513037751,1.4319600886262267,0.8762005889115899,10404,10399,3,Box 4,ARG_mid2_3aer-ARG_mid2
2017-07-15 12:38:00,-75.14553833007812,-11.500955999185921,-63.64458233088669,-45.50009074640766,-22.299657104472935,5.397507989472174,-1.2423424694782708,-86.46267700195312,0.6821150779724121,3.711700439453125,0.7149090948519978,0.3503779314402213,-0.08480702978630068,0.019520003494081575,2.3677819232561337,1.235186940809818,1.4946533038177148,0.8329122614353095,9798,10154,0,Box 1,ARG_mid2_3aer-ARG_mid2
2017-07-15 12:38:00,-125.80459594726562,-0.03729280139366155,-125.76730314586149,-69.02700320692458,-56.49085683232883,-1.117020107944363,0.8675770013362819,-143.728759765625,0.7730088233947754,0.7696075439453125,0.5488469696044046,0.4491696603115698,0.008881641571409648,-0.006898271487384044,2.787466172866534,1.5211675536985725,1.8637637305846473,0.8126826122162589,10401,10402,1,Box 2,ARG_mid2_3aer-ARG_mid2
2017-07-15 12:38:00,-83.83389282226562,-0.0,-83.8338928222586,-56.194567088874265,-34.282946457969125,8.866518681931902,-2.2228979573471164,-95.38858032226562,0.49353694915771484,0.2802619934082031,0.6703084539807286,0.40893897806528573,-0.105762936485967,0.026515504439952695,2.388790157260302,1.3042433364845263,1.5419194243515582,0.8556250627696385,10404,10404,2,Box 3,ARG_mid2_3aer-ARG_mid2
2017-07-15 12:38:00,-75.35147094726562,0.23999307787692545,-75.59146402513625,-53.47122869567216,-30.346992311213285,10.630024369507078,-2.4032673877578796,-86.36392211914062,0.41509008407592773,0.3179206848144531,0.7073712539539054,0.40146057101264865,-0.1406246658481479,0.031792840881593815,2.1647300607620523,1.2450228029702677,1.4389699626051953,0.8752870251347316,10404,10396,3,Box 4,ARG_mid2_3aer-ARG_mid2
2017-07-15 12:40:00,-76.25845336914062,-11.95993582258122,-64.29851754655387,-46.52940367487981,-22.091891340391687,5.720576176434459,-1.3977987077168328,-87.77548217773438,0.6929194927215576,3.7780990600585938,0.7236466010463034,0.34358321440920564,-0.08896902128875067,0.021739205833241626,2.398688257860954,1.2308487297279391,1.4963298354204788,0.8298169500787244,9757,10128,0,Box 1,ARG_mid2_3aer-ARG_mid2
2017-07-15 12:40:00,-126.71810913085938,-0.18763595535918837,-126.53047317548972,-69.97241802415319,-57.358376144540756,0.12061855243980522,0.6797024407644159,-145.03335571289062,0.7848877906799316,0.8162841796875,0.5530084276781759,0.4533166968006856,-0.0009532767041226106,-0.005371847774738911,2.7769648609198927,1.5198601003633445,1.850836552106573,0.8184634418532483,10399,10404,1,Box 2,ARG_mid2_3aer-ARG_mid2
2017-07-15 12:40:00,-83.2247314453125,6.298274780520413e-05,-83.22479442805337,-57.31931325490525,-33.36978900938955,10.188299962366782,-2.7239921261253452,-94.7464599609375,0.4697575569152832,0.30211639404296875,0.6887288055058757,0.40095970484177346,-0.12241904629965075,0.03273053595200162,2.409272936057594,1.2917009169287903,1.5304759139632769,0.8558249413835074,10404,10404,2,Box 3,ARG_mid2_3aer-ARG_mid2
2017-07-15 12:40:00,-76.70401000976562,0.05854331218429156,-76.76255332194356,-54.39472378912482,-30.954832678598518,10.947871696094742,-2.360868550314962,-88.0545654296875,0.4269437789916992,0.4379310607910156,0.7086101417313772,0.4032543387239007,-0.14261995233768693,0.03075547188240907,2.186545405487602,1.249322377762535,1.4448537709541494,0.8745126231231464,10404,10402,3,Box 4,ARG_mid2_3aer-ARG_mid2
2017-07-15 12:42:00,-77.92449951171875,-12.096362706900724,-65.82813680481233,-47.36387223144629,-22.535933720658946,5.561019088371589,-1.4893499410786866,-89.70938110351562,0.7125329971313477,3.8955650329589844,0.7195080178539062,0.3423450034364556,-0.08447784425162484,0.0226248229612631,2.421570643544798,1.2341772444933505,1.5064139969704975,0.8269117282393031,9764,10143,0,Box 1,ARG_mid2_3aer-ARG_mid2
2017-07-15 12:42:00,-127.30877685546875,0.037692117463773836,-127.34646897292197,-70.70678182972651,-58.01163791686448,0.9025492154973613,0.46940155817166546,-145.83868408203125,0.7856502532958984,0.7001609802246094,0.5552315851392872,0.45554178600114664,-0.007087351716750567,-0.00368601942368324,2.7913144636457377,1.5236412318940677,1.8520014985029332,0.8208330827579239,10404,10403,1,Box 2,ARG_mid2_3aer-ARG_mid2
2017-07-15 12:42:00,-83.49588012695312,4.167698865747627e-05,-83.49592180393486,-58.05503091155521,-33.35894442703355,10.816347794102672,-2.8982942594487753,-95.18328857421875,0.4548778533935547,0.3126564025878906,0.6953037903800864,0.39952782969888073,-0.1295434263184928,0.03471180623952569,2.4271660380133717,1.2901518198964188,1.5297458896336957,0.8559137309855661,10404,10404,2,Box 3,ARG_mid2_3aer-ARG_mid2
2017-07-15 12:42:00,-77.94110107421875,0.03781271351749682,-77.97891378772981,-55.68727691078074,-31.62821002263603,11.555411018632356,-2.218837872945399,-89.62197875976562,0.44086265563964844,0.5738449096679688,0.7141325033376302,0.40559952025919105,-0.14818635522531004,0.02845433162848876,2.2133434862042245,1.253104131854353,1.448963105226677,0.8740023761665878,10404,10403,3,Box 4,ARG_mid2_3aer-ARG_mid2
2017-07-15 12:44:00,-79.4241943359375,-13.557390052742749,-65.86680428318903,-46.95829162402899,-22.601866049630498,5.206173249458484,-1.5128198589880244,-91.522216796875,0.7430074214935303,4.005645751953125,0.712928039170317,0.34314502268025016,-0.07904092670224232,0.022967864851675165,2.4288034831540872,1.23807833422526,1.5142314969911659,0.8254570479709306,9719,10144,0,Box 1,ARG_mid2_3aer-ARG_mid2
2017-07-15 12:44:00,-126.55990600585938,0.03779696686539136,-126.59770297271427,-70.1845465986315,-58.052768902205784,1.1308345237665531,0.5087780043564545,-145.03939819335938,0.7847118377685547,0.5207443237304688,0.5543903637316266,0.4585609970721029,-0.008932504280984332,-0.004018856522745218,2.802129140062407,1.5313296888281471,1.8580491318262473,0.8221105217701664,10404,10403,1,Box 2,ARG_mid2_3aer-ARG_mid2
2017-07-15 12:44:00,-84.14498901367188,-0.09979258301598788,-84.04519643064896,-58.929746462963266,-33.5411072668256,11.611495982674162,-3.1858386835342554,-95.91571044921875,0.4544181823730469,0.34095001220703125,0.7011673357392882,0.39908416770139266,-0.13815775887031861,0.037906255429637714,2.462456120958012,1.2923430615000717,1.534813752407006,0.8558049767811305,10401,10404,2,Box 3,ARG_mid2_3aer-ARG_mid2
2017-07-15 12:44:00,-79.1058349609375,-0.013289668135777605,-79.09254529279517,-56.26552153691386,-32.426741982701515,11.864311541047687,-2.2645933142274792,-91.12570190429688,0.45149707794189453,0.5902328491210938,0.711388428942611,0.4099848078306236,-0.15000543347197667,0.02863219669874209,2.223596228816294,1.258945730033449,1.4541829514162181,0.8750726311471235,10403,10404,3,Box 4,ARG_mid2_3aer-ARG_mid2
2017-07-15 12:46:00,-79.88873291015625,-15.012392592762255,-64.8763403173884,-46.29485448323078,-22.038778752642706,4.908460570249315,-1.4511676517642262,-92.11502075195312,0.762061595916748,4.031959533691406,0.713586097131047,0.3397044075671419,-0.07565871543055784,0.02236821073236893,2.4286287172288077,1.2351680619515741,1.5136013518157334,0.8236469259312695,9664,10137,0,Box 1,ARG_mid2_3aer-ARG_mid2
2017-07-15 12:46:00,-125.68377685546875,-0.0,-125.68377685545839,-69.64918473117785,-57.98847320932261,1.343940396814975,0.6099406882271089,-144.20407104492188,0.7848787307739258,0.5127983093261719,0.5541620921471618,0.4613839165257724,-0.010693030003073211,-0.004852978669860997,2.7927126714979997,1.5334729720200366,1.8547641123290655,0.8243002704961632,10404,10404,1,Box 2,ARG_mid2_3aer-ARG_mid2
2017-07-15 12:46:00,-84.39654541015625,-0.06581481741136279,-84.33073059273792,-59.217400788983,-33.79750700588301,12.110907703983601,-3.426730501855514,-96.33645629882812,0.43695545196533203,0.3473472595214844,0.7022042898568516,0.40077332152027456,-0.14361203346466114,0.04063442208753501,2.4690491683000464,1.29424185785623,1.5357911682712322,0.8575407674831713,10401,10403,2,Box 3,ARG_mid2_3aer-ARG_mid2
2017-07-15 12:46:00,-80.51699829101562,-0.05920061863867359,-80.4577976723703,-56.55090996806681,-33.12428620844654,11.807628761123064,-2.590230256980023,-92.97735595703125,0.4579811096191406,0.6016349792480469,0.7028642543553828,0.41169764978319334,-0.14675555511977276,0.032193650981196614,2.228420754225598,1.264498792581192,1.4623039397370141,0.8753745849179604,10402,10404,3,Box 4,ARG_mid2_3aer-ARG_mid2
2017-07-15 12:48:00,-81.57232666015625,-13.658617590494094,-67.91370906965626,-47.569430190557455,-23.72891759785772,4.674515512835308,-1.289876794076395,-94.17868041992188,0.7883188724517822,4.076732635498047,0.7004392904202519,0.3493980511875733,-0.06883021965478063,0.018992878046955472,2.461971655688318,1.2519623845105643,1.5353535756260206,0.8220902724906821,9676,10107,0,Box 1,ARG_mid2_3aer-ARG_mid2
2017-07-15 12:48:00,-124.55911254882812,-4.7055169351248956e-05,-124.55906549364846,-68.967781044652,-57.48605831645447,1.1131506680095467,0.7816231994484696,-142.97274780273438,0.7793264389038086,0.47505950927734375,0.5536953956046565,0.461516454772903,-0.008936729443159708,-0.006275120934399803,2.7695059237829076,1.528888060687942,1.8464312385361241,0.8248429702591227,10404,10404,1,Box 2,ARG_mid2_3aer-ARG_mid2
2017-07-15 12:48:00,-84.5828857421875,0.00020235546270255692,-84.58308809764323,-59.59666133542877,-33.8205922007915,12.362777400709238,-3.5286119621321927,-96.53936767578125,0.41856908798217773,0.34758758544921875,0.7045931128292457,0.39985052522259307,-0.146161338853431,0.04171770080159218,2.4733356350218285,1.2929816867473556,1.5348177622863972,0.857624975178499,10403,10403,2,Box 3,ARG_mid2_3aer-ARG_mid2
2017-07-15 12:48:00,-81.66012573242188,-0.1472508704913777,-81.51287486192376,-57.35607394087578,-33.584513999678094,12.380124809660542,-2.952411731030435,-94.54446411132812,0.4585304260253906,0.7271575927734375,0.7036443511289762,0.4120148388407052,-0.1518793789402162,0.036220188970534806,2.244532586717618,1.2670678283691126,1.466684935128156,0.8759670783722586,10399,10404,3,Box 4,ARG_mid2_3aer-ARG_mid2
2017-07-15 12:50:00,-82.9556884765625,-14.19542929926803,-68.76025917728852,-47.88160110015108,-24.21381237898112,4.4466704550385545,-1.1115161531948723,-95.84646606445312,0.7999958992004395,4.089302062988281,0.6963557391006221,0.3521483582042537,-0.06466919276108965,0.016165095456213835,2.4833627191372494,1.258595751414384,1.5456061084204313,0.8200573708406915,9628,10077,0,Box 1,ARG_mid2_3aer-ARG_mid2
2017-07-15 12:50:00,-123.84823608398438,0.0002592743167482187,-123.84849535829095,-68.71017728161064,-56.675427322160694,0.917911221126848,0.6191980243535422,-142.2412109375,0.7574400901794434,0.4749107360839844,0.5547921844575796,0.45761902200103394,-0.007411565384555954,-0.00499964107405759,2.759806743724236,1.5199484718146847,1.8403108279300007,0.8234046643473214,10404,10404,1,Box 2,ARG_mid2_3aer-ARG_mid2
2017-07-15 12:50:00,-85.27322387695312,-0.12909537081869768,-85.1441285061274,-59.96950920432103,-33.88567772363675,12.382528073864563,-3.6714696520341774,-97.26138305664062,0.4213404655456543,0.3542747497558594,0.7043293560753907,0.3979802050730741,-0.14543020512534172,0.04312064397687693,2.465247601022583,1.2903576327565336,1.5326862776276038,0.8575386247417818,10400,10404,2,Box 3,ARG_mid2_3aer-ARG_mid2
2017-07-15 12:50:00,-82.86056518554688,-0.11750173933722928,-82.74306344620283,-57.51664520536534,-34.16424004168313,12.107241106779423,-3.169419305933772,-96.099609375,0.45516347885131836,0.7510147094726562,0.6951234678754796,0.412895517989804,-0.14632333639243614,0.0383043505271525,2.2355226152543635,1.2698827312533003,1.470747553881912,0.8762800454197708,10397,10401,3,Box 4,ARG_mid2_3aer-ARG_mid2
2017-07-15 12:52:00,-84.00753784179688,-13.291257702000971,-70.71628013978979,-48.95353896501601,-25.122657996835134,4.355603444243454,-0.9956866221820981,-97.11676025390625,0.800849437713623,4.254100799560547,0.6922527438978145,0.3552598913174368,-0.061592654981758505,0.014080019766507162,2.5191588641813683,1.2675378992241582,1.560315615218859,0.8174645607274752,9635,10057,0,Box 1,ARG_mid2_3aer-ARG_mid2
2017-07-15 12:52:00,-123.2845458984375,-0.0378803871748015,-123.2466655112526,-69.23700995726429,-55.546987190073736,1.1014262808172526,0.4359053552681822,-141.72393798828125,0.7296142578125,0.5567131042480469,0.5617759285417978,0.4506976879224551,-0.008936763329444323,-0.0035368531348086117,2.763776106888021,1.503498234135635,1.8279677910202672,0.8207442313653317,10403,10404,1,Box 2,ARG_mid2_3aer-ARG_mid2
2017-07-15 12:52:00,-84.71484375,-0.20351017410945071,-84.51133357588361,-59.82476964722834,-33.386289767135324,12.304832611360265,-3.6051067728802138,-96.54653930664062,0.41608524322509766,0.36019134521484375,0.7078904936875839,0.39505103463025376,-0.14559979224930378,0.04265826393146607,2.445496577124925,1.2834164891242172,1.5236152119000843,0.8576171507301206,10398,10404,2,Box 3,ARG_mid2_3aer-ARG_mid2
2017-07-15 12:52:00,-82.47967529296875,5.443137398601992e-05,-82.47972972433597,-56.56477789849354,-34.07114842603123,11.383702160430593,-3.2275055602417932,-95.78958129882812,0.43908023834228516,0.6824913024902344,0.685802173304211,0.4130851124258522,-0.13801817972097194,0.039130893990908716,2.1964429353069987,1.2674053859132859,1.4658602367448152,0.8776519753536696,10404,10404,3,Box 4,ARG_mid2_3aer-ARG_mid2
2017-07-15 12:54:00,-83.23281860351562,-14.103118672712716,-69.12969993079689,-47.91413482011434,-24.2724617596876,3.883443795553451,-0.8265471465483952,-96.17044067382812,0.8023536205291748,4.456336975097656,0.6931049153703742,0.3511148143849292,-0.05617619922321403,0.01195646946791061,2.519613551963857,1.2637302238183283,1.5595977332050412,0.8146096045349616,9592,10043,0,Box 1,ARG_mid2_3aer-ARG_mid2
2017-07-15 12:54:00,-124.02301025390625,-0.03793840372865736,-123.9850718501674,-69.77209738585096,-55.08488369680892,0.5159056825053362,0.35600354998713535,-142.63565063476562,0.7379436492919922,0.6187591552734375,0.5627459527560595,0.4442864199278564,-0.004161030637049549,-0.002871342046866384,2.7756519945570797,1.4962967913360197,1.8307118506653073,0.8159126752294423,10403,10404,1,Box 2,ARG_mid2_3aer-ARG_mid2
2017-07-15 12:54:00,-84.84451293945312,-0.03133149137519916,-84.81318144807099,-59.62903906597078,-33.57887478458057,11.776033751065402,-3.381301348585044,-96.75299072265625,0.4139261245727539,0.3380584716796875,0.7030633452004175,0.3959157552076983,-0.13884673997609176,0.03986763956797601,2.443551855511359,1.2860362368212113,1.527450317743698,0.856289160649918,10403,10404,2,Box 3,ARG_mid2_3aer-ARG_mid2
2017-07-15 12:54:00,-81.44601440429688,-0.029211248369378485,-81.41680315592086,-54.196856573345656,-33.75568076689982,9.75786393488563,-3.2221297505610167,-94.69540405273438,0.43691205978393555,0.65643310546875,0.6656716362291155,0.4146033675905268,-0.11985073789004463,0.039575734070402324,2.1336653379767236,1.2661805393044008,1.4615347177263673,0.8794455195422676,10403,10404,3,Box 4,ARG_mid2_3aer-ARG_mid2
2017-07-15 12:56:00,-81.59243774414062,-14.197390462557426,-67.39504728157733,-46.676503924252536,-23.579049621003016,3.5223119604111455,-0.6618056967329239,-94.20843505859375,0.7679729461669922,4.433399200439453,0.6925806243482185,0.3498632402836585,-0.052263661834005146,0.009819797202128097,2.537045348145836,1.2651004037943065,1.565308116267059,0.8117757772759817,9513,9969,0,Box 1,ARG_mid2_3aer-ARG_mid2
2017-07-15 12:56:00,-124.194091796875,-0.07578128699506186,-124.11831050986981,-70.02827811387056,-54.45656368659695,0.021946716715470722,0.3445845738822213,-142.83856201171875,0.7561392784118652,0.6475753784179688,0.5642058599267024,0.4387472199943182,-0.00017682094306081884,-0.0027762589779597438,2.777409183955928,1.487631396921803,1.8285331390464235,0.812203459066244,10401,10403,1,Box 2,ARG_mid2_3aer-ARG_mid2
2017-07-15 12:56:00,-86.00201416015625,-3.8661241888878605e-05,-86.00197549890731,-59.93319604462579,-34.300250827711466,11.545636242566196,-3.314164869136256,-98.20901489257812,0.43016624450683594,0.3353385925292969,0.6968816204156527,0.3988309643904315,-0.1342485004046551,0.03853591559857092,2.446256986926528,1.291729073453068,1.5340122421080327,0.8560589910754357,10404,10404,2,Box 3,ARG_mid2_3aer-ARG_mid2
2017-07-15 12:56:00,-79.39743041992188,-0.0,-79.39743041991535,-53.175018002897914,-32.994718188437865,10.04711440382731,-3.274808632406882,-92.34228515625,0.4331626892089844,0.6655731201171875,0.6697322283815367,0.4155640555863853,-0.12654205999728652,0.04124577602936452,2.111206580186817,1.2609111879040236,1.4505163518709014,0.8827220909163351,10404,10404,3,Box 4,ARG_mid2_3aer-ARG_mid2
2017-07-15 12:58:00,-80.40625,-14.449452115663865,-65.95679788433037,-45.770428419605715,-23.07102116284224,3.4053229630548434,-0.5206712649372621,-92.78289794921875,0.7265448570251465,4.343120574951172,0.6939455808614927,0.3497898913058561,-0.051629598044265576,0.007894125876916777,2.5647319799063073,1.2679168055932268,1.5721040945096718,0.8093949819149117,9393,9858,0,Box 1,ARG_mid2_3aer-ARG_mid2
2017-07-15 12:58:00,-124.56326293945312,-0.11368405128535759,-124.4495788881576,-69.36129151061164,-54.59350391586643,-0.931155827227884,0.4363723655483388,-143.32025146484375,0.772273063659668,0.6738090515136719,0.5573445256327173,0.43867969987210176,0.007482193475839003,-0.0035064189806580633,2.778302302405518,1.495019863316938,1.8425234782960276,0.8096611164970786,10401,10404,1,Box 2,ARG_mid2_3aer-ARG_mid2
2017-07-15 12:58:00,-86.56344604492188,-0.0002481551298766332,-86.56319788978493,-60.277615526200464,-34.65260146501502,11.580522879181848,-3.2135037777513027,-99.05130004882812,0.44504690170288086,0.35619354248046875,0.696342290899972,0.400315634239112,-0.13378113518780285,0.03712321004871885,2.4435407325742924,1.2928049653703908,1.5337048335028818,0.8564195182639959,10404,10404,2,Box 3,ARG_mid2_3aer-ARG_mid2
2017-07-15 12:58:00,-78.60098266601562,-0.1444528798454984,-78.45652978616371,-53.34652554857024,-32.81464986791759,11.146788830503514,-3.4421432001794,-91.59820556640625,0.43345117568969727,0.6891708374023438,0.6799501035027709,0.41825262928853946,-0.14207598603818591,0.043873253246875604,2.1162322599284265,1.2593042530050504,1.4441143349289682,0.8861991549629262,10399,10404,3,Box 4,ARG_mid2_3aer-ARG_mid2
2017-07-15 13:00:00,-79.8944091796875,-13.19271900703466,-66.701690172647,-45.9351389132725,-23.535744275770536,3.2775694979038663,-0.5083764815078312,-92.10098266601562,0.7150390148162842,4.234233856201172,0.688665291604703,0.3528507930586452,-0.04913772783598713,0.0076216431726389144,2.5974184089637404,1.2770244928563328,1.58726676730523,0.8073811126158686,9406,9833,0,Box 1,ARG_mid2_3aer-ARG_mid2
2017-07-15 13:00:00,-123.97659301757812,-0.00018817700636466963,-123.97640484056166,-68.0572145777049,-54.6676518224089,-1.6790761385633999,0.42753769811553727,-142.64889526367188,0.7709865570068359,0.5972900390625,0.5489529613738118,0.4409520657798842,0.013543513709102593,-0.003448540862798586,2.7642986293370098,1.5043670449867903,1.854119421340028,0.809639008280688,10404,10404,1,Box 2,ARG_mid2_3aer-ARG_mid2
2017-07-15 13:00:00,-86.51287841796875,0.060607346518794486,-86.57348576448047,-60.1562784218464,-34.975110107068936,11.755426794597694,-3.1975240301628283,-99.16616821289062,0.44649648666381836,0.3511238098144531,0.6948579913427424,0.403993321953297,-0.13578553168781768,0.03693421839177827,2.4172615468195313,1.2925072240927253,1.5271645823804463,0.8596839438558684,10404,10402,2,Box 3,ARG_mid2_3aer-ARG_mid2
2017-07-15 13:00:00,-78.37115478515625,-0.3461715104368467,-78.02498327471301,-54.027243954612075,-32.519101363547335,12.60198889409686,-4.080626850650459,-91.4051513671875,0.44495153427124023,0.7215919494628906,0.6924351878986135,0.41677806259891115,-0.161512228073505,0.05229897757598037,2.134669664200818,1.2563550283092124,1.440580151178995,0.8889274164168396,10392,10404,3,Box 4,ARG_mid2_3aer-ARG_mid2
