time,DCRE_total,DCRE_CF,DCRE_A,DCRE_A_Nc,DCRE_A_LWP,DCRE_A_re,DCRE_A_cov,DCRE_sfc,DCRE_lw_toa,DCRE_lw_sfc,frac_Nc,frac_LWP,frac_re,frac_cov,R_Nc,R_LWP,R_tau,R_re,n_any_pix,n_both_pix,box,box_label,pair
2017-07-15 09:04:00,0.6161127090454102,0.027376825184054092,0.5887358838606708,0.5664724185711232,0.007648860632509882,0.018018822771466592,-0.003404218114428931,0.6732492446899414,-0.0024159103631973267,-0.04828691482543945,0.9621842902736732,0.012992006844142097,0.03060595296707088,-0.005782250084886226,2.029671766571698,1.0047905146793334,1.2779172931078098,0.7851578081099383,1498,1495,0,Box 1,ARG_org_3aer-ARG_org
2017-07-15 09:04:00,0.9064006805419922,-0.036497371692746784,0.9428980522339105,0.9755521418385183,0.019335412873090627,-0.21058271744343185,0.1585932149657334,0.9996051788330078,-0.0037913620471954346,-0.10770702362060547,1.0346316227159913,0.020506366332268097,-0.2233356161299942,0.1681976270817348,2.2103454372956524,1.0078910638932448,1.2911501370797445,0.814897291451231,1985,1989,1,Box 2,ARG_org_3aer-ARG_org
2017-07-15 09:04:00,0.32175445556640625,0.05709964831913609,0.2646548072470664,0.27964191349110873,0.011363301492007698,-0.05505541878460171,0.028705011048551703,0.403900146484375,-0.0006781220436096191,-0.06893301010131836,1.0566288834876565,0.04293631243735383,-0.20802727657693804,0.10846208065192772,2.234021739250696,1.0164654369002806,1.288623788627577,0.8107948513277544,2273,2267,2,Box 3,ARG_org_3aer-ARG_org
2017-07-15 09:04:00,0.8154220581054688,-0.062252126077469806,0.8776741841826837,0.8963722589031784,0.02623456732142683,-0.17376900209435892,0.12883636005243737,0.9936027526855469,-0.003865659236907959,-0.2017688751220703,1.0213041183818194,0.029891009436328855,-0.19798805208811943,0.14679292426997112,2.269771965999384,1.0120672077129431,1.3067289495547831,0.8055250524969269,5862,5869,3,Box 4,ARG_org_3aer-ARG_org
2017-07-15 09:06:00,2.789149284362793,-0.032099029378278576,2.8212483137378794,2.898139101427979,-0.0056532466424699754,-0.17967430652976754,0.10843676548213793,2.946481704711914,-0.007986396551132202,-0.12106990814208984,1.0272541723164477,-0.002003810375336999,-0.06368610152281015,0.038435739581699484,2.0331828931958733,0.9993081474169696,1.2589255954813858,0.8008348078954688,1550,1553,0,Box 1,ARG_org_3aer-ARG_org
2017-07-15 09:06:00,2.1998748779296875,0.019320766265436485,2.180554111662414,2.314309814460447,0.05520362964028682,-0.3778740866316853,0.1889147541933657,2.386789321899414,-0.007296741008758545,-0.16790437698364258,1.0613402355312613,0.02531633099359346,-0.17329268950982424,0.08663612298496945,2.196594499623962,1.0094293067399445,1.2803621017432312,0.8054563270129462,2089,2087,1,Box 2,ARG_org_3aer-ARG_org
2017-07-15 09:06:00,1.5910415649414062,0.030333791215252422,1.5607077737250044,1.6518005381242307,0.06418502855560965,-0.2473762249571445,0.09209843200230852,1.765970230102539,-0.004291623830795288,-0.1459808349609375,1.0583663168293265,0.0411255903482922,-0.1585025903771349,0.059010683199516245,2.2130810265508045,1.0155536849259,1.2842725062124767,0.8025232732127576,2390,2387,2,Box 3,ARG_org_3aer-ARG_org
2017-07-15 09:06:00,2.4795799255371094,-0.10952307780143127,2.5891030033377858,2.6764823851916586,0.09601655667260489,-0.42593139291966003,0.2425354543931824,2.802722930908203,-0.007398724555969238,-0.3025035858154297,1.0337489013535677,0.03708487323556596,-0.16450924987169818,0.09367547528256455,2.250940127757388,1.0146596268315398,1.2990327327133344,0.800467497027785,6011,6023,3,Box 4,ARG_org_3aer-ARG_org
2017-07-15 09:08:00,4.380213737487793,-0.01087164692498228,4.391085384408,4.5603006623365685,-0.0016555830602233961,-0.32653004408994735,0.1589703492216019,4.617255210876465,-0.012709319591522217,-0.18999910354614258,1.038536093725124,-0.00037703276417764295,-0.07436203478288084,0.03620297382193447,2.048599086631934,0.9998698293769757,1.2588287896317962,0.8009324467374436,1594,1594,0,Box 1,ARG_org_3aer-ARG_org
2017-07-15 09:08:00,3.249217987060547,0.06411768094209028,3.185100306115891,3.3835482502738903,0.0859551967246501,-0.422380749487912,0.13797760860526287,3.511463165283203,-0.010824143886566162,-0.23816347122192383,1.0623050846395474,0.026986652997898583,-0.13261144356329213,0.04331970592584612,2.178608121342327,1.0099398946017875,1.2767764877101906,0.7994246157737136,2156,2150,1,Box 2,ARG_org_3aer-ARG_org
2017-07-15 09:08:00,1.688608169555664,0.0328218899575972,1.6557862795969005,1.7080057015632177,0.06620056228128975,-0.1554533817539303,0.0370333975063234,1.8691043853759766,-0.005507826805114746,-0.1750178337097168,1.0315375375492482,0.03998134487344961,-0.09388493169044454,0.022366049267746768,2.1980721564420422,1.0153799859003376,1.2898172906323166,0.7917215810617203,2472,2469,2,Box 3,ARG_org_3aer-ARG_org
2017-07-15 09:08:00,3.7058677673339844,-0.059389716846840586,3.7652574841797426,3.952917886365212,0.16448298370292802,-0.6025823986086828,0.2504390127202852,4.132965087890625,-0.011507272720336914,-0.41682910919189453,1.0498399918130303,0.04368439194239075,-0.16003750105816594,0.06651311730274485,2.2299015523469743,1.0168249054171241,1.289982258571136,0.8017107494171518,6059,6065,3,Box 4,ARG_org_3aer-ARG_org
2017-07-15 09:10:00,5.015350341796875,0.011732257843655391,5.0036180839479565,5.2094088943206645,-0.008724601269581182,-0.36189219615350715,0.16482598705038043,5.277597427368164,-0.014195233583450317,-0.2092146873474121,1.0411284008731407,-0.0017436585133406694,-0.07232610284835465,0.03294136048855459,2.052623973970681,0.9993979991145253,1.2588983830867382,0.799910925809478,1626,1625,0,Box 1,ARG_org_3aer-ARG_org
2017-07-15 09:10:00,3.0519657135009766,0.10440106661114139,2.9475646468875207,3.1169484549839104,0.0801178778805662,-0.3549431633879635,0.1054414774110076,3.306692123413086,-0.012284040451049805,-0.2681097984313965,1.057465680447501,0.02718104180180293,-0.12041912762210849,0.03577240537280445,2.1697865478433513,1.0100052297185542,1.2765712313222377,0.7981270978956542,2184,2175,1,Box 2,ARG_org_3aer-ARG_org
2017-07-15 09:10:00,0.5655555725097656,0.011524761582790033,0.554030810926602,0.5693691896149676,0.020357325751668938,-0.04073735674903861,0.005041652309004023,0.6786727905273438,-0.004270315170288086,-0.1614837646484375,1.0276850644149422,0.03674403183032699,-0.07352904557944431,0.0090999493341751,2.1836957951880938,1.0140602695102208,1.288303496247909,0.7889450253099871,2561,2560,2,Box 3,ARG_org_3aer-ARG_org
2017-07-15 09:10:00,2.8463821411132812,0.1453737554047848,2.7010083857077323,2.8451161614475917,0.14333065743975054,-0.48535928114801496,0.19792084796840514,3.2360153198242188,-0.012883186340332031,-0.4924898147583008,1.0533533240779256,0.053065609939672326,-0.17969558469950422,0.07327665068190631,2.219871611390754,1.020289965955119,1.2870497756612203,0.8075307187873172,6085,6072,3,Box 4,ARG_org_3aer-ARG_org
2017-07-15 09:12:00,4.657249450683594,0.010367188806177723,4.646882261872593,4.836984851221407,-0.019559470939855952,-0.31986502756196744,0.14932190915300916,4.91132926940918,-0.01469317078590393,-0.21734857559204102,1.0409097064732187,-0.004209159999671244,-0.06883433010266733,0.0321337836291199,2.061069512856487,0.998538804452269,1.2606157713799029,0.7980209897404109,1627,1626,0,Box 1,ARG_org_3aer-ARG_org
2017-07-15 09:12:00,1.6979045867919922,0.11159506949809482,1.5863095172926687,1.6833438027986811,0.03922217056432298,-0.20995707532878455,0.07370061925844905,1.8792133331298828,-0.01005089282989502,-0.23406267166137695,1.0611698312644682,0.024725420945127332,-0.13235568030072417,0.04646042809112866,2.1617275140224357,1.0090215853561624,1.2739936213661553,0.8009756599915623,2190,2181,1,Box 2,ARG_org_3aer-ARG_org
2017-07-15 09:12:00,-0.6896266937255859,0.011908229564196435,-0.7015349232893315,-0.7246552793173013,-0.02392921164930591,0.05872449154834199,-0.011674923871066277,-0.6447601318359375,-0.0016559362411499023,-0.12102603912353516,1.032956814066453,0.03410979390321367,-0.08370857900130861,0.01664197103164204,2.1683795072588046,1.0128609964432502,1.2837198708872766,0.7922910367303588,2652,2651,2,Box 3,ARG_org_3aer-ARG_org
2017-07-15 09:12:00,-0.17314910888671875,0.17951524028517432,-0.3526643491717874,-0.370602669325927,-0.018912646034990585,0.048276920240241356,-0.011425954051111156,0.0350494384765625,-0.007108509540557861,-0.41980648040771484,1.050865136201793,0.05362789314940929,-0.13689197775056372,0.03239894839936153,2.2047460121231333,1.0203781744205251,1.2850291563692005,0.8005285866736275,6128,6114,3,Box 4,ARG_org_3aer-ARG_org
2017-07-15 09:14:00,3.7303829193115234,0.10757749491465823,3.6228054243931753,3.7026071130855134,0.031195132952463515,-0.21559620447449776,0.10459938282969616,3.9364356994628906,-0.013002574443817139,-0.19419193267822266,1.0220275944589834,0.008610766877630129,-0.05951084290170246,0.02887248156508894,2.070083890549164,1.0030697368819121,1.267824586462748,0.7966132616519523,1640,1632,0,Box 1,ARG_org_3aer-ARG_org
2017-07-15 09:14:00,0.3787555694580078,0.1776292976543206,0.20112627180354084,0.21247467243298898,0.005854532765511369,-0.024671675879694963,0.007468742484735465,0.48586463928222656,-0.006806045770645142,-0.18213224411010742,1.0564242578937335,0.02910874205051664,-0.12266759413605666,0.03713459419180651,2.157534684613871,1.0106503735486925,1.2745991749227275,0.8000927128762567,2255,2241,1,Box 2,ARG_org_3aer-ARG_org
2017-07-15 09:14:00,-1.7196578979492188,0.16805608874222125,-1.8877139866902826,-1.932748176327293,-0.08204507278080021,0.1278116268797288,-0.0007323644619181777,-1.7347450256347656,0.0012259483337402344,-0.0675821304321289,1.0238564686994605,0.04346266084760506,-0.06770709322539913,0.00038796367833361656,2.1657295033651254,1.016537002550627,1.2860607321647533,0.7905040574393285,2736,2722,2,Box 3,ARG_org_3aer-ARG_org
2017-07-15 09:14:00,-3.3872909545898438,0.3043791421640929,-3.6916700967529286,-3.872333928672949,-0.21338009982337047,0.4271084670722192,-0.03306453532882813,-3.386199951171875,0.0012017488479614258,-0.2592582702636719,1.0489382385709185,0.05780042480259885,-0.11569518832354217,0.008956524950024816,2.202613582180697,1.02199458004243,1.2852260095027181,0.7969758550827277,6157,6130,3,Box 4,ARG_org_3aer-ARG_org
2017-07-15 09:16:00,2.8045082092285156,0.010064065201991865,2.794444144023725,2.883014937293038,-0.007852692471671068,-0.15499431185694404,0.07427621105930214,2.9755611419677734,-0.011233419179916382,-0.1720895767211914,1.031695317102234,-0.0028101089400784955,-0.055465167263557276,0.026579959101401717,2.0544624388905777,0.9990199011790654,1.2619162711740426,0.7965792460838934,1644,1643,0,Box 1,ARG_org_3aer-ARG_org
2017-07-15 09:16:00,-0.5025482177734375,0.26795732562444724,-0.77050554339734,-0.8064213530542713,-0.026879151594914694,0.0879367428260732,-0.025141781574227234,-0.44821929931640625,-0.00414004921913147,-0.1401081085205078,1.0466133046863881,0.034885085286211176,-0.11412863097433333,0.03263024100173402,2.1511311698192603,1.0128476538007343,1.2762926614464079,0.7999282551134796,2339,2318,1,Box 2,ARG_org_3aer-ARG_org
2017-07-15 09:16:00,-2.340068817138672,0.15903395593394432,-2.499102773071121,-2.583260063509669,-0.0996465852556697,0.16679652577988105,0.0170073499143366,-2.390697479248047,0.003345698118209839,-0.029050350189208984,1.0336750018228054,0.03987294413395215,-0.0667425636020989,-0.006805382354658607,2.156753369384675,1.0149344738243988,1.2812739143681333,0.7907941993505159,2766,2753,2,Box 3,ARG_org_3aer-ARG_org
2017-07-15 09:16:00,-5.279243469238281,0.4296414786480218,-5.708884947884796,-5.945348523188786,-0.3524950393152964,0.5830729419634681,0.005885672655817719,-5.396110534667969,0.008219718933105469,-0.1393871307373047,1.0414202733918472,0.06174498917619625,-0.10213429545107632,-0.0010309671169671103,2.1957447542717095,1.0235900598443481,1.2862697446385798,0.7955752934004937,6320,6286,3,Box 4,ARG_org_3aer-ARG_org
2017-07-15 09:18:00,1.7056827545166016,0.09937629529819894,1.606306459216811,1.62691242890134,0.016186947281755414,-0.07210110288199766,0.03530818591571329,1.8448677062988281,-0.00920817255973816,-0.14690208435058594,1.0128281683524922,0.010077122699019529,-0.04488626841303501,0.021980977361523248,2.0502736148129377,1.0035781197346052,1.266545618589569,0.7965005014621527,1644,1637,0,Box 1,ARG_org_3aer-ARG_org
2017-07-15 09:18:00,-1.1604461669921875,0.29547050023146304,-1.455916667222657,-1.5207713009536503,-0.05172633840384589,0.15393868568398744,-0.0373577135491482,-1.147857666015625,-0.0023186802864074707,-0.11017274856567383,1.0445455671956223,0.0355283647535407,-0.10573317082607807,0.025659238876915055,2.138094441399246,1.0130074505396942,1.274434536991934,0.799829604762879,2403,2380,1,Box 2,ARG_org_3aer-ARG_org
2017-07-15 09:18:00,-2.7138328552246094,-0.06254002016762947,-2.651292835055445,-2.816172308792567,-0.05450619679873154,0.20760793154632226,0.011777738989531033,-2.7878189086914062,0.004664242267608643,-0.0035729408264160156,1.0621883299939872,0.02055834650855973,-0.07830441390755717,-0.004442262594989713,2.137496356977296,1.007378346302655,1.2692000987579453,0.7928711330998157,2808,2813,2,Box 3,ARG_org_3aer-ARG_org
2017-07-15 09:18:00,-6.415718078613281,0.5112018898680789,-6.926919968479569,-7.19501816549781,-0.44648707605788407,0.6539288511104426,0.06065642196568285,-6.604286193847656,0.013256430625915527,-0.050167083740234375,1.038703810385886,0.06445679726192739,-0.09440398533346667,-0.008756622314346832,2.1848408742168757,1.0245457437919971,1.2850622247655679,0.7955241869478943,6360,6318,3,Box 4,ARG_org_3aer-ARG_org
2017-07-15 09:20:00,0.6396045684814453,0.06047401036630068,0.5791305581145811,0.588969627653244,0.004544356220405272,-0.02551422640870946,0.011130800649641302,0.7415332794189453,-0.006888628005981445,-0.11750936508178711,1.016989380720463,0.00784685967046859,-0.04405608726946414,0.019219846878532475,2.042465836971291,1.0027589388681337,1.263740285424027,0.7970628356205387,1651,1647,0,Box 1,ARG_org_3aer-ARG_org
2017-07-15 09:20:00,-1.7458209991455078,0.20709972263042484,-1.9529207217746443,-2.0599266748785254,-0.05242763797259604,0.19937146793685767,-0.03993787686038067,-1.7725296020507812,-0.00020045042037963867,-0.07436990737915039,1.0547927787906533,0.026845758451963356,-0.10208886910457186,0.02045033186195526,2.116569689281064,1.0095872852065166,1.267376650014356,0.8004655148850365,2449,2433,1,Box 2,ARG_org_3aer-ARG_org
2017-07-15 09:20:00,-3.207622528076172,0.2093824174599851,-3.4170049455342726,-3.5761033988210835,-0.13138817540260903,0.2710082519588597,0.019478376730560243,-3.315216064453125,0.006602883338928223,0.03273630142211914,1.0465607910502848,0.038451268727112,-0.07931163585614467,-0.005700423921252085,2.1402290624359273,1.0140763483588993,1.2742444977042158,0.7947268780281874,2930,2913,2,Box 3,ARG_org_3aer-ARG_org
2017-07-15 09:20:00,-7.263214111328125,0.6011844222670817,-7.864398533593204,-8.165728932731021,-0.5148082258276847,0.7370543463136681,0.07908427865183454,-7.50750732421875,0.018575310707092285,0.03856849670410156,1.0383157590311158,0.06546059735256975,-0.09372037075248674,-0.010055985631198847,2.174279117463061,1.0247856094101784,1.283184919289483,0.7966266227805989,6400,6353,3,Box 4,ARG_org_3aer-ARG_org
2017-07-15 09:22:00,-0.1367206573486328,0.12615069884161528,-0.2628713561899915,-0.26404917782287674,-0.004663265020129187,0.010514347235431057,-0.004673260582416654,-0.06890869140625,-0.004999518394470215,-0.09339284896850586,1.004480600891464,0.017739722911304153,-0.03999807125365064,0.017777747450882526,2.0367789997360393,1.0063013754266823,1.266257244139747,0.7980474836869146,1644,1636,0,Box 1,ARG_org_3aer-ARG_org
2017-07-15 09:22:00,-2.119405746459961,0.20855143522581793,-2.3279571816842806,-2.46387791605275,-0.06429512538054159,0.2363941665863893,-0.036178306837378084,-2.172016143798828,0.0013868510723114014,-0.04790544509887695,1.0583862690593522,0.02761868898895467,-0.10154575369610438,0.015540795647797534,2.103463924882734,1.009749183001895,1.2638826302611152,0.8018393566286391,2483,2467,1,Box 2,ARG_org_3aer-ARG_org
2017-07-15 09:22:00,-3.4515113830566406,-1.1323434362199715e-05,-3.451500059620429,-3.7177014744175763,-0.06847513845710589,0.3207936835947318,0.013882869659521398,-3.5773162841796875,0.007783561944961548,0.05840587615966797,1.0771262958710255,0.01983924012002952,-0.09294326468301159,-0.004022271308043418,2.114786122136508,1.006921209190148,1.2608363371198228,0.7978695581935029,2971,2971,2,Box 3,ARG_org_3aer-ARG_org
2017-07-15 09:22:00,-8.15673828125,0.3385425574811584,-8.495280838729062,-8.923058720870154,-0.4873817770955143,0.8090047790931654,0.10615488014344132,-8.457679748535156,0.024459481239318848,0.13190078735351562,1.050354766400529,0.05737088465322932,-0.09522990404331313,-0.01249574701044523,2.1598268862191103,1.021252334014339,1.276817674390917,0.7974032779249512,6509,6478,3,Box 4,ARG_org_3aer-ARG_org
2017-07-15 09:24:00,-0.6290969848632812,0.22447346351622155,-0.8535704483786991,-0.8462872706198666,-0.02545892819223128,0.029301558903006942,-0.01112580846960815,-0.5881271362304688,-0.0034976601600646973,-0.07321596145629883,0.9914673970113815,0.029826393639316873,-0.03432822558309431,0.013034434932395905,2.03638954932733,1.0107546385449817,1.2701050485373964,0.7982879832618951,1672,1658,0,Box 1,ARG_org_3aer-ARG_org
2017-07-15 09:24:00,-2.4539852142333984,0.23609671773941376,-2.6900819319711116,-2.8341095561329532,-0.08281788863672168,0.25286322906060754,-0.026017716262044244,-2.5306358337402344,0.0029604732990264893,-0.019823551177978516,1.0535402369905915,0.03078638150475896,-0.09399833739462586,0.009671718899275386,2.0876859918215405,1.0108124953984254,1.2622343638651008,0.802617824049521,2493,2475,1,Box 2,ARG_org_3aer-ARG_org
2017-07-15 09:24:00,-3.519542694091797,0.08518387834113621,-3.6047265724310513,-3.924909537059746,-0.08438072158672777,0.3934537261966637,0.011109960018758597,-3.6508827209472656,0.008383721113204956,0.06717634201049805,1.0888230932901968,0.023408355638419715,-0.1091493954647761,-0.003082053463840384,2.1171246364680254,1.0080952618134933,1.2581265273387312,0.8007001287899477,3017,3010,2,Box 3,ARG_org_3aer-ARG_org
2017-07-15 09:24:00,-9.02520751953125,0.351910803342389,-9.377118322871414,-9.911350896570257,-0.5122536852817018,0.9332882452250022,0.11319801375554187,-9.383453369140625,0.031136631965637207,0.22800254821777344,1.0569719347996083,0.054628049646369616,-0.09952825730572794,-0.012071727140249941,2.145469275295908,1.019922382848159,1.2721870268692588,0.799381419587246,6667,6645,3,Box 4,ARG_org_3aer-ARG_org
2017-07-15 09:26:00,-0.9867897033691406,-0.0,-0.9867897033682245,-1.0004693738890382,-0.007120478405536546,0.031274734284423886,-0.01047458535807361,-0.9654483795166016,-0.002370208501815796,-0.058254241943359375,1.013862802250693,0.007215801280893089,-0.03169341368041575,0.010614810148829631,2.0129506163923416,1.0024926821274218,1.2586150227628214,0.7984516895725507,1674,1674,0,Box 1,ARG_org_3aer-ARG_org
2017-07-15 09:26:00,-2.6214847564697266,0.15762335844625372,-2.7791081149142536,-2.945281464140453,-0.06495317578272687,0.2483346704316479,-0.01720814542272158,-2.7106590270996094,0.004131793975830078,0.0019435882568359375,1.0597937692076174,0.023371949955509713,-0.08935768605004775,0.006191966886920669,2.0572609467855605,1.0079860746584435,1.2546940682789232,0.8045014489475529,2501,2489,1,Box 2,ARG_org_3aer-ARG_org
2017-07-15 09:26:00,-3.6039505004882812,-0.1245679469448372,-3.479382553541662,-3.9114267887914567,-0.01115440283997137,0.4417419107231173,0.001456727366648799,-3.7420272827148438,0.009112507104873657,0.07828378677368164,1.1241726739159559,0.003205856978450762,-0.12695985679225424,-0.0004186741021524054,2.087698967473666,1.0010500832501048,1.243901849717565,0.8046926007752859,3033,3043,2,Box 3,ARG_org_3aer-ARG_org
2017-07-15 09:26:00,-9.420616149902344,0.10471363774176146,-9.525329787641901,-10.218025170949243,-0.4256789193274516,1.0121821896020424,0.10619211303275096,-9.810806274414062,0.03579533100128174,0.2929363250732422,1.0727214068961728,0.044689152902582394,-0.10626216752256083,-0.011148392276194352,2.124063130362904,1.01581549504267,1.2637545979726554,0.801712598317473,6752,6752,3,Box 4,ARG_org_3aer-ARG_org
2017-07-15 09:28:00,-1.1727161407470703,-1.7936864589788945e-05,-1.1726982038814329,-1.1851068432106435,-0.009271011178164224,0.030483289616133027,-0.008803639108758133,-1.1593685150146484,-0.0019567906856536865,-0.05557584762573242,1.01058127256283,0.007905709369621906,-0.025994147100454737,0.007507165168002795,1.9997231124741566,1.002714357562207,1.256819341566453,0.7991892539840756,1717,1717,0,Box 1,ARG_org_3aer-ARG_org
2017-07-15 09:28:00,-2.7660293579101562,0.11848570366241964,-2.8845150615708013,-3.078410941017643,-0.05453416503766745,0.25350159512782594,-0.005071550643316844,-2.8675994873046875,0.005267322063446045,0.022642135620117188,1.0672195760147125,0.018905834732570313,-0.08788360945141963,0.001758198704136793,2.034894880060632,1.006312613545467,1.2484450022436167,0.8063673556254952,2504,2495,1,Box 2,ARG_org_3aer-ARG_org
2017-07-15 09:28:00,-3.8684158325195312,-0.038249684671591726,-3.8301661478460227,-4.353893597727391,-0.02886753650409107,0.5685561498972156,-0.015961163511756075,-4.0289459228515625,0.010636776685714722,0.10670661926269531,1.1367375277377714,0.00753688884236141,-0.14844164141990435,0.004167224839771555,2.0841542018066215,1.002437482618435,1.2402864082297265,0.8089562595799404,3067,3070,2,Box 3,ARG_org_3aer-ARG_org
2017-07-15 09:28:00,-9.856864929199219,0.10324333155642455,-9.96010826075339,-10.723294678860686,-0.4481581679532069,1.1414753096484571,0.06986927641204509,-10.280517578125,0.04062175750732422,0.35959434509277344,1.0766243095082149,0.04499531091636025,-0.11460470908195883,-0.007014911342616281,2.11235805765864,1.015749219860038,1.2605241785788914,0.8045072447650428,6843,6837,3,Box 4,ARG_org_3aer-ARG_org
2017-07-15 09:30:00,-1.324655532836914,0.03419438743034152,-1.3588499202660567,-1.3734616814046,-0.013965116075983455,0.03749637609860489,-0.008919498884078107,-1.3156681060791016,-0.0017127692699432373,-0.054955482482910156,1.0107530352841927,0.010277158549819209,-0.027594199726827282,0.006564005892815382,1.9956132924585301,1.003518912948798,1.2559181248524118,0.8002281350887144,1722,1720,0,Box 1,ARG_org_3aer-ARG_org
2017-07-15 09:30:00,-2.8272056579589844,-0.10520826047094702,-2.7219973974863922,-2.987453650651841,0.003967270950639821,0.2601839392453838,0.00130504296942552,-2.9354515075683594,0.005844056606292725,0.03327226638793945,1.097522596241489,-0.0014574852107879926,-0.09558566789433696,-0.0004794431363639995,2.009876405878991,0.9995365946663418,1.2361662287678508,0.8084956332057692,2506,2514,1,Box 2,ARG_org_3aer-ARG_org
2017-07-15 09:30:00,-3.9542808532714844,-0.14078305687864268,-3.8134977963909282,-4.4385839619963905,0.012596505123426211,0.636637425222509,-0.02414776474047323,-4.1258697509765625,0.011467039585113525,0.12314033508300781,1.1639141279161194,-0.0033031368564962775,-0.16694317375114753,0.006332182691524441,2.066310541232109,0.9989706860783393,1.2310306221498928,0.8125600891194882,3027,3038,2,Box 3,ARG_org_3aer-ARG_org
2017-07-15 09:30:00,-10.280494689941406,0.14112176241038055,-10.421616452349458,-11.238461224016259,-0.4730407078500621,1.1902058246163183,0.09967965490054469,-10.737083435058594,0.0445554256439209,0.41764068603515625,1.0783798535862112,0.0453903393982053,-0.11420549106352856,-0.009564701920887986,2.1030790917738886,1.015768394111815,1.258335648194958,0.8054594321005968,6831,6821,3,Box 4,ARG_org_3aer-ARG_org
2017-07-15 09:32:00,-1.4295940399169922,-0.017882847497848457,-1.4117111924179253,-1.4304728726516338,-0.006510276134919302,0.03506936599951552,-0.009797409630887703,-1.4272384643554688,-0.0018765032291412354,-0.054938316345214844,1.013290027262286,0.004611620400748363,-0.02484174255178217,0.006940094888747798,1.979332226764007,1.0015548731906796,1.2518238261387922,0.801324634789422,1735,1736,0,Box 1,ARG_org_3aer-ARG_org
2017-07-15 09:32:00,-2.7494773864746094,-0.07855766330902814,-2.6709197231640065,-2.934227266691709,0.0013455540604507825,0.2575007927755627,0.004461196691689178,-2.8575286865234375,0.005430012941360474,0.029971599578857422,1.0985830990142171,-0.0005037792969894361,-0.09640903488874757,-0.0016702848284801258,1.992433561574302,0.999841952678215,1.2326488867972865,0.8108494752912253,2544,2550,1,Box 2,ARG_org_3aer-ARG_org
2017-07-15 09:32:00,-3.8416213989257812,-0.16948749715173117,-3.6721339017722276,-4.358000611100548,0.032908586361714565,0.6817946280803628,-0.028836505113757033,-4.015605926513672,0.010218143463134766,0.11614322662353516,1.1867760620050676,-0.008961706528684148,-0.1856671478540906,0.007852792377707168,2.055944055944056,0.9972824542587628,1.2243805324479795,0.8158158748701763,3023,3037,2,Box 3,ARG_org_3aer-ARG_org
2017-07-15 09:32:00,-10.259475708007812,0.08215267319681244,-10.341628381202357,-11.170794606967204,-0.4681611054254258,1.18142179180477,0.11590553938550406,-10.730140686035156,0.04558241367340088,0.4372444152832031,1.080177530578453,0.04526957343355976,-0.11423943582735985,-0.011207668184652797,2.09018267585659,1.015568827713124,1.255469179604385,0.8068557917337731,6897,6888,3,Box 4,ARG_org_3aer-ARG_org
2017-07-15 09:34:00,-1.4558029174804688,-0.0,-1.4558029174792602,-1.4749699135367316,-0.008690756310923205,0.03970285191026127,-0.01184509954186667,-1.4505653381347656,-0.0018131136894226074,-0.057085514068603516,1.0131659277690275,0.005969734094207855,-0.02727213377138111,0.00813647190814578,1.9718883276488655,1.0020023651534902,1.2503073648771046,0.8028627925314784,1792,1792,0,Box 1,ARG_org_3aer-ARG_org
2017-07-15 09:34:00,-2.8085289001464844,0.03853189022272983,-2.8470607903675953,-3.1086801877876082,-0.02634306101209901,0.29117417033646886,-0.0032117119043568424,-2.922046661376953,0.005573838949203491,0.03658580780029297,1.0918910471828156,0.009252721649367295,-0.10227184868043306,0.0011280798482501547,1.9902870915718827,1.0029205057065724,1.2338240215913892,0.8130480836844682,2615,2612,1,Box 2,ARG_org_3aer-ARG_org
2017-07-15 09:34:00,-3.660808563232422,-0.3850952233905214,-3.2757133398402742,-4.024834222487812,0.10260435366623227,0.6759755660065973,-0.029459037025291065,-3.8226547241210938,0.009598493576049805,0.10672855377197266,1.228689389128313,-0.03132275111449017,-0.2063598049881734,0.008993166974350542,2.033206896484145,0.9909957502898558,1.212291690293971,0.8188730093300768,2979,3009,2,Box 3,ARG_org_3aer-ARG_org
2017-07-15 09:34:00,-10.675247192382812,-0.39022561856127924,-10.285021573819286,-11.408239031500855,-0.2770490491644457,1.276943201915185,0.12332330493083109,-11.178176879882812,0.0489349365234375,0.4832324981689453,1.1092090521755191,0.026937138359503225,-0.12415561724884153,-0.011990573286180833,2.0702698196681695,1.0088749917330633,1.2444305411136347,0.8085892123233293,6854,6885,3,Box 4,ARG_org_3aer-ARG_org
2017-07-15 09:36:00,-1.4015655517578125,0.03579334843798681,-1.4373589001946363,-1.4572575600984086,-0.010706286789495851,0.0434442474976716,-0.012839300804403387,-1.3869857788085938,-0.0022717714309692383,-0.06583976745605469,1.0138439048876922,0.007448582805620841,-0.03022505199765257,0.008932564304339568,1.9663360690402665,1.0024869622170725,1.248962203906497,0.8042514822357472,1823,1821,0,Box 1,ARG_org_3aer-ARG_org
2017-07-15 09:36:00,-2.7771873474121094,-0.013087711451873148,-2.764099635958676,-3.049008398339913,-0.013429597722176797,0.3085176470393087,-0.01017928693589448,-2.887523651123047,0.005413472652435303,0.0332036018371582,1.1030747078270289,0.004858579461995043,-0.11161596457151775,0.003682677282493829,1.9834283832764108,1.0015093248040583,1.2299147268187554,0.8149124936868485,2604,2605,1,Box 2,ARG_org_3aer-ARG_org
2017-07-15 09:36:00,-3.570556640625,-0.22439400649252608,-3.346162634130814,-4.076751114460689,0.05656855441292438,0.7070147414215259,-0.03299481550457562,-3.728069305419922,0.009022772312164307,0.09832382202148438,1.2183362138103755,-0.01690550059818548,-0.21129120689173472,0.009860493679544724,2.025288475208188,0.9951157743677361,1.212980849785008,0.821952096511534,2957,2974,2,Box 3,ARG_org_3aer-ARG_org
2017-07-15 09:36:00,-10.933029174804688,-0.4069678861437591,-10.526061288658648,-11.747312384214313,-0.27417704804430654,1.3912314307674922,0.10419671283247872,-11.450386047363281,0.050179123878479004,0.5031528472900391,1.1160216592004368,0.026047449328432074,-0.13217018147770818,-0.009898927051160716,2.0659159459423373,1.0085032324465608,1.2419892624051312,0.8102663210940773,6837,6865,3,Box 4,ARG_org_3aer-ARG_org
2017-07-15 09:38:00,-1.3425102233886719,0.03619202215583804,-1.378702245543428,-1.3976062421082165,-0.008179132025399638,0.04131885112365475,-0.014235722533466624,-1.3174209594726562,-0.002907663583755493,-0.0784912109375,1.0137114425002893,0.005932486185351616,-0.0299693797244586,0.010325451038817657,1.9523317742767243,1.001959564401725,1.2460664411492397,0.805926620992378,1851,1849,0,Box 1,ARG_org_3aer-ARG_org
2017-07-15 09:38:00,-2.8826866149902344,-0.05370957388569524,-2.828977041102942,-3.126820202272591,-0.0012746200761817152,0.32050637418587424,-0.02138859294004347,-3.0022048950195312,0.005909830331802368,0.043145179748535156,1.1052829898730914,0.0004505586498803027,-0.11329408812060116,0.007560539597629479,1.9648937345738737,1.0001376776170614,1.2259302192347807,0.8170768139431621,2573,2577,1,Box 2,ARG_org_3aer-ARG_org
2017-07-15 09:38:00,-3.618885040283203,0.025918247107333856,-3.6448032873887617,-4.3798750236865684,-0.020237118624107823,0.789638626921276,-0.03432977199936115,-3.7807884216308594,0.009868443012237549,0.1090087890625,1.201676655319424,0.00555232121693082,-0.21664780364237296,0.009418827106018102,2.0243776346107696,1.0016306527659742,1.2160803481711029,0.8251740869636238,2990,2988,2,Box 3,ARG_org_3aer-ARG_org
2017-07-15 09:38:00,-11.074806213378906,-0.7989090358863127,-10.275897177490375,-11.736200599673763,-0.11180919465156096,1.4770682599541303,0.09504435688081944,-11.608673095703125,0.05186283588409424,0.5289497375488281,1.142109579043105,0.010880723378244963,-0.14374105097019532,-0.00924925145115471,2.052481934528958,1.0034310173855367,1.2335055053837105,0.8119016845056061,6817,6877,3,Box 4,ARG_org_3aer-ARG_org
2017-07-15 09:40:00,-1.6102447509765625,-0.018121588736645704,-1.59212316223871,-1.6273729362288096,-0.0005346324994954566,0.0516441215179025,-0.01585971502830741,-1.6018867492675781,-0.0021257400512695312,-0.06532812118530273,1.0221401050032677,0.00033579845590821076,-0.032437265371659356,0.009961361912483459,1.9380033174691709,1.0001086915012058,1.2408237215207094,0.8077381476527743,1904,1905,0,Box 1,ARG_org_3aer-ARG_org
2017-07-15 09:40:00,-2.9428977966308594,-0.08121061952829452,-2.861687177100994,-3.1689034618759426,0.006910045451144617,0.3273597731561748,-0.02705353383237106,-3.0656471252441406,0.005815684795379639,0.044886112213134766,1.107354950336036,-0.0024146753378350653,-0.1143939756153933,0.009453700617192334,1.947909400605456,0.9992733062293788,1.2222647648794223,0.8191115098838486,2620,2626,1,Box 2,ARG_org_3aer-ARG_org
2017-07-15 09:40:00,-3.6084442138671875,-0.2988111165445252,-3.309633097321035,-4.115933405862469,0.08138979071365905,0.7620405821931325,-0.0371300643653576,-3.7725257873535156,0.009888887405395508,0.11394023895263672,1.2436222641096046,-0.02459178655771227,-0.23024926322194514,0.011218785670052772,2.0002859700921936,0.9931687684354973,1.2042120967870658,0.8264668872317936,2928,2950,2,Box 3,ARG_org_3aer-ARG_org
2017-07-15 09:40:00,-11.31597900390625,-0.3452855866787327,-10.970693417225203,-12.393639994142749,-0.2564304963667656,1.5833231933698437,0.09605387991446708,-11.872474670410156,0.052805185317993164,0.5366249084472656,1.1297043425425928,0.023374137496554353,-0.14432298243644756,-0.008755497602699558,2.052866412794929,1.0074684346905411,1.2364196850939744,0.8133146191728533,6894,6923,3,Box 4,ARG_org_3aer-ARG_org
2017-07-15 09:42:00,-1.6716346740722656,-0.16587541870656028,-1.5057592553646038,-1.5583542611920376,0.020662198528128846,0.045970193692410594,-0.014037386393105613,-1.6640434265136719,-0.0020184218883514404,-0.06394433975219727,1.0349292263288785,-0.013722112917131438,-0.030529577373429057,0.00932246396168198,1.9149430524244702,0.9957021607270745,1.2327575407498665,0.8092803315227086,1932,1941,0,Box 1,ARG_org_3aer-ARG_org
2017-07-15 09:42:00,-3.0571250915527344,-0.04085244273618985,-3.016272648814925,-3.332234510627977,-0.005698860650824842,0.35487671103280977,-0.033215988568933326,-3.188190460205078,0.005988478660583496,0.04650163650512695,1.104752420818851,0.0018893718553804773,-0.1176540559661404,0.011012263291908866,1.939693790245129,1.0005666972944047,1.2212843434813274,0.8210796784035336,2659,2662,1,Box 2,ARG_org_3aer-ARG_org
2017-07-15 09:42:00,-3.6463394165039062,-0.3397786425564558,-3.306560773945842,-4.115578154502888,0.10120640423864063,0.7489119951070239,-0.04110101878861793,-3.8135986328125,0.009913504123687744,0.11744451522827148,1.2446703496066749,-0.03060775565841703,-0.22649273559648486,0.012430141648227006,1.9899148824317725,0.9915752368323342,1.2023486701828003,0.8265897860476574,2929,2954,2,Box 3,ARG_org_3aer-ARG_org
2017-07-15 09:42:00,-11.420509338378906,-0.8287107978164844,-10.59179854056021,-12.25236891540995,-0.045301477983356035,1.6354244416094892,0.07044741122360579,-11.991371154785156,0.053107380867004395,0.5372047424316406,1.1567788858984387,0.004277033575542308,-0.15440479115485423,-0.006651128319126787,2.0355699190887977,1.0013148624698316,1.2272975820575787,0.8147590005576255,6884,6952,3,Box 4,ARG_org_3aer-ARG_org
2017-07-15 09:44:00,-1.7885398864746094,-0.14933816565386154,-1.6392017208195804,-1.6901486818051805,0.020603756300038627,0.04247046200796831,-0.012127257322406894,-1.7864303588867188,-0.001622915267944336,-0.05888080596923828,1.0310803486468567,-0.012569384254756032,-0.02590923464058689,0.007398270248486206,1.9004133157264966,0.9960940626409003,1.2306867872603953,0.8106245442797353,1973,1981,0,Box 1,ARG_org_3aer-ARG_org
2017-07-15 09:44:00,-3.2994003295898438,-0.013804004978017138,-3.2855963246101005,-3.6338684058682107,-0.015351029411809885,0.4033484665755186,-0.03972535590559843,-3.4487228393554688,0.006992995738983154,0.06215476989746094,1.1059996563331436,0.004672220168018231,-0.12276263628441442,0.012090759783252622,1.9350158058147133,1.0013952789558238,1.2201208112156203,0.8227111452236104,2686,2687,1,Box 2,ARG_org_3aer-ARG_org
2017-07-15 09:44:00,-3.7306594848632812,-0.40219977882854907,-3.328459706033127,-4.117655927877477,0.13182995955344823,0.6998041155448483,-0.04243785325394629,-3.9024085998535156,0.010083198547363281,0.12196826934814453,1.2371055357569336,-0.03960689664185953,-0.21024863671216798,0.012749997597093915,1.9721357475508265,0.9891876471420097,1.2007969854854237,0.8257000908912568,2922,2952,2,Box 3,ARG_org_3aer-ARG_org
2017-07-15 09:44:00,-11.713348388671875,-0.5347754070049668,-11.17857298166461,-12.683307184527013,-0.22704385223927676,1.6649887013127296,0.0667893537889511,-12.318222045898438,0.055307626724243164,0.5646877288818359,1.1346087917778511,0.02031062932734617,-0.14894465546216748,-0.005974765643029817,2.031892980487669,1.0063657920880735,1.231564797212866,0.8161277376382627,6913,6946,3,Box 4,ARG_org_3aer-ARG_org
2017-07-15 09:46:00,-1.89361572265625,-0.018989490514763577,-1.8746262321401868,-1.9085395782660253,0.004363337059954895,0.0384681320772329,-0.00891812301134929,-1.8959617614746094,-0.0016994178295135498,-0.05952930450439453,1.0180907241904542,-0.002327577084512173,-0.020520427708575994,0.004757280602633956,1.891218823667769,0.999271851675151,1.2319925867565749,0.8119076016199184,2017,2018,0,Box 1,ARG_org_3aer-ARG_org
2017-07-15 09:46:00,-3.410076141357422,0.0704887165535561,-3.480564857909185,-3.826103608974424,-0.048084068869224894,0.4388478818654088,-0.045225061930944666,-3.5682334899902344,0.007580935955047607,0.06724214553833008,1.0992766304239503,0.013815018777759409,-0.12608524759082632,0.012993598389116609,1.932041612303791,1.0041468674842668,1.2210366310049,0.8245091178213095,2713,2708,1,Box 2,ARG_org_3aer-ARG_org
2017-07-15 09:46:00,-3.840534210205078,-0.5140456438572826,-3.3264885663461965,-4.1406499274865824,0.1847744131928756,0.6654400647432537,-0.03605311679574368,-4.019390106201172,0.009387671947479248,0.11558818817138672,1.2447509873856737,-0.055546384575682214,-0.20004279331528585,0.010838190505294387,1.9549477541583138,0.9851539892845265,1.196639753026148,0.8248703184410692,2901,2939,2,Box 3,ARG_org_3aer-ARG_org
2017-07-15 09:46:00,-12.156410217285156,-0.8471550287691031,-11.309255188513776,-13.094187496202972,-0.035552138269687714,1.7555092420970617,0.06497520386182298,-12.802322387695312,0.05721843242645264,0.5930347442626953,1.157829342245461,0.0031436321558820407,-0.15522766201969176,-0.005745312381651352,2.012054824259361,1.0009495934171866,1.222971672134844,0.8175109443696403,7022,7090,3,Box 4,ARG_org_3aer-ARG_org
2017-07-15 09:48:00,-2.2104759216308594,0.19556177863253674,-2.406037700261765,-2.4023851659667805,-0.035089422587173486,0.03973670399973896,-0.008299815707549962,-2.2344093322753906,-0.000385969877243042,-0.039453983306884766,0.998481929732611,0.014583903894505031,-0.01651541203839649,0.0034495784112804975,1.8875496008050403,1.0046502494924965,1.236248983656794,0.8132548754599613,2040,2030,0,Box 1,ARG_org_3aer-ARG_org
2017-07-15 09:48:00,-3.507495880126953,-0.07124258040027659,-3.4362532997249544,-3.8334445323131514,-0.008594992412102723,0.44772955815843635,-0.04194333315813677,-3.672473907470703,0.008095026016235352,0.07382965087890625,1.1155884616014742,0.0025012685801686055,-0.13029585397394122,0.012206123792298434,1.9222146047671749,1.0007328521259382,1.2156228503443938,0.8251907809314224,2754,2759,1,Box 2,ARG_org_3aer-ARG_org
2017-07-15 09:48:00,-3.8100662231445312,-0.3841982449342264,-3.4258679782086743,-4.197103734560594,0.1537515847751191,0.6481873747031952,-0.030703203126394435,-3.9846458435058594,0.0090101957321167,0.10624504089355469,1.225121271822969,-0.044879600075982226,-0.18920383938499608,0.008962167638009388,1.9573848890292331,0.9877738944468657,1.2004935348798436,0.8241551079716446,2900,2928,2,Box 3,ARG_org_3aer-ARG_org
2017-07-15 09:48:00,-12.340530395507812,-1.1685504341725905,-11.171979961332989,-13.063674116166746,0.0663925111177819,1.7733505347776044,0.051951108938370454,-13.01666259765625,0.05878174304962158,0.6118526458740234,1.1693248789723079,-0.005942770336822217,-0.15873198313238082,-0.004650125503104813,1.9939208371149875,0.998247907954656,1.2174080479384728,0.81922830926897,7004,7092,3,Box 4,ARG_org_3aer-ARG_org
2017-07-15 09:50:00,-2.3701095581054688,-0.13818571277139147,-2.231923845332598,-2.2842029398598696,0.027862765620162395,0.0298870754045843,-0.005470746497474745,-2.403614044189453,0.00027811527252197266,-0.028710365295410156,1.023423332582157,-0.012483743868962666,-0.013390723642782074,0.002451134929587843,1.857247969504721,0.9962312464444295,1.2234101174478704,0.814709428428407,2071,2078,0,Box 1,ARG_org_3aer-ARG_org
2017-07-15 09:50:00,-3.677753448486328,0.05718782994731313,-3.73494127843182,-4.0884848848917645,-0.053575794692459246,0.4420270840666534,-0.03490768291424923,-3.8573036193847656,0.009417414665222168,0.09344625473022461,1.09465841096393,0.014344481130625426,-0.11834913887916497,0.009346246784609644,1.9141303919853236,1.00426305791886,1.2186047427191349,0.8256331439925145,2810,2806,1,Box 2,ARG_org_3aer-ARG_org
2017-07-15 09:50:00,-3.803089141845703,-0.2080927459483892,-3.5949963958956097,-4.343901318405632,0.130300712034433,0.6372262810000665,-0.01862207052447689,-3.976306915283203,0.008827745914459229,0.09824562072753906,1.2083186852050933,-0.03624501882204853,-0.17725366337712736,0.0051799969940825585,1.9492551448417454,0.9900394823723876,1.2021668435338637,0.824331671037529,2897,2915,2,Box 3,ARG_org_3aer-ARG_org
2017-07-15 09:50:00,-12.4814453125,-1.055801392339499,-11.425643920158258,-13.351178991537783,0.0033752868077784213,1.889751121144026,0.032408663427720294,-13.174079895019531,0.060248732566833496,0.6240043640136719,1.1685274882391796,-0.0002954132678529745,-0.16539559033604567,-0.002836484635280967,1.9909954699052588,0.9999129575512302,1.2170616458736943,0.8211218939504463,7051,7130,3,Box 4,ARG_org_3aer-ARG_org
2017-07-15 09:52:00,-2.3963661193847656,-0.21945828671327636,-2.176907832670094,-2.2418373965033815,0.04280753108627697,0.024436312327689558,-0.0023142795806793104,-2.4251327514648438,0.00026088953018188477,-0.030337810516357422,1.0298265102724389,-0.019664374597693112,-0.011225239746469703,0.001063104071723938,1.8417062380502958,0.9941864266944312,1.218558240887873,0.8160425457522552,2115,2126,0,Box 1,ARG_org_3aer-ARG_org
2017-07-15 09:52:00,-3.7778472900390625,-0.3143692924751911,-3.463477997562232,-3.9327291712810144,0.05122824752767062,0.44481955965440123,-0.026796633463289494,-3.967266082763672,0.009981930255889893,0.10038471221923828,1.1354855362294967,-0.014790983965749922,-0.12843146685715554,0.007736914593408792,1.898998341374455,0.9958317094819756,1.2071569140994443,0.8261422323389809,2857,2879,1,Box 2,ARG_org_3aer-ARG_org
2017-07-15 09:52:00,-3.8575897216796875,-0.3684905139751867,-3.4890992077029126,-4.248803652132863,0.15666456215276084,0.6134025962467491,-0.010362713969559392,-4.036094665527344,0.00920790433883667,0.10300731658935547,1.2177365558287208,-0.04490114864228888,-0.17580543278693114,0.0029700256004992764,1.937920218575894,0.9878763422824565,1.1985412848784147,0.82467568173941,2978,3003,2,Box 3,ARG_org_3aer-ARG_org
2017-07-15 09:52:00,-12.725395202636719,-1.463773700681952,-11.261621501952614,-13.42116019805664,0.12602423900733387,2.0067033969516292,0.026811060145062415,-13.446533203125,0.061589837074279785,0.6348323822021484,1.1917609019029445,-0.011190594443747105,-0.17818956147688803,-0.0023807459823093624,1.980580950531364,0.9967966363027118,1.210632542827128,0.8229938475026747,7130,7235,3,Box 4,ARG_org_3aer-ARG_org
2017-07-15 09:54:00,-2.506183624267578,-0.0,-2.5061836242660185,-2.537821130343753,0.007814693421114169,0.02326304191253382,0.0005597707440862468,-2.537982940673828,0.0002551078796386719,-0.03139638900756836,1.012623778150733,-0.003118164744773178,-0.00928225756775776,-0.00022335583820207346,1.8383446857470227,0.9990630017310149,1.221922035928799,0.8175793947537425,2151,2151,0,Box 1,ARG_org_3aer-ARG_org
2017-07-15 09:54:00,-3.864978790283203,-0.29862788381760624,-3.5663509064639753,-4.023801773576702,0.03910436263978861,0.44866256253685327,-0.030316058063915154,-4.059406280517578,0.010090410709381104,0.1015167236328125,1.1282686081965747,-0.010964810717002733,-0.1258043794074377,0.008500581927865708,1.893256917802985,0.9969032282688192,1.2075307923260563,0.8268961515264539,2953,2974,1,Box 2,ARG_org_3aer-ARG_org
2017-07-15 09:54:00,-3.898792266845703,-0.48126159104984134,-3.417530675794345,-4.2177782849501675,0.2015527634471871,0.6007206035048421,-0.0020257577962065282,-4.083866119384766,0.01045161485671997,0.11394596099853516,1.234159597988047,-0.05897613878779294,-0.17577621402482807,0.0005927548245739378,1.9253997530713267,0.9844686121083485,1.19356496164136,0.8249001142978479,3023,3056,2,Box 3,ARG_org_3aer-ARG_org
2017-07-15 09:54:00,-13.010101318359375,-1.0927143204592955,-11.917386997897848,-14.016523375324082,-0.02949334127618421,2.102931574740812,0.025698143961605163,-13.765022277832031,0.06489694118499756,0.66925048828125,1.1761406571588644,0.0024748161053582173,-0.17645911600519107,-0.002156357259031544,1.9759819927035567,1.000716800256628,1.2129103092916764,0.8247109081725227,7274,7357,3,Box 4,ARG_org_3aer-ARG_org
2017-07-15 09:56:00,-2.6008377075195312,0.06275069792593632,-2.6635884054438317,-2.6923064415137743,-0.003915523151831917,0.03141742519937726,0.0012161340223974014,-2.6343650817871094,0.0004285573959350586,-0.030471324920654297,1.01078170937043,0.0014700180943232014,-0.011795150157271462,-0.0004565773074818435,1.832598151489144,1.0004405684821336,1.2211070198591385,0.8192151148876133,2170,2167,0,Box 1,ARG_org_3aer-ARG_org
2017-07-15 09:56:00,-3.9550399780273438,-0.38168599683562476,-3.573353981190159,-4.060529310143343,0.05063755524948712,0.4651087091393005,-0.028570935435603795,-4.157447814941406,0.010609209537506104,0.10596179962158203,1.1363355915808047,-0.014170875741960924,-0.13016026724125135,0.00799555140240761,1.8888277510979559,0.9960424479599921,1.205087061331191,0.8277652877764531,3032,3059,1,Box 2,ARG_org_3aer-ARG_org
2017-07-15 09:56:00,-3.9219284057617188,-0.400862431298094,-3.521065974462072,-4.294744284909311,0.18997790543249107,0.5718595972933829,0.011840807721364985,-4.110870361328125,0.010489046573638916,0.1138010025024414,1.2197284333945027,-0.053954656575702135,-0.16241092937224735,-0.0033628474465531577,1.9154629715336027,0.9857273658481216,1.1943762245580494,0.8248144296198695,3025,3052,2,Box 3,ARG_org_3aer-ARG_org
2017-07-15 09:56:00,-13.410774230957031,-1.4658345912192194,-11.94493963973565,-14.288276571392245,0.05514976715928106,2.2759293448674094,0.012257819629904467,-14.205718994140625,0.06730175018310547,0.6866416931152344,1.196178214568898,-0.004616998396192947,-0.19053502265481329,-0.0010261935178917103,1.9694694309752185,0.9986928408940092,1.2078831243283175,0.8266522450662878,7503,7604,3,Box 4,ARG_org_3aer-ARG_org
2017-07-15 09:58:00,-2.9034080505371094,-0.25622487254436216,-2.6471831779911588,-2.747041152620526,0.05720211909780634,0.039297726542090794,0.0033581289894698604,-2.9573326110839844,0.0016889572143554688,-0.010998725891113281,1.0377223516149514,-0.021608674297037025,-0.014845110405964526,-0.0012685669119498599,1.8147272778968764,0.9938145774882315,1.2109729147424615,0.8204752248768445,2205,2217,0,Box 1,ARG_org_3aer-ARG_org
2017-07-15 09:58:00,-4.126209259033203,-0.3393957062314901,-3.7868135528001177,-4.283849635872485,0.03145344980640889,0.4979772838925729,-0.03239465062661423,-4.341106414794922,0.011151134967803955,0.10973930358886719,1.1312544375745248,-0.008306046592431515,-0.1315029844879342,0.00855459350584091,1.8847933965497723,0.9976758528937477,1.2053376050571036,0.82903832318739,3124,3148,1,Box 2,ARG_org_3aer-ARG_org
2017-07-15 09:58:00,-4.015937805175781,-0.5460054904034525,-3.4699323147708134,-4.282213629749313,0.25194214707971163,0.5508544599776151,0.009484707921172415,-4.215202331542969,0.011918187141418457,0.13496780395507812,1.2340914004347516,-0.07260722233896146,-0.15875077955634379,-0.002733398539446402,1.9013408316461802,0.9812751816440934,1.1895296878741746,0.8245357656502753,3021,3058,2,Box 3,ARG_org_3aer-ARG_org
2017-07-15 09:58:00,-13.837867736816406,-1.3443908417296166,-12.493476895084614,-14.682073396400892,-0.10686690397510383,2.2587005344640034,0.03676287082737893,-14.684371948242188,0.07248091697692871,0.7442169189453125,1.1751791370565028,0.008553816113202974,-0.18079038793057342,-0.002942565239132333,1.968807492816267,1.0024684507567636,1.2118509104645092,0.8267533539345063,7654,7733,3,Box 4,ARG_org_3aer-ARG_org
2017-07-15 10:00:00,-3.1607017517089844,-0.196243789475918,-2.9644579622313345,-3.0819838646506974,0.051475994966343315,0.06172946842955279,0.004320439023466854,-3.2305221557617188,0.002819955348968506,0.008390426635742188,1.0396449887017125,-0.017364386886969906,-0.020823188999816104,-0.001457412814926503,1.8126505802238506,0.995045155531936,1.2100999711477018,0.8220549225937116,2238,2247,0,Box 1,ARG_org_3aer-ARG_org
2017-07-15 10:00:00,-4.266838073730469,-0.29476691434459823,-3.972071159384241,-4.480288334450859,0.00046486151561268515,0.5385059556690693,-0.030753642118064223,-4.498363494873047,0.011861205101013184,0.1178140640258789,1.1279476511557267,-0.00011703252458466756,-0.1355730887138864,0.007742470082744368,1.8858061597149463,0.9999670911179566,1.2061892016804574,0.8302342165283271,3181,3202,1,Box 2,ARG_org_3aer-ARG_org
2017-07-15 10:00:00,-4.1652374267578125,-0.45281510254476115,-3.7124223242114613,-4.555612377261697,0.24963170128789836,0.5786295049918827,0.014928846770455221,-4.379302978515625,0.013522148132324219,0.16413307189941406,1.2271266519305113,-0.06724226919439223,-0.15586306041158363,-0.00402132232453542,1.8958690841056813,0.9826266416510319,1.189770236210689,0.8253192468112902,3050,3081,2,Box 3,ARG_org_3aer-ARG_org
2017-07-15 10:00:00,-14.462295532226562,-1.2256469477862664,-13.23664858443805,-15.583638770127216,-0.10652135599035921,2.4316568820615676,0.02185465961795582,-15.36639404296875,0.07650351524353027,0.7885284423828125,1.1773100019024796,0.008047456673858769,-0.18370638659399005,-0.00165107198234829,1.9632695814977748,1.002308299452035,1.2104637724574392,0.8277755051397465,7828,7916,3,Box 4,ARG_org_3aer-ARG_org
2017-07-15 10:02:00,-3.0873756408691406,0.04444605910771637,-3.1318216999750783,-3.195571680095005,0.0014659332555633376,0.058660601205037514,0.003623445659325843,-3.1461944580078125,0.0023186206817626953,0.0010156631469726562,1.0203555585940394,-0.0004680768562191784,-0.018730504742816078,-0.0011569769950041144,1.8143817948895506,0.9998633636579548,1.2148492577872778,0.8228496189941997,2280,2278,0,Box 1,ARG_org_3aer-ARG_org
2017-07-15 10:02:00,-4.434322357177734,-0.27955955573359603,-4.154762801442496,-4.653808009466307,-0.0008416472616733407,0.5331070086388637,-0.033220153353380084,-4.678871154785156,0.012172579765319824,0.11830520629882812,1.1201140069537896,0.0002025740822992659,-0.128312260919871,0.007995679883782136,1.8722445226748232,1.0000567109706848,1.2051803383722464,0.8310375676978837,3285,3305,1,Box 2,ARG_org_3aer-ARG_org
2017-07-15 10:02:00,-4.3054656982421875,-0.502723252276852,-3.8027424459637484,-4.747997064422409,0.29161041601586335,0.643644931116857,0.009999271325940397,-4.535518646240234,0.015133798122406006,0.18786144256591797,1.24857182201807,-0.07668424042900414,-0.16925809209088702,-0.0026294894981787886,1.8961089144757526,0.9805441591214262,1.1862647632624277,0.8262100375601827,3107,3144,2,Box 3,ARG_org_3aer-ARG_org
2017-07-15 10:02:00,-14.916976928710938,-1.44238041739175,-13.474596511316983,-15.887722708997018,-0.07107810375472011,2.4328341589008824,0.05137014253387156,-15.885574340820312,0.08516561985015869,0.8906517028808594,1.1790870840290697,0.005274970845696445,-0.1805496852434583,-0.0038123696313078492,1.9540323883604847,1.0014996034721049,1.2085030310581972,0.8281127644614323,8010,8113,3,Box 4,ARG_org_3aer-ARG_org
2017-07-15 10:04:00,-3.2012557983398438,0.04540230490163515,-3.2466581032396746,-3.3124686193156743,0.001565982347239533,0.06274108726171145,0.0015034464670487637,-3.2642135620117188,0.0024223923683166504,0.0048675537109375,1.0202702329544127,-0.0004823366974418769,-0.019324821175073937,-0.00046307508189684377,1.811210987081237,0.9998596029805353,1.2141749823822932,0.8234148846413728,2313,2311,0,Box 1,ARG_org_3aer-ARG_org
2017-07-15 10:04:00,-4.659252166748047,-0.4223144336286929,-4.23693773311772,-4.788753718047599,0.0395800331793013,0.5532945237023391,-0.04105857195176104,-4.924125671386719,0.01392453908920288,0.14328861236572266,1.130239342583831,-0.009341660338769393,-0.1305883065917047,0.009690624346643015,1.8654577019306058,0.997426612451852,1.2018791074709234,0.8313694594755093,3328,3358,1,Box 2,ARG_org_3aer-ARG_org
2017-07-15 10:04:00,-4.424201965332031,-0.8094316127470255,-3.6147703525835295,-4.646028546553725,0.3810582770294825,0.640611295779412,0.009588621161301344,-4.66595458984375,0.015853166580200195,0.20318603515625,1.2852900996139742,-0.10541700851262502,-0.17722046860364385,-0.0026526224977053425,1.8782100659059695,0.9744824375534438,1.1775900614545558,0.8271638847819316,3129,3185,2,Box 3,ARG_org_3aer-ARG_org
2017-07-15 10:04:00,-15.581855773925781,-1.0211636073230685,-14.560692166600406,-16.88430184654408,-0.3115723074197462,2.521136289487031,0.11404569787638999,-16.616073608398438,0.09054505825042725,0.9435138702392578,1.159580990612082,0.021398179691926783,-0.17314673372946252,-0.007832436574546242,1.9530488383991569,1.0061953791953835,1.212183684543238,0.8288183157064688,8198,8266,3,Box 4,ARG_org_3aer-ARG_org
2017-07-15 10:06:00,-3.377429962158203,-0.1382390175224497,-3.2391909446340006,-3.3437715530468286,0.04189537487707225,0.06712455657798033,-0.0044393230422244846,-3.448516845703125,0.003175675868988037,0.016668319702148438,1.0322860276533172,-0.012933900962669569,-0.02072263034977236,0.0013705036591246979,1.8011389225962735,0.9963205228911071,1.2092559092631343,0.8241266333637655,2358,2364,0,Box 1,ARG_org_3aer-ARG_org
2017-07-15 10:06:00,-4.8322296142578125,-0.09936723894713033,-4.732862375308914,-5.194123380524732,-0.06612635837658526,0.5770817854460615,-0.04969442185365751,-5.109596252441406,0.01451021432876587,0.1497669219970703,1.0974592051571566,0.013971747566876842,-0.12193081895993128,0.010499866235897881,1.873261439297184,1.0040034944504193,1.2100318977841777,0.8313956750340343,3407,3414,1,Box 2,ARG_org_3aer-ARG_org
2017-07-15 10:06:00,-4.488975524902344,-0.9081904534320296,-3.5807850714688882,-4.672043677776841,0.4269786528518954,0.6536914079877448,0.010588545468312798,-4.736316680908203,0.015981853008270264,0.20749950408935547,1.304754009114628,-0.11924163118696839,-0.18255533212430186,-0.0029570458033576497,1.8682758512574593,0.9718438408092172,1.1731314036062896,0.82802750798433,3177,3240,2,Box 3,ARG_org_3aer-ARG_org
2017-07-15 10:06:00,-16.32909393310547,-1.3340161345165789,-14.995077798586564,-17.373243795927504,-0.3692685455289025,2.614768323696748,0.1326662191730937,-17.45306396484375,0.0982975959777832,1.0287055969238281,1.1585964427317013,0.02462598397213449,-0.17437510887360758,-0.008847317830228185,1.950586786916264,1.007125827686486,1.2119420019573697,0.8295896139405067,8299,8378,3,Box 4,ARG_org_3aer-ARG_org
2017-07-15 10:08:00,-3.420330047607422,-0.1410222324324384,-3.279307815173262,-3.3823628614540397,0.044928748184047435,0.06615801407022125,-0.008031715973490693,-3.4861068725585938,0.0030006766319274902,0.014182090759277344,1.0314258532864604,-0.013700680361923763,-0.020174383680638345,0.002449210756101692,1.7966443714415177,0.9961160984669543,1.208471351468974,0.8246601596521674,2401,2407,0,Box 1,ARG_org_3aer-ARG_org
2017-07-15 10:08:00,-5.046958923339844,-0.5948879571384073,-4.452070966199808,-5.041922880316751,0.09371830387882267,0.5468693300268187,-0.05073571978869912,-5.347377777099609,0.01629263162612915,0.17294692993164062,1.1324893333001893,-0.021050496407252598,-0.1228348187121587,0.011395981819221995,1.8479341861032479,0.9943091615660663,1.198107155741744,0.8316111702073873,3434,3476,1,Box 2,ARG_org_3aer-ARG_org
2017-07-15 10:08:00,-4.530895233154297,-0.7991262450578976,-3.731768988094949,-4.805606292079441,0.39224326057106257,0.671935649647525,0.009658393765903923,-4.780769348144531,0.01646280288696289,0.21712303161621094,1.2877555677777044,-0.1051092020493211,-0.18005821147855805,-0.0025881542498252252,1.8669519477650083,0.9748432381593808,1.1753909731788348,0.8290310369247633,3241,3296,2,Box 3,ARG_org_3aer-ARG_org
2017-07-15 10:08:00,-17.040679931640625,-1.4188836671754967,-15.621796264462755,-17.979836286150658,-0.4063556620474785,2.595646634180694,0.16874904955468564,-18.250503540039062,0.10656630992889404,1.1258831024169922,1.1509455111159073,0.026012095867097993,-0.16615545294784065,-0.010802154035164602,1.9426226864362597,1.0075320745002396,1.21205460604797,0.8295345419842444,8390,8475,3,Box 4,ARG_org_3aer-ARG_org
2017-07-15 10:10:00,-3.5853805541992188,-0.11861776798373945,-3.466762786213726,-3.5738544123327074,0.04118886623648041,0.07765714718194407,-0.011754387299442698,-3.655181884765625,0.0031491518020629883,0.014693260192871094,1.0308909587194293,-0.011881074297980859,-0.022400479055204817,0.0033905946337564156,1.7941877238460273,0.9966371679580254,1.2080554929351193,0.8255217467881072,2475,2480,0,Box 1,ARG_org_3aer-ARG_org
2017-07-15 10:10:00,-5.2643585205078125,-0.4485653844233183,-4.815793136082755,-5.3621123802239845,0.06391710161376081,0.5434762284013485,-0.06107408587387981,-5.5820465087890625,0.017832458019256592,0.1948871612548828,1.113443254040105,-0.013272393520156894,-0.11285290149390033,0.012682040973952313,1.8458903650653031,0.996353371894313,1.2014190053814007,0.8312460334865851,3456,3487,1,Box 2,ARG_org_3aer-ARG_org
2017-07-15 10:10:00,-4.486354827880859,-0.9641395603303256,-3.5222152675491825,-4.59293581849382,0.4122056323401687,0.6471657416627195,0.011349176941749771,-4.730884552001953,0.015934288501739502,0.2084646224975586,1.303990662015858,-0.11703022133198249,-0.18373827052116223,-0.0032221701627131727,1.8580759526749615,0.9725816704877078,1.1716003595514615,0.8297074027918707,3252,3315,2,Box 3,ARG_org_3aer-ARG_org
2017-07-15 10:10:00,-17.775184631347656,-1.4567976277717511,-16.318387003573463,-18.555158752146678,-0.5160192382930315,2.5646678265581873,0.18812316030806087,-19.061019897460938,0.1131964921951294,1.2062034606933594,1.137070639891271,0.03162195124922774,-0.15716429730441903,-0.011528293836079812,1.9355110742261477,1.0092247575673756,1.2135967900750757,0.829744232008082,8457,8533,3,Box 4,ARG_org_3aer-ARG_org
2017-07-15 10:12:00,-3.691303253173828,-0.34033994474999996,-3.350963308422177,-3.503139788080019,0.08779488255228948,0.0830641542792467,-0.018682557173693836,-3.7608261108398438,0.0031126737594604492,0.013591766357421875,1.0454127561693582,-0.026199893723583705,-0.024788141986060122,0.005575279540285579,1.7841292868944645,0.9927717390015975,1.20272993090219,0.826281913363591,2507,2521,0,Box 1,ARG_org_3aer-ARG_org
2017-07-15 10:12:00,-5.485198974609375,-0.5779426674662814,-4.907256307141339,-5.509654284741227,0.11793887786587981,0.5420498354776532,-0.057590735743644886,-5.819866180419922,0.019548416137695312,0.2216777801513672,1.1227565751402147,-0.024033567941875777,-0.11045883922729471,0.01173583202895584,1.835124089561861,0.9935231877888611,1.1975101222652658,0.8314142923134681,3462,3501,1,Box 2,ARG_org_3aer-ARG_org
2017-07-15 10:12:00,-4.54718017578125,-1.0695982723775614,-3.4775819034023736,-4.599583678319,0.46052208100763964,0.6502617362342714,0.01121795767471506,-4.794597625732422,0.015574932098388672,0.20543766021728516,1.3226384902161152,-0.13242594820184597,-0.18698674949914842,-0.00322579251512084,1.84545746092318,0.9697917640293332,1.1669814117335866,0.8306120336675425,3268,3342,2,Box 3,ARG_org_3aer-ARG_org
2017-07-15 10:12:00,-18.24835205078125,-1.3183956120058586,-16.929956438772898,-19.106051599700137,-0.6191228900330762,2.598191320140124,0.19702673082019048,-19.591567993164062,0.11751031875610352,1.2423553466796875,1.1285351896088496,0.03656966822520371,-0.15346710013912143,-0.01163775769493186,1.9317923704286641,1.010725467670777,1.2146848183867345,0.8302074732783472,8514,8585,3,Box 4,ARG_org_3aer-ARG_org
2017-07-15 10:14:00,-4.097831726074219,-0.02446021320957813,-4.0733715128627015,-4.170161052613827,0.028520923712429244,0.09419269092831015,-0.025924074889613652,-4.196533203125,0.004651486873626709,0.03444957733154297,1.0237615300852103,-0.0070017978037032,-0.023124011799776398,0.006364279518269282,1.7876281607117173,0.9980155363175924,1.2082049460764068,0.8270265627408484,2594,2595,0,Box 1,ARG_org_3aer-ARG_org
2017-07-15 10:14:00,-5.5800628662109375,-0.7986588270100453,-4.781404039199185,-5.479565684319786,0.22129665361531603,0.535980021202109,-0.05911502969682431,-5.920654296875,0.020092368125915527,0.22867298126220703,1.146016031984934,-0.04628277631446096,-0.11209678513005936,0.012363529459586353,1.8161589264695406,0.988022721161698,1.189537648945386,0.8323781673176727,3427,3479,1,Box 2,ARG_org_3aer-ARG_org
2017-07-15 10:14:00,-4.615200042724609,-0.7934077061009549,-3.821792336622215,-4.928738431373749,0.3902473301610218,0.7030003375682541,0.013698427022258425,-4.867221832275391,0.014855563640594482,0.1925334930419922,1.2896405658005683,-0.10211107663320375,-0.18394519525087055,-0.003584293916494008,1.850658374032513,0.9759258678348071,1.1724539776692697,0.8319042930900572,3258,3312,2,Box 3,ARG_org_3aer-ARG_org
2017-07-15 10:14:00,-18.720306396484375,-0.7424344025772089,-17.977871993904508,-19.79584572980734,-0.9874874257646312,2.5717050200749973,0.2337561415924648,-20.11431884765625,0.12148761749267578,1.2756938934326172,1.101122854613673,0.05492793730534092,-0.14304835527513754,-0.013002436643876486,1.9354290096795734,1.016606158293898,1.221275313678994,0.8302528395302455,8502,8529,3,Box 4,ARG_org_3aer-ARG_org
2017-07-15 10:16:00,-4.2955322265625,-0.1727607462270977,-4.122771480333521,-4.264368902475547,0.06684508539084956,0.10636281552143885,-0.03161047877026211,-4.4032135009765625,0.004933536052703857,0.03878307342529297,1.0343452026913147,-0.016213628552956317,-0.02579886273804203,0.007667288599683655,1.7780359289839598,0.9954995287028968,1.2037799464961292,0.8281548172296594,2662,2669,0,Box 1,ARG_org_3aer-ARG_org
2017-07-15 10:16:00,-5.67535400390625,-0.9329031017518492,-4.742450902152713,-5.461140147383465,0.26838152273877847,0.5046207543203469,-0.05431303182837344,-6.0195770263671875,0.019630610942840576,0.21872425079345703,1.151543845167595,-0.05659131286250188,-0.10640505610533309,0.011452523800239964,1.8009112947504327,0.9856484883360126,1.1856498776780235,0.8329378306717156,3418,3477,1,Box 2,ARG_org_3aer-ARG_org
2017-07-15 10:16:00,-4.652118682861328,-0.5996328260639081,-4.052485856795895,-5.126471574714915,0.31758871230733465,0.7483557814987591,0.008041224112926708,-4.901420593261719,0.014156937599182129,0.17914867401123047,1.2650189922607575,-0.0783688638356993,-0.18466585891812293,-0.00198426950693531,1.849823753210894,0.981127702595432,1.175950450274446,0.8340591379691679,3233,3272,2,Box 3,ARG_org_3aer-ARG_org
2017-07-15 10:16:00,-18.917068481445312,-0.4680392335449487,-18.449029247897652,-19.95416683825496,-1.1883212516816841,2.416392078636337,0.27706676340265324,-20.352401733398438,0.12151336669921875,1.2611007690429688,1.0815835657330763,0.06441104492352076,-0.1309766517342204,-0.0150179589223767,1.9267759713040968,1.0197206423584944,1.2240020889476668,0.8305786110457402,8447,8456,3,Box 4,ARG_org_3aer-ARG_org
2017-07-15 10:18:00,-4.467521667480469,-0.7456555096618311,-3.721866157816994,-3.993539835844718,0.18119439089369077,0.12888873016708766,-0.03840944303305429,-4.582832336425781,0.005710184574127197,0.049510955810546875,1.0729939408103462,-0.04868374713398283,-0.034630135717369656,0.010319942041006329,1.7619318103503934,0.9872326424779692,1.1923899120713457,0.8294493018476942,2724,2754,0,Box 1,ARG_org_3aer-ARG_org
2017-07-15 10:18:00,-5.752925872802734,-1.0251407732610431,-4.7277850995400215,-5.564406932672401,0.3217291553666212,0.5651231275111058,-0.050230449745347815,-6.105510711669922,0.020240485668182373,0.22497272491455078,1.176958515566576,-0.06805071478353004,-0.11953232129059506,0.010624520507549057,1.7952995641326377,0.9832252257137187,1.1802543538319914,0.8345302959724298,3410,3474,1,Box 2,ARG_org_3aer-ARG_org
2017-07-15 10:18:00,-4.746746063232422,-0.7043936847864317,-4.042352378444473,-5.162773290937814,0.34354018381596185,0.7686590132519148,0.008221715425464179,-5.0055694580078125,0.013814270496368408,0.17861175537109375,1.2771705204296135,-0.08498521446271308,-0.1901514121704799,-0.002033893796420577,1.8423657673869043,0.9798750679671658,1.1729011177769,0.8351575990323622,3221,3266,2,Box 3,ARG_org_3aer-ARG_org
2017-07-15 10:18:00,-19.05126953125,-0.21054217860375135,-18.84072735264351,-20.2589465132395,-1.294445158122578,2.4079626032155064,0.3047017155030653,-20.506088256835938,0.1206974983215332,1.2307662963867188,1.0752741194143445,0.06870462768736775,-0.1278062443209046,-0.01617250278080762,1.9209694073381303,1.021075293576947,1.2243086154773488,0.8312763910879071,8438,8435,3,Box 4,ARG_org_3aer-ARG_org
2017-07-15 10:20:00,-4.760986328125,-0.42834575397516084,-4.332640574147989,-4.579768899224627,0.12806247858459768,0.16028174107727813,-0.04121589458523832,-4.895164489746094,0.006557822227478027,0.06261348724365234,1.057038732118977,-0.029557604973909263,-0.03699400823452738,0.009512881089459722,1.767537428106142,0.9920680400273094,1.1967592625342185,0.8303797137164578,2795,2812,0,Box 1,ARG_org_3aer-ARG_org
2017-07-15 10:20:00,-6.038982391357422,-0.9612092906194505,-5.077773100736207,-5.917544891895583,0.31692845860860525,0.5716027212067312,-0.048759388655960384,-6.417972564697266,0.02270197868347168,0.2640819549560547,1.1653819055124028,-0.06241485240107618,-0.1125695673806017,0.00960251426927504,1.7910926319208018,0.9845138378634979,1.1814059934901264,0.8346758902858759,3440,3499,1,Box 2,ARG_org_3aer-ARG_org
2017-07-15 10:20:00,-4.847766876220703,-0.6151090667049908,-4.232657809514131,-5.312303209054044,0.3140720019786841,0.7647526077533163,0.0008207898079130825,-5.115272521972656,0.014367341995239258,0.17668533325195312,1.2550750493255316,-0.0742020773029929,-0.1806790537223,-0.00019391830023871015,1.832052850263836,0.9822619907078926,1.174446596258283,0.8363354842363931,3211,3253,2,Box 3,ARG_org_3aer-ARG_org
2017-07-15 10:20:00,-19.1114501953125,-0.3282502361913235,-18.783199959118452,-20.31531773434319,-1.2290632894182891,2.418374144346869,0.34280692029615656,-20.574981689453125,0.11724448204040527,1.165273666381836,1.0815685175347856,0.065434180123373,-0.12875197781051415,-0.018250719847644398,1.9134416092678272,1.019823034485791,1.2213886044007591,0.8319281270499609,8421,8428,3,Box 4,ARG_org_3aer-ARG_org
2017-07-15 10:22:00,-5.044700622558594,-0.6016486119494983,-4.4430520106072535,-4.756191422302368,0.1652869297652148,0.19271821616796025,-0.04486573423806089,-5.195289611816406,0.007197737693786621,0.07459640502929688,1.070478448361066,-0.03720121424881188,-0.04337518798066479,0.010097953868410572,1.7625744182161445,0.9902000587439231,1.193018504376964,0.8314760564031821,2872,2895,0,Box 1,ARG_org_3aer-ARG_org
2017-07-15 10:22:00,-6.225879669189453,-1.0455524439262278,-5.18032722526145,-6.11805178212768,0.36704531015267133,0.6105745328808558,-0.0398952861672967,-6.623607635498047,0.02412933111190796,0.2823362350463867,1.181016471757516,-0.07085369209165096,-0.11786408586381149,0.007701306197946442,1.7881199791885705,0.9827179300135167,1.1782491237722943,0.835103633770932,3453,3516,1,Box 2,ARG_org_3aer-ARG_org
2017-07-15 10:22:00,-5.055351257324219,-0.7362217321640522,-4.319129525158548,-5.4298409158848076,0.31483892054182744,0.7914586027648222,0.004413867419610408,-5.344123840332031,0.015536904335021973,0.18985843658447266,1.257160935845166,-0.0728940678226755,-0.1832449335345573,-0.0010219344879332792,1.8258873647478622,0.9826966285373105,1.1730843091668035,0.8375666768255093,3179,3222,2,Box 3,ARG_org_3aer-ARG_org
2017-07-15 10:22:00,-19.114456176757812,-0.7945912957154374,-18.319864881039724,-20.03226002302548,-1.0460317208619987,2.413992380140736,0.3444344827070189,-20.59527587890625,0.11545324325561523,1.1196632385253906,1.0934720399470856,0.05709822248441345,-0.13176911488245283,-0.01880114754904627,1.8998690559692797,1.0168973299189785,1.2160906493660844,0.8331317789484605,8377,8420,3,Box 4,ARG_org_3aer-ARG_org
2017-07-15 10:24:00,-5.3791961669921875,-0.5864260001062959,-4.7927701668839635,-5.138968533732684,0.16934997920383457,0.22912090653712366,-0.05227251889223772,-5.5509796142578125,0.008592724800109863,0.09280014038085938,1.0722334588962363,-0.035334466979863144,-0.047805527609117014,0.010906535692743823,1.7621825286460586,0.9907083186824558,1.1925914827521882,0.8323162345880627,2934,2957,0,Box 1,ARG_org_3aer-ARG_org
2017-07-15 10:24:00,-6.231273651123047,-0.9811595270091052,-5.2501141241121845,-6.2345027523278675,0.3892528837417323,0.6194067137580429,-0.0242709692840917,-6.623870849609375,0.024038970470428467,0.28176307678222656,1.1874985200216286,-0.07414179473813944,-0.11797966655873163,0.004622941275242473,1.7809727227848828,0.982143784319461,1.1758719283010548,0.8358730445006559,3509,3568,1,Box 2,ARG_org_3aer-ARG_org
2017-07-15 10:24:00,-5.212024688720703,-1.1688370486252622,-4.043187640093914,-5.314645949950808,0.4652740699385132,0.8011608212949195,0.005023418623461122,-5.523639678955078,0.01793801784515381,0.2292623519897461,1.3144692809328435,-0.11507605170847474,-0.1981507890829203,-0.0012424401414485031,1.8061746263288838,0.9744530124233106,1.161745848052265,0.838627069893279,3119,3189,2,Box 3,ARG_org_3aer-ARG_org
2017-07-15 10:24:00,-19.30506134033203,-0.2300356180754708,-19.07502572225382,-20.652287497589562,-1.2414999995318678,2.4552954412055477,0.36346633366206116,-20.81341552734375,0.11388731002807617,1.0854873657226562,1.0826872685941196,0.06508510224882558,-0.12871780499572721,-0.01905456584721793,1.8959451641909901,1.0194141690913836,1.2176875446552784,0.8340363002757589,8339,8359,3,Box 4,ARG_org_3aer-ARG_org
2017-07-15 10:26:00,-5.5576019287109375,-0.8347122707313542,-4.722889657977739,-5.112145932995322,0.21016413429011466,0.2318419859948268,-0.05274984526735926,-5.739723205566406,0.008920848369598389,0.09582901000976562,1.0824190915322496,-0.04449905661782989,-0.04908901176702434,0.01116897685260465,1.7546393679897452,0.9885089988181304,1.1890447231413295,0.8329565050013423,2993,3025,0,Box 1,ARG_org_3aer-ARG_org
2017-07-15 10:26:00,-6.303459167480469,-1.3186243765609,-4.984834790917903,-6.172447987359479,0.5416010611602123,0.6694589170605822,-0.023446781779218703,-6.706653594970703,0.02451193332672119,0.29180908203125,1.238245247085288,-0.10864975147159942,-0.13429911825368815,0.004703622639999516,1.7752162016307067,0.9751349721906957,1.1670728791100273,0.8361464667263229,3480,3559,1,Box 2,ARG_org_3aer-ARG_org
2017-07-15 10:26:00,-5.351325988769531,-0.9489593495264179,-4.402366639241477,-5.751590742807835,0.43348784887864167,0.9121417802959774,0.0035944743917386756,-5.677940368652344,0.018083274364471436,0.22802066802978516,1.3064769961546927,-0.09846700295578542,-0.20719350636664335,-0.0008164868322639296,1.8127763325568245,0.9778326005007646,1.163894741788832,0.8400342403066553,3146,3202,2,Box 3,ARG_org_3aer-ARG_org
2017-07-15 10:26:00,-19.40856170654297,-0.9538767874752614,-18.45468491906504,-20.42549281802759,-0.8582509749054799,2.4842772323303923,0.34478164153763424,-20.942535400390625,0.11255383491516113,1.0616035461425781,1.106791739203662,0.046505859009212544,-0.13461499035206784,-0.018682607860806638,1.8780922919278082,1.01332930758693,1.2090257256142865,0.8351701250831327,8256,8321,3,Box 4,ARG_org_3aer-ARG_org
2017-07-15 10:28:00,-5.78375244140625,-0.4189257397413539,-5.3648267016628814,-5.677001628281964,0.10437034680175489,0.2677400854271863,-0.059935505609859066,-5.9792327880859375,0.00997251272201538,0.10776424407958984,1.0581891911853034,-0.01945456071664053,-0.049906567409567504,0.011171936940904625,1.763485030560531,0.9947988080967186,1.1956607702419748,0.833670257217371,3090,3106,0,Box 1,ARG_org_3aer-ARG_org
2017-07-15 10:28:00,-6.385250091552734,-1.2000520704527087,-5.185198021098317,-6.389733291008006,0.5395247794535836,0.6826805721994127,-0.01767008174330688,-6.7953033447265625,0.02444356679916382,0.29114341735839844,1.2323026555607894,-0.10405094988817855,-0.13165949871569396,0.003407793043083057,1.7709898109796494,0.976159510368855,1.1671899285660148,0.8367737790562586,3501,3572,1,Box 2,ARG_org_3aer-ARG_org
2017-07-15 10:28:00,-5.461269378662109,-0.7629932779530366,-4.698276100707334,-6.100191113030004,0.3875949166949278,1.0164752266123154,-0.0021551309845737445,-5.803401947021484,0.019061505794525146,0.23765945434570312,1.2983892351732178,-0.08249726248241875,-0.21635067944586808,0.0004587067550690105,1.8219263309016793,0.9811223652670759,1.1665024279425713,0.8411398518964143,3142,3188,2,Box 3,ARG_org_3aer-ARG_org
2017-07-15 10:28:00,-19.548583984375,-0.9567696400204755,-18.591814344351864,-20.46342589370979,-0.9097022366067774,2.446218706615054,0.33509507934965066,-21.108016967773438,0.11190581321716309,1.0469913482666016,1.1006685799832396,0.04893025606632857,-0.1315750394935612,-0.018023796556007,1.8691578763971495,1.0140001409657275,1.2085565135130467,0.8361578840264162,8256,8313,3,Box 4,ARG_org_3aer-ARG_org
2017-07-15 10:30:00,-6.151641845703125,-0.5056086555470397,-5.646033190154018,-5.982113961118312,0.1140413175387221,0.28609838140568844,-0.06405892798011636,-6.3719482421875,0.011030912399291992,0.1196603775024414,1.059525114296242,-0.02019848514840402,-0.05067245830304515,0.011345829155207092,1.760224119193005,0.9946247939245455,1.1946955415505314,0.8342161351928853,3143,3162,0,Box 1,ARG_org_3aer-ARG_org
2017-07-15 10:30:00,-6.5386810302734375,-1.5921504599739802,-4.9465305702978455,-6.292544625421541,0.6906883416134638,0.6737263470740076,-0.018400633563776036,-6.965995788574219,0.025909066200256348,0.3182516098022461,1.2721127537765622,-0.13963086486532628,-0.13620179588487624,0.00371990697364033,1.7546346040032097,0.9696135427203076,1.1587361360691972,0.8372441819902411,3527,3621,1,Box 2,ARG_org_3aer-ARG_org
2017-07-15 10:30:00,-5.589466094970703,-1.1395484504281292,-4.4499176445409505,-5.954940175949797,0.4944979916063515,1.0238846012133425,-0.013360061410847794,-5.948249816894531,0.020190536975860596,0.2582244873046875,1.3382135696949742,-0.11112520075803863,-0.23009068549154363,0.003002316554608059,1.8098403892567343,0.9756696169266597,1.159244853352948,0.8420158732818558,3158,3224,2,Box 3,ARG_org_3aer-ARG_org
2017-07-15 10:30:00,-19.65467071533203,-1.074952716955826,-18.579717998373546,-20.54634456879834,-0.9187759122555239,2.5708424255389293,0.31456005714138874,-21.247756958007812,0.10979270935058594,1.0231876373291016,1.1058480312024623,0.04945047671530606,-0.138368215586694,-0.016930292331074404,1.8656210096782828,1.014040354978687,1.206795570451696,0.8376053616407753,8195,8261,3,Box 4,ARG_org_3aer-ARG_org
2017-07-15 10:32:00,-6.4047393798828125,-0.672455898038745,-5.732283481842004,-6.0973785284116016,0.14056931046261065,0.2941897332587156,-0.069663997151729,-6.6436920166015625,0.011825799942016602,0.12788963317871094,1.063691031283798,-0.024522393372185477,-0.05132156045502848,0.012152922543416024,1.7551250652789747,0.993536562576429,1.1927786233602415,0.8347461652988867,3191,3216,0,Box 1,ARG_org_3aer-ARG_org
2017-07-15 10:32:00,-6.475555419921875,-1.4208125294432767,-5.054742890476969,-6.340005122548414,0.6117476291582088,0.687733488289261,-0.014218885376024944,-6.895050048828125,0.025006234645843506,0.30008506774902344,1.2542685671496472,-0.12102447986241371,-0.13605706624266423,0.002812978955430756,1.7620684323038465,0.9730398371371772,1.1624727990232695,0.8373976580427374,3542,3625,1,Box 2,ARG_org_3aer-ARG_org
2017-07-15 10:32:00,-5.744224548339844,-1.1233156126137898,-4.620908935724411,-6.2282325080447345,0.5268575579255824,1.1125943737642774,-0.03212835936953632,-6.121879577636719,0.021960139274597168,0.28740882873535156,1.3478371018944018,-0.11401600101928605,-0.24077392332118272,0.006952822446067014,1.8138522024710078,0.9751292791678732,1.1586567208426737,0.8424654085605345,3207,3274,2,Box 3,ARG_org_3aer-ARG_org
2017-07-15 10:32:00,-19.496902465820312,-1.119769437812053,-18.377133028005616,-20.49224015868264,-0.789228259658268,2.609986136254115,0.2943492540811796,-21.089401245117188,0.10840535163879395,1.0077743530273438,1.115094510523145,0.042946212472616534,-0.1420235752920032,-0.016017147703758228,1.8572191494044699,1.0119928239680978,1.203291397117069,0.8385313614061739,8113,8188,3,Box 4,ARG_org_3aer-ARG_org
2017-07-15 10:34:00,-6.6109771728515625,-0.9662361741181014,-5.6447409987315025,-6.070857348904135,0.19856507333615658,0.3010063424130447,-0.07345506557656857,-6.863105773925781,0.012323975563049316,0.13655853271484375,1.0754890880322747,-0.03517700340560861,-0.05332509365455163,0.01301300902788552,1.7480218453856038,0.9909081474507498,1.1889788402607264,0.8352904481593488,3275,3311,0,Box 1,ARG_org_3aer-ARG_org
2017-07-15 10:34:00,-6.616558074951172,-1.2653977946900563,-5.351160280259413,-6.689007521519956,0.5955705267316179,0.7484183165059752,-0.006141601977050302,-7.057151794433594,0.02659928798675537,0.31728553771972656,1.2500106838877356,-0.11129745616641218,-0.13986094179741024,0.0011477140760867977,1.7664682930865576,0.9749878264002454,1.1638428133861187,0.8378774297675529,3549,3623,1,Box 2,ARG_org_3aer-ARG_org
2017-07-15 10:34:00,-5.882598876953125,-1.3700851461782173,-4.51251373077333,-6.268437850635915,0.6406360048577169,1.1548302916415318,-0.039542176636663415,-6.278110504150391,0.02298659086227417,0.30173206329345703,1.3891232746590811,-0.14196876576549014,-0.255917291456889,0.008762782563298016,1.8032901077530064,0.97032006913848,1.1519811551826284,0.8433504320563886,3234,3318,2,Box 3,ARG_org_3aer-ARG_org
2017-07-15 10:34:00,-19.579666137695312,-1.613694873746902,-17.96597126394582,-20.275718351969868,-0.6203428327907426,2.6503357794900406,0.2797541413247495,-21.194198608398438,0.10825657844543457,1.0069007873535156,1.128562327863635,0.034528766837986044,-0.14751976058253774,-0.015571334119083291,1.847990702183018,1.0094385528777479,1.1988717389413022,0.8396157338930129,8048,8138,3,Box 4,ARG_org_3aer-ARG_org
2017-07-15 10:36:00,-6.8849639892578125,-0.9351970489631651,-5.949766940292671,-6.384413218922589,0.19052189518812018,0.32447854281095956,-0.08035415936916165,-7.155647277832031,0.013546347618103027,0.15399646759033203,1.0730526561782499,-0.03202174086818069,-0.05453634504799584,0.013505429737926677,1.7473797250978798,0.9917069862342666,1.1893104814208717,0.8358051080315165,3389,3424,0,Box 1,ARG_org_3aer-ARG_org
2017-07-15 10:36:00,-6.629936218261719,-1.860315106905078,-4.769621111355145,-6.178439544072379,0.7424242244731379,0.6711165010452057,-0.004722292801109766,-7.0719757080078125,0.02710700035095215,0.3220100402832031,1.2953732382145047,-0.15565685557404796,-0.1407064597746482,0.0009900771341914971,1.745837444008656,0.9670745679875352,1.154180926685521,0.8380071521711416,3558,3666,1,Box 2,ARG_org_3aer-ARG_org
2017-07-15 10:36:00,-6.036739349365234,-1.1823320813016458,-4.854407268061891,-6.5212702320163825,0.5412970870411179,1.1674110313337756,-0.04184515442040226,-6.452419281005859,0.024511873722076416,0.3163471221923828,1.343371058897574,-0.11150631934045148,-0.24048477329341614,0.00862003373629358,1.8070316567253493,0.9757426694408875,1.15814097029863,0.8435746052685861,3229,3296,2,Box 3,ARG_org_3aer-ARG_org
2017-07-15 10:36:00,-19.74584197998047,-1.9784442757550045,-17.7673977042229,-20.437065433755283,-0.4767335210641135,2.876463997417271,0.2699372531792242,-21.401657104492188,0.11201953887939453,1.0637702941894531,1.150256541446014,0.026831927162344373,-0.1618956273339681,-0.015192841274390245,1.8456288623582975,1.0071732033405496,1.194334812507443,0.8410199670630244,7973,8085,3,Box 4,ARG_org_3aer-ARG_org
2017-07-15 10:38:00,-7.136558532714844,-1.0373702301236714,-6.099188302589198,-6.579374211901864,0.20565672229723703,0.35936023851917764,-0.08483105150374913,-7.42645263671875,0.014687895774841309,0.1678934097290039,1.0787294776763687,-0.03371870355436192,-0.058919354624061004,0.013908580502054194,1.7442045489433575,0.9913433528694191,1.1875582692664415,0.8367727233894913,3485,3524,0,Box 1,ARG_org_3aer-ARG_org
2017-07-15 10:38:00,-6.827247619628906,-1.9359085339799165,-4.891339085647467,-6.349174613714467,0.7487021984282047,0.7037065138449087,0.005426815793886473,-7.290855407714844,0.028539597988128662,0.3460969924926758,1.2980442579302445,-0.1530669179376876,-0.14386786553191067,-0.0011094744606462148,1.7427195478210122,0.9677809819166872,1.1533109064593887,0.8389999915804788,3572,3683,1,Box 2,ARG_org_3aer-ARG_org
2017-07-15 10:38:00,-6.1326904296875,-1.1918451015619138,-4.940845328123843,-6.68397879079254,0.5565674609702488,1.2151830360971714,-0.028617034398723734,-6.568614959716797,0.02620387077331543,0.34633541107177734,1.3528006539177793,-0.11264620201774071,-0.2459463827333784,0.00579193083333987,1.8118234969485394,0.9755588856088578,1.1577115743635733,0.8433764749295827,3172,3241,2,Box 3,ARG_org_3aer-ARG_org
2017-07-15 10:38:00,-19.882186889648438,-3.3411248470962707,-16.541062042549783,-19.81837214041594,0.12332534955159626,2.917311873284205,0.2366728750303532,-21.585494995117188,0.11826896667480469,1.159505844116211,1.1981317819518293,-0.007455709266693846,-0.1763678695950593,-0.014308203090076216,1.8268567181080992,0.9981268430480108,1.1825214939132809,0.842044271124147,7909,8087,3,Box 4,ARG_org_3aer-ARG_org
2017-07-15 10:40:00,-7.327667236328125,-1.5046719584284298,-5.822995277897881,-6.412996222687292,0.3049416723056308,0.3753796893326964,-0.09032041684891609,-7.630859375,0.015774011611938477,0.17859172821044922,1.101322586852999,-0.052368524745861664,-0.06446505130401026,0.015510989196872924,1.7332836680365153,0.9870083010751064,1.1811303073235502,0.8378078058830816,3583,3640,0,Box 1,ARG_org_3aer-ARG_org
2017-07-15 10:40:00,-6.800548553466797,-1.4430341936939786,-5.3575143597711845,-6.665313560495315,0.5776474271077867,0.7185126873010065,0.011639086315337855,-7.261497497558594,0.027485370635986328,0.33152294158935547,1.2441055894397988,-0.10782004271332604,-0.13411306793617137,-0.0021724787903013576,1.7565398182633578,0.9758844400331721,1.1629237547496263,0.8388894698268013,3645,3728,1,Box 2,ARG_org_3aer-ARG_org
2017-07-15 10:40:00,-6.178138732910156,-1.5886903935521606,-4.589448339356383,-6.453242250251686,0.7154707186016203,1.1646785788597345,-0.016355386566051417,-6.624897003173828,0.02782517671585083,0.36083984375,1.4061041269192451,-0.15589471014765943,-0.2537731101300657,0.0035636933584800023,1.799678925072336,0.9679507672254245,1.149468169397213,0.8425038836754289,3154,3245,2,Box 3,ARG_org_3aer-ARG_org
2017-07-15 10:40:00,-20.101394653320312,-4.0136218454445975,-16.087772807873385,-19.990950456955055,0.6047344379686554,3.0455628874947673,0.252880323618247,-21.853897094726562,0.12654781341552734,1.2655372619628906,1.2426176510381504,-0.03758969281768433,-0.1893091681406803,-0.015718790079785744,1.8147262881973971,0.9910268673986625,1.1733466154758934,0.8424959190587576,7797,8026,3,Box 4,ARG_org_3aer-ARG_org
2017-07-15 10:42:00,-7.591575622558594,-1.4859525587542173,-6.1056230638025575,-6.6988926421176735,0.30308608731321995,0.38879609095460327,-0.09861259995270721,-7.915962219238281,0.017175912857055664,0.19899845123291016,1.097167737365305,-0.0496404845412221,-0.06367836449970146,0.016151111675618522,1.730302240038845,0.9876729965525748,1.181257133163799,0.8383727991116574,3711,3768,0,Box 1,ARG_org_3aer-ARG_org
2017-07-15 10:42:00,-6.976367950439453,-1.7230163865797115,-5.253351563858169,-6.631717582360609,0.6349882459448822,0.7402185741876421,0.0031591983699149812,-7.454078674316406,0.02817314863204956,0.33756351470947266,1.2623784077169469,-0.12087297760794326,-0.1409040619478378,-0.0006013681611658217,1.7510723097361929,0.9735355018524312,1.1594309480696854,0.8395919581254634,3664,3762,1,Box 2,ARG_org_3aer-ARG_org
2017-07-15 10:42:00,-6.041908264160156,-1.7030552079599017,-4.338853056198739,-6.127447869258229,0.7470871254704764,1.0397591893685456,0.0017484982204678233,-6.472980499267578,0.02617025375366211,0.33630847930908203,1.4122275610380948,-0.17218539457176224,-0.23963918019373456,-0.00040298627259796604,1.783879572397888,0.9653308128365883,1.1463856555687602,0.842018272536141,3143,3240,2,Box 3,ARG_org_3aer-ARG_org
2017-07-15 10:42:00,-20.11859893798828,-4.668590859027118,-15.450008078958934,-19.77065660453538,0.9967517311205859,3.0451774918786016,0.27871930257725724,-21.898773193359375,0.1317758560180664,1.3414077758789062,1.2796534800173116,-0.0645146414180872,-0.1970987637233517,-0.018040074875872697,1.8007300550528624,0.9852823161289627,1.165577325391958,0.8429837280473215,7688,7950,3,Box 4,ARG_org_3aer-ARG_org
2017-07-15 10:44:00,-7.859344482421875,-1.9404593522771683,-5.918885130143001,-6.614523355818777,0.3985153181842139,0.39979188794624243,-0.1026689804546798,-8.207107543945312,0.01955258846282959,0.23125171661376953,1.117528590330823,-0.06732945637932759,-0.06754513378038533,0.017345999828889958,1.7204879666599124,0.983787199365961,1.1756810508261546,0.8391331744502992,3818,3893,0,Box 1,ARG_org_3aer-ARG_org
2017-07-15 10:44:00,-7.0335540771484375,-1.9860359974757067,-5.047518079671238,-6.449065377052696,0.6718245003392423,0.7166980946541074,0.013024702388108272,-7.5216217041015625,0.028720080852508545,0.334503173828125,1.2776705848813414,-0.1330999690808439,-0.14199019861674045,-0.0025804171837570944,1.7384446747892683,0.9716072542217316,1.155196645205595,0.8407621484001166,3676,3789,1,Box 2,ARG_org_3aer-ARG_org
2017-07-15 10:44:00,-6.002582550048828,-1.413409861898448,-4.589172688148771,-6.297755432651279,0.6666143173941808,1.0169364212896632,0.025032005818663744,-6.428764343261719,0.024998843669891357,0.31707286834716797,1.3723073548560958,-0.14525805906490885,-0.221594716606728,-0.005454579184458935,1.787883052770606,0.9697170122494684,1.1515774357326711,0.8414291236255472,3117,3201,2,Box 3,ARG_org_3aer-ARG_org
2017-07-15 10:44:00,-19.922340393066406,-5.224553337370428,-14.69778705569385,-19.3111452411494,1.2956810803143577,3.0115507416405274,0.30612636350066624,-21.713455200195312,0.1367943286895752,1.4163341522216797,1.3138811419688081,-0.08815484095698728,-0.20489824285989147,-0.02082805815192937,1.7908735036893833,0.9806415857151976,1.159318838322559,0.8432768765075332,7607,7897,3,Box 4,ARG_org_3aer-ARG_org
2017-07-15 10:46:00,-8.152503967285156,-1.590633849038701,-6.561870118244651,-7.213490097138305,0.32515080770853255,0.44896256396303746,-0.12249339277791677,-8.521720886230469,0.019758105278015137,0.2327413558959961,1.0993040043694078,-0.04955154580162778,-0.06841991015865127,0.01866745159087127,1.7203369082684172,0.987847296929013,1.1788084387393278,0.8405823036667707,3972,4034,0,Box 1,ARG_org_3aer-ARG_org
2017-07-15 10:46:00,-7.232124328613281,-1.9585772897284366,-5.273547038883302,-6.659081746385325,0.6295575494409655,0.7496122130881764,0.006364944972880925,-7.740386962890625,0.03055638074874878,0.3501901626586914,1.2627329759810801,-0.11938028518548632,-0.14214573370846623,-0.0012069570871275914,1.7384603161473444,0.9741980753125068,1.1571726063830716,0.8417296088688071,3697,3807,1,Box 2,ARG_org_3aer-ARG_org
2017-07-15 10:46:00,-5.968482971191406,-1.4345138534227242,-4.533969117767079,-6.193403238405886,0.6778557661930686,0.9540822672657806,0.027496087179958634,-6.398277282714844,0.025786101818084717,0.33200550079345703,1.3660003139712733,-0.14950603953978933,-0.21042981160305163,-0.006064462828432343,1.780693668741287,0.9689173939637974,1.1511956382124882,0.8409434269038848,3084,3170,2,Box 3,ARG_org_3aer-ARG_org
2017-07-15 10:46:00,-19.555747985839844,-5.157139693142201,-14.398608292695565,-19.108748545037624,1.4199845551438766,2.9376970370162145,0.3524586601819696,-21.32720947265625,0.13861846923828125,1.4445686340332031,1.327124688483367,-0.09861956977218672,-0.2040264570921422,-0.024478661619038028,1.7815708872815368,0.9787715163619132,1.1560965571133162,0.8436167673203625,7560,7851,3,Box 4,ARG_org_3aer-ARG_org
2017-07-15 10:48:00,-8.350563049316406,-1.4142285949740543,-6.93633445434051,-7.569089832882941,0.27098182041289576,0.493829034070433,-0.13205547594089706,-8.732696533203125,0.01909327507019043,0.22251605987548828,1.0912233086088396,-0.03906700609618457,-0.07119452461831803,0.01903822210566295,1.7193219701373395,0.9903460534009585,1.1800325745319453,0.841902333042241,4064,4119,0,Box 1,ARG_org_3aer-ARG_org
2017-07-15 10:48:00,-7.2931365966796875,-1.7186305020626202,-5.574506094615445,-6.8928304462946555,0.5323614160659838,0.7800676518900962,0.0058952837231305375,-7.8021087646484375,0.029061734676361084,0.32442188262939453,1.236491687210211,-0.09549929752165935,-0.13993484600251546,-0.0010575436860361387,1.7450139790357742,0.9787289663577056,1.1619411475408323,0.842188632554576,3698,3793,1,Box 2,ARG_org_3aer-ARG_org
2017-07-15 10:48:00,-5.877841949462891,-1.4109178678391947,-4.466924081622129,-6.051147761072403,0.6611416256511458,0.905275636744543,0.017806417054584786,-6.296417236328125,0.02545034885406494,0.32767772674560547,1.3546565042303058,-0.14800825211496704,-0.20266197056472005,-0.0039862815506187255,1.788746330236681,0.9687314578813667,1.153834097066332,0.8390972799617271,3075,3156,2,Box 3,ARG_org_3aer-ARG_org
2017-07-15 10:48:00,-19.26007080078125,-5.390707307308578,-13.86936349347065,-18.59123893911103,1.5654218790463668,2.7643717987076633,0.39208176788634924,-21.010650634765625,0.13878202438354492,1.4572944641113281,1.3404536515221712,-0.11286904981496292,-0.19931497216934727,-0.028269629537861024,1.7692038750681074,0.976266276409558,1.1524323194799757,0.8437446125380218,7473,7775,3,Box 4,ARG_org_3aer-ARG_org
2017-07-15 10:50:00,-8.583686828613281,-1.3982205851131824,-7.1854662434982375,-7.804099187266992,0.2491225204480464,0.5029042522382823,-0.13339382891757437,-8.984756469726562,0.019818782806396484,0.23068523406982422,1.086095031665972,-0.03467033481278472,-0.06998909120105251,0.01856439434786513,1.7113959101617469,0.9914606720013289,1.1792817533069861,0.8433103877882031,4129,4183,0,Box 1,ARG_org_3aer-ARG_org
2017-07-15 10:50:00,-7.429054260253906,-1.7233879876752456,-5.705666272577019,-6.938584069617627,0.4761951936203567,0.7620553286521181,-0.0053327252318668555,-7.95001220703125,0.029063642024993896,0.31005287170410156,1.2160865599459165,-0.08346005021518348,-0.1335611464544926,0.0009346367237595687,1.7405335679605012,0.9811625887049084,1.1640505487310073,0.8430062611165465,3719,3813,1,Box 2,ARG_org_3aer-ARG_org
2017-07-15 10:50:00,-5.844429016113281,-1.6913690832518922,-4.153059932859924,-5.772816063818115,0.7427542559381497,0.8660734354957565,0.010928439524284359,-6.256935119628906,0.026042401790618896,0.32352161407470703,1.3900151110612018,-0.1788450607373408,-0.20853863163475994,-0.0026314186891010505,1.774754744963999,0.9637678126654112,1.1474790289135761,0.8395961669821554,3046,3143,2,Box 3,ARG_org_3aer-ARG_org
2017-07-15 10:50:00,-19.087600708007812,-6.911462322659142,-12.176138385346878,-17.253929049673683,2.0606456940190947,2.6343463364004833,0.3827986339072269,-20.82928466796875,0.13942289352416992,1.4683685302734375,1.4170280021158077,-0.16923638914115302,-0.21635318629186517,-0.03143842668278951,1.7530895742424573,0.9670327325790586,1.1411718346260549,0.8438924543845169,7313,7681,3,Box 4,ARG_org_3aer-ARG_org
2017-07-15 10:52:00,-8.720436096191406,-2.3576497594107635,-6.362786336779004,-7.169384222074618,0.451216097197058,0.4847200770585607,-0.1293382889600041,-9.126510620117188,0.01938009262084961,0.22730636596679688,1.1267680293825384,-0.07091485920073728,-0.07618047367970204,0.020327303497900934,1.6948569173260148,0.9835344622683028,1.168919872215251,0.8440782720406462,4166,4256,0,Box 1,ARG_org_3aer-ARG_org
2017-07-15 10:52:00,-7.6287994384765625,-1.2438034467839973,-6.384995991690715,-7.460005890463046,0.2787568331055217,0.801644020828367,-0.00539095516155831,-8.179908752441406,0.03149759769439697,0.33341503143310547,1.1683650076165002,-0.04365810620214787,-0.12555121755308976,0.0008443161387374359,1.747966619076411,0.9896204286082874,1.172720328598332,0.843980903853851,3697,3764,1,Box 2,ARG_org_3aer-ARG_org
2017-07-15 10:52:00,-5.638740539550781,-1.4766380888855828,-4.162102450663753,-5.80121635486407,0.7227670331777463,0.8893509207491194,0.026995950273450944,-6.026576995849609,0.02435624599456787,0.2911720275878906,1.3938187307087835,-0.17365431095106335,-0.21367828670514577,-0.0064861330525743666,1.7699365737351878,0.9650584417669414,1.146302835216619,0.841142590958004,3058,3145,2,Box 3,ARG_org_3aer-ARG_org
2017-07-15 10:52:00,-18.965415954589844,-7.433290166116577,-11.532125788471545,-16.98257180100718,2.423747445574956,2.6507286488402357,0.37596991812044156,-20.702499389648438,0.13951575756072998,1.4695911407470703,1.4726315089265107,-0.2101735178780249,-0.22985602979548841,-0.03260196125299741,1.7462918317237228,0.9609982141780985,1.134497824641578,0.8435915212623262,7130,7531,3,Box 4,ARG_org_3aer-ARG_org
2017-07-15 10:54:00,-8.967720031738281,-1.6225479729997394,-7.345172058736686,-8.012459720750433,0.2784503109374051,0.5233869503591848,-0.13454959928284335,-9.395317077636719,0.02012765407562256,0.2388925552368164,1.0908471110925229,-0.037909297251410665,-0.07125591424868588,0.018318100407573687,1.6970511884873185,0.9908520264019627,1.1754077595836376,0.8454851214416874,4205,4266,0,Box 1,ARG_org_3aer-ARG_org
2017-07-15 10:54:00,-7.831779479980469,-2.486241196467185,-5.345538283511745,-6.829267703358478,0.6899180593647782,0.8055063572485501,-0.011694996766595715,-8.40802001953125,0.03330641984939575,0.35760021209716797,1.2775640807630693,-0.1290642817941877,-0.15068760422745933,0.0021878052585777574,1.719387043576911,0.9729955154824995,1.1518928759127747,0.8449540734715278,3637,3768,1,Box 2,ARG_org_3aer-ARG_org
2017-07-15 10:54:00,-5.380260467529297,-1.3651850611292482,-4.0150754063986565,-5.549372352167921,0.6611962741009426,0.82259217528187,0.05050849638645198,-5.746845245361328,0.023435354232788086,0.27757930755615234,1.3821340299920943,-0.16467841999859378,-0.20487589696844535,-0.0125797130250552,1.7655510347614967,0.9667014323475788,1.1469403796889357,0.8414000091279701,3071,3153,2,Box 3,ARG_org_3aer-ARG_org
2017-07-15 10:54:00,-18.696212768554688,-7.655562587589929,-11.040650180963087,-16.662302776684996,2.6573052185861354,2.5627745562720206,0.4015728208637524,-20.399993896484375,0.13483822345733643,1.4048213958740234,1.50917767555167,-0.24068376182844842,-0.2321217060831165,-0.036372207640105014,1.7398179340612767,0.9568023168596634,1.1301088497312,0.8428879413881244,6983,7397,3,Box 4,ARG_org_3aer-ARG_org
2017-07-15 10:56:00,-9.232139587402344,-1.2082907033608241,-8.023848884039532,-8.618004191244818,0.15328476039724673,0.5873068370959031,-0.14643629028786406,-9.682746887207031,0.02109527587890625,0.2501707077026367,1.0740486661441415,-0.019103644972944322,-0.07319515180104301,0.018250130629845818,1.6990362119328157,0.9952971076765451,1.1788102057635281,0.846862135073211,4262,4307,0,Box 1,ARG_org_3aer-ARG_org
2017-07-15 10:56:00,-7.957359313964844,-2.500707555392791,-5.456651758570493,-6.941383857576581,0.7006076470654621,0.8018332744767136,-0.017708822536087156,-8.550849914550781,0.03361028432846069,0.36337852478027344,1.272095813458151,-0.12839515476959884,-0.14694602293747513,0.0032453642489229384,1.7078880918835926,0.9733492648647435,1.150568415786587,0.8463576815870916,3658,3789,1,Box 2,ARG_org_3aer-ARG_org
2017-07-15 10:56:00,-5.303802490234375,-1.6653332161347092,-3.6384692740984277,-5.100355585087916,0.6938436296490914,0.7078438553475519,0.06019882599284489,-5.667881011962891,0.0256006121635437,0.3152627944946289,1.4017860811403244,-0.19069657522970787,-0.19454440920706903,-0.016545096703547535,1.7432558292724003,0.9629036281501826,1.1412839597349675,0.8418593216652956,3087,3183,2,Box 3,ARG_org_3aer-ARG_org
2017-07-15 10:56:00,-18.497421264648438,-7.283705512603042,-11.213715752043676,-17.044487753244958,2.7667776905818333,2.6297585373091894,0.43423577331026003,-20.180419921875,0.12969756126403809,1.33941650390625,1.5199678795263414,-0.24673156978119354,-0.2345126803156145,-0.038723629429533335,1.7413375944420422,0.9559806787111201,1.1293442120436699,0.8425140600401823,6828,7250,3,Box 4,ARG_org_3aer-ARG_org
2017-07-15 10:58:00,-9.382423400878906,-1.339991155113217,-8.042432245763742,-8.663893450687867,0.16748444067177606,0.6010369518284461,-0.14706018757609596,-9.846359252929688,0.02156233787536621,0.2520437240600586,1.0772727933457535,-0.020825098123766796,-0.07473323162219182,0.018285536400205075,1.689254424433224,0.9949452377988044,1.1761268506368812,0.8484637750351555,4348,4398,0,Box 1,ARG_org_3aer-ARG_org
2017-07-15 10:58:00,-8.123992919921875,-2.5239981026625644,-5.5999948172577305,-7.14086514718223,0.709437387393139,0.8473352443332574,-0.01590230180189743,-8.740821838378906,0.03495752811431885,0.3841438293457031,1.275155670711683,-0.12668536499477412,-0.1513100050953601,0.002839699378451327,1.7024957579930164,0.9739147054707875,1.1492308486272136,0.8477839429654552,3706,3838,1,Box 2,ARG_org_3aer-ARG_org
2017-07-15 10:58:00,-5.179325103759766,-1.5102742855748204,-3.669050818183675,-5.183391752976409,0.7187033268310895,0.7351370808180635,0.060500527143580604,-5.527576446533203,0.023003995418548584,0.2993917465209961,1.4127337041198007,-0.19588263080718954,-0.20036165134992198,-0.016489421962689182,1.746945649865741,0.9620626888912629,1.1406847090689463,0.8415794537540976,3031,3123,2,Box 3,ARG_org_3aer-ARG_org
2017-07-15 10:58:00,-18.43946075439453,-6.413167029388429,-12.026293725004253,-17.118958888569484,2.0470736567858427,2.6585709869753837,0.38702051980400276,-20.110336303710938,0.12558341026306152,1.2970561981201172,1.4234608999260434,-0.17021650257300022,-0.2210632009966515,-0.03218119635639166,1.767649643472546,0.9665142566636469,1.1427021000732203,0.8421915601472219,6825,7170,3,Box 4,ARG_org_3aer-ARG_org
2017-07-15 11:00:00,-9.632026672363281,-1.423195389562508,-8.208831282798833,-8.847613041459212,0.17718591723105614,0.6102829311726813,-0.14868708974335848,-10.121490478515625,0.02293992042541504,0.2652435302734375,1.0778164073123189,-0.021584792174050373,-0.07434467954670923,0.018113064408440738,1.6816737979914627,0.9948087616795553,1.1743959263545038,0.8495513232579207,4418,4471,0,Box 1,ARG_org_3aer-ARG_org
2017-07-15 11:00:00,-8.317924499511719,-2.7041403816231258,-5.613784117887052,-7.260833961983136,0.7696258991695851,0.9019419551614332,-0.0245180102349347,-8.964607238769531,0.037725985050201416,0.41858577728271484,1.2933938693595524,-0.13709574201782118,-0.16066559315802675,0.004367465816295574,1.694785990624555,0.9724275784979909,1.1456381287568527,0.8493128513484083,3763,3905,1,Box 2,ARG_org_3aer-ARG_org
2017-07-15 11:00:00,-5.0471649169921875,-1.7472569751868117,-3.29990794180423,-4.744428027435494,0.7066784764321136,0.6791222588035678,0.058719350395582896,-5.376182556152344,0.0191306471824646,0.26526927947998047,1.437745570817794,-0.21415096690416643,-0.20580036497389578,-0.017794238939731755,1.7378669294349958,0.9596765281228774,1.136701670393791,0.842341480291967,2998,3100,2,Box 3,ARG_org_3aer-ARG_org
2017-07-15 11:00:00,-18.53081512451172,-5.564404527675757,-12.96641059683397,-17.51897080745399,1.5007774079062928,2.7037802788740484,0.34800252383967734,-20.209884643554688,0.1244438886642456,1.2834644317626953,1.3511041221948983,-0.11574347400912478,-0.20852187725215449,-0.026838770933619027,1.7900233140270236,0.9753698428546992,1.1544715171020163,0.8416117924502543,6803,7090,3,Box 4,ARG_org_3aer-ARG_org
2017-07-15 11:02:00,-9.821205139160156,-1.543820154001308,-8.277384985156939,-8.944610883478182,0.20001601528218058,0.6180125211422421,-0.15080263810317915,-10.325515747070312,0.024126648902893066,0.27965354919433594,1.0806082959192689,-0.024164155181962736,-0.07466277359944792,0.01821863286214178,1.6774496755891433,0.9942331428791737,1.1729979001388575,0.8500676763292038,4481,4538,0,Box 1,ARG_org_3aer-ARG_org
2017-07-15 11:02:00,-8.363113403320312,-2.8280605488990553,-5.535052854419762,-7.282883908867059,0.809657053712993,0.9727028712126765,-0.034528870478372505,-9.029563903808594,0.03886038064956665,0.4315023422241211,1.3157749529079288,-0.14627810700424995,-0.17573506465000951,0.0062382187463306815,1.690878341865199,0.9712255060332795,1.1423234773592306,0.8509253806954162,3786,3936,1,Box 2,ARG_org_3aer-ARG_org
2017-07-15 11:02:00,-4.950061798095703,-1.541866483495158,-3.40819531459935,-4.790053732699114,0.6368218598061688,0.68702561407899,0.058010944214605314,-5.266391754150391,0.016348659992218018,0.2173929214477539,1.405451651253798,-0.18685016585706746,-0.20158047020839626,-0.017021015188334293,1.7412024055258115,0.963806702979117,1.1405717849243984,0.8431309529145103,2953,3046,2,Box 3,ARG_org_3aer-ARG_org
2017-07-15 11:02:00,-18.65241241455078,-4.791927512216377,-13.860484902332288,-18.2392396688205,1.253365362385924,2.7979794448530506,0.32740995924923794,-20.359832763671875,0.12605679035186768,1.3112163543701172,1.315916419760423,-0.09042723766287726,-0.20186735634207412,-0.023621825755471587,1.8038875835399744,0.9799341432261468,1.1611815785061075,0.8409374481511179,6766,7023,3,Box 4,ARG_org_3aer-ARG_org
2017-07-15 11:04:00,-10.216407775878906,-1.4217019811700349,-8.794705794706868,-9.4436155969718,0.15527794485195148,0.6392079877413425,-0.14557613032836328,-10.761138916015625,0.02638375759124756,0.30667686462402344,1.073784139846438,-0.017655843012441212,-0.07268099725701485,0.016552700423018006,1.6732262237964006,0.9957769884843988,1.1732694603313125,0.8509676295167177,4539,4591,0,Box 1,ARG_org_3aer-ARG_org
2017-07-15 11:04:00,-8.562461853027344,-3.0906598106177547,-5.471802042408145,-7.336893535915354,0.8886758513917095,1.0165812979074154,-0.040165655791915396,-9.258979797363281,0.04172086715698242,0.46457767486572266,1.3408550746266363,-0.16241008803026843,-0.18578546702322166,0.007340480426853757,1.6872122279229573,0.9688178178030301,1.1388691854467734,0.8514964079719294,3852,4017,1,Box 2,ARG_org_3aer-ARG_org
2017-07-15 11:04:00,-5.054107666015625,-2.1163224499788544,-2.9377852160357385,-4.308428636588546,0.6834809233986402,0.6205023219262294,0.06666017522793774,-5.385326385498047,0.015856564044952393,0.2114400863647461,1.4665567152667343,-0.23265176762000753,-0.21121432517913555,-0.02269062246759118,1.7270790598860526,0.9575834257863538,1.1322403782298374,0.8433621004345314,2924,3041,2,Box 3,ARG_org_3aer-ARG_org
2017-07-15 11:04:00,-19.038307189941406,-4.1948442848552165,-14.843462905083902,-19.079866050104222,1.008327163884026,2.9384232961751904,0.28965268496110297,-20.813140869140625,0.1312274932861328,1.379770278930664,1.2854053108839816,-0.06793072279236625,-0.19796076663274964,-0.019513821458865682,1.8232288662482332,0.9842548663442836,1.168535063366675,0.8397419963224978,6738,6973,3,Box 4,ARG_org_3aer-ARG_org
2017-07-15 11:06:00,-10.489494323730469,-2.115858059681798,-8.373636264046796,-9.15134348319387,0.321348606527528,0.5828286545170757,-0.12647004189752967,-11.064208984375,0.027701139450073242,0.32398033142089844,1.0928756868131773,-0.03837623182980571,-0.06960281485112027,0.015103359867748717,1.6590549919762099,0.9911509559487505,1.1669675924107612,0.8513219316477941,4570,4647,0,Box 1,ARG_org_3aer-ARG_org
2017-07-15 11:06:00,-8.849815368652344,-3.239376909211569,-5.610438459439336,-7.638918916183139,0.9753268562728139,1.1019660882843076,-0.04881248781331842,-9.588211059570312,0.04446905851364136,0.4992513656616211,1.3615547111707405,-0.17384146770772718,-0.19641354169571082,0.008700298232697551,1.686449299753533,0.9671863939504186,1.136494099940982,0.8519742012378104,3934,4110,1,Box 2,ARG_org_3aer-ARG_org
2017-07-15 11:06:00,-5.127605438232422,-1.3640869875136041,-3.763518450717483,-5.035290290790367,0.5099564351990107,0.6858576207965837,0.07595778407728972,-5.468437194824219,0.016545414924621582,0.2261676788330078,1.337920979191807,-0.13549991633541528,-0.18223841061967713,-0.02018265223671456,1.7506320204344321,0.9720420236844974,1.1497151178201455,0.8430860960880613,2890,2964,2,Box 3,ARG_org_3aer-ARG_org
2017-07-15 11:06:00,-19.36919403076172,-3.577503807853545,-15.791690222905746,-19.673290665050448,0.5772222408143467,3.0429192191455097,0.26145898218484653,-21.197280883789062,0.13329052925109863,1.3965167999267578,1.2458001890459114,-0.03655227734755647,-0.19269116707543912,-0.016556744622915787,1.8464539642567943,0.9910435994068351,1.1783194021536982,0.8387834414915593,6749,6942,3,Box 4,ARG_org_3aer-ARG_org
2017-07-15 11:08:00,-10.708198547363281,-2.801102223769854,-7.9070963235916825,-8.78132566795832,0.47117439383311255,0.5104704953654086,-0.10741554483188376,-11.2991943359375,0.0275191068649292,0.3196849822998047,1.1105626273652793,-0.059588801571483635,-0.06455852748908146,0.013584701695285764,1.6472699463190716,0.9866987780982792,1.161613228590115,0.851151527616744,4609,4710,0,Box 1,ARG_org_3aer-ARG_org
2017-07-15 11:08:00,-9.266334533691406,-3.8064207321832977,-5.459913801506727,-7.660061836630164,1.1493091776336688,1.0981159962253266,-0.04727713873555872,-10.06488037109375,0.0489276647567749,0.5492734909057617,1.4029638772898356,-0.21049950959234986,-0.20112332101695246,0.0086589533194667,1.6709343237776642,0.9622184542003813,1.1297267678021967,0.8526267564100029,3968,4176,1,Box 2,ARG_org_3aer-ARG_org
2017-07-15 11:08:00,-5.286235809326172,-1.7679921813294612,-3.5182436279954605,-4.845781646818177,0.6571300227136696,0.5891036855148165,0.08130431059423042,-5.646903991699219,0.01829904317855835,0.24989032745361328,1.3773297585929514,-0.1867778619663338,-0.16744255026206406,-0.0231093463645535,1.7157260968322363,0.9640585524306616,1.139566648407936,0.84343663988208,2856,2955,2,Box 3,ARG_org_3aer-ARG_org
2017-07-15 11:08:00,-19.543739318847656,-2.2827884159828593,-17.260950902862163,-20.018337873675776,-0.41514357030799287,2.8609039484090646,0.3116265927125432,-21.405654907226562,0.13367867469787598,1.3878669738769531,1.1597471070007153,0.024051025499363127,-0.1657442839916008,-0.018053848508477605,1.8787270655831125,1.0065601094279966,1.1987086070028534,0.8369605875195925,6782,6883,3,Box 4,ARG_org_3aer-ARG_org
2017-07-15 11:10:00,-11.016517639160156,-2.366388020210876,-8.650129618947412,-9.4342225995996,0.3379528993829911,0.5456686016593653,-0.09952852039016893,-11.639556884765625,0.02802121639251709,0.3214302062988281,1.0906452290535271,-0.039069113905846276,-0.06308213006012328,0.011506014912442436,1.6535292390826202,0.991032787014165,1.1661464882771655,0.8513398768340449,4659,4744,0,Box 1,ARG_org_3aer-ARG_org
2017-07-15 11:10:00,-9.568290710449219,-4.184169916694754,-5.384120793753112,-7.585521084084774,1.2304612974533897,1.0081398944052609,-0.03720090152698956,-10.422721862792969,0.05408388376235962,0.6161670684814453,1.408869038169764,-0.22853523250834631,-0.1872431791602722,0.006909373498854565,1.6601110215272725,0.9597222771950656,1.1274145924323766,0.8519650703199595,3973,4203,1,Box 2,ARG_org_3aer-ARG_org
2017-07-15 11:10:00,-5.375053405761719,-2.2432377835337576,-3.1318156222268425,-4.517576170828721,0.7616181064914139,0.5447871050478204,0.07935533706264408,-5.750591278076172,0.01936471462249756,0.26468658447265625,1.4424783307059912,-0.24318740256805854,-0.17395248340336703,-0.02533844473456562,1.6920817533193935,0.9566327054169951,1.1292353508149475,0.8445459486146851,2791,2913,2,Box 3,ARG_org_3aer-ARG_org
2017-07-15 11:10:00,-19.51091766357422,-2.6094072036662834,-16.901510459905353,-19.63817626604143,-0.28251936533204575,2.6812736281713425,0.3379115432967803,-21.396774291992188,0.1359412670135498,1.4072761535644531,1.1619184162639273,0.01671562822756303,-0.15864106551494317,-0.0199929789765472,1.8744561611234976,1.0045297971001446,1.1975205479106004,0.8358238119730993,6717,6844,3,Box 4,ARG_org_3aer-ARG_org
2017-07-15 11:12:00,-11.13525390625,-2.7726308694079953,-8.3626230368402,-9.192657177523163,0.4053065072085817,0.5200731790378785,-0.09534554556349749,-11.77008056640625,0.027512311935424805,0.3109321594238281,1.0992552381024925,-0.048466432771520206,-0.06219019759072952,0.011401392259757247,1.6484503806490078,0.9890415472673749,1.1636574029805398,0.851412255178285,4684,4783,0,Box 1,ARG_org_3aer-ARG_org
2017-07-15 11:12:00,-9.909423828125,-4.154321689426016,-5.755102138697562,-8.013237141288718,1.2291059851558945,1.0578918542710478,-0.028862836835785638,-10.8145751953125,0.05901539325714111,0.6781215667724609,1.392370968954201,-0.21356805761818395,-0.18381808502715113,0.005015173691134106,1.6600788211559405,0.9618732329458414,1.129012549137966,0.8524783605813029,4008,4236,1,Box 2,ARG_org_3aer-ARG_org
2017-07-15 11:12:00,-5.472770690917969,-1.435024340980622,-4.037746349935894,-5.2485652169454395,0.5511812633360763,0.5530255154670501,0.10661208820641932,-5.859958648681641,0.019963443279266357,0.2786884307861328,1.2998749208277458,-0.13650715413186548,-0.13696390697643263,-0.026403859719447698,1.6943350860710755,0.9726929082277136,1.1447836559377782,0.8466458894450741,2785,2862,2,Box 3,ARG_org_3aer-ARG_org
2017-07-15 11:12:00,-19.627212524414062,-2.5427212346570047,-17.084491289754464,-19.936230045247648,-0.30324619440702766,2.760121804963885,0.39486314493632657,-21.546493530273438,0.13671338558197021,1.409109115600586,1.1669197348125528,0.017749793614802205,-0.16155715485769978,-0.02311237356965526,1.8864940718446357,1.004838973553115,1.1987858780785383,0.834708713820356,6705,6850,3,Box 4,ARG_org_3aer-ARG_org
2017-07-15 11:14:00,-11.454803466796875,-2.2641614007227626,-9.190642066072163,-9.899121226323368,0.24895713502622493,0.5593041459732022,-0.09978212074822272,-12.119552612304688,0.027649998664855957,0.3106060028076172,1.0770870147219203,-0.027088111280632498,-0.06085582943523705,0.010856925993949294,1.6553478522832545,0.9936822477292377,1.1688024910259205,0.8516121777259557,4709,4789,0,Box 1,ARG_org_3aer-ARG_org
2017-07-15 11:14:00,-10.161224365234375,-4.525104839980327,-5.6361195252526795,-7.992771065947876,1.3220470535478202,1.0503334374979758,-0.015728950350599062,-11.1036376953125,0.061636507511138916,0.7113838195800781,1.4181337053155456,-0.23456689440746908,-0.1863575519986665,0.0027907410905899654,1.652583154756359,0.9593063302547324,1.1253288253286573,0.8527485202606514,4031,4279,1,Box 2,ARG_org_3aer-ARG_org
2017-07-15 11:14:00,-5.688777923583984,-1.8579125241451129,-3.830865399437461,-5.248737025637834,0.694923321076494,0.6133693042035324,0.1095790009203465,-6.1146697998046875,0.022649824619293213,0.3117685317993164,1.37011783979896,-0.18140113228163518,-0.1601124655263539,-0.02860424199097089,1.6813791432846803,0.9661868825084743,1.1347541070540106,0.8483771256948607,2710,2805,2,Box 3,ARG_org_3aer-ARG_org
2017-07-15 11:14:00,-19.81273651123047,-2.8022471611976303,-17.010489350030266,-19.888916755300603,-0.32805783418926077,2.8118179792114892,0.3946672602481097,-21.776504516601562,0.13935554027557373,1.4238471984863281,1.1692148500869093,0.019285620033539896,-0.1652990646742615,-0.02320140544618768,1.897859186809468,1.005298219429748,1.2004130976761034,0.8339184906792082,6712,6877,3,Box 4,ARG_org_3aer-ARG_org
2017-07-15 11:16:00,-11.596328735351562,-2.906172068783543,-8.690156666566184,-9.543452952646645,0.411324037344766,0.5412430443882783,-0.09927079565258254,-12.264663696289062,0.026314496994018555,0.2992134094238281,1.0981911280568009,-0.04733217744246906,-0.06228231148819373,0.011423360873861928,1.6476310346945366,0.9892969131563792,1.1636527023190713,0.8516383224896196,4706,4807,0,Box 1,ARG_org_3aer-ARG_org
2017-07-15 11:16:00,-10.530548095703125,-4.286941909797032,-6.243606185904592,-8.485973286900778,1.1908861309474643,1.0568913674162128,-0.005410397367490183,-11.530967712402344,0.06713175773620605,0.7796926498413086,1.3591461463502452,-0.19073690676327068,-0.16927578965537965,0.0008665500684051086,1.6560690803874225,0.9652231325951102,1.1316950892549298,0.8529917869351645,4075,4310,1,Box 2,ARG_org_3aer-ARG_org
2017-07-15 11:16:00,-5.876560211181641,-2.2059087739748517,-3.6706514372054424,-5.280543853477118,0.8836942855030199,0.6134293991070682,0.11276873166158732,-6.339313507080078,0.024917006492614746,0.34572839736938477,1.4385849334409497,-0.2407459004540617,-0.1671173113549804,-0.030721721631907645,1.657091159600688,0.9586195642211577,1.1241508010257566,0.8496895859686534,2689,2804,2,Box 3,ARG_org_3aer-ARG_org
2017-07-15 11:16:00,-20.222549438476562,-3.1132214461720062,-17.109327992302017,-19.899215737703546,-0.3540016384335064,2.754841897794284,0.38904748604075057,-22.257827758789062,0.14300334453582764,1.4648284912109375,1.1630623801622588,0.020690563568176494,-0.16101403275650378,-0.022738910973931548,1.904186907664568,1.0057452234037716,1.2027204107332248,0.8327227694257243,6743,6933,3,Box 4,ARG_org_3aer-ARG_org
2017-07-15 11:18:00,-11.776077270507812,-2.951408397672247,-8.824668872833712,-9.710149564920703,0.40588758657116036,0.5836917264540301,-0.10409862093819819,-12.455520629882812,0.025140762329101562,0.287811279296875,1.1003415204408291,-0.04599465344480679,-0.06614318733826886,0.011796320342246543,1.648106844935894,0.9896120359095719,1.163409838369948,0.8521335035898197,4738,4840,0,Box 1,ARG_org_3aer-ARG_org
2017-07-15 11:18:00,-10.871955871582031,-3.9183056512129983,-6.953650220367391,-9.131225946080486,1.0536989949307347,1.1409094096393422,-0.017032678856981107,-11.935813903808594,0.07346129417419434,0.8611030578613281,1.313155775269646,-0.15153177993400183,-0.1640734540109012,0.0024494586752569214,1.6636199879911935,0.9710592176843956,1.1379225276014244,0.8536315645844725,4112,4329,1,Box 2,ARG_org_3aer-ARG_org
2017-07-15 11:18:00,-5.994346618652344,-2.4918074648476027,-3.5025391538034474,-5.221932669851447,0.99224617875203,0.6264306618267366,0.100716675469233,-6.478816986083984,0.02521425485610962,0.35169458389282227,1.4908991564536518,-0.28329338664909387,-0.1788504380162284,-0.028755331788329508,1.6452484449305973,0.9537979254893435,1.1177502115381994,0.850592292563574,2651,2777,2,Box 3,ARG_org_3aer-ARG_org
2017-07-15 11:18:00,-20.667991638183594,-3.9380599569767156,-16.729931681204434,-19.822432718598158,-0.09274703218847122,2.811308521061864,0.3739395485203319,-22.795364379882812,0.14777708053588867,1.5287837982177734,1.1848483960557983,0.005543778298429614,-0.1680406456303873,-0.022351528723840608,1.90501381559537,1.001508885214561,1.1987916940570058,0.8320530918849609,6789,7033,3,Box 4,ARG_org_3aer-ARG_org
2017-07-15 11:20:00,-12.005157470703125,-2.4559808175580513,-9.549176653143109,-10.301823929908643,0.2441512160735143,0.6182504004007735,-0.10975433970875263,-12.705535888671875,0.02471745014190674,0.286102294921875,1.078818028412722,-0.025567776672468616,-0.06474384366921064,0.011493591928957249,1.6551957234683445,0.994046399249776,1.1684768218689734,0.8522436073639734,4812,4897,0,Box 1,ARG_org_3aer-ARG_org
2017-07-15 11:20:00,-11.020317077636719,-4.527017914381028,-6.493299163254151,-8.845565982832271,1.2637158721474528,1.113410311351425,-0.024859363920757743,-12.116462707519531,0.07723355293273926,0.9051914215087891,1.3622606567844118,-0.19461845825599308,-0.1714706628107111,0.0038284642822924153,1.65056411310337,0.9648372150487465,1.1304536354412829,0.8538963710419358,4090,4342,1,Box 2,ARG_org_3aer-ARG_org
2017-07-15 11:20:00,-6.096321105957031,-3.009506811734667,-3.0868142942212002,-4.937260218038604,1.12717207299128,0.6299070388607532,0.09336681196537064,-6.594154357910156,0.025795936584472656,0.35590553283691406,1.5994678485458644,-0.3651570731357081,-0.20406379484505985,-0.030246980565096476,1.63451541183775,0.9454569076529465,1.1078241710775911,0.8507966948722125,2580,2727,2,Box 3,ARG_org_3aer-ARG_org
2017-07-15 11:20:00,-21.047088623046875,-3.7147118206636325,-17.332376802380765,-19.857467666312264,-0.41892077622388463,2.5597640437284133,0.38424759642696976,-23.2432861328125,0.14957571029663086,1.5530338287353516,1.1456863586986323,0.024169840120619922,-0.14768684485193084,-0.02216935396732142,1.9051818661065312,1.0068222936827294,1.2062754857674423,0.8311907567262432,6930,7157,3,Box 4,ARG_org_3aer-ARG_org
2017-07-15 11:22:00,-12.424407958984375,-2.48390675121752,-9.940501207764871,-10.742835121420944,0.2215213435244925,0.6943195477571603,-0.11350697762557986,-13.165863037109375,0.027785658836364746,0.3278045654296875,1.0807136277021265,-0.022284725779365577,-0.06984753919800374,0.011418637275242782,1.6619717764320237,0.9947760672898092,1.169630684125325,0.8520274745099004,4908,4994,0,Box 1,ARG_org_3aer-ARG_org
2017-07-15 11:22:00,-11.290679931640625,-4.411737432135658,-6.878942499503375,-9.214094199302526,1.1653089771637661,1.182337273993222,-0.012494551357837166,-12.432769775390625,0.08111584186553955,0.9517707824707031,1.3394637620488523,-0.16940234305605775,-0.17187776668849622,0.0018163476957016589,1.6597891458948766,0.9684672162595983,1.1343875375886832,0.8539313208122876,4171,4419,1,Box 2,ARG_org_3aer-ARG_org
2017-07-15 11:22:00,-6.142112731933594,-2.3684324415832245,-3.773680290348934,-5.484919885228932,0.9690005267869377,0.6496348102088579,0.09260425788420167,-6.644527435302734,0.024764716625213623,0.34537363052368164,1.4534670303831614,-0.25677864901940034,-0.1721488733081809,-0.02453950805558014,1.6509374890188446,0.9566810403921936,1.1218469826932709,0.8503705207593137,2555,2668,2,Box 3,ARG_org_3aer-ARG_org
2017-07-15 11:22:00,-21.46429443359375,-4.261033628981522,-17.20326080460983,-19.612012382370775,-0.4359742748310234,2.4521574327896043,0.3925684198023651,-23.733810424804688,0.15389716625213623,1.6078548431396484,1.1400171516969324,0.025342537079609852,-0.14254026958264318,-0.02281941919389907,1.9072386099961807,1.007202271327012,1.2077819678041821,0.8303424177657672,7027,7267,3,Box 4,ARG_org_3aer-ARG_org
2017-07-15 11:24:00,-12.775665283203125,-3.07372026593364,-9.701945017267573,-10.729004150858069,0.35590916790424143,0.7818994627836541,-0.1107494970973999,-13.563522338867188,0.030758023262023926,0.3661365509033203,1.1058611579185957,-0.03668431095731757,-0.08059203194741109,0.01141518498613292,1.6594515147164581,0.9916344353164247,1.1649375587406094,0.8527187429918994,4982,5089,0,Box 1,ARG_org_3aer-ARG_org
2017-07-15 11:24:00,-11.564094543457031,-4.699444254258061,-6.864650289197413,-9.222406682509027,1.2140754045261788,1.1547257077353714,-0.0110447189499372,-12.755722045898438,0.08493685722351074,1.007802963256836,1.3434634386287538,-0.1768590319067985,-0.16821333339478495,0.001608926672829608,1.652632983059844,0.967473729850793,1.1327467520978138,0.8542666486494066,4198,4462,1,Box 2,ARG_org_3aer-ARG_org
2017-07-15 11:24:00,-6.2487030029296875,-3.001904118034888,-3.2467988848935656,-5.144694866366549,1.158863595722725,0.6711170923653944,0.06791529338486335,-6.7667388916015625,0.025165021419525146,0.36044883728027344,1.5845437456269171,-0.3569249703499002,-0.20670115894394073,-0.020917616333076233,1.642536158717859,0.9456429487113364,1.1100356001141614,0.8500450469958143,2524,2666,2,Box 3,ARG_org_3aer-ARG_org
2017-07-15 11:24:00,-21.957015991210938,-3.7792818434118183,-18.177734147796624,-20.155532699717373,-0.7010630506718504,2.2717142599202456,0.40714734267235386,-24.311370849609375,0.15940427780151367,1.667215347290039,1.108803359969949,0.03856713080804013,-0.12497235582002429,-0.02239813495796479,1.9063637023185325,1.0112840344519418,1.2140503141613397,0.8293726708751334,7143,7365,3,Box 4,ARG_org_3aer-ARG_org
2017-07-15 11:26:00,-12.976486206054688,-3.105106475949309,-9.871379730103486,-10.967727181759429,0.34942916995473394,0.8714086017006232,-0.12449031999941383,-13.7904052734375,0.03115391731262207,0.37313270568847656,1.1110632436023662,-0.03539820972433311,-0.08827627196259097,0.012611238084557885,1.6600071842152333,0.9919588912208458,1.1642220894707767,0.8536712057852913,5035,5143,0,Box 1,ARG_org_3aer-ARG_org
2017-07-15 11:26:00,-11.733268737792969,-5.264738579131593,-6.4685301586599175,-8.904899658362437,1.3439490998494452,1.10683963629998,-0.014419236446905341,-12.954193115234375,0.08772397041320801,1.0425300598144531,1.3766496313603431,-0.20776730831968024,-0.17111145950493387,0.0022291364642709754,1.640035017398801,0.9633562568140902,1.1272576498473537,0.8548298873488175,4230,4527,1,Box 2,ARG_org_3aer-ARG_org
2017-07-15 11:26:00,-6.263641357421875,-1.715035439207139,-4.548605918213018,-5.969594338819686,0.6668977366777971,0.6786297133279563,0.07546097060091506,-6.780509948730469,0.024565160274505615,0.34096384048461914,1.3124008643872414,-0.14661585300398963,-0.1491950996701348,-0.01658991171311691,1.678189164331121,0.9714956579466484,1.1405301421517562,0.849936930785499,2568,2649,2,Box 3,ARG_org_3aer-ARG_org
2017-07-15 11:26:00,-22.18962860107422,-3.8362748849321635,-18.35335371613957,-20.15366624469088,-0.6153163133402432,1.9320866926169,0.4835421492746539,-24.57623291015625,0.1604292392730713,1.6556720733642578,1.0980917469578408,0.03352609680263212,-0.10527158809770347,-0.026346255662769505,1.8887372895521706,1.0097548068583415,1.2129245396693578,0.8282728775768672,7186,7419,3,Box 4,ARG_org_3aer-ARG_org
2017-07-15 11:28:00,-13.260452270507812,-3.108142104939464,-10.152310165566432,-11.270543230509354,0.3270994899783363,0.9306164020609035,-0.13948282709631685,-14.102752685546875,0.032183170318603516,0.3860607147216797,1.1101456758813015,-0.03221921756170915,-0.0916654817360952,0.013739023416502821,1.6619524719397336,0.9926554855181559,1.1647779432396854,0.8540150513510609,5108,5216,0,Box 1,ARG_org_3aer-ARG_org
2017-07-15 11:28:00,-11.823402404785156,-5.37487652258878,-6.4485258821949545,-8.783526930546616,1.251617638506047,1.1042909632535638,-0.020907553407948424,-13.067268371582031,0.09047627449035645,1.0811948776245117,1.3620984223384822,-0.1940936054799582,-0.1712470390019873,0.003242222143463258,1.6406354616273573,0.965341142435123,1.1288022219691245,0.8555266827958822,4300,4606,1,Box 2,ARG_org_3aer-ARG_org
2017-07-15 11:28:00,-6.335231781005859,-1.5492877267434448,-4.785944054260636,-6.087890109612031,0.5740703443367726,0.6646043216926977,0.06327138932192503,-6.854999542236328,0.024523138999938965,0.3178400993347168,1.2720353686943648,-0.11994923840066885,-0.13886587769471329,-0.013220252598982712,1.6764080632058251,0.9759348378889284,1.1449804927470664,0.8508351201926662,2590,2663,2,Box 3,ARG_org_3aer-ARG_org
2017-07-15 11:28:00,-22.369598388671875,-3.3862489252680814,-18.983349463401268,-20.306861173946917,-0.912584560682717,1.6624118053106467,0.5736844659177182,-24.774307250976562,0.15848839282989502,1.6253414154052734,1.0697196094449664,0.04807289474611021,-0.08757210146268837,-0.03022040272838819,1.8862314194383938,1.0143610856902996,1.2186461935715251,0.827407944988205,7316,7513,3,Box 4,ARG_org_3aer-ARG_org
2017-07-15 11:30:00,-13.677688598632812,-2.9255758036022557,-10.752112795028564,-11.839060528250341,0.22920993847391816,0.9878294121568534,-0.13009161740899466,-14.57415771484375,0.03563535213470459,0.4267578125,1.1010915486046935,-0.021317664987656897,-0.09187305146329885,0.012099167846262263,1.6651648387532045,0.995075974142528,1.1669217252772444,0.8543300139733222,5192,5294,0,Box 1,ARG_org_3aer-ARG_org
2017-07-15 11:30:00,-11.739448547363281,-5.7742876202705355,-5.9651609270914685,-8.290947613685434,1.2672549572438043,1.073530561077198,-0.014998831727036801,-12.986015319824219,0.09174227714538574,1.0918159484863281,1.3898950447474328,-0.21244271072192192,-0.17996673923776887,0.002514405212258042,1.6367461074317784,0.9630452406647324,1.125429615503305,0.8559677161647771,4335,4670,1,Box 2,ARG_org_3aer-ARG_org
2017-07-15 11:30:00,-6.314426422119141,-1.0836423767556467,-5.230784045361596,-6.141582804228127,0.2633938368694335,0.5695395105460294,0.07786541145106808,-6.829975128173828,0.021563231945037842,0.29129505157470703,1.1741227989853993,-0.05035456149312804,-0.10888224511028498,-0.014885992381986277,1.6807540530680103,0.9889273898806008,1.158832344019314,0.8515120280830507,2660,2712,2,Box 3,ARG_org_3aer-ARG_org
2017-07-15 11:30:00,-22.47943115234375,-3.634553103331596,-18.844878049009672,-20.146329485887243,-0.7733541200290204,1.4045837497607114,0.67022180714588,-24.892120361328125,0.15692102909088135,1.592813491821289,1.0690612819829823,0.0410378946479657,-0.07453397926523193,-0.0355651973657161,1.8742338451716059,1.0121302910679106,1.2163721274363857,0.8263129465104196,7367,7575,3,Box 4,ARG_org_3aer-ARG_org
2017-07-15 11:32:00,-13.974639892578125,-3.7525393969735505,-10.222100495602705,-11.470461210371132,0.4178540161948574,0.9353800497353003,-0.10487335116173066,-14.907958984375,0.03646981716156006,0.43494415283203125,1.122123698089785,-0.040877510094388905,-0.0915056597357537,0.010259471740357531,1.6532013649490258,0.9908851914628662,1.1610607078027881,0.854739525250916,5247,5378,0,Box 1,ARG_org_3aer-ARG_org
2017-07-15 11:32:00,-11.862770080566406,-6.241061008532572,-5.621709072032648,-7.972981297400409,1.320821628687053,1.030473499489773,-2.2902809065175934e-05,-13.128456115722656,0.09296607971191406,1.099381446838379,1.4182486491634845,-0.23495019250604549,-0.1833025306514454,4.073994006398296e-06,1.6287878003029395,0.9603975194713499,1.1214886090445586,0.8563599847014722,4393,4759,1,Box 2,ARG_org_3aer-ARG_org
2017-07-15 11:32:00,-6.274990081787109,-1.0729061631795012,-5.202083918605769,-6.08277576722358,0.2145677065689613,0.573857756515849,0.09226638553300028,-6.779605865478516,0.020244240760803223,0.27173900604248047,1.1692959710757316,-0.04124649081525552,-0.11031305251793226,-0.01773642774254379,1.6863771708512014,0.9908253912147043,1.1606422986251648,0.851434443696132,2711,2763,2,Box 3,ARG_org_3aer-ARG_org
2017-07-15 11:32:00,-22.581100463867188,-3.3272361036398146,-19.253864360224892,-20.28932557784747,-0.8905483556610394,1.1835283180324572,0.7424812552511605,-24.996475219726562,0.1540687084197998,1.5455780029296875,1.053779397125164,0.04625296714465051,-0.06146965076150735,-0.03856271350830728,1.8635054709453855,1.0137543685873125,1.217619147162495,0.8262732930958834,7445,7637,3,Box 4,ARG_org_3aer-ARG_org
2017-07-15 11:34:00,-14.26904296875,-2.4281248923147754,-11.840918076433113,-12.698545294376322,-0.046146303089894085,1.005830076967261,-0.1020565559341581,-15.225387573242188,0.03609621524810791,0.42224884033203125,1.0724291150742895,0.003897189626008706,-0.08494527793154458,0.008618973231246357,1.6670262903424689,1.0009289891853266,1.1721531028799304,0.8550932934396572,5360,5445,0,Box 1,ARG_org_3aer-ARG_org
2017-07-15 11:34:00,-11.846504211425781,-6.197573181246586,-5.648931030178015,-7.840393260710255,1.1835974514299388,0.9882199586097042,0.019644820492597272,-13.112106323242188,0.09149610996246338,1.067915916442871,1.387942819415726,-0.20952591651533053,-0.17493928556223892,-0.003477617338156491,1.6268844965923224,0.9639325311221546,1.1239841557835224,0.8572547959384369,4433,4797,1,Box 2,ARG_org_3aer-ARG_org
2017-07-15 11:34:00,-6.239830017089844,-0.4292244317872657,-5.810605585300573,-6.464171213886708,-0.056395643225635915,0.584418977246658,0.12554229456511257,-6.73638916015625,0.0179368257522583,0.24786949157714844,1.1124780574058404,0.009705639523753471,-0.10057798084335592,-0.02160571608623793,1.699345289234744,1.0023156880570807,1.1721942932229346,0.8521462543478593,2786,2807,2,Box 3,ARG_org_3aer-ARG_org
2017-07-15 11:34:00,-22.742469787597656,-2.572371535439376,-20.170098252155736,-21.02877228084842,-1.2124778453781402,1.2663241340032472,0.8048277400675743,-25.174468994140625,0.15283703804016113,1.5073318481445312,1.0425716334128867,0.06011263952313932,-0.06278224915775535,-0.03990202377827069,1.8745948900144047,1.0182810320628577,1.2225160604243308,0.8262880021415975,7572,7725,3,Box 4,ARG_org_3aer-ARG_org
2017-07-15 11:36:00,-14.594512939453125,-2.3920058542897964,-12.202507085161187,-12.979319170033296,-0.1339042300408252,0.982313769574999,-0.07159745466206556,-15.583786010742188,0.03604781627655029,0.41010284423828125,1.06366003965011,0.010973501519508145,-0.08050097924298999,0.005867438073371936,1.6626371120386474,1.002625982167494,1.1727197740737443,0.8557574714797118,5453,5537,0,Box 1,ARG_org_3aer-ARG_org
2017-07-15 11:36:00,-12.116409301757812,-6.054564792749478,-6.06184450900709,-8.261344091419039,1.106682731817174,1.0784398707033898,0.014376979891385722,-13.422988891601562,0.09558570384979248,1.1031484603881836,1.3628432862545035,-0.18256534461957766,-0.17790622459896036,-0.0023717170359654483,1.6335366477551878,0.9676642951729879,1.1275309935788556,0.8579709713404357,4504,4862,1,Box 2,ARG_org_3aer-ARG_org
2017-07-15 11:36:00,-6.187427520751953,-0.095111772646886,-6.092315748103007,-6.540731490107942,-0.23743829464109278,0.5449248192996919,0.14092921734633584,-6.666557312011719,0.014686286449432373,0.19817638397216797,1.0736034966908208,0.03897340591958404,-0.08944461216892242,-0.023132290441482392,1.7011694818843,1.0096904311558614,1.1793499888169494,0.8528806734941843,2840,2844,2,Box 3,ARG_org_3aer-ARG_org
2017-07-15 11:36:00,-23.004043579101562,-1.8928997945805595,-21.111143784518365,-21.631441497760413,-1.5522755539281594,1.2250436385847936,0.8475296285854141,-25.451950073242188,0.14946699142456055,1.441659927368164,1.0246456430098119,0.07352872822866681,-0.05802829307065619,-0.04014607816782249,1.8816150255984418,1.022940056494169,1.2283133596197844,0.8259534975519357,7668,7788,3,Box 4,ARG_org_3aer-ARG_org
2017-07-15 11:38:00,-14.856475830078125,-2.216110633168875,-12.640365196907098,-13.35712543772386,-0.2568379817125366,1.041566212412559,-0.06796798988325994,-15.876937866210938,0.036429405212402344,0.40532875061035156,1.0567040769512057,0.020318873522371085,-0.08240000950822325,0.005377059034646456,1.6604695724229852,1.0048873038796153,1.1734673684339243,0.8570771003861873,5525,5603,0,Box 1,ARG_org_3aer-ARG_org
2017-07-15 11:38:00,-12.259254455566406,-6.801420329395144,-5.4578341261701455,-7.888684513095656,1.358990699590892,1.0733447787574601,-0.0014850914228411768,-13.60467529296875,0.09903621673583984,1.14447021484375,1.4453873699220097,-0.24899816816978254,-0.19666130445606714,0.00027210270384001034,1.6177706772108535,0.9594113341600806,1.1173266416918057,0.8586927585289805,4510,4920,1,Box 2,ARG_org_3aer-ARG_org
2017-07-15 11:38:00,-6.129600524902344,-0.7062888466173731,-5.423311678283177,-6.131735298092584,0.09391983281874083,0.47850652534977745,0.1359972616408888,-6.589347839355469,0.011837601661682129,0.15462398529052734,1.1306256512319182,-0.017317801076200075,-0.08823142643006923,-0.02507642372564886,1.6705127828282968,0.996077898831946,1.1633249113800328,0.8529915501762233,2878,2913,2,Box 3,ARG_org_3aer-ARG_org
2017-07-15 11:38:00,-23.551803588867188,-1.2945617026674965,-22.257241886196983,-22.17619281080939,-2.055704082867784,1.1340087443857805,0.8406462630944105,-26.05328369140625,0.15048456192016602,1.4357662200927734,0.9963585301448399,0.09236113321582072,-0.05095010200203852,-0.037769561358622084,1.8851105817478155,1.0298208541413596,1.2362729745257717,0.8263579072458097,7857,7934,3,Box 4,ARG_org_3aer-ARG_org
2017-07-15 11:40:00,-15.32659912109375,-2.5362336161368098,-12.790365504954805,-13.666237684997459,-0.19236287590556814,1.1470026242178253,-0.07876756826960371,-16.401947021484375,0.039260029792785645,0.43651390075683594,1.0684790579052141,0.015039669963383729,-0.08967707949968223,0.006158351631084372,1.6588172988256231,1.0035682601290439,1.1710367898979437,0.8578249223130092,5629,5719,0,Box 1,ARG_org_3aer-ARG_org
2017-07-15 11:40:00,-12.522964477539062,-7.07744723977937,-5.445517237758597,-8.043752489083197,1.4803386886908587,1.1282682816251315,-0.010371718991391492,-13.919204711914062,0.10346877574920654,1.1959915161132812,1.4771328668852117,-0.27184537740994713,-0.2071921237897931,0.0019046343145285027,1.6132903835683852,0.9569444420373622,1.1139684975578596,0.8592174542227784,4579,5015,1,Box 2,ARG_org_3aer-ARG_org
2017-07-15 11:40:00,-6.2383880615234375,-0.28136584824626165,-5.957022213275264,-6.692778622914431,-0.008199942857443108,0.6088684616163533,0.13508789088025588,-6.7015838623046875,0.011158645153045654,0.13490676879882812,1.1235107715394326,0.0013765170858637188,-0.10221020500133202,-0.02267708362396427,1.681996910954153,1.000318589620301,1.16680924145277,0.8543171369178129,2969,2983,2,Box 3,ARG_org_3aer-ARG_org
2017-07-15 11:40:00,-23.7763671875,-1.9206282588152115,-21.855738928682168,-21.738311205299215,-1.8464501360789953,0.840878009158499,0.8881444035375442,-26.299636840820312,0.14679527282714844,1.377838134765625,0.9946271446705082,0.08448353734935149,-0.038474014166365283,-0.040636667853494374,1.86519457515787,1.026827856063139,1.232335201503685,0.8261936814747868,7881,7993,3,Box 4,ARG_org_3aer-ARG_org
2017-07-15 11:42:00,-15.710433959960938,-2.5852826326878438,-13.125151327270968,-14.06107373534474,-0.21293723478824883,1.2134970076580893,-0.0646373647960684,-16.836929321289062,0.04200851917266846,0.4680805206298828,1.0713075517940236,0.016223602263984224,-0.09245584888127947,0.0049246948232716525,1.6561254634702853,1.0038271679526027,1.169957375485427,0.8586667032456917,5756,5849,0,Box 1,ARG_org_3aer-ARG_org
2017-07-15 11:42:00,-12.864997863769531,-6.94826172932729,-5.916736134441095,-8.484598638431263,1.4176438409380392,1.1530547234227224,-0.002836060370593522,-14.321609497070312,0.10917246341705322,1.2659215927124023,1.4339998346457836,-0.23959896279402906,-0.1948802003710855,0.00047932851933094045,1.613813703472022,0.9608054826476892,1.1176749901573628,0.8596924222177271,4735,5172,1,Box 2,ARG_org_3aer-ARG_org
2017-07-15 11:42:00,-6.262092590332031,0.2995281113806761,-6.561620701710669,-7.292718664681094,-0.14035442488022679,0.7501929542117779,0.12125943363887405,-6.72137451171875,0.00914919376373291,0.09716796875,1.1114203329033971,0.021390206971828658,-0.11433043577422822,-0.018480104100997596,1.6993070399921049,1.005115306006634,1.172363630064368,0.8548251091036304,3063,3048,2,Box 3,ARG_org_3aer-ARG_org
2017-07-15 11:42:00,-24.130348205566406,-1.7630166589193772,-22.367331546644373,-21.784574972732234,-2.0419936622127373,0.5488801177511281,0.9103569705494712,-26.698593139648438,0.1467733383178711,1.3635330200195312,0.9739460841496953,0.09129357509430241,-0.024539365216923834,-0.04070029402707388,1.8532736617284689,1.0293374140534726,1.2351007656568458,0.8262720331968981,7952,8059,3,Box 4,ARG_org_3aer-ARG_org
2017-07-15 11:44:00,-16.127487182617188,-2.3166083666269177,-13.81087881598805,-14.749380139447993,-0.3664588596791759,1.363170789003463,-0.05821060586434413,-17.312484741210938,0.044837355613708496,0.49883270263671875,1.0679537729614639,0.026534072491820566,-0.09870268265806514,0.004214837204780705,1.6578736739226065,1.0062999611623762,1.1709197582894948,0.8599815860670597,5860,5944,0,Box 1,ARG_org_3aer-ARG_org
2017-07-15 11:44:00,-13.269973754882812,-6.887683761396443,-6.382289993485214,-8.875699339464349,1.382495018540459,1.071596329661959,0.039317997776717635,-14.798042297363281,0.11573386192321777,1.3450117111206055,1.3906762852399857,-0.2166142591376535,-0.1679015417280947,-0.0061604843742374404,1.6043225797754626,0.96385498232533,1.1199707532092804,0.8600067856773372,4956,5404,1,Box 2,ARG_org_3aer-ARG_org
2017-07-15 11:44:00,-6.538852691650391,0.9183753693399102,-7.457228060988073,-7.934477920424127,-0.4432264004950841,0.7962121188283986,0.1242641411027403,-7.029441833496094,0.00746917724609375,0.06781864166259766,1.0639982920641453,0.05943581138597459,-0.10677052013384468,-0.016663583316275224,1.7077731729780248,1.0150603639784739,1.1825420466370038,0.8559766009684076,3175,3127,2,Box 3,ARG_org_3aer-ARG_org
2017-07-15 11:44:00,-24.741172790527344,-1.313351704549354,-23.42782108597525,-22.36419990464972,-2.442925981135835,0.4037880145883211,0.975516785221983,-27.39385986328125,0.15039753913879395,1.4155921936035156,0.9546000809284713,0.10427457048484376,-0.017235406276431033,-0.04163924513688399,1.8532443939596808,1.0342693382588735,1.2403905364919352,0.8263794384083593,8037,8115,3,Box 4,ARG_org_3aer-ARG_org
2017-07-15 11:46:00,-16.479202270507812,-2.314060030654797,-14.165142239850791,-15.11192806887384,-0.44401504774021455,1.4408278494116287,-0.0500269726483646,-17.705062866210938,0.04592931270599365,0.5063819885253906,1.066839133204004,0.03134561165867203,-0.10171644061279865,0.0035316957501227014,1.6612311238634625,1.0074843567970226,1.1718533275415288,0.8602175395017732,5942,6026,0,Box 1,ARG_org_3aer-ARG_org
2017-07-15 11:46:00,-13.785377502441406,-7.005798977474352,-6.779578524965877,-9.325637952403657,1.425586451931052,1.0312263052107997,0.0892466702959274,-15.40057373046875,0.1243966817855835,1.444106101989746,1.3755483350568012,-0.2102765602140772,-0.1521077307996798,-0.013164044043044193,1.5960065948639262,0.9648977716458113,1.1199558641270584,0.8602659082270466,5158,5625,1,Box 2,ARG_org_3aer-ARG_org
2017-07-15 11:46:00,-6.747646331787109,1.4729618875066925,-8.220608219291421,-8.481347877259507,-0.7291667683779247,0.8671186995231432,0.12278772682286823,-7.26495361328125,0.004497647285461426,0.024781227111816406,1.0317178061540757,0.08869985637641488,-0.105481088064538,-0.01493657446595259,1.722960620602295,1.0236621565136432,1.1921672905055525,0.8564050706993458,3292,3215,2,Box 3,ARG_org_3aer-ARG_org
2017-07-15 11:46:00,-25.117767333984375,-1.3202544134578025,-23.79751292052383,-22.700254529793618,-2.5465101381041455,0.4287610889859479,1.0204906583879867,-27.82598876953125,0.15185117721557617,1.4363136291503906,0.9538918880138985,0.10700740647178907,-0.018017054572798192,-0.042882239912889336,1.85217817821149,1.0351762517020238,1.2403394775309273,0.8269181121819662,8092,8168,3,Box 4,ARG_org_3aer-ARG_org
2017-07-15 11:48:00,-16.733734130859375,-2.9346862219420564,-13.799047908915202,-14.957869037920505,-0.2656673887640839,1.4489326155166402,-0.024444097747254173,-17.994171142578125,0.04652702808380127,0.5099468231201172,1.0839783394227234,0.019252588332014063,-0.10500236140063858,0.001771433645901141,1.6538077108144764,1.0044776109525655,1.167309864783326,0.8607422502754438,6012,6119,0,Box 1,ARG_org_3aer-ARG_org
2017-07-15 11:48:00,-14.3209228515625,-7.311473718126618,-7.009449133434713,-9.62693067345772,1.5414880979919152,0.9532375493150764,0.12275589271601484,-16.029747009277344,0.13397693634033203,1.5549354553222656,1.3734218610044195,-0.21991572642122417,-0.1359932187492712,-0.01751291583392417,1.5863976400653224,0.9637286310863405,1.118511792513194,0.8599285264948907,5356,5855,1,Box 2,ARG_org_3aer-ARG_org
2017-07-15 11:48:00,-7.389118194580078,2.5233880519740977,-9.912506246551416,-9.408285380111023,-1.4662333634527325,0.8327229497686311,0.12928954724370734,-7.9973907470703125,0.008157670497894287,0.0552215576171875,0.9491328576346861,0.14791752226767457,-0.08400730643255205,-0.013043073469808653,1.7471071480288651,1.0444367223041116,1.2164718956296448,0.856386989427232,3435,3303,2,Box 3,ARG_org_3aer-ARG_org
2017-07-15 11:48:00,-25.610305786132812,-0.5724710643970221,-25.03783472173294,-24.040383436195,-2.965129128081719,0.918831072102314,1.0488467704414668,-28.366943359375,0.1513841152191162,1.4171142578125,0.960162238603159,0.11842594062289162,-0.03669770498583749,-0.041890474240213096,1.8757898172056615,1.039554352652687,1.2440550204763212,0.8280083904391703,8174,8206,3,Box 4,ARG_org_3aer-ARG_org
2017-07-15 11:50:00,-17.10260009765625,-4.362184147349286,-12.74041595030503,-14.307429309979335,0.14786831530868824,1.4189441826668554,0.0002008616987624814,-18.409591674804688,0.048546791076660156,0.5321025848388672,1.1229954630827252,-0.011606239222130577,-0.11137345815093919,-1.576570965547419e-05,1.6412747648800292,0.9974428991284315,1.1584338152829818,0.8610250954823551,6111,6271,0,Box 1,ARG_org_3aer-ARG_org
2017-07-15 11:50:00,-15.043991088867188,-8.212715902510382,-6.831275186355714,-9.915263758351134,1.9737195689542442,0.9638543022011407,0.146414700840035,-16.875938415527344,0.1466052532196045,1.7046356201171875,1.4514513744308166,-0.2889240317673641,-0.1410943456247045,-0.021432997038748042,1.5738586815658013,0.9558640496800256,1.1097731213245703,0.85939420617757,5549,6123,1,Box 2,ARG_org_3aer-ARG_org
2017-07-15 11:50:00,-7.691890716552734,2.4499923423874357,-10.141883058937493,-9.56504612531542,-1.4635145481322007,0.7363221745451854,0.15035543996494297,-8.339622497558594,0.009839236736297607,0.059523582458496094,0.9431232907863459,0.144304025162515,-0.07260211641824292,-0.014825199530618019,1.7308964818300552,1.042866020427831,1.2139854573785909,0.8565772804975678,3608,3476,2,Box 3,ARG_org_3aer-ARG_org
2017-07-15 11:50:00,-25.8485107421875,-0.35120658043032466,-25.497304161754286,-24.32522922503182,-3.1053551609335006,0.8324935005006411,1.1007867237103919,-28.646026611328125,0.15236663818359375,1.4176406860351562,0.9540314172319218,0.12179150945657635,-0.03265025569837981,-0.043172670990118296,1.8756311598620636,1.0409622511951429,1.2457652545033782,0.8277106261391847,8229,8249,3,Box 4,ARG_org_3aer-ARG_org
2017-07-15 11:52:00,-17.348114013671875,-4.834546324795684,-12.513567688874343,-14.219034951343145,0.21660291556719938,1.4756104148141536,0.013253932087449178,-18.697723388671875,0.050162315368652344,0.5499229431152344,1.1362894503687475,-0.017309445311889618,-0.11792084012348457,-0.0010591649333733244,1.6367843418364258,0.9962540530702905,1.1555132424429666,0.8620425150191331,6218,6397,0,Box 1,ARG_org_3aer-ARG_org
2017-07-15 11:52:00,-16.01103973388672,-9.057002152281056,-6.954037581604616,-10.219841793209117,2.1272527697670682,0.9196903303357518,0.21886111150168017,-17.991180419921875,0.1592249870300293,1.8471298217773438,1.4696270581343234,-0.3059018224742199,-0.13225271211771866,-0.031472523542384834,1.5653004682194902,0.9544370995726681,1.1069746201599628,0.8594498196670457,5852,6496,1,Box 2,ARG_org_3aer-ARG_org
2017-07-15 11:52:00,-8.282806396484375,1.610260482660718,-9.893066879142635,-9.66724655126744,-1.1155916099448253,0.7310201144262158,0.15875116764341393,-9.013999938964844,0.013896465301513672,0.09000682830810547,0.9771738803918036,0.11276499224894618,-0.07389216340661879,-0.016046709234131026,1.7123023326832614,1.031519607138934,1.2013758838402904,0.8560911222574065,3776,3688,2,Box 3,ARG_org_3aer-ARG_org
2017-07-15 11:52:00,-26.106582641601562,-0.2502346059144677,-25.856348035684203,-24.61574748428932,-3.158337454639225,0.7684404270562898,1.1492964761880498,-28.921249389648438,0.15274310111999512,1.4043769836425781,0.9520194982801616,0.12214940216152802,-0.02971960409860547,-0.044449296343084185,1.8756044971656103,1.0411727008583842,1.2463377206048472,0.8272486974879849,8305,8321,3,Box 4,ARG_org_3aer-ARG_org
2017-07-15 11:54:00,-17.872543334960938,-4.632754683516518,-13.239788651442499,-14.87452155057739,0.035778286214156435,1.562583620153376,0.0363709927673588,-19.297515869140625,0.0544896125793457,0.5935573577880859,1.1234712231570845,-0.002702330615395309,-0.11802179485570034,-0.002747097685988825,1.6386843721281767,0.999406185156831,1.157818937228103,0.8628326233222836,6327,6499,0,Box 1,ARG_org_3aer-ARG_org
2017-07-15 11:54:00,-16.762008666992188,-8.957104873089929,-7.804903793901145,-10.989110412868746,1.978239021594282,0.9064490363176504,0.29951856105566793,-18.87757110595703,0.1718916893005371,1.9863405227661133,1.4079751273110863,-0.2534610385768117,-0.11613839968481887,-0.03837568904945576,1.5727884040628524,0.9600589289211067,1.1131688009552347,0.8589147361637481,6191,6858,1,Box 2,ARG_org_3aer-ARG_org
2017-07-15 11:54:00,-8.839508056640625,1.6888144038645547,-10.528322460502686,-10.293699392316098,-1.1929728122195586,0.7799882118910724,0.17836153214189884,-9.650932312011719,0.01895362138748169,0.15000057220458984,0.9777150567845179,0.11331081629528651,-0.07408475707475919,-0.016941116005045193,1.7148908778494605,1.0317470668603892,1.201872702990345,0.8557795016923438,3970,3875,2,Box 3,ARG_org_3aer-ARG_org
2017-07-15 11:54:00,-26.17108154296875,-0.1741266875932097,-25.996954855372657,-24.566529920110174,-3.2207604743462963,0.5974436231835867,1.1928919159002283,-28.972396850585938,0.1510450839996338,1.3447742462158203,0.9449772120150117,0.12388991296342841,-0.02298129248241996,-0.04588583249602018,1.8668849625979957,1.041770951986726,1.2463344558784053,0.8274644964076799,8379,8390,3,Box 4,ARG_org_3aer-ARG_org
2017-07-15 11:56:00,-18.344070434570312,-3.03265757317145,-15.311412861396672,-16.41110032661968,-0.6476936596814835,1.697372393993382,0.05000873091110988,-19.839920043945312,0.058081865310668945,0.6205883026123047,1.0718214233511758,0.042301364710402196,-0.11085667987392717,-0.003266108187650829,1.6527306570479634,1.0099639432181435,1.1691230170703337,0.8634238080892443,6456,6569,0,Box 1,ARG_org_3aer-ARG_org
2017-07-15 11:56:00,-17.594207763671875,-7.991071243927515,-9.60313651974306,-12.124281126222085,1.3270357245673803,0.8673825715490825,0.3267263103625622,-19.85259246826172,0.18642616271972656,2.1490650177001953,1.2625334546994944,-0.1381877391661705,-0.09032284085161481,-0.0340228746817091,1.5906828826149861,0.9749179384050396,1.1303735439791798,0.8588855814853444,6547,7157,1,Box 2,ARG_org_3aer-ARG_org
2017-07-15 11:56:00,-9.369552612304688,1.5641977268676446,-10.93375033916988,-10.915062578081338,-1.1147513614406108,0.9305579040927965,0.16550569625927217,-10.252853393554688,0.023514866828918457,0.1954050064086914,0.998290818748477,0.10195507733947817,-0.08510875730892599,-0.01513713877902921,1.7268066911490085,1.0282880942056616,1.2000977915023456,0.8544744037163595,4157,4068,2,Box 3,ARG_org_3aer-ARG_org
2017-07-15 11:56:00,-26.473373413085938,-0.10808317225140934,-26.36529024083165,-24.669121157978246,-3.3346120284125953,0.49416955389890654,1.144273391660283,-29.294189453125,0.15397143363952637,1.3618144989013672,0.9356665878751994,0.12647734949825495,-0.01874318656783043,-0.04340075080562393,1.8549702536342618,1.0426439450280645,1.2462226602588264,0.8286887803116783,8512,8518,3,Box 4,ARG_org_3aer-ARG_org
2017-07-15 11:58:00,-18.876480102539062,-3.334031392076369,-15.542448710460532,-16.733239864669773,-0.57753973782863,1.7166594667273927,0.05167142531047835,-20.444229125976562,0.06154298782348633,0.6475067138671875,1.0766154147517182,0.037158863998047395,-0.1104497430686086,-0.0033245356811569815,1.6473459020595502,1.0086514370949076,1.1671299994930557,0.8637712388984454,6536,6660,0,Box 1,ARG_org_3aer-ARG_org
2017-07-15 11:58:00,-18.432281494140625,-7.980620466609789,-10.451661027529497,-12.814810781680332,1.1785505371755873,0.864854247456384,0.31974496951886494,-20.833724975585938,0.2011547088623047,2.307492256164551,1.226102793414974,-0.1127620321852484,-0.08274801920750899,-0.030592742022216582,1.5916645833591168,0.9788543469384778,1.1346872917104862,0.8593361262134628,6870,7493,1,Box 2,ARG_org_3aer-ARG_org
2017-07-15 11:58:00,-9.993919372558594,0.7942543857100748,-10.788173758266364,-11.31828549837131,-0.7212215928170129,1.0729172911267975,0.17841604179516146,-10.959701538085938,0.02926945686340332,0.24431324005126953,1.0491382278394201,0.06685298262501398,-0.09945309699008897,-0.016538113474345126,1.728201291395147,1.0175832971527652,1.1898404418668889,0.8527717450691144,4344,4298,2,Box 3,ARG_org_3aer-ARG_org
2017-07-15 11:58:00,-26.812698364257812,-1.0992589074324233,-25.71343945682263,-24.351271300279382,-2.870037938576281,0.35818965220169074,1.1496801298313415,-29.67449951171875,0.16086387634277344,1.4083576202392578,0.9470250505059594,0.11161625979268848,-0.01393005602393853,-0.04471125427470937,1.8287157131770568,1.0362111467357302,1.236716251144257,0.8299514377531099,8595,8655,3,Box 4,ARG_org_3aer-ARG_org
2017-07-15 12:00:00,-19.353713989257812,-3.371022895961676,-15.982691093293958,-17.14902517346792,-0.6059111967320232,1.7131314170613832,0.059113859844599895,-20.991348266601562,0.06432080268859863,0.6698398590087891,1.0729748246628712,0.03791046158592481,-0.10718666881950696,-0.00369861742928905,1.6436219822896887,1.008816945544315,1.1669214666989456,0.8640179760005027,6647,6773,0,Box 1,ARG_org_3aer-ARG_org
2017-07-15 12:00:00,-19.39641571044922,-8.107538808443849,-11.288876902004,-13.747602917887978,1.151793030587961,0.9886522881530179,0.31828069714299867,-21.96649932861328,0.2168118953704834,2.480215072631836,1.2178007641705708,-0.10202901852738731,-0.08757755946275864,-0.028194186180424866,1.5904555517155612,0.9807495660070059,1.135428950238454,0.8606824967386688,7188,7834,1,Box 2,ARG_org_3aer-ARG_org
2017-07-15 12:00:00,-10.545059204101562,0.6443172285890704,-11.189376432688372,-11.720177982761767,-0.6491443886643371,1.016691942253884,0.16325399648384822,-11.589866638183594,0.033947110176086426,0.2842903137207031,1.0474379920334724,0.05801434892903795,-0.09086225209867325,-0.014590088863837128,1.7296607228526528,1.0152896514628695,1.1904959630398975,0.8506622399547852,4569,4531,2,Box 3,ARG_org_3aer-ARG_org
2017-07-15 12:00:00,-27.408935546875,-0.9980887888282861,-26.41084675804394,-24.73660594850362,-3.0908413774811234,0.2524897096213325,1.1641108583194704,-30.362930297851562,0.1687777042388916,1.4898490905761719,0.9366078329529364,0.11702924203063451,-0.009560076279812263,-0.04407699870375862,1.8212699123152694,1.0381662308495068,1.2378434369504823,0.8308387679579522,8704,8758,3,Box 4,ARG_org_3aer-ARG_org
2017-07-15 12:02:00,-19.847793579101562,-2.5234329541453793,-17.32436062495386,-18.14966021189318,-0.992201958747617,1.7666521451909492,0.05084940049598583,-21.546844482421875,0.06678199768066406,0.69171142578125,1.0476380978672635,0.05727206794105046,-0.10197502715605437,-0.0029351386522595696,1.6461627114582111,1.0137177350287156,1.1718619251401101,0.8646462032427856,6735,6829,0,Box 1,ARG_org_3aer-ARG_org
2017-07-15 12:02:00,-20.603431701660156,-8.303886730205363,-12.299544971453356,-15.013972106135146,1.1646520675778214,1.2435571055787613,0.3062179615252082,-23.376693725585938,0.2342756986618042,2.6787490844726562,1.2206932972709026,-0.09469066297012792,-0.1011059440381735,-0.02489669026260119,1.595248944281999,0.982049038270584,1.1360204228504365,0.8617238321745544,7459,8128,1,Box 2,ARG_org_3aer-ARG_org
2017-07-15 12:02:00,-11.254905700683594,0.14869734477192934,-11.403603045453371,-12.091324525191732,-0.38154122602934426,0.9073681938932104,0.16189451187449388,-12.40264892578125,0.043289899826049805,0.3937702178955078,1.060307385042884,0.03345795399125763,-0.07956855305086923,-0.014196785983272314,1.7295236808858248,1.008681093182347,1.187949469037286,0.8470206959707505,4828,4819,2,Box 3,ARG_org_3aer-ARG_org
2017-07-15 12:02:00,-28.135696411132812,-2.343978230929633,-25.791718180200487,-24.60284869080126,-2.629085932465851,0.30384148675983674,1.136374956306787,-31.200515747070312,0.17754483222961426,1.5873432159423828,0.9539049906992282,0.10193527682402019,-0.011780583388705239,-0.044059684134543135,1.8056256014069054,1.0320761717691775,1.229351832387002,0.8319255331265,8746,8867,3,Box 4,ARG_org_3aer-ARG_org
2017-07-15 12:04:00,-20.424591064453125,-2.2563058536777367,-18.168285210772993,-18.822918371522526,-1.1785709076905408,1.7865987664646825,0.046605301975390416,-22.211074829101562,0.0707085132598877,0.7340621948242188,1.0360316426759617,0.06486968329799778,-0.09833612505187381,-0.0025652009220856753,1.641217599491756,1.015631507635702,1.1728100221328095,0.8656272388218754,6814,6898,0,Box 1,ARG_org_3aer-ARG_org
2017-07-15 12:04:00,-21.74573516845703,-7.291668117372424,-14.454067051082987,-16.27279805471843,0.2659228056813111,1.246249494841487,0.3065587031126434,-24.723037719726562,0.25283360481262207,2.884431838989258,1.125828322036127,-0.01839778414902168,-0.08622137218798293,-0.021209165699122318,1.6094515052497256,0.99611913096651,1.151311491525431,0.8626221239901322,7796,8389,1,Box 2,ARG_org_3aer-ARG_org
2017-07-15 12:04:00,-12.150032043457031,-0.8664626681314388,-11.283569375323635,-12.659518593140046,0.13891554534577222,1.0286593195744107,0.20837435289622777,-13.42950439453125,0.053011298179626465,0.5086774826049805,1.121942726813513,-0.012311312203173106,-0.09116435459013666,-0.018467060020203152,1.7269708795624803,0.9970067783351271,1.1762462594227738,0.8450802655346838,5210,5265,2,Box 3,ARG_org_3aer-ARG_org
2017-07-15 12:04:00,-29.016845703125,-3.278667960620252,-25.73817774250209,-25.012466573443152,-2.284191748973352,0.4804338135378592,1.0780467663765554,-32.219482421875,0.18680143356323242,1.7210807800292969,0.9718040967655394,0.08874722102806097,-0.018666193789799928,-0.0418851240038004,1.797556853369485,1.0271386712329844,1.222805351111282,0.8329381947199079,8757,8925,3,Box 4,ARG_org_3aer-ARG_org
2017-07-15 12:06:00,-20.935806274414062,-2.275503269414025,-18.660303004997584,-19.2419261021369,-1.2321010858337094,1.7715872512375834,0.04213693173544357,-22.79034423828125,0.07235240936279297,0.7499065399169922,1.0311690060436611,0.06602792492189057,-0.09493882552513315,-0.0022581054404185452,1.6326829230869704,1.015818872399911,1.171715472883851,0.8666399487311135,6850,6934,0,Box 1,ARG_org_3aer-ARG_org
2017-07-15 12:06:00,-22.873977661132812,-7.192587977309412,-15.681389683821706,-17.256384286769013,-0.08822156400242986,1.3417430348372474,0.32147313211248874,-26.052749633789062,0.26985085010528564,3.067035675048828,1.1004371828456128,0.005625876646216307,-0.08556276337048795,-0.02050029612134112,1.6181065314565053,1.0012309456096122,1.1569386401888395,0.8628316305552579,8064,8650,1,Box 2,ARG_org_3aer-ARG_org
2017-07-15 12:06:00,-13.074546813964844,-1.3258835535338538,-11.74866326042913,-13.42973770168703,0.32724298750546515,1.1218642265180976,0.2319672272343381,-14.480995178222656,0.06311190128326416,0.6209344863891602,1.143086443452674,-0.027853635792563548,-0.09548866978736784,-0.01974413787274258,1.7346935609959924,0.9933114104355878,1.1742465976681566,0.8432352950938189,5659,5747,2,Box 3,ARG_org_3aer-ARG_org
2017-07-15 12:06:00,-29.578140258789062,-3.2113095864100774,-26.3668306723763,-25.812069856134567,-2.302002107384463,0.7085104711283651,1.0387308200143657,-32.865753173828125,0.19245243072509766,1.795907974243164,0.9789598976405254,0.08730674292971428,-0.026871279295264304,-0.03939536127497536,1.802807819087773,1.0266282019757702,1.2222220801226182,0.83335444163219,8812,8975,3,Box 4,ARG_org_3aer-ARG_org
2017-07-15 12:08:00,-21.38494873046875,-1.6826312409495239,-19.70231748951667,-19.950902477064723,-1.568309374918089,1.7546115813070278,0.06228278115911599,-23.307037353515625,0.07343435287475586,0.7560367584228516,1.012617043029599,0.07960024884141496,-0.08905610125512556,-0.003161190615888501,1.627364158727328,1.0193239847478885,1.1738606931418807,0.8679118371948324,6919,6981,0,Box 1,ARG_org_3aer-ARG_org
2017-07-15 12:08:00,-23.98168182373047,-7.028162955191064,-16.953518868537625,-18.139346471861714,-0.5721638546792912,1.4099086389728746,0.3480828190305053,-27.350967407226562,0.2843745946884155,3.225566864013672,1.069945809629218,0.03374897324360868,-0.08316318576135753,-0.02053159711146918,1.6252540853498385,1.0076889876547874,1.1633513216348137,0.8635082186901706,8306,8869,1,Box 2,ARG_org_3aer-ARG_org
2017-07-15 12:08:00,-14.09759521484375,-1.2127761075267194,-12.884819107315133,-14.399123930290429,0.16915048392933732,1.0178676419709556,0.3272866970750026,-15.643661499023438,0.07453393936157227,0.7534046173095703,1.1175262772696262,-0.013127889691001177,-0.0789974336072036,-0.02540095397142139,1.7416246925742123,0.9967465016252681,1.179971211539946,0.8411776130608837,6080,6163,2,Box 3,ARG_org_3aer-ARG_org
2017-07-15 12:08:00,-29.997421264648438,-3.267990077341953,-26.72943118730378,-26.398401383359513,-2.381302761817339,0.9691869791698758,1.0810859787031935,-33.311920166015625,0.19423985481262207,1.8179244995117188,0.9876155312986419,0.08908916711061304,-0.03625916961638264,-0.04044552879287228,1.80740947796185,1.0270558568606647,1.2211246409016454,0.8343053235696691,8874,9038,3,Box 4,ARG_org_3aer-ARG_org
2017-07-15 12:10:00,-21.86639404296875,-2.375696745068827,-19.49069729789742,-20.005681342546175,-1.3240230879669501,1.76592669102393,0.07308044159177625,-23.85308837890625,0.07449126243591309,0.7634296417236328,1.0264220431305098,0.06793102718340306,-0.09060356661608157,-0.0037495036978312662,1.6138251213506305,1.0159637567555606,1.1681589777751984,0.8692069004530585,6949,7036,0,Box 1,ARG_org_3aer-ARG_org
2017-07-15 12:10:00,-24.80500030517578,-5.640696819359337,-19.164303485814486,-19.292291575973138,-1.764717982745382,1.4996287913422572,0.39307728156177757,-28.31243133544922,0.29332566261291504,3.3093338012695312,1.006678462916922,0.0920835961532145,-0.07825115024150447,-0.020510908828632116,1.6543883527352354,1.0232922370563116,1.1813964537465118,0.8632152729443595,8587,9038,1,Box 2,ARG_org_3aer-ARG_org
2017-07-15 12:10:00,-14.891609191894531,-0.9747719928767564,-13.916837199015847,-15.185565083524803,-0.07180299340992184,0.9185518950850213,0.4219789828338578,-16.53717041015625,0.08376502990722656,0.8509378433227539,1.0911649584144505,0.005159433309674666,-0.06600292020014277,-0.030321471523982388,1.7357850176997047,1.0013046035924422,1.183483353831902,0.8417549421852156,6447,6515,2,Box 3,ARG_org_3aer-ARG_org
2017-07-15 12:10:00,-30.1968994140625,-3.2866223551628977,-26.910277058896913,-26.92666605068394,-2.3119369788000586,1.2628587087951488,1.06546726179194,-33.54246520996094,0.19800543785095215,1.8443374633789062,1.000609023524773,0.08591278988841551,-0.04692849152133237,-0.03959332189185624,1.8100853297961337,1.0258009204648757,1.2185613516740958,0.8352504166053009,8925,9088,3,Box 4,ARG_org_3aer-ARG_org
2017-07-15 12:12:00,-22.2032470703125,-2.008140433740353,-20.195106636569562,-20.61144286772058,-1.5377695727999274,1.8398787447852893,0.11422705916565552,-24.24139404296875,0.07630801200866699,0.7828140258789062,1.0206156985770558,0.0761456525322483,-0.0911051760159371,-0.005656175093367008,1.6101192229958998,1.01792689038675,1.1683148157131218,0.8705116197327507,6989,7062,0,Box 1,ARG_org_3aer-ARG_org
2017-07-15 12:12:00,-25.671287536621094,-4.866981820968285,-20.804305715650738,-20.034441538288462,-2.5255714116829386,1.3044753673415062,0.4512318669791556,-29.318275451660156,0.30168068408966064,3.3756046295166016,0.9629949594144293,0.12139657271922287,-0.06270218219107263,-0.021689349942579497,1.6659206147150836,1.0326925287629498,1.193229385024391,0.8621503377892179,8799,9185,1,Box 2,ARG_org_3aer-ARG_org
2017-07-15 12:12:00,-16.070457458496094,-1.0930844615910218,-14.977372996903117,-16.316640765402646,-0.12482054077264103,0.9011505770283368,0.562937732243832,-17.872451782226562,0.09550654888153076,0.9584903717041016,1.0894194041088814,0.008333940858550446,-0.060167465764167614,-0.03758587920326422,1.7314204194095166,1.0021018798565846,1.1828912753399476,0.8418318497105272,6815,6892,2,Box 3,ARG_org_3aer-ARG_org
2017-07-15 12:12:00,-30.2874755859375,-3.9020183954566643,-26.385457190478206,-26.808651058578473,-2.0626156381858216,1.3685181991772863,1.1172913071088033,-33.65071105957031,0.20018243789672852,1.8337993621826172,1.0160389060172506,0.07817244261851046,-0.05186638189734106,-0.042344966738419955,1.7951926836976135,1.0227640492451413,1.2116204116955165,0.8372954239989865,8948,9140,3,Box 4,ARG_org_3aer-ARG_org
2017-07-15 12:14:00,-22.364151000976562,-2.4495564828849914,-19.914594518089082,-20.5745732261604,-1.3397499028906643,1.8571930545311788,0.14253555643080273,-24.425094604492188,0.07620906829833984,0.7758865356445312,1.033140454226765,0.06727477688153406,-0.09325788947619441,-0.007157341632104686,1.5974008230978227,1.015366496067789,1.163133699121156,0.8720139982103389,7043,7132,0,Box 1,ARG_org_3aer-ARG_org
2017-07-15 12:14:00,-26.668960571289062,-4.6109005706404025,-22.058060000646524,-20.931146362087375,-2.96909956712152,1.3026475628401981,0.5395383657221714,-30.46221160888672,0.30879902839660645,3.423746109008789,0.9489114800428451,0.13460383945979362,-0.059055400284613306,-0.024459919218025407,1.6723309070773271,1.0371443742757762,1.1979772191360107,0.8619296311336133,8984,9343,1,Box 2,ARG_org_3aer-ARG_org
2017-07-15 12:14:00,-17.07415008544922,-1.8388001126771292,-15.235349972770198,-17.175726917221034,0.34295472477549976,0.9858545030926962,0.6115677165826409,-19.009445190429688,0.10699188709259033,1.0487194061279297,1.1273601819399508,-0.022510459253542264,-0.0647083594964797,-0.040141363189928836,1.7088050410114854,0.9946650700093237,1.1716599614599856,0.843555163450689,7133,7263,2,Box 3,ARG_org_3aer-ARG_org
2017-07-15 12:14:00,-30.207077026367188,-4.397783550700444,-25.80929347566417,-26.582300194476527,-1.9188558802538356,1.557392952880381,1.1344696461858128,-33.543243408203125,0.19429278373718262,1.7606353759765625,1.0299507121162086,0.0743474780533277,-0.06034233189486034,-0.04395585827467595,1.7859996457309175,1.0211536351428883,1.2064766104985432,0.8394386228410075,8948,9160,3,Box 4,ARG_org_3aer-ARG_org
2017-07-15 12:16:00,-22.542556762695312,-2.1880571535710405,-20.354499609121707,-20.898206159691615,-1.4924439327796486,1.8992566419668853,0.13689384138267038,-24.632308959960938,0.0772550106048584,0.7822895050048828,1.0267118603262666,0.07332255577095208,-0.0933089330830687,-0.006725483014149977,1.5894975491113117,1.016685148458674,1.1623615487052732,0.8737874308271825,7085,7164,0,Box 1,ARG_org_3aer-ARG_org
2017-07-15 12:16:00,-27.569374084472656,-3.653111454203416,-23.916262630266942,-21.786990067229123,-3.8803972226674195,1.1432980312203673,0.607826628409232,-31.501632690429688,0.3154568672180176,3.4734268188476562,0.9109696779988047,0.1622493147301631,-0.04780420958304246,-0.025414783145925324,1.6813652234532999,1.0473598030351932,1.2094059702966564,0.861837211244852,9166,9447,1,Box 2,ARG_org_3aer-ARG_org
2017-07-15 12:16:00,-18.02381134033203,-2.6871612153568867,-15.33665012497331,-17.884455383686504,0.8998758454428218,0.9593282425582212,0.6886011707121488,-20.091781616210938,0.11525464057922363,1.1244544982910156,1.1661252775509623,-0.05867486303136799,-0.06255135474441754,-0.04489905977517676,1.687545702475132,0.9869216927180217,1.1613424474061693,0.8441230095160572,7399,7589,2,Box 3,ARG_org_3aer-ARG_org
2017-07-15 12:16:00,-30.46466064453125,-6.131576335976551,-24.333084308552287,-25.747927126397787,-1.1505169032726175,1.5123758352571335,1.052983885860983,-33.84953308105469,0.1952517032623291,1.7831573486328125,1.0581448204389046,0.04728200045188058,-0.06215306765388482,-0.043273753236900324,1.7566707817365208,1.0126674620620104,1.1942123702172858,0.8414913998332345,8906,9198,3,Box 4,ARG_org_3aer-ARG_org
2017-07-15 12:18:00,-22.716812133789062,-1.165382575039027,-21.551429558747376,-21.668034618380567,-2.018469880779483,1.9984807771476982,0.13659416326497675,-24.841293334960938,0.07908225059509277,0.7990951538085938,1.0054105487209253,0.09365828263398049,-0.09273077554785907,-0.0063380558070467025,1.587504924056952,1.0217596147689143,1.1655877705942566,0.8757537086780239,7154,7196,0,Box 1,ARG_org_3aer-ARG_org
2017-07-15 12:18:00,-28.455230712890625,-2.8034326338040665,-25.651798079084145,-22.60751967915745,-4.75333628085135,1.0421578858499534,0.6668999950747019,-32.512298583984375,0.3199124336242676,3.4946136474609375,0.8813230015868195,0.18530226482357606,-0.04062708908892058,-0.025998177321475018,1.691480100450477,1.056810424494861,1.219930066962932,0.861822051738868,9345,9556,1,Box 2,ARG_org_3aer-ARG_org
2017-07-15 12:18:00,-18.57585906982422,-3.0379322522421726,-15.537926817580264,-18.638941125507966,1.211638465810761,1.1788654835750612,0.710510358541879,-20.71410369873047,0.12053787708282471,1.1781177520751953,1.1995770957306275,-0.07797941643281923,-0.07587019152653256,-0.04572748777127575,1.6821407991866706,0.9832383826047835,1.1554779403145194,0.8453318494722905,7697,7914,2,Box 3,ARG_org_3aer-ARG_org
2017-07-15 12:18:00,-30.6737060546875,-6.196587821474791,-24.477118233210305,-26.16777756972732,-1.021509360603135,1.659087769343099,1.053080927777052,-34.09063720703125,0.1955399513244629,1.7977104187011719,1.0690710123801725,0.041733236358566156,-0.06778117233964517,-0.04302307639909353,1.7489152016599723,1.0109704737139655,1.190404648030202,0.8429217162138556,8914,9207,3,Box 4,ARG_org_3aer-ARG_org
2017-07-15 12:20:00,-22.950546264648438,-2.0385696569650373,-20.911976607680852,-21.56158856858051,-1.6405869133211968,2.2145447778403846,0.07565409638047145,-25.118179321289062,0.0803382396697998,0.8131103515625,1.031064110920106,0.07845202508110201,-0.10589839589945767,-0.003617740101750311,1.5778281478331513,1.017501418737738,1.1588596424801294,0.877551348216534,7171,7244,0,Box 1,ARG_org_3aer-ARG_org
2017-07-15 12:20:00,-29.255233764648438,-2.9400558169177495,-26.315177947728237,-23.20817397318751,-4.90501786373646,1.1276996907678165,0.6703141984279175,-33.4368896484375,0.3215601444244385,3.4824867248535156,0.8819311052840914,0.18639501026668548,-0.04285358408017794,-0.025472531470598893,1.6920078715369333,1.057149175087826,1.2199066936961345,0.8622053305404822,9463,9682,1,Box 2,ARG_org_3aer-ARG_org
2017-07-15 12:20:00,-19.143722534179688,-3.7846850187098284,-15.359037515468184,-19.27244570490169,1.7183870320849872,1.4390724347334862,0.7559487226150314,-21.367691040039062,0.1271374225616455,1.2236919403076172,1.2547951449101082,-0.11188116640475607,-0.09369548275952756,-0.04921849574582461,1.6710815130536356,0.9773687360941186,1.1461429544423778,0.8470401755551235,8006,8278,2,Box 3,ARG_org_3aer-ARG_org
2017-07-15 12:20:00,-30.862686157226562,-6.319485003426479,-24.543201153797664,-26.613578103301453,-0.820514941497641,1.8222293947844292,1.0686624962170008,-34.27262878417969,0.19582271575927734,1.8107452392578125,1.0843564348647907,0.033431455675075196,-0.07424579146646763,-0.043542099073398274,1.74357841404501,1.0086068273485616,1.1863684651685904,0.8438604492412369,8892,9183,3,Box 4,ARG_org_3aer-ARG_org
2017-07-15 12:22:00,-23.264938354492188,-2.529256048700255,-20.735682305789393,-21.756825768069252,-1.448718612373203,2.446005361787603,0.023856712865458932,-25.484573364257812,0.08135867118835449,0.8227939605712891,1.0492457131248947,0.06986597262674696,-0.11796117078359555,-0.0011505149680460791,1.5702594803854226,1.0151367734859038,1.1541383566305288,0.8794174060270386,7198,7288,0,Box 1,ARG_org_3aer-ARG_org
2017-07-15 12:22:00,-29.985687255859375,-2.360906695214681,-27.624780560642165,-23.94478374346182,-5.511239348696688,1.1807503029098037,0.6504922286065378,-34.27595520019531,0.320969820022583,3.4371204376220703,0.8667863873487797,0.19950346163287583,-0.04274243193779621,-0.02354741704385928,1.6969949931314898,1.0627525520958554,1.2255371366824246,0.863029856235199,9585,9759,1,Box 2,ARG_org_3aer-ARG_org
2017-07-15 12:22:00,-19.951339721679688,-3.342340195540668,-16.608999526137296,-20.701690526790355,1.6043541820228229,1.69582687011082,0.7925099485194166,-22.3125,0.1399219036102295,1.3409786224365234,1.2464140596917028,-0.09659547400781597,-0.10210289111286483,-0.04771569457102201,1.6740031386964171,0.9802336105072099,1.1477307152518506,0.8484656760582728,8350,8591,2,Box 3,ARG_org_3aer-ARG_org
2017-07-15 12:22:00,-31.5472412109375,-6.77958728931556,-24.767653921619498,-26.89883631458758,-0.6395690453803411,1.7356254871043955,1.035125951244026,-35.05177307128906,0.20179247856140137,1.876840591430664,1.0860470030674882,0.025822754444338635,-0.07007629760158192,-0.04179345991024497,1.727777721777408,1.006522190972576,1.1827435958098491,0.845057768578616,8873,9181,3,Box 4,ARG_org_3aer-ARG_org
2017-07-15 12:24:00,-23.460037231445312,-2.1998917151254345,-21.260145516317284,-22.229777819673483,-1.5776270944835822,2.5321026409987266,0.01515675684105653,-25.72174072265625,0.08108258247375488,0.8183479309082031,1.0456079805574239,0.07420584648739795,-0.11910090827249152,-0.0007129187723303038,1.5654315002771522,1.0160299296186939,1.1535811020846825,0.8806718875884247,7248,7326,0,Box 1,ARG_org_3aer-ARG_org
2017-07-15 12:24:00,-30.628997802734375,-1.712759257090629,-28.916238545641136,-24.604087821950355,-6.103645512112172,1.1503228868332758,0.6411719015881163,-35.00579833984375,0.3189568519592285,3.377483367919922,0.850874424179185,0.211080203342431,-0.039781207539065506,-0.022173419982550506,1.7001191171322039,1.0680412316025676,1.2310938833200298,0.8635645010127612,9697,9821,1,Box 2,ARG_org_3aer-ARG_org
2017-07-15 12:24:00,-20.27484893798828,-2.4377545646052483,-17.837094373381216,-21.453161431959508,1.0510879840943215,1.7531036851006376,0.8118753893833313,-22.690200805664062,0.14564168453216553,1.39349365234375,1.202727360347134,-0.05892708543735065,-0.09828415146565812,-0.04551612344412524,1.6835557827412748,0.9873202453983209,1.155309844761481,0.8489962595856166,8626,8802,2,Box 3,ARG_org_3aer-ARG_org
2017-07-15 12:24:00,-31.989776611328125,-6.575473826523838,-25.4143027848018,-27.67462135697555,-0.5141738849150578,1.7733510597682831,1.0011413973205219,-35.54170227050781,0.20463180541992188,1.8921775817871094,1.0889388385474599,0.020231673844011287,-0.06977767892294012,-0.039392833468531036,1.7233640680741857,1.0050689462808147,1.1812912776974267,0.8452564828179787,8874,9168,3,Box 4,ARG_org_3aer-ARG_org
2017-07-15 12:26:00,-23.608596801757812,-2.1652470504836137,-21.443349751271636,-22.508842400369325,-1.5511826764276317,2.595794768652089,0.020880556873231013,-25.895950317382812,0.07923126220703125,0.7946853637695312,1.0496887222125593,0.07233863619351931,-0.12105360397333223,-0.000973754432746346,1.5582301433870571,1.0154008968358499,1.1512536597018592,0.8818748420589636,7266,7342,0,Box 1,ARG_org_3aer-ARG_org
2017-07-15 12:26:00,-31.064247131347656,-1.1443439018627355,-29.919903229482255,-25.545103186829806,-6.506314864735026,1.493766481111948,0.63774834097063,-35.49385070800781,0.31825709342956543,3.3476810455322266,0.8537829481232533,0.21745775094365552,-0.04992551177906322,-0.02131518728784558,1.7102670717672293,1.0707315198371632,1.2330839812900636,0.8644669736348992,9775,9856,1,Box 2,ARG_org_3aer-ARG_org
2017-07-15 12:26:00,-21.17192840576172,-2.3631552892543035,-18.808773116505556,-22.643030346807723,0.9993830871391871,2.001734857891614,0.8331392852713673,-23.719635009765625,0.1564044952392578,1.4873619079589844,1.2038547228227998,-0.05313387965013959,-0.10642559434857558,-0.04429524882408463,1.6930085973731392,0.9884481606100823,1.156945911680588,0.8488605962199993,8781,8949,2,Box 3,ARG_org_3aer-ARG_org
2017-07-15 12:26:00,-32.51588439941406,-6.197844935060792,-26.318039464350687,-28.208803674714403,-0.8059165126303779,1.7067469004729476,0.9899338225211467,-36.090087890625,0.20177865028381348,1.8257465362548828,1.07184289745157,0.0306222092919208,-0.06485083749436714,-0.037614269249123575,1.7230166672158322,1.0078023285582196,1.1843603664282922,0.8455269406420173,8884,9153,3,Box 4,ARG_org_3aer-ARG_org
2017-07-15 12:28:00,-23.676559448242188,-2.823766251185358,-20.85279319705434,-22.24324202370426,-1.1633753408399143,2.543118816991661,0.010705350498171427,-25.973007202148438,0.07710433006286621,0.7649211883544922,1.0666792603518618,0.055789904491272295,-0.12195578755132438,-0.0005133772918096968,1.5432375255821633,1.0114111681821452,1.1452084583585023,0.8831062692819156,7266,7364,0,Box 1,ARG_org_3aer-ARG_org
2017-07-15 12:28:00,-31.68157196044922,-0.5287676668581524,-31.152804293588293,-26.184783047456772,-7.056950108364913,1.459975805445313,0.6289530567880812,-36.20281982421875,0.31873226165771484,3.329610824584961,0.8405273182050577,0.2265269618060464,-0.04686498819452339,-0.02018929181658067,1.7198191172205588,1.075801097198689,1.2399007421939057,0.8638923876081286,9853,9890,1,Box 2,ARG_org_3aer-ARG_org
2017-07-15 12:28:00,-21.704978942871094,-2.0451923306202557,-19.65978661224892,-23.712360172190294,0.9251449140541426,2.3090102417114964,0.8184184041757359,-24.332244873046875,0.16330933570861816,1.5539722442626953,1.2061351753134717,-0.04705772917584651,-0.11744838778020514,-0.04162905835742006,1.705734971947342,0.989637059610677,1.1590233762848199,0.8486246785786977,8921,9065,2,Box 3,ARG_org_3aer-ARG_org
2017-07-15 12:28:00,-32.92146301269531,-5.744925306934735,-27.176537705757916,-28.981675430597768,-0.9192351094750042,1.6708004543217,1.0535723799931573,-36.532684326171875,0.19988489151000977,1.7946510314941406,1.0664226526713665,0.03382458499414534,-0.06147951856161965,-0.03876771910389218,1.7263593623415041,1.0086967941848135,1.1860976826375134,0.8448248932200556,8877,9122,3,Box 4,ARG_org_3aer-ARG_org
2017-07-15 12:30:00,-23.794082641601562,-1.6531638933196338,-22.14091874827931,-23.195928995793867,-1.6754809258136298,2.6737748231392247,0.05671635018895927,-26.108489990234375,0.07689428329467773,0.7539043426513672,1.0476497953634623,0.07567350500953536,-0.12076169257190458,-0.0025616078010930327,1.5480739632748477,1.0159082494401117,1.149175868984812,0.883717189174508,7316,7373,0,Box 1,ARG_org_3aer-ARG_org
2017-07-15 12:30:00,-32.369049072265625,-0.9946827069140214,-31.374366365348838,-26.399514135826365,-6.9093830675381565,1.2965656804882981,0.6379651575273871,-36.98529052734375,0.3178844451904297,3.294849395751953,0.8414357704760882,0.2202238281748749,-0.04132563715837396,-0.02033396149258914,1.7149499175708494,1.073135587389012,1.238221400433907,0.8629176146526318,9904,9973,1,Box 2,ARG_org_3aer-ARG_org
2017-07-15 12:30:00,-22.450302124023438,-1.549464734651815,-20.900837389369595,-24.75247002101841,0.5484251337867061,2.480110269599746,0.8230972282623628,-25.194992065429688,0.17284679412841797,1.6412200927734375,1.1842812591617884,-0.026239385703543217,-0.11866080881817484,-0.039381064640070323,1.7191859318541123,0.9940152533109865,1.1647562991538214,0.8483002078756152,9024,9131,2,Box 3,ARG_org_3aer-ARG_org
2017-07-15 12:30:00,-33.26988220214844,-4.895594229656249,-28.374287972489416,-29.372204437588223,-1.8544572973740032,1.703794172443652,1.148579590029158,-36.886871337890625,0.19143438339233398,1.686187744140625,1.0351697447374308,0.06535696328915853,-0.06004711639268564,-0.04047959163390374,1.7511281484657322,1.0178437577587789,1.1977065162223817,0.8436437869143111,8912,9115,3,Box 4,ARG_org_3aer-ARG_org
2017-07-15 12:32:00,-23.56597900390625,-1.8901473969837275,-21.675831606919928,-23.063300735755853,-1.411689140905139,2.7260750652216617,0.07308320451940235,-25.854110717773438,0.07693028450012207,0.7523479461669922,1.0640099606786473,0.06512733474338593,-0.12576565064065973,-0.0033716447813735007,1.5416953031240788,1.0133363748942474,1.1452392853006368,0.8844205355086793,7215,7279,0,Box 1,ARG_org_3aer-ARG_org
2017-07-15 12:32:00,-33.12565612792969,-1.3336088658810763,-31.792047262045863,-26.734763478888233,-6.729015305126039,1.0257908615867133,0.6459406603816954,-37.79962158203125,0.3148355484008789,3.231290817260742,0.8409261366066494,0.21165718739853864,-0.03226564345264194,-0.02031768055254609,1.702974586326736,1.0692937016736812,1.234946735529892,0.8621576834235761,9963,10053,1,Box 2,ARG_org_3aer-ARG_org
2017-07-15 12:32:00,-23.49432373046875,-1.970225524385966,-21.524098206080726,-26.203518910521588,1.2217775152665435,2.6651653995904137,0.7924777895839042,-26.385025024414062,0.18646740913391113,1.78289794921875,1.2174037982747583,-0.0567632382815175,-0.12382239544128652,-0.03681816455195429,1.7149880325127953,0.9875034382164363,1.1591569948001281,0.8472952190134218,9078,9211,2,Box 3,ARG_org_3aer-ARG_org
2017-07-15 12:32:00,-33.77259826660156,-5.472222711446465,-28.30037555515236,-29.15135001491526,-1.939130780051433,1.5090040135921483,1.2811012262221828,-37.435943603515625,0.1900012493133545,1.6471290588378906,1.0300693698606402,0.06851961297377183,-0.0533209889971732,-0.045267993837238875,1.7630927027611119,1.0190395494223257,1.2014213011317623,0.8411783070014252,8903,9126,3,Box 4,ARG_org_3aer-ARG_org
2017-07-15 12:34:00,-23.782821655273438,-1.6736171292655744,-22.109204526005232,-23.601710705038407,-1.4666455641960174,2.87760477571371,0.08154696751548413,-26.111648559570312,0.07984161376953125,0.7878608703613281,1.0675061003338073,0.06633642393017457,-0.13015415241778694,-0.003688371846194971,1.540074947836058,1.0135077304061126,1.1443549291141548,0.8852181852509466,7231,7287,0,Box 1,ARG_org_3aer-ARG_org
2017-07-15 12:34:00,-33.77925109863281,-1.567293362079805,-32.211957736550225,-26.88717862973328,-6.786087128311805,0.8456198010409495,0.6156882204539106,-38.55339050292969,0.31580209732055664,3.221162796020508,0.834695576395376,0.21066981348394656,-0.02625173570501251,-0.01911365417431,1.6978566159479638,1.069085638249035,1.235407754260633,0.8618810691303287,10017,10122,1,Box 2,ARG_org_3aer-ARG_org
2017-07-15 12:34:00,-24.13654327392578,-2.278979916760738,-21.857563357162977,-26.72284255688671,1.2808505857905987,2.8321560847908507,0.7522725291422853,-27.138427734375,0.19771242141723633,1.8992938995361328,1.2225901908745618,-0.0585998798155536,-0.12957327578157152,-0.03441703527743667,1.7176318216340645,0.9871196379573912,1.1589175918303547,0.8474473726449607,9122,9274,2,Box 3,ARG_org_3aer-ARG_org
2017-07-15 12:34:00,-34.129425048828125,-4.270785181519889,-29.85863986730534,-29.685890843472947,-2.9089768620337395,1.3609512531754622,1.3752765850258866,-37.83868408203125,0.18994474411010742,1.6480960845947266,0.9942144376100149,0.09742496225419214,-0.04557981405796313,-0.04605958580624395,1.7975354365607765,1.0291487815420377,1.2172688144139452,0.8378355844795232,8944,9116,3,Box 4,ARG_org_3aer-ARG_org
2017-07-15 12:36:00,-23.951431274414062,-1.572035339626657,-22.37939593478474,-23.780537373632765,-1.5024820385157192,2.7990006160621497,0.10462286130159382,-26.307281494140625,0.0812232494354248,0.8013172149658203,1.0626085459558898,0.06713684510940626,-0.12507042746902777,-0.004674963596268317,1.5344930564138959,1.0136189944966354,1.1437628291343136,0.8856579866238418,7247,7299,0,Box 1,ARG_org_3aer-ARG_org
2017-07-15 12:36:00,-34.28535461425781,-1.5360919134838937,-32.749262700771126,-27.24138115191223,-6.97937584229073,0.8333192921647384,0.6381750012670958,-39.13726806640625,0.3138620853424072,3.182840347290039,0.8318166244173428,0.21311551060129336,-0.025445436734828134,-0.019486698283808054,1.7012834738481597,1.070441802564259,1.2373113300567005,0.8615529240593826,10050,10152,1,Box 2,ARG_org_3aer-ARG_org
2017-07-15 12:36:00,-24.987213134765625,-2.5052801737368076,-22.4819329610267,-27.241392395786587,1.1546985513059322,2.910603602296972,0.6941572811569827,-28.138534545898438,0.21239495277404785,2.0431690216064453,1.2117015224184946,-0.051361177586804786,-0.12946411713541783,-0.03087622769627199,1.722424824527882,0.9885423612789377,1.1613445021855875,0.8472829429165069,9151,9315,2,Box 3,ARG_org_3aer-ARG_org
2017-07-15 12:36:00,-35.201507568359375,-5.698442868745034,-29.503064699611514,-29.31119643045758,-2.842663772424838,1.279323021117269,1.371472482153635,-39.046966552734375,0.19975900650024414,1.750478744506836,0.9934966664952452,0.09635147403728091,-0.04336237723581695,-0.04648576329670911,1.812399259554449,1.0292550633159392,1.2208101376636027,0.8353086539365456,8953,9178,3,Box 4,ARG_org_3aer-ARG_org
2017-07-15 12:38:00,-24.205856323242188,-2.376204132245069,-21.829652190994572,-23.513055238192287,-1.139720482940879,2.7013921156587126,0.12173141447988217,-26.599700927734375,0.08246755599975586,0.8209228515625,1.0771154314539273,0.05220974081350915,-0.12374874743873028,-0.00557642482870617,1.52665328675228,1.0103064272153632,1.13988720145747,0.8856745235636271,7263,7341,0,Box 1,ARG_org_3aer-ARG_org
2017-07-15 12:38:00,-34.653289794921875,-1.877920294145568,-32.77536950077351,-27.402453132163547,-6.713086176286188,0.6950288266514524,0.6451409810247742,-39.53507995605469,0.30936193466186523,3.123584747314453,0.8360684730500701,0.2048210677267195,-0.021205827340407237,-0.019683713436382425,1.6888734448773084,1.0662977862250722,1.2323697105980866,0.8616906326451031,10042,10163,1,Box 2,ARG_org_3aer-ARG_org
2017-07-15 12:38:00,-25.590835571289062,-3.111396508298397,-22.479439062988558,-27.554939158070034,1.390569503591134,2.98943680022317,0.6954937912671737,-28.859771728515625,0.2261335849761963,2.190774917602539,1.2257841079067704,-0.06185961756851165,-0.1329853824130848,-0.03093910792517393,1.7170839859050224,0.9864511468350197,1.1583718245729007,0.8477195459285191,9140,9341,2,Box 3,ARG_org_3aer-ARG_org
2017-07-15 12:38:00,-36.1876220703125,-7.287055413144942,-28.90056665716478,-28.9136562467869,-2.5179917667707588,1.2182503437281236,1.312831012664754,-40.169830322265625,0.2088451385498047,1.8352279663085938,1.0004529180959458,0.08712603446986462,-0.04215316461368087,-0.045425787952129586,1.8230126029636469,1.0264921718992661,1.2214917443118565,0.8327565065527823,8877,9160,3,Box 4,ARG_org_3aer-ARG_org
2017-07-15 12:40:00,-23.887374877929688,-2.533519015014556,-21.353855862912592,-23.169262331497258,-1.0169853633213513,2.7287163119730544,0.10367551993296133,-26.2353515625,0.08057761192321777,0.80450439453125,1.0850153939522307,0.04762537360232223,-0.12778564815136234,-0.004855119403190555,1.5234146914054447,1.0092814357073876,1.1380583515685068,0.8862884086852767,7194,7276,0,Box 1,ARG_org_3aer-ARG_org
2017-07-15 12:40:00,-35.107757568359375,-1.9935190394519893,-33.11423852890456,-27.559104611759164,-6.8433093288289495,0.6047164230425532,0.683458988641001,-40.05238342285156,0.3060290813446045,3.0701160430908203,0.8322433441343831,0.20665760811185807,-0.018261522834496467,-0.02063942941174466,1.685121561525814,1.0669347133162814,1.232455427740704,0.8619719975604678,10024,10151,1,Box 2,ARG_org_3aer-ARG_org
2017-07-15 12:40:00,-26.696868896484375,-3.7241950512666224,-22.972673845215628,-28.769460037533968,1.8279216826385185,3.2561981389794163,0.712666370700405,-30.158859252929688,0.24365711212158203,2.371763229370117,1.2523339786816152,-0.07956939165874277,-0.14174223518424103,-0.031022351838631418,1.7148409293935318,0.9830125765164853,1.1543653559112428,0.8477772425892163,9139,9375,2,Box 3,ARG_org_3aer-ARG_org
2017-07-15 12:40:00,-37.28373718261719,-8.908282335695958,-28.3754548469185,-28.72901233785547,-2.1176216635783676,1.2674601517113784,1.203719002803958,-41.42462158203125,0.21541070938110352,1.9060230255126953,1.012459976160536,0.07462864207825502,-0.04466748316631905,-0.04242113507247193,1.8265611662819845,1.0224511253049249,1.2193773611006948,0.8314772144212456,8775,9116,3,Box 4,ARG_org_3aer-ARG_org
2017-07-15 12:42:00,-23.68658447265625,-2.9637337774172026,-20.722850695236612,-22.616385361506733,-0.832657478624258,2.6164529125890983,0.1097392323052801,-25.995941162109375,0.07725811004638672,0.7668800354003906,1.0913742367841974,0.04018064362233976,-0.12625931398475598,-0.005295566421781195,1.5124026787648992,1.0076445687895745,1.1346841437460944,0.8874456975749453,7213,7308,0,Box 1,ARG_org_3aer-ARG_org
2017-07-15 12:42:00,-35.54747009277344,-2.4568213313337646,-33.09064876143684,-27.627536254340214,-6.746265291968885,0.5686586479865398,0.7144941368857194,-40.561492919921875,0.3036191463470459,3.0247116088867188,0.8349046418980088,0.20387225831095954,-0.01718487455734754,-0.021592025651620834,1.6790743623248594,1.0653185627203814,1.229868101585074,0.8623443634673441,10004,10159,1,Box 2,ARG_org_3aer-ARG_org
2017-07-15 12:42:00,-27.225112915039062,-4.6705235638478655,-22.554589351189097,-29.01050426032083,2.3764622649596343,3.3806146672736883,0.6988379768984099,-30.794891357421875,0.25862550735473633,2.5235252380371094,1.2862350898351147,-0.10536490946284265,-0.14988588861607713,-0.03098429175619491,1.7040291138239543,0.9784057893388266,1.1481225815911442,0.8485394950348587,9112,9405,2,Box 3,ARG_org_3aer-ARG_org
2017-07-15 12:42:00,-37.788848876953125,-9.461968956364329,-28.32687992058604,-28.8173067653984,-2.0055876511382618,1.411924671252467,1.084089824698152,-41.964111328125,0.2154676914215088,1.9376029968261719,1.0173131261256891,0.07080157280861482,-0.049843988297008895,-0.03827071063729506,1.8257045781257448,1.0211683409854742,1.218036916936717,0.8320675867019587,8721,9075,3,Box 4,ARG_org_3aer-ARG_org
2017-07-15 12:44:00,-23.326904296875,-2.261212267500486,-21.065692029371995,-22.56744638142195,-1.1773956054750603,2.560094894559592,0.11905506296542033,-25.570648193359375,0.07187652587890625,0.7014217376708984,1.071289106000223,0.055891617699215,-0.12152911430538525,-0.005651609394052723,1.5101771552682801,1.0108114404265325,1.1368543259958472,0.8884858344913478,7268,7340,0,Box 1,ARG_org_3aer-ARG_org
2017-07-15 12:44:00,-35.91328430175781,-2.2499064542960454,-33.663377847458904,-27.921959701515817,-7.079948377136274,0.5611667030577163,0.777363528135472,-40.97798156738281,0.30141353607177734,2.9842967987060547,0.8294461663366179,0.21031604164080367,-0.016669946361311933,-0.023092261616109677,1.6744898515993856,1.0675397412858543,1.2301914225118122,0.8636418596409875,10008,10147,1,Box 2,ARG_org_3aer-ARG_org
2017-07-15 12:44:00,-27.878067016601562,-4.971533223085512,-22.906533793513915,-29.579805231602776,2.5038145611538978,3.4367456496777375,0.7327112272572259,-31.5589599609375,0.27123045921325684,2.640270233154297,1.2913261123766542,-0.10930569346388251,-0.15003342193356495,-0.031986996979206705,1.702305859946128,0.9777364065015934,1.1471978618373326,0.8485468131347356,9065,9371,2,Box 3,ARG_org_3aer-ARG_org
2017-07-15 12:44:00,-37.954620361328125,-10.629640911400314,-27.324979449925163,-28.16377213170125,-1.6635604279596916,1.4870513930529787,1.0153017166828011,-42.141204833984375,0.21477222442626953,1.9387283325195312,1.0306969190338544,0.060880573799086526,-0.054420951927085584,-0.03715654090585535,1.8198946984537359,1.0178414351743672,1.2136695656003988,0.8326352303256668,8637,9030,3,Box 4,ARG_org_3aer-ARG_org
2017-07-15 12:46:00,-22.772964477539062,-1.0752725339578986,-21.697691943578608,-22.730334382983056,-1.7413718424696512,2.616428897246423,0.15758538462767496,-24.934295654296875,0.06758952140808105,0.6381282806396484,1.0475922712005346,0.0802560865458783,-0.12058558597154155,-0.007262771774871293,1.5154947664536451,1.0160524830831617,1.1414334846500584,0.8892999792486624,7256,7290,0,Box 1,ARG_org_3aer-ARG_org
2017-07-15 12:46:00,-36.11222839355469,-1.8237693046414887,-34.288459088910294,-28.256855693725253,-7.414571434263451,0.6334041750417403,0.7495638640366701,-41.213043212890625,0.30243659019470215,2.988971710205078,0.8240923169062501,0.21624102194377995,-0.01847280956543767,-0.021860529284592346,1.6742615915925552,1.0699549934914743,1.2317803425122713,0.864675464107634,10013,10124,1,Box 2,ARG_org_3aer-ARG_org
2017-07-15 12:46:00,-28.040267944335938,-5.482224783155933,-22.558043161177874,-29.833445644791677,2.905989720264717,3.7399003095536845,0.6295124537954014,-31.765090942382812,0.2829296588897705,2.7701377868652344,1.3225192199354723,-0.1288227750741204,-0.16579010346030407,-0.027906341401047807,1.6990897754292247,0.9745130213366882,1.1429433255926096,0.8494614872407997,8965,9297,2,Box 3,ARG_org_3aer-ARG_org
2017-07-15 12:46:00,-38.188568115234375,-10.865363720004108,-27.32320439522758,-28.46060699702384,-1.5700558367179456,1.7162925483245954,0.9911658901896094,-42.35394287109375,0.2152543067932129,1.9571723937988281,1.0416277163301872,0.057462361076220624,-0.06281446800670175,-0.03627560939970613,1.8132693703216485,1.016550965553976,1.209792915385839,0.8344834482874036,8591,8983,3,Box 4,ARG_org_3aer-ARG_org
2017-07-15 12:48:00,-22.516433715820312,-0.7943762116562382,-21.722057504161544,-22.684310520144226,-1.8538843128717772,2.670069681359045,0.14606764749541504,-24.62750244140625,0.0649104118347168,0.5968780517578125,1.04429842871921,0.08534570505195502,-0.12291974095214088,-0.006724392819024219,1.5144230027681191,1.0171040579118231,1.141652007579316,0.8901122189235423,7320,7345,0,Box 1,ARG_org_3aer-ARG_org
2017-07-15 12:48:00,-36.38755798339844,-1.933163958100325,-34.45439402529519,-28.408894807224222,-7.466652753331384,0.606295993380969,0.8148575418794503,-41.51397705078125,0.29693603515625,2.9178466796875,0.8245361908372971,0.21671119067860065,-0.01759705867808466,-0.02365032283781311,1.6702015901612146,1.069731908369582,1.2304338308837146,0.8651407719050453,9989,10104,1,Box 2,ARG_org_3aer-ARG_org
2017-07-15 12:48:00,-28.415252685546875,-6.056912596101503,-22.35834008944325,-29.97175692699275,3.210546240337717,3.814834020336655,0.5880365768751283,-32.20152282714844,0.2901954650878906,2.8472518920898438,1.3405179815269141,-0.1435950176754675,-0.1706224167391511,-0.02630054711229554,1.6922300231698897,0.9722183701478565,1.1397477299852699,0.850082324487275,8868,9227,2,Box 3,ARG_org_3aer-ARG_org
2017-07-15 12:48:00,-38.49858093261719,-10.75875287241144,-27.739828060202992,-28.911090774540877,-1.7628327909222514,1.9586810249621245,0.9754144802980129,-42.73681640625,0.23087859153747559,2.1164798736572266,1.0422231425442121,0.06354880019791123,-0.07060898217217686,-0.035162960569946486,1.8192472749445028,1.0184116411552053,1.210935329171148,0.8353714456773048,8511,8895,3,Box 4,ARG_org_3aer-ARG_org
2017-07-15 12:50:00,-22.61712646484375,-0.3188425807842554,-22.29828388405691,-23.100009648177053,-2.094313226385058,2.745942485884697,0.1500965046205034,-24.732452392578125,0.06544375419616699,0.5931949615478516,1.0359545949046496,0.09392261921476722,-0.12314591114556682,-0.006731302973849981,1.5161394565438615,1.0190445373134074,1.1432874296886424,0.8905253257809113,7399,7409,0,Box 1,ARG_org_3aer-ARG_org
2017-07-15 12:50:00,-36.88987731933594,-2.9788082059655565,-33.91106911336749,-28.319968843878048,-6.992099450243478,0.5672703488028531,0.8337288319511816,-42.09465026855469,0.29590320587158203,2.8932533264160156,0.8351246240335881,0.20618929550313836,-0.016728176481443913,-0.02458574305528256,1.6597575033087137,1.0645452318438575,1.2241342899862382,0.8653179502811642,9901,10076,1,Box 2,ARG_org_3aer-ARG_org
2017-07-15 12:50:00,-28.729949951171875,-7.605434021562821,-21.124515929607025,-30.243400477039224,4.354682798234256,4.216594725763371,0.5476070234345729,-32.577423095703125,0.29841065406799316,2.9374217987060547,1.4316730654476983,-0.20614355437754475,-0.19960669109835602,-0.025922819971797573,1.6769676870927377,0.9634642041099629,1.12791298748451,0.8515396123342754,8742,9185,2,Box 3,ARG_org_3aer-ARG_org
2017-07-15 12:50:00,-38.89787292480469,-11.889924642540059,-27.007948282261943,-28.595079803171245,-1.4800123391550797,2.1452818642740668,0.9218619957903146,-43.224365234375,0.24730372428894043,2.2994537353515625,1.058765349530519,0.05479914000454118,-0.07943150075131872,-0.034132988783741394,1.8199122488667785,1.0156166027770561,1.2074585534291746,0.8357242719561144,8422,8841,3,Box 4,ARG_org_3aer-ARG_org
2017-07-15 12:52:00,-22.445114135742188,-0.547510975539521,-21.897603160200134,-22.894763635152795,-1.8904950987611848,2.7500024728240144,0.13765310088983196,-24.533782958984375,0.06554698944091797,0.5918617248535156,1.0455374256103538,0.08633342585170434,-0.12558463374759965,-0.006286217714458475,1.5109811120606667,1.0171874677179138,1.1406450603994744,0.8910277217657151,7347,7364,0,Box 1,ARG_org_3aer-ARG_org
2017-07-15 12:52:00,-37.2015380859375,-4.124420955964855,-33.07711712996981,-28.22509823459592,-6.231752594644823,0.5066765952918341,0.8730571039791006,-42.436004638671875,0.2957947254180908,2.8789234161376953,0.8533119172293986,0.1884007173345373,-0.015318039758451482,-0.026394594805484416,1.6401576935111823,1.0561413391203809,1.2132262442725161,0.8660932142172892,9765,9999,1,Box 2,ARG_org_3aer-ARG_org
2017-07-15 12:52:00,-28.980484008789062,-7.813879643433227,-21.166604365353784,-30.371885458964297,4.267137260706063,4.3740443499879955,0.5640994829164535,-32.858795166015625,0.302675724029541,2.960845947265625,1.4348964498376522,-0.20159762931510442,-0.20664837280879966,-0.02665044771374811,1.6775682413883433,0.9643099166017276,1.1277018373471372,0.852376256668717,8649,9095,2,Box 3,ARG_org_3aer-ARG_org
2017-07-15 12:52:00,-39.33116149902344,-12.284477198202577,-27.04668430081816,-29.06871135545528,-1.4530436238906501,2.6004894673243393,0.8745812112034322,-43.710723876953125,0.25113654136657715,2.3269691467285156,1.0747606261879559,0.05372353992562022,-0.09614817988043269,-0.03233598623314342,1.824381844397574,1.0151404496707404,1.2049919745625237,0.837381334749755,8398,8823,3,Box 4,ARG_org_3aer-ARG_org
2017-07-15 12:54:00,-23.069717407226562,-1.3242351130571441,-21.745482294166898,-22.9264427363439,-1.574632098228521,2.62543928275742,0.13015325764810456,-25.25421142578125,0.07262778282165527,0.6619930267333984,1.0543083122370567,0.07241191880351658,-0.12073493000712515,-0.005985301033448104,1.5008322304505448,1.014040767270074,1.1369718438712595,0.8911935333160061,7392,7433,0,Box 1,ARG_org_3aer-ARG_org
2017-07-15 12:54:00,-37.55171203613281,-4.462109469729837,-33.08960256640009,-28.423373625766295,-6.158174275223718,0.5414191619309673,0.9505261726589592,-42.84564208984375,0.29578590393066406,2.856426239013672,0.8589820191623582,0.18610602115471958,-0.016362214107725072,-0.028725826209352677,1.6368273439277325,1.0548308032890577,1.2107239955475804,0.8664671721185729,9658,9908,1,Box 2,ARG_org_3aer-ARG_org
2017-07-15 12:54:00,-28.746826171875,-9.386119397821563,-19.360706774051554,-29.355864792031074,5.04984482851766,4.361367798438292,0.5839453910235674,-32.57470703125,0.3000469207763672,2.913555145263672,1.5162599761789515,-0.2608295702967715,-0.22526903843632784,-0.030161367445852127,1.6656598095029767,0.9570644328296005,1.1186992568546796,0.8526259886577016,8514,9043,2,Box 3,ARG_org_3aer-ARG_org
2017-07-15 12:54:00,-39.84613037109375,-13.830028719323236,-26.016101651767936,-28.372909581611957,-1.1621984159197232,2.690791988663301,0.8282143571004446,-44.35968017578125,0.2627696990966797,2.4574031829833984,1.090590356748697,0.0446722737893648,-0.10342794722592294,-0.031834683312138845,1.8215299370420162,1.0123575772945592,1.2011604381070153,0.8379128388172125,8356,8833,3,Box 4,ARG_org_3aer-ARG_org
2017-07-15 12:56:00,-23.659988403320312,-0.48615126272359377,-23.173837140594106,-23.875087231880386,-1.9715145061723616,2.57408288610077,0.09868171135787232,-25.92169189453125,0.07893514633178711,0.7221508026123047,1.030260422002271,0.08507501343913466,-0.11107711124765324,-0.004258324193752508,1.5008702021447295,1.016906152590051,1.1403930196803473,0.8912168065912479,7467,7482,0,Box 1,ARG_org_3aer-ARG_org
2017-07-15 12:56:00,-37.7869873046875,-5.824209182486232,-31.96277812219847,-28.24977387505193,-5.337278462696056,0.5756213853456046,1.0486528302039133,-43.10516357421875,0.2932901382446289,2.8225135803222656,0.8838334942929188,0.16698418523855607,-0.01800911620213106,-0.03280856332934381,1.6214237301955348,1.0467140556760512,1.1999452005251223,0.8671005682652715,9524,9842,1,Box 2,ARG_org_3aer-ARG_org
2017-07-15 12:56:00,-28.757110595703125,-9.551521969756427,-19.205588625944817,-28.513984607863733,4.5491259575774325,4.1313786264016095,0.6278913979398746,-32.57649230957031,0.29869937896728516,2.879972457885742,1.4846712154057184,-0.23686469840513097,-0.2151133561624106,-0.03269316083817689,1.6697053522306822,0.959930964789914,1.1219831629713266,0.8523529133094395,8420,8949,2,Box 3,ARG_org_3aer-ARG_org
2017-07-15 12:56:00,-40.599151611328125,-14.991756467620238,-25.60739514370538,-28.02932061886636,-1.0757811328965792,2.6735436873933005,0.8241629206642594,-45.277862548828125,0.27513909339904785,2.5455970764160156,1.0945791425316573,0.04201056479424928,-0.10440514048343146,-0.03218456684247516,1.822539663653059,1.0115851956788515,1.2005610144652592,0.8376513275942447,8316,8832,3,Box 4,ARG_org_3aer-ARG_org
2017-07-15 12:58:00,-23.856597900390625,0.0654757628062761,-23.92207366319416,-24.334858975049098,-2.103074178422282,2.432903038892318,0.0829564513849041,-26.151214599609375,0.08469486236572266,0.7782859802246094,1.0172554151310904,0.08791353993939137,-0.10170117662648599,-0.0034677784439957893,1.4970653473258535,1.0175888826396777,1.1413602223802313,0.8911493433317131,7420,7418,0,Box 1,ARG_org_3aer-ARG_org
2017-07-15 12:58:00,-38.018585205078125,-6.5341520679192895,-31.484433137156053,-28.361998223936972,-4.856748008823918,0.6231909231939256,1.111122172410911,-43.383819580078125,0.29857921600341797,2.874753952026367,0.9008260717410164,0.15425870898378263,-0.019793620564140718,-0.03529116016065828,1.6112375828535759,1.0416867679146269,1.1930411209472813,0.8677137435067379,9375,9725,1,Box 2,ARG_org_3aer-ARG_org
2017-07-15 12:58:00,-28.208511352539062,-9.49590814386649,-18.712603208670732,-26.95920560738104,3.95990753721343,3.659216119960295,0.6274787415365841,-31.92755126953125,0.2902977466583252,2.7867584228515625,1.440697764322237,-0.2116171380889728,-0.19554821310296094,-0.033532413130303196,1.6685058677801896,0.9631006501219921,1.1257444865301462,0.8521321396847141,8320,8839,2,Box 3,ARG_org_3aer-ARG_org
2017-07-15 12:58:00,-42.12657165527344,-15.17983033872402,-26.946741316546756,-29.257054102492198,-1.4936950357653778,2.9108598803061616,0.8931479414046595,-47.091400146484375,0.2935459613800049,2.695486068725586,1.0857362587485406,0.0554313791867727,-0.10802270471638574,-0.0331449332189276,1.8350009074459526,1.0156167801160207,1.2048676004283825,0.8377372234992914,8342,8858,3,Box 4,ARG_org_3aer-ARG_org
2017-07-15 13:00:00,-24.468673706054688,-0.6591204091576565,-23.809553296894315,-24.61293325996654,-1.6521904621594454,2.366830906145159,0.08873951908651058,-26.8463134765625,0.09077692031860352,0.8257694244384766,1.0337419166606967,0.06939191347092408,-0.09940677494583174,-0.003727055185789044,1.4872570317559297,1.0134116017201866,1.1365444303141774,0.8912350958190285,7445,7465,0,Box 1,ARG_org_3aer-ARG_org
2017-07-15 13:00:00,-38.05458068847656,-7.624285452443393,-30.430295236030442,-28.176365493035302,-4.156227841332071,0.6938765202161644,1.2084215781207663,-43.40412902832031,0.2936279773712158,2.812314987182617,0.9259313876019706,0.1365819098728613,-0.022802161951902208,-0.03971113552292968,1.6001666163445258,1.035280321311201,1.1844017502378545,0.8682407959494358,9258,9656,1,Box 2,ARG_org_3aer-ARG_org
2017-07-15 13:00:00,-27.965911865234375,-10.43788074912544,-17.528031116107194,-25.390352577011818,4.176949977790499,3.141965821515573,0.5434056615985527,-31.640106201171875,0.2851569652557373,2.7154808044433594,1.4485570232517233,-0.23830115031871069,-0.17925377931513925,-0.031002093617873372,1.649451352793678,0.959671971685758,1.122051722332068,0.8522351261380393,8217,8778,2,Box 3,ARG_org_3aer-ARG_org
2017-07-15 13:00:00,-42.74464416503906,-15.85577338744578,-26.888870777590615,-29.086033697303463,-1.8347881259640921,3.0787084551687194,0.9532425905082196,-47.88092041015625,0.3102562427520752,2.827594757080078,1.0817127256063122,0.06823596800105187,-0.11449749900745322,-0.03545119459991079,1.854507712241224,1.0196711247228676,1.2096383262099166,0.8372869934735747,8282,8819,3,Box 4,ARG_org_3aer-ARG_org
