time,DCRE_total,DCRE_CF,DCRE_A,DCRE_A_Nc,DCRE_A_LWP,DCRE_A_re,DCRE_A_cov,DCRE_sfc,DCRE_lw_toa,DCRE_lw_sfc,frac_Nc,frac_LWP,frac_re,frac_cov,R_Nc,R_LWP,R_tau,R_re,n_any_pix,n_both_pix,box,box_label,pair
2017-07-15 09:04:00,-1.74603271484375,-0.03684859373124409,-1.709184121112204,-6.441297823237033,0.01700110288353375,6.267407943994327,-1.5522953447530312,-1.673248291015625,0.013741016387939453,0.08118820190429688,3.768638933437749,-0.009946911320748026,-3.66690040386988,0.9082083817528788,0.6692847422865196,1.0005300584464574,0.9651068873782077,1.003797218886454,9743,9746,0,Box 1,mid2_3aer-mid2
2017-07-15 09:04:00,-2.8958206176757812,-0.05560534970508484,-2.8402152679701773,-6.640286971370134,-0.001173577425783731,6.3650615739957015,-2.563816293169961,-2.9012374877929688,0.023284554481506348,0.19690513610839844,2.3379520018268765,0.0004132001679655973,-2.241048995749056,0.9026837937542138,0.7855894926831695,0.9999786751883973,0.9661788577205258,1.0033325069181345,9482,9487,1,Box 2,mid2_3aer-mid2
2017-07-15 09:04:00,-1.458526611328125,-0.011404737292785919,-1.447121874035042,-2.248763558178317,0.0037320274735452756,2.1363872017510745,-1.3384775450813449,-1.399322509765625,0.012049078941345215,0.07044410705566406,1.5539558889453033,-0.0025789310081667004,-1.476300814798783,0.9249238568616465,0.7888696690863047,1.0001968088011355,0.9504012059523889,1.0040240674344603,8530,8531,2,Box 3,mid2_3aer-mid2
2017-07-15 09:04:00,1.3365631103515625,-0.00014878230651404507,1.3367118926578534,2.01728236724323,0.020294263022755332,-1.5582231631441108,0.857358425535979,1.46405029296875,-0.001043081283569336,-0.08902359008789062,1.5091377418900367,0.015182226726810367,-1.1657135480749072,0.6413935794580602,0.768273585970154,0.9986748972635165,0.9434374953638913,1.0197463666053355,10062,10062,3,Box 4,mid2_3aer-mid2
2017-07-15 09:06:00,-0.7333984375,0.055167249920382695,-0.7885656874202124,-3.2478135461107907,0.026903942147006078,3.1169962806340976,-0.6846523640905252,-0.6014556884765625,0.012675762176513672,0.029766082763671875,4.118634120051548,-0.03411756633112221,-3.9527414524354096,0.8682248987149834,0.7128662388506003,1.0014028412562157,0.9729790813179747,1.005024112246351,9702,9699,0,Box 1,mid2_3aer-mid2
2017-07-15 09:06:00,-0.7174072265625,-0.037366969124771714,-0.6800402574376107,-1.2401280844909148,0.004646461413862226,1.0863865604712424,-0.5309451948318005,-0.740081787109375,0.012001752853393555,0.11344528198242188,1.8236098097540772,-0.006832626985011265,-1.5975327174963776,0.7807555347273117,0.8433498878444767,1.0003192249185981,0.9693377780206996,1.0071725167806524,9473,9476,1,Box 2,mid2_3aer-mid2
2017-07-15 09:06:00,-0.43837738037109375,-0.09824897724552252,-0.34012840312550396,-0.6566923321037228,0.0023653412724156846,0.5137715248378772,-0.19957293713207414,-0.4072723388671875,0.009578227996826172,0.024133682250976562,1.9307188875414498,-0.006954259775661539,-1.5105222619361804,0.5867576341703922,0.8769278771339575,1.0002365478038289,0.9775812637034973,1.0096526066476121,8632,8640,2,Box 3,mid2_3aer-mid2
2017-07-15 09:06:00,1.0783843994140625,0.0037450998791383207,1.0746392995347365,1.6354963623403427,0.04360840697783664,-1.146454067744261,0.5419885979608182,1.084625244140625,-0.006282329559326172,-0.08161163330078125,1.5219026170440895,0.040579575860213594,-1.0668268583148006,0.5043446654104976,0.8156005244000015,0.9972862485403249,0.9563380584949166,1.019600111222403,10228,10227,3,Box 4,mid2_3aer-mid2
2017-07-15 09:08:00,-1.130340576171875,-0.09580256223373458,-1.0345380139379377,-5.046121091984083,0.01566139314950395,4.823579556547529,-0.8276578716508873,-0.9785308837890625,0.011111021041870117,0.0162200927734375,4.877656523007961,-0.015138538109285449,-4.662544528631402,0.8000265437327263,0.750343412684578,1.0004458211718155,0.9805628143685388,1.0043804815478437,9657,9663,0,Box 1,mid2_3aer-mid2
2017-07-15 09:08:00,0.3094329833984375,-0.22357346163151884,0.5330064450298596,0.8235692921521942,0.024811563424074846,-0.6372701835585688,0.3218957730121594,0.3102874755859375,0.004170894622802734,0.03473663330078125,1.5451394628184223,0.046550212770288125,-1.195614404855589,0.6039247292668786,0.9033975115466869,0.9984708367787422,0.9783218237618075,1.0071759140230683,9428,9445,1,Box 2,mid2_3aer-mid2
2017-07-15 09:08:00,0.39427947998046875,0.039554385333479526,0.3547250946469217,0.11824169821564057,0.23648339643128113,0.0,0.0,0.40525054931640625,0.0030018091201782227,-0.0485687255859375,0.3333333333333333,0.6666666666666666,0.0,0.0,0.9532802116670878,1.0014720486762718,0.9956839107723848,1.0103075047238637,8577,8574,2,Box 3,mid2_3aer-mid2
2017-07-15 09:08:00,0.4498291015625,0.002751393281258453,0.447077708281167,0.11979497333536539,0.054537858084313065,0.26304715070479534,0.009697726156693247,0.3230438232421875,-0.009807109832763672,-0.042240142822265625,0.26795112150844785,0.12198742427572395,0.5883700883144124,0.02169136590141585,0.9847037782485343,0.9964973652174806,0.9810070271060903,1.0153678155377406,10215,10215,3,Box 4,mid2_3aer-mid2
2017-07-15 09:10:00,-1.32855224609375,0.026433125599440423,-1.3549853716929665,-0.45166179056432215,-0.9033235811286443,-0.0,-0.0,-1.1800384521484375,0.0070209503173828125,0.012798309326171875,0.3333333333333333,0.6666666666666666,0.0,0.0,0.8639187522463214,1.0010408854132742,1.0011291774422348,0.9935185951903421,9607,9606,0,Box 1,mid2_3aer-mid2
2017-07-15 09:10:00,0.9531402587890625,-0.12433937982991329,1.0774796386187724,0.3591598795395908,0.7183197590791816,0.0,0.0,0.9686431884765625,-0.0025289058685302734,-0.025493621826171875,0.3333333333333333,0.6666666666666666,0.0,0.0,0.9858547372218533,0.9991144586907899,0.9945885715787346,1.0017403684688189,9474,9483,1,Box 2,mid2_3aer-mid2
2017-07-15 09:10:00,0.356109619140625,0.10290317955730163,0.2532064395832802,0.21056930077987343,0.02015120778522107,-0.17271588281920747,0.19520181383739316,0.3448333740234375,-0.00022518634796142578,-0.06000709533691406,0.8316111593623854,0.07958410464751742,-0.6821148905353996,0.7709196265254968,1.0370933414700054,1.001744285426406,1.0147060298801391,0.9983997160199266,8605,8598,2,Box 3,mid2_3aer-mid2
2017-07-15 09:10:00,-0.1098480224609375,-0.092642392717871,-0.017205629743040053,-0.005735209914346684,-0.011470419828693368,-0.0,-0.0,-0.263031005859375,-0.010174274444580078,-0.0249786376953125,0.3333333333333333,0.6666666666666666,0.0,0.0,1.0650461071346182,0.9949431749986865,0.997614444764574,1.006271185257307,10211,10216,3,Box 4,mid2_3aer-mid2
2017-07-15 09:12:00,-2.87713623046875,0.052119969095550646,-2.9292561995637585,10.516296169467148,-0.34847010043298154,-14.588334984806218,1.4912527162082914,-2.711456298828125,0.009332656860351562,0.020355224609375,-3.5900909490379487,0.11896197419839127,4.980218182000876,-0.5090892071613187,0.8804861502588217,1.0021110308098546,1.0118879201970832,0.984397667677212,9601,9598,0,Box 1,mid2_3aer-mid2
2017-07-15 09:12:00,0.428314208984375,-0.08415901751688325,0.5124732265011656,0.17082440883372185,0.3416488176674437,0.0,0.0,0.4372100830078125,-0.002490997314453125,-0.010101318359375,0.3333333333333333,0.6666666666666666,0.0,0.0,1.0552765520872391,0.9989421746757446,1.0073855891666843,0.9984667605733315,9462,9468,1,Box 2,mid2_3aer-mid2
2017-07-15 09:12:00,-0.421295166015625,0.002356576884337846,-0.42365174289988455,-0.4950915157650166,-0.004575461565980519,0.2671904500344672,-0.1911752156033546,-0.4566650390625,-0.0003622770309448242,-0.023607254028320312,1.168628535259005,0.010800053682445892,-0.6306841751801984,0.4512555862387476,1.1293507539171583,1.0005622485029062,1.0353057275210427,0.9816920943715457,8640,8640,2,Box 3,mid2_3aer-mid2
2017-07-15 09:12:00,-1.1731719970703125,0.1354835328437485,-1.308655529913839,-4.095285140212219,0.2425901838943323,3.9187783777808542,-1.3747389513768065,-1.2857513427734375,-0.006642818450927734,0.057643890380859375,3.1293835899519333,-0.18537359782547533,-2.994507177942284,1.050497185815826,1.16214402173549,0.9955592590369277,1.0161347662317977,0.9963642522159604,10227,10220,3,Box 4,mid2_3aer-mid2
2017-07-15 09:14:00,-3.26873779296875,-0.004243812510659652,-3.2644939804575315,4.617811918555798,-0.29841599428207033,-8.534519169383065,0.9506292646518049,-3.0989532470703125,0.011561393737792969,0.04270172119140625,-1.4145567264634973,0.09141263426077635,2.6143467319816955,-0.2912026397789744,0.9144063456728819,1.0028954156069656,1.021309446687532,0.975959178811719,9416,9416,0,Box 1,mid2_3aer-mid2
2017-07-15 09:14:00,-0.2040252685546875,-0.15494104464178324,-0.049084223912895894,-0.08991478565033958,0.0030478494312175387,0.07465476797794442,-0.03687205567171826,-0.1867523193359375,-0.0021300315856933594,0.00189208984375,1.8318469455664814,-0.062094277717952825,-1.5209523962409106,0.751199728392382,1.1092842559446336,0.9982437259201687,1.0190517851240677,0.9935674586437263,9423,9434,1,Box 2,mid2_3aer-mid2
2017-07-15 09:14:00,-1.7834014892578125,-0.02561363466888565,-1.7577878545885852,-2.0289256265633733,-0.008735650347938525,0.7891639870365753,-0.5092905647138485,-1.8502197265625,0.0025380849838256836,0.047580718994140625,1.1542494284887688,0.004969684097620032,-0.44895291828107503,0.2897338056946862,1.2052914598623383,1.0004020504332063,1.0554032224239247,0.9628114892624463,8594,8596,2,Box 3,mid2_3aer-mid2
2017-07-15 09:14:00,-2.0601348876953125,0.054560992446647444,-2.1146958801416202,-5.08627948984612,0.21717062585545327,4.243419699446295,-1.4890067155972475,-2.142059326171875,-0.0027289390563964844,0.1539306640625,2.4052061280345876,-0.10269591381665219,-2.0066335491995733,0.7041233349816378,1.2361236363931098,0.9954847249501468,1.0298137829024314,0.9868692088406098,10218,10215,3,Box 4,mid2_3aer-mid2
2017-07-15 09:16:00,-3.4436187744140625,-0.038895015992804934,-3.4047237584206753,0.9884667925654014,-0.24118615553669792,-3.5917474181288083,-0.5602569773205706,-3.3245391845703125,0.006911516189575195,-0.004161834716796875,-0.2903221708136211,0.0708386854998701,1.0549306413613087,0.1645528439524424,0.9722210228835024,1.0034429144298636,1.0328746139168639,0.9766897732252492,9420,9422,0,Box 1,mid2_3aer-mid2
2017-07-15 09:16:00,-0.9422149658203125,-0.1150897566834885,-0.8271252091366724,-1.4981199612678096,0.022483953836371605,1.2449418074661092,-0.5964310091713437,-0.9514312744140625,-0.0015490055084228516,0.03187370300292969,1.8112372162269126,-0.02718325301660151,-1.505143107372511,0.7210891441621999,1.1712696879100866,0.9988143993579446,1.0295213567950616,0.9907421856433635,9370,9378,1,Box 2,mid2_3aer-mid2
2017-07-15 09:16:00,-3.033172607421875,0.07661275204436935,-3.1097853594656337,-3.5344220410430096,-0.04120750007619143,1.09233067596308,-0.6264864943095126,-3.118927001953125,0.0051947832107543945,0.08616256713867188,1.136548549977849,0.013250914552917013,-0.35125597097504485,0.2014565064442789,1.272741226634908,1.0014068957343238,1.0732941630174102,0.9464121469737637,8570,8565,2,Box 3,mid2_3aer-mid2
2017-07-15 09:16:00,-2.8111572265625,-0.06324181426760977,-2.7479154122944722,-5.912792811925528,0.19242345551315465,4.561075644199258,-1.5886217000813563,-2.910247802734375,-0.0006885528564453125,0.2774200439453125,2.151737562761594,-0.07002524701169155,-1.659831166488062,0.5781188507381596,1.3012945763761974,0.9957238366643054,1.0416416451917792,0.9787321902500349,10205,10208,3,Box 4,mid2_3aer-mid2
2017-07-15 09:18:00,-3.6114349365234375,-0.08435957082330495,-3.5270753656995253,-0.6115937416706342,-0.19405474976923412,-2.024498395772507,-0.6969284784871501,-3.5608978271484375,0.005649566650390625,0.0133209228515625,0.17339968054505597,0.055018600298819303,0.5739878471156479,0.19759387204047685,1.0243579508111484,1.0038252953942803,1.047349945747658,0.9672446587185209,9388,9391,0,Box 1,mid2_3aer-mid2
2017-07-15 09:18:00,-2.3844146728515625,-0.21295690968337863,-2.1714577631677985,-3.2063895012365675,0.045477402661317036,1.7259101621514155,-0.7364558267439633,-2.4210205078125,0.003016948699951172,0.06896018981933594,1.47660689313108,-0.02094325914724356,-0.794816363194464,0.3391527292106275,1.295356516764311,0.9981664547345495,1.0601591728724598,0.9603655319066171,9135,9149,1,Box 2,mid2_3aer-mid2
2017-07-15 09:18:00,-4.0306243896484375,-0.048715939903426105,-3.9819084497442527,-4.490359242804415,-0.03770142641976359,1.1339136488028432,-0.5877614293229179,-4.1554718017578125,0.007988572120666504,0.13952064514160156,1.127690226803888,0.009468180119054483,-0.28476637851271325,0.1476079715897708,1.3188793930796137,1.0011626193755223,1.0852538974967452,0.9337228410738146,8564,8567,2,Box 3,mid2_3aer-mid2
2017-07-15 09:18:00,-4.5438079833984375,-0.06017086813447996,-4.4836371152632415,-8.674642263532895,0.10572369390539677,6.066138452386055,-1.9808569980217992,-4.595550537109375,0.0052814483642578125,0.38434600830078125,1.9347333516360172,-0.023579895336643352,-1.3529503607095337,0.44179690441015984,1.4149621914047277,0.9978870478426163,1.061626330891698,0.9651257715893247,10220,10223,3,Box 4,mid2_3aer-mid2
2017-07-15 09:20:00,-3.7249603271484375,0.11744006494252004,-3.842400392090308,-1.6749475687968793,-0.24143032068768425,-1.1605747748129227,-0.7654477277928213,-3.7224578857421875,0.007054328918457031,0.03131103515625,0.4359117733396049,0.06283320217868901,0.3020442058047879,0.1992108186769181,1.0727165259684561,1.005071787889201,1.0551428737142627,0.9627857853865887,9432,9426,0,Box 1,mid2_3aer-mid2
2017-07-15 09:20:00,-4.51220703125,-0.6358819048120303,-3.87632512643729,-5.492982704205759,0.17416875439605886,2.409832105866244,-0.9673432824938337,-4.6188201904296875,0.008234262466430664,0.12566184997558594,1.417059334559568,-0.04493141021845514,-0.6216795617660451,0.24955163742493236,1.3689296635470385,0.9950338323318773,1.0766654742150465,0.9413754619840687,8873,8912,1,Box 2,mid2_3aer-mid2
2017-07-15 09:20:00,-4.886749267578125,-0.3780798637574625,-4.508669403819825,-5.1932751004912845,0.011558916467038141,0.9522813332819392,-0.27923455307751777,-5.0398406982421875,0.01056969165802002,0.18601417541503906,1.1518420703215564,-0.0025637090307054277,-0.21121116852682734,0.061932807235976384,1.3690178107431379,0.9996505146891842,1.0951551177166619,0.9179465500724446,8518,8541,2,Box 3,mid2_3aer-mid2
2017-07-15 09:20:00,-5.5792236328125,-0.4939270336396312,-5.085296599172054,-9.734303733323843,0.05699276238469827,6.683656471438362,-2.091642099671271,-5.6012725830078125,0.010264396667480469,0.4629707336425781,1.9142056994096868,-0.01120736249562658,-1.3143100586358207,0.41131172172176056,1.4952730136964967,0.9988229669852351,1.072568995081488,0.9584678252682035,10211,10235,3,Box 4,mid2_3aer-mid2
2017-07-15 09:22:00,-4.33551025390625,-0.02677294878024965,-4.308737305125266,-2.6970119187162642,-0.24662764237339077,-0.6291461181601873,-0.7359516258754241,-4.338165283203125,0.009514808654785156,0.02658843994140625,0.6259402065445377,0.05723896002664768,0.14601635551367093,0.17080447791514364,1.1097524272991603,1.004772743390657,1.0570228063497589,0.9596153885783746,9453,9453,0,Box 1,mid2_3aer-mid2
2017-07-15 09:22:00,-5.4102783203125,-0.41521745412740535,-4.995060866184193,-6.712158622960169,0.1357060894281807,2.862724657494124,-1.2813329901463284,-5.56292724609375,0.011820077896118164,0.17701339721679688,1.343759125819761,-0.027168055217683208,-0.5731110659480322,0.25651999534595443,1.4324485659755748,0.9963735747190766,1.0932437861494475,0.9324743031854854,8700,8725,1,Box 2,mid2_3aer-mid2
2017-07-15 09:22:00,-5.7618865966796875,-0.0679792216153725,-5.69390737506327,-6.591298167663183,-0.11157589687348167,1.5351985588029422,-0.5262318693295474,-5.958831787109375,0.013004422187805176,0.2283935546875,1.1576054427105853,0.01959566419400032,-0.26962127370150335,0.09242016679691772,1.4219578585843258,1.002984022333871,1.1066845435186528,0.914826763090681,8488,8492,2,Box 3,mid2_3aer-mid2
2017-07-15 09:22:00,-6.877716064453125,-0.43589320492580563,-6.441822859526306,-11.622878003571909,-0.11367475210814808,7.706200896626351,-2.4114710004726003,-6.979217529296875,0.01771402359008789,0.5837173461914062,1.804284013551187,0.01764636417160143,-1.19627643675893,0.3743460590361415,1.5466942337523824,1.0021349584829755,1.0839060013068478,0.9528698089424753,10188,10209,3,Box 4,mid2_3aer-mid2
2017-07-15 09:24:00,-5.246307373046875,0.22532203109325247,-5.471629404139213,-4.684062168644141,-0.2979583409486187,0.8372507898345021,-1.326859684380955,-5.311248779296875,0.01345968246459961,0.049938201904296875,0.8560634909046859,0.05445513921743628,-0.15301672097915353,0.24249809085703133,1.2028865235138746,1.0058925447676452,1.0745776788986228,0.9525524200567872,9489,9480,0,Box 1,mid2_3aer-mid2
2017-07-15 09:24:00,-6.179290771484375,-0.051164731481207336,-6.128126040002065,-7.607642006992809,0.03586934180880376,2.942205645465263,-1.4985590202833219,-6.35345458984375,0.013319253921508789,0.18683815002441406,1.241430407490484,-0.0058532317342467185,-0.48011506719340774,0.2445378914371704,1.5246115588055822,0.9990062619642257,1.1199009547220646,0.9170961598196977,8793,8796,1,Box 2,mid2_3aer-mid2
2017-07-15 09:24:00,-6.6278839111328125,-0.46132458183174985,-6.166559329299955,-7.603588516232312,-0.04542232927881059,2.1689004003920633,-0.6864488841808952,-6.8349609375,0.014725923538208008,0.2633838653564453,1.233035816278361,0.007365911337784382,-0.35171970049597867,0.11131797287983328,1.485765914046564,1.0011833044011607,1.1129721369041745,0.9103404570696131,8622,8649,2,Box 3,mid2_3aer-mid2
2017-07-15 09:24:00,-8.053207397460938,-0.7727749958259724,-7.280432401633837,-12.97275179332146,-0.21966402528660675,8.550750415358644,-2.638766998384412,-8.228256225585938,0.02485036849975586,0.6651344299316406,1.7818655647994457,0.030171837765750137,-1.1744838690404884,0.36244646647529255,1.6517025129178995,1.0042575137390388,1.0984201110016838,0.9459169418005438,10184,10220,3,Box 4,mid2_3aer-mid2
2017-07-15 09:26:00,-5.7130126953125,0.5803282002862342,-6.293340895597729,-5.915372406155427,-0.39833881045521646,1.4722280191931043,-1.4518576981801894,-5.781707763671875,0.015617609024047852,0.015361785888671875,0.9399415198203079,0.06329528577323047,-0.2339342558454042,0.23069745025186578,1.2474379889141385,1.0074718943088843,1.0815619423762963,0.9484995141770796,9490,9466,0,Box 1,mid2_3aer-mid2
2017-07-15 09:26:00,-6.4872894287109375,-0.05247858423069256,-6.4348108444791,-8.061168268225774,0.016305028221550475,2.7938165866118476,-1.183764191086723,-6.6402740478515625,0.01234745979309082,0.163360595703125,1.2527436257340878,-0.002533878402274989,-0.4341722941256105,0.18396254679379764,1.564762822701568,0.9995472947000041,1.1265212169295487,0.9069473574218604,8866,8869,1,Box 2,mid2_3aer-mid2
2017-07-15 09:26:00,-7.386199951171875,-0.1745138424113849,-7.211686108759212,-8.731178324046933,-0.1566099046759758,2.50873229265403,-0.8326301726903331,-7.6129608154296875,0.017455101013183594,0.31250572204589844,1.210698606729731,0.021716128837853833,-0.34787042237001403,0.11545568680242924,1.525326835738486,1.0037937268059343,1.1232697183493372,0.9057098625061984,8900,8910,2,Box 3,mid2_3aer-mid2
2017-07-15 09:26:00,-9.693435668945312,-0.434669266522361,-9.258766402421537,-15.427792135891973,-0.591926513865825,9.902031013013877,-3.1410787656776153,-9.813812255859375,0.036292076110839844,0.733856201171875,1.666290244870741,0.06393146647603211,-1.0694762760646062,0.339254564717833,1.6910675207074473,1.010129344763231,1.1108169503370824,0.9423644958338555,10237,10257,3,Box 4,mid2_3aer-mid2
2017-07-15 09:28:00,-6.0245513916015625,0.34313602603475374,-6.36768741763528,-6.4335110678506195,-0.35420393493664615,1.5605285895322119,-1.1405010043802264,-6.1291046142578125,0.016938447952270508,0.02439117431640625,1.0103371359016526,0.055625207662624895,-0.2450699111282277,0.1791075675639502,1.2770335780781854,1.006754412866832,1.0840231919093357,0.9422380580467286,9482,9468,0,Box 1,mid2_3aer-mid2
2017-07-15 09:28:00,-6.9193267822265625,0.2876368851756864,-7.206963667401007,-9.171038355881805,-0.08806218031082642,3.2543861394404763,-1.202249270648852,-7.062652587890625,0.011199951171875,0.139678955078125,1.272524571944885,0.012219040413531545,-0.451561335623339,0.16681772326492245,1.6115731152329507,1.0022937643274568,1.1331526316719018,0.9031562381104575,8986,8970,1,Box 2,mid2_3aer-mid2
2017-07-15 09:28:00,-8.027435302734375,-0.10675337568077992,-7.920681927052247,-9.829922455692458,-0.2058198346052185,2.9600845160679463,-0.8450241528225174,-8.270111083984375,0.01969313621520996,0.3488349914550781,1.2410449688832224,0.025985115486365225,-0.373715867311638,0.10668578294205039,1.5570716620249778,1.0046465280888144,1.1262954564515262,0.9033821916518716,9079,9084,2,Box 3,mid2_3aer-mid2
2017-07-15 09:28:00,-11.60919189453125,-0.09662747428448173,-11.512564420245043,-18.72917738455786,-1.0060128490968736,12.329657068012517,-4.107031254602825,-11.747894287109375,0.04411125183105469,0.7859687805175781,1.6268466955652625,0.08738390617191967,-1.0709739913663894,0.35674338962920715,1.8388550717903442,1.0164942085020738,1.1329338545645733,0.9380748022455572,10267,10271,3,Box 4,mid2_3aer-mid2
2017-07-15 09:30:00,-6.262786865234375,0.3943017081046185,-6.657088573337906,-7.141842575310017,-0.4074155996755898,1.784351294633773,-0.8921816929860718,-6.40380859375,0.01831531524658203,0.04750823974609375,1.072817718531429,0.0612002672320325,-0.26803778783719684,0.1340198020737354,1.3010292906517815,1.007534268985961,1.085200383737714,0.9386613219483633,9547,9531,0,Box 1,mid2_3aer-mid2
2017-07-15 09:30:00,-7.884735107421875,0.0006142426472783096,-7.885349350067828,-10.25098579045393,-0.03161970422694584,3.852901985512723,-1.4556458408996757,-8.044036865234375,0.014435291290283203,0.15196609497070312,1.3000040119168281,0.004009930673099963,-0.4886152552619094,0.18460131267198132,1.6625677584379486,1.0007843440127717,1.1392260734573463,0.8998722336422597,9034,9034,1,Box 2,mid2_3aer-mid2
2017-07-15 09:30:00,-8.850997924804688,-0.14664376152809752,-8.704354163275172,-10.853741125105977,-0.18736926724468164,3.190801570373614,-0.8540453412981267,-9.09454345703125,0.020107746124267578,0.3448944091796875,1.2469323882637215,0.021525924121426208,-0.3665753381033174,0.0981170257181696,1.5921218296117934,1.0040223232957313,1.1323817179113058,0.8975282718094387,9238,9247,2,Box 3,mid2_3aer-mid2
2017-07-15 09:30:00,-12.816909790039062,-0.15392195076201765,-12.662987839275184,-20.216381014670052,-1.3114729954654256,13.272049258092421,-4.407183087232127,-12.983474731445312,0.05336475372314453,0.7851905822753906,1.59649375576019,0.10356742122090619,-1.0480977654363837,0.3480365884552875,1.9133801050725625,1.0212697706485894,1.14508448746908,0.934933151255247,10277,10284,3,Box 4,mid2_3aer-mid2
2017-07-15 09:32:00,-5.2164764404296875,0.26830389994938697,-5.484780340378205,-6.304351015925103,-0.33812409702082996,1.7657867483482659,-0.6080919757805385,-5.3170166015625,0.009814977645874023,-0.011493682861328125,1.149426344299211,0.06164770073499689,-0.3219430202790045,0.11086897524479664,1.3354596562409777,1.0077875895283732,1.0875090771283475,0.9353526749108375,9643,9632,0,Box 1,mid2_3aer-mid2
2017-07-15 09:32:00,-7.900543212890625,-0.4542680595545628,-7.446275153334841,-9.6759830642766,0.06695881539729044,3.7488348641770157,-1.5860857686325471,-8.044952392578125,0.009929656982421875,0.09143447875976562,1.2994393659953831,-0.008992256399134365,-0.5034510257787193,0.2130039161824705,1.7077104664658227,0.9981500539271199,1.1471470855212549,0.8959336153073323,9114,9138,1,Box 2,mid2_3aer-mid2
2017-07-15 09:32:00,-8.668975830078125,-0.4909578199219051,-8.178018010154899,-10.272758155654321,-0.12232785562696792,2.9875088209716103,-0.7704408198452206,-8.904647827148438,0.014644384384155273,0.28215789794921875,1.256142765019387,0.014958129888570754,-0.3653096407053552,0.09420874579739741,1.6270132581746686,1.0029022855288958,1.1378769334452814,0.8921707785768104,9434,9461,2,Box 3,mid2_3aer-mid2
2017-07-15 09:32:00,-12.674880981445312,-0.30338600618913947,-12.371494975254373,-20.48754667079063,-1.4710539385211725,13.736335443160229,-4.1492298091028035,-12.884246826171875,0.04463529586791992,0.6803245544433594,1.6560283710069064,0.11890672400252304,-1.1103213856236314,0.335386290614202,2.050412776671785,1.0261136587798014,1.155497239890465,0.9321340848860986,10288,10301,3,Box 4,mid2_3aer-mid2
2017-07-15 09:34:00,-5.619354248046875,-0.5164272254521173,-5.102927022593956,-6.238529189341023,-0.22825126639437668,1.8613515326412469,-0.49749809949980384,-5.779541015625,0.010721921920776367,0.039379119873046875,1.2225393703886067,0.044729478862574515,-0.3647615426205079,0.0974926933693267,1.3610445459713556,1.0056550000703766,1.0876800592592655,0.9321943099749531,9728,9749,0,Box 1,mid2_3aer-mid2
2017-07-15 09:34:00,-8.389312744140625,-1.0896551074341614,-7.299657636705255,-9.659909052109002,0.16252661251940445,3.8761072404366224,-1.6783824375522791,-8.542999267578125,0.006462574005126953,0.044780731201171875,1.3233372759203899,-0.022264963729554013,-0.5309984979221748,0.22992618573133894,1.7429133157225944,0.9953373113228835,1.1502032134243438,0.8936539398524943,9097,9153,1,Box 2,mid2_3aer-mid2
2017-07-15 09:34:00,-9.448715209960938,-0.3038554064343774,-9.14485980352514,-11.34097522336988,-0.23277711043706434,3.3196188955210504,-0.8907263652392469,-9.728012084960938,0.014989376068115234,0.2938652038574219,1.2401475218896396,0.02545442089197846,-0.3630038039775537,0.09740186119593564,1.6610082549893925,1.0052211101553532,1.1461268370833564,0.888788224489762,9585,9601,2,Box 3,mid2_3aer-mid2
2017-07-15 09:34:00,-13.728622436523438,-0.49625544492854506,-13.232366991592993,-20.93552816827493,-1.7215092595922958,13.657805509030714,-4.233135072756482,-13.9927978515625,0.04949140548706055,0.6563758850097656,1.5821453698779695,0.13009836113871642,-1.032151354153646,0.3199076231369601,2.075459491915025,1.0304762986248872,1.166302012341945,0.9281118944441474,10308,10331,3,Box 4,mid2_3aer-mid2
2017-07-15 09:36:00,-6.5387115478515625,0.02496338871575889,-6.563674936566334,-9.063902706817906,-0.4526845016869949,3.585028998451913,-0.6321167265133447,-6.674774169921875,0.013319253921508789,0.0563201904296875,1.380918889861953,0.06896814757919875,-0.5461923439382504,0.09630530649709856,1.4694036407300763,1.0096569048268293,1.097350547596765,0.9283546340376065,9824,9823,0,Box 1,mid2_3aer-mid2
2017-07-15 09:36:00,-9.112533569335938,-0.5026957546154985,-8.609837814719077,-11.195137863788776,0.036060740744482275,4.540756534671439,-1.9915172263462226,-9.282196044921875,0.006407022476196289,0.031768798828125,1.300272793135541,-0.004188318237869022,-0.5273916457414239,0.23130717084375207,1.7735245514457836,0.9990776285804374,1.1582199081205884,0.8924081552484341,9156,9181,1,Box 2,mid2_3aer-mid2
2017-07-15 09:36:00,-10.232086181640625,-0.35198973116971227,-9.880096450469406,-12.192184554300326,-0.3156461097935971,3.631115043558079,-1.0033808299335623,-10.560958862304688,0.016984224319458008,0.3218269348144531,1.234014730060765,0.0319476749418373,-0.36751817775883794,0.10155577275623573,1.6854250672236732,1.0067801981493898,1.1514338439409049,0.8869820837855702,9711,9730,2,Box 3,mid2_3aer-mid2
2017-07-15 09:36:00,-14.672607421875,-0.5336177828782638,-14.138989638994719,-21.45418134460996,-2.0103258172083147,13.456083644812507,-4.1305661219889505,-14.99615478515625,0.05694293975830078,0.6299819946289062,1.5173772590822374,0.14218313108200628,-0.9517005096107584,0.29214011944651463,2.0892088289596003,1.0351222992601066,1.1756897939181623,0.9230691747217992,10330,10353,3,Box 4,mid2_3aer-mid2
2017-07-15 09:38:00,-7.4538116455078125,-0.48906001699305673,-6.964751628513707,-9.72884255463409,-0.4654311687666777,3.955323161185461,-0.7258010662984012,-7.59454345703125,0.017133235931396484,0.053958892822265625,1.3968685566336907,0.06682667144384612,-0.5679058453416141,0.10421061726407732,1.508772985438508,1.009886843417682,1.1031252888175986,0.9248894690833337,9888,9907,0,Box 1,mid2_3aer-mid2
2017-07-15 09:38:00,-10.05841064453125,-0.7906175873502388,-9.267793057179551,-12.058603020340776,0.06420294418604285,4.81235299844803,-2.0857459794728483,-10.262405395507812,0.009175777435302734,0.07045745849609375,1.3011299395598013,-0.006927533209894698,-0.5192555518619406,0.22505314551203404,1.7896810074477083,0.9984517452429652,1.1608015445593962,0.8894941365976012,9201,9239,1,Box 2,mid2_3aer-mid2
2017-07-15 09:38:00,-11.127655029296875,-0.5739864122249114,-10.55366861707039,-12.723948843463596,-0.401815746077382,2.8861376151196754,-0.31404164264908746,-11.489486694335938,0.019296884536743164,0.350799560546875,1.2056422562750182,0.03807356102004676,-0.27347245018205274,0.029756632886987766,1.7261813324399253,1.0086570616925814,1.1629181092506489,0.871254273631724,9793,9823,2,Box 3,mid2_3aer-mid2
2017-07-15 09:38:00,-16.021148681640625,-0.4681526961913378,-15.552995985447076,-22.640439020107937,-2.394236125782428,13.71018018398517,-4.228501023541881,-16.305419921875,0.05899190902709961,0.6215019226074219,1.4556963199432813,0.15394050946986113,-0.881513773732969,0.27187694431982656,2.1128317284489584,1.0403448022687254,1.1868322807480198,0.9183594530380781,10319,10339,3,Box 4,mid2_3aer-mid2
2017-07-15 09:40:00,-8.9066162109375,-0.21481328971053426,-8.691802921225705,-12.084935527103978,-0.7134664589140112,5.132710233518167,-1.0261111687258828,-9.08367919921875,0.01972055435180664,0.0331573486328125,1.3903830582251373,0.08208497884503337,-0.5905230801982289,0.1180550431280582,1.5625573193297033,1.0132621308120704,1.112937142681992,0.922013475056337,9952,9961,0,Box 1,mid2_3aer-mid2
2017-07-15 09:40:00,-11.071075439453125,-1.2244796664975584,-9.846595772954023,-12.955396031619514,0.10920085145798286,5.088325445393341,-2.0887260381858335,-11.307464599609375,0.012969732284545898,0.105987548828125,1.315723355599154,-0.011090213712025076,-0.5167598592164834,0.21212671732935434,1.8104332887589336,0.9975015457462812,1.1622731052139743,0.8860515722577764,9114,9171,1,Box 2,mid2_3aer-mid2
2017-07-15 09:40:00,-12.133132934570312,-0.5286567476885977,-11.604476186879998,-14.095103778710662,-0.6752381401009061,3.4891693186860775,-0.32330358675450793,-12.548690795898438,0.022504329681396484,0.39013671875,1.2146264554919388,0.0581877311157163,-0.3006744348039532,0.02786024819629812,1.7604300456838624,1.0136389488907118,1.1679005049389808,0.8716765993923306,9849,9876,2,Box 3,mid2_3aer-mid2
2017-07-15 09:40:00,-17.24212646484375,-1.095779979519927,-16.14634648532155,-23.184816241470863,-2.5579485816512655,13.671302137991393,-4.074883800190817,-17.53826904296875,0.062163352966308594,0.6065444946289062,1.4359171756005544,0.15842274807967646,-0.8467118026000376,0.2523718789198067,2.136915082729578,1.0427795016442287,1.1927699943761003,0.914021769755884,10282,10328,3,Box 4,mid2_3aer-mid2
2017-07-15 09:42:00,-9.8392333984375,0.1054193356772048,-9.94465273411327,-13.367973575718887,-1.0139557431209385,5.559093291919868,-1.1218167071933105,-10.006622314453125,0.018772363662719727,0.02136993408203125,1.3442373437397725,0.10195989445088949,-0.5590032593949147,0.11280602120425265,1.5819504916467373,1.0175467057555687,1.1204546290186566,0.9198818481598742,9966,9964,0,Box 1,mid2_3aer-mid2
2017-07-15 09:42:00,-12.431564331054688,-0.22267756094479327,-12.20888677010797,-15.86272582424085,-0.17258715331115218,6.104509474718088,-2.2780832672740554,-12.725021362304688,0.0170896053314209,0.16218185424804688,1.2992770039508335,0.014136190838767677,-0.5000054132424477,0.18659221845284663,1.8383919142908771,1.0033178736533852,1.1690749958376383,0.8835986340594223,9159,9169,1,Box 2,mid2_3aer-mid2
2017-07-15 09:42:00,-13.041030883789062,-0.3558639356381975,-12.68516694814904,-15.098411868387057,-1.0646361273039582,4.036784571227927,-0.558903523685952,-13.471282958984375,0.027306795120239258,0.41178131103515625,1.1902414788943827,0.08392764018445219,-0.31822873027437415,0.04405961119553925,1.7841755763492726,1.020621762522918,1.1760246053139591,0.874079501945177,9921,9938,2,Box 3,mid2_3aer-mid2
2017-07-15 09:42:00,-18.287506103515625,-0.9831914084801832,-17.304314695033053,-24.795762219888392,-2.9248618069688086,14.378167937558434,-3.9618586057342857,-18.563507080078125,0.07471323013305664,0.5953140258789062,1.432923675793162,0.16902500090386977,-0.830900743020206,0.22895206632317422,2.203010950869014,1.047685183459992,1.2016946318224575,0.9092968987594612,10268,10310,3,Box 4,mid2_3aer-mid2
2017-07-15 09:44:00,-10.58203125,0.1483437935562756,-10.730375043554726,-14.058722906796007,-1.2701407318873934,5.684106630905351,-1.0856180357766774,-10.76837158203125,0.0194854736328125,0.030033111572265625,1.310180012323099,0.11836871747090631,-0.5297211521343375,0.10117242234033202,1.5965054808237247,1.0213574347919614,1.1263936756012398,0.9177347453074296,9949,9943,0,Box 1,mid2_3aer-mid2
2017-07-15 09:44:00,-13.506805419921875,-0.22875827390808787,-13.278047146011737,-17.453744854345647,-0.24462208310481742,6.702509862573178,-2.2821900711344494,-13.835433959960938,0.01893138885498047,0.17620468139648438,1.3144813135859474,0.018423046733818338,-0.5047812971944733,0.1718769368747075,1.8582287895004064,1.0043515936987484,1.1701448816855191,0.8818098700607933,9226,9236,1,Box 2,mid2_3aer-mid2
2017-07-15 09:44:00,-13.663299560546875,-0.6511597312122281,-13.0121398293328,-15.361752664127533,-1.215444860858204,4.2115249110390955,-0.646467215386158,-14.098739624023438,0.029814958572387695,0.4135932922363281,1.1805708258297445,0.0934085305568474,-0.32366120916908736,0.049681852782495484,1.7875455621649112,1.0232446448338905,1.1782151927629718,0.8755751614824137,9940,9974,2,Box 3,mid2_3aer-mid2
2017-07-15 09:44:00,-19.291519165039062,-0.9269600163664772,-18.364559148670054,-26.66868562168303,-3.209753569866602,15.596100539154891,-4.082220496275316,-19.55340576171875,0.08108901977539062,0.5588455200195312,1.45218218448845,0.17477977793433988,-0.8492499282393254,0.22228796581653565,2.344492996077895,1.0526134735409625,1.2160204807090704,0.9040852268035037,10252,10289,3,Box 4,mid2_3aer-mid2
2017-07-15 09:46:00,-11.034576416015625,0.45054716146412055,-11.485123577478117,-14.628152384673687,-1.5621527651805458,5.706807105479576,-1.0016255331034591,-11.23944091796875,0.019871234893798828,0.029117584228515625,1.2736608610253815,0.1360153205703304,-0.4968868699567503,0.08721068836103846,1.6113040036280513,1.0257991373008275,1.1329767487990476,0.9153137421145717,9916,9899,0,Box 1,mid2_3aer-mid2
2017-07-15 09:46:00,-14.200347900390625,-0.7601421569355719,-13.440205743453015,-17.95203659075499,-0.14861075818617242,7.037198074258624,-2.3767564687704796,-14.54656982421875,0.019573211669921875,0.19910049438476562,1.335696561006871,0.01105717881279932,-0.5235930318765083,0.17683929205683802,1.8735938509166288,1.0026021522244815,1.1696293372800526,0.8812801425097436,9207,9240,1,Box 2,mid2_3aer-mid2
2017-07-15 09:46:00,-14.423263549804688,-0.5114434234587797,-13.911820126343956,-16.43252550831566,-1.5131018878339126,4.824683858211575,-0.7908765884059585,-14.861953735351562,0.0333864688873291,0.4374275207519531,1.1811916312228907,0.10876376161366871,-0.3468046462932171,0.056849253456657645,1.816731981897433,1.027868865523137,1.1835104930047338,0.876850145916107,9941,9965,2,Box 3,mid2_3aer-mid2
2017-07-15 09:46:00,-19.713348388671875,-0.7569133718306703,-18.956435016838597,-26.24963847357337,-3.5787819022771328,14.769814850673068,-3.897829491661162,-19.982391357421875,0.08334732055664062,0.5131187438964844,1.3847349699590865,0.18878981723610885,-0.779145173528322,0.20562038633312663,2.2909029811982613,1.0581348379252968,1.2208457462729745,0.9030243162257421,10250,10281,3,Box 4,mid2_3aer-mid2
2017-07-15 09:48:00,-11.72320556640625,0.2130129050490898,-11.93621847145368,-15.128036897913338,-1.703121743629521,5.985396717100812,-1.0904565470116325,-11.9346923828125,0.024814128875732422,0.032321929931640625,1.2674061667095924,0.14268520199279683,-0.5014483214608811,0.09135695275849193,1.6402142256265286,1.0282454715436242,1.1389896706743812,0.91356719315227,9950,9943,0,Box 1,mid2_3aer-mid2
2017-07-15 09:48:00,-14.766555786132812,-0.47820425850042847,-14.288351527630262,-19.08220150715775,-0.2081680308581676,7.4019607851703055,-2.399942774784646,-15.102371215820312,0.020804643630981445,0.19847488403320312,1.3355075615446141,0.014569072608244577,-0.5180416208865438,0.1679649867336851,1.890137546270543,1.0034786466662176,1.172224565465056,0.8792021031218681,9287,9307,1,Box 2,mid2_3aer-mid2
2017-07-15 09:48:00,-15.25146484375,-0.8245730718070553,-14.426891771940934,-17.260352969878852,-1.646016536462841,5.865988245989759,-1.3865105115889997,-15.724380493164062,0.03645753860473633,0.4639434814453125,1.1964013623120648,0.11409363586300701,-0.406600973981007,0.0961059758059351,1.848140173623383,1.0297183584603864,1.1866315556402096,0.8821547235774524,9948,9986,2,Box 3,mid2_3aer-mid2
2017-07-15 09:48:00,-20.351318359375,-0.24065029070971558,-20.110668068662594,-27.921221440606583,-4.116670490308553,15.774806239402919,-3.8475823771503768,-20.617034912109375,0.09012365341186523,0.4799461364746094,1.3883786130464142,0.20470083222761487,-0.7843999108107192,0.19132046553669013,2.3716508518194073,1.0657332375177584,1.2303969995727029,0.9012198501075727,10266,10275,3,Box 4,mid2_3aer-mid2
2017-07-15 09:50:00,-12.618560791015625,0.18739075477531864,-12.805951545789211,-16.444120966610228,-1.83116013166269,7.070810012815379,-1.6014804603316706,-12.853790283203125,0.029201030731201172,0.07227706909179688,1.2840998896343085,0.1429928986624038,-0.5521503019539666,0.12505751365725426,1.7238346152157717,1.030783988003839,1.1518362920016014,0.9108655589366579,9986,9980,0,Box 1,mid2_3aer-mid2
2017-07-15 09:50:00,-15.686111450195312,-0.5891204204180657,-15.096991029774989,-20.050411522331125,-0.1788322992083911,7.445740870140152,-2.313488078375626,-16.020416259765625,0.023781299591064453,0.22618865966796875,1.328106473852092,0.011845559082315788,-0.4931937003509716,0.1532416674165638,1.898290720601443,1.0028624656118275,1.174531207036571,0.8751509700563918,9300,9324,1,Box 2,mid2_3aer-mid2
2017-07-15 09:50:00,-16.012588500976562,-0.7384065900588126,-15.27418191091565,-18.762229759276124,-1.78242955449539,7.139717358880316,-1.8692399560244495,-16.507232666015625,0.0383305549621582,0.45705413818359375,1.2283623351289115,0.11669558244697754,-0.4674369730910392,0.12237905551515021,1.9256494430517501,1.0316147731527938,1.1946041492256556,0.8825597891974278,9972,10005,2,Box 3,mid2_3aer-mid2
2017-07-15 09:50:00,-21.201461791992188,-0.3516871325250549,-20.84977465946438,-28.302905638230957,-4.435718745902666,15.886151461183175,-3.997301736513931,-21.49542236328125,0.09656763076782227,0.4453392028808594,1.3574681789370497,0.21274660366121279,-0.7619339643065132,0.19171918170825064,2.3692636477716023,1.0699297994321666,1.2359140118957226,0.90157724243395,10297,10312,3,Box 4,mid2_3aer-mid2
2017-07-15 09:52:00,-13.5689697265625,0.17222627751579822,-13.741196004076457,-17.45540626183766,-2.0242378828588556,7.670420350143232,-1.931972209523175,-13.772918701171875,0.03531599044799805,0.12584686279296875,1.2702974513033178,0.14731162282077528,-0.558206166906267,0.14059709278217392,1.7565317082824368,1.033203617824242,1.1593088075626028,0.9099404988687808,10023,10017,0,Box 1,mid2_3aer-mid2
2017-07-15 09:52:00,-16.368804931640625,-0.5046202840472243,-15.864184647591106,-21.174691146842974,-0.15187654889372895,7.622187301322524,-2.1598042531769255,-16.697860717773438,0.02554488182067871,0.2481536865234375,1.3347481523456828,0.009573548988966831,-0.4804651150149033,0.13614341368025368,1.9098696617960376,1.0023231400354065,1.1753750490934403,0.8717367465998285,9339,9359,1,Box 2,mid2_3aer-mid2
2017-07-15 09:52:00,-17.099334716796875,-0.31327360107419056,-16.786061115720404,-20.781164205369457,-2.094000779539809,8.433900396635035,-2.344796527446173,-17.585311889648438,0.042511940002441406,0.4757728576660156,1.2380012238789944,0.12474640507407334,-0.5024347485984403,0.13968711964537261,1.9666682426279722,1.034662750035807,1.1997408787144248,0.884624282004946,10036,10048,2,Box 3,mid2_3aer-mid2
2017-07-15 09:52:00,-21.863632202148438,-0.4665954132662709,-21.397036788879323,-28.34987949753335,-4.697837970106142,15.702887275871008,-4.052206597110838,-22.174468994140625,0.09943675994873047,0.41031646728515625,1.3249441863028262,0.21955554016468992,-0.7338813981958598,0.18938167172834375,2.3615161026977374,1.0737930720199187,1.2413334571243968,0.9011827921758789,10314,10330,3,Box 4,mid2_3aer-mid2
2017-07-15 09:54:00,-14.863067626953125,-0.5618952095924867,-14.301172417358726,-18.055797415682747,-2.0621032475107537,7.768170722457064,-1.9514424766222886,-15.116546630859375,0.044170379638671875,0.20048141479492188,1.2625396637947437,0.14419120246447614,-0.5431841876843663,0.13645332142514643,1.7595574919612305,1.0327933410180656,1.160889699188835,0.9079530939393589,10037,10056,0,Box 1,mid2_3aer-mid2
2017-07-15 09:54:00,-16.740097045898438,-0.4110795421356102,-16.329017503760454,-21.86070511273352,-0.19397212203006237,7.7832075914671375,-2.0575478604640107,-17.058929443359375,0.027764081954956055,0.26631927490234375,1.3387642647635816,0.011878983042635112,-0.47664886081938007,0.12600561301316338,1.9243609998143414,1.0029083584404586,1.1770185898162344,0.8697551812593395,9291,9307,1,Box 2,mid2_3aer-mid2
2017-07-15 09:54:00,-17.749908447265625,-0.4927620879957759,-17.25714635926752,-21.46654535930478,-2.1279412227775873,9.934250027455146,-3.5969098046402976,-18.253707885742188,0.048288822174072266,0.4892768859863281,1.2439220779846205,0.12330782728946547,-0.5756600668870265,0.20843016161294053,1.9804354938167223,1.034448050573674,1.200944268881084,0.8948717390721946,10079,10100,2,Box 3,mid2_3aer-mid2
2017-07-15 09:54:00,-22.948898315429688,-0.3710746085773209,-22.57782370684944,-29.011303124998427,-5.102617112482819,15.659596679861897,-4.123500149230092,-23.3023681640625,0.11960554122924805,0.4345550537109375,1.2849468355179539,0.2260012824413558,-0.6935830876875543,0.18263496972824467,2.3549096721706433,1.0782317483128208,1.248807125413583,0.8991666197338921,10324,10339,3,Box 4,mid2_3aer-mid2
2017-07-15 09:56:00,-15.57025146484375,-0.4889037630194655,-15.081347701822287,-18.611764780695516,-2.3155290352555733,7.591056077294177,-1.745109963165376,-15.90020751953125,0.05030345916748047,0.24438858032226562,1.234091617584458,0.15353594924250616,-0.5033406978858359,0.11571313105887171,1.75260116448485,1.0355201752859147,1.1636431800408868,0.9056386626177013,10037,10054,0,Box 1,mid2_3aer-mid2
2017-07-15 09:56:00,-16.94964599609375,-1.2855783141016672,-15.664067681989852,-21.500186733206668,-0.017899187419863103,7.776816145665103,-1.9227979070284238,-17.2222900390625,0.027689218521118164,0.2556953430175781,1.3725800455986945,0.001142690888679135,-0.4964748814643267,0.12275214497695308,1.9242006914421754,1.000272481468806,1.1722781530716757,0.8700842607890172,9306,9355,1,Box 2,mid2_3aer-mid2
2017-07-15 09:56:00,-17.02239990234375,-0.430642654915872,-16.591757247425672,-20.16030519741057,-1.9542398198546467,7.9444131165605,-2.4216253467209587,-17.619918823242188,0.04414200782775879,0.504486083984375,1.2150795661224238,0.1177837760468597,-0.47881686057051803,0.1459535184012345,1.9858138286342808,1.0338090756000247,1.2070732161728288,0.8803108110657056,10117,10136,2,Box 3,mid2_3aer-mid2
2017-07-15 09:56:00,-24.9014892578125,-0.2714024593495818,-24.630086798459732,-32.016761960599965,-5.569083614298922,16.946562190676676,-3.9908034142375186,-25.43316650390625,0.13938379287719727,0.6120758056640625,1.2999045526141697,0.2261089723259599,-0.6880431372144594,0.16202961227432977,2.5392725865852888,1.0844215173060847,1.2699284161621556,0.8876345442200608,10356,10364,3,Box 4,mid2_3aer-mid2
2017-07-15 09:58:00,-16.106689453125,-0.5074176750457586,-15.599271778077217,-19.096303942466673,-2.4527922788683036,7.596990366887255,-1.647165923629497,-16.49774169921875,0.05223846435546875,0.24301910400390625,1.2241791933713269,0.15723761427859664,-0.48700929600853893,0.10559248835861546,1.7611141507596462,1.0370146198378754,1.1666102760548516,0.9034953943320561,10108,10125,0,Box 1,mid2_3aer-mid2
2017-07-15 09:58:00,-17.224929809570312,-0.8998853598124518,-16.32504444975554,-22.264320844905797,-0.19115754569173363,7.9900619093142415,-1.8596279684722528,-17.4647216796875,0.028637170791625977,0.2685813903808594,1.363813796246,0.011709465556438108,-0.4894358440435296,0.11391258224109152,1.9420570740199496,1.0028534742290074,1.176128771939436,0.8685769613537263,9316,9350,1,Box 2,mid2_3aer-mid2
2017-07-15 09:58:00,-18.740798950195312,-0.6707784147894464,-18.07002053540352,-21.991556345891695,-2.118994695083696,8.731100390143599,-2.690569884571727,-19.235748291015625,0.05039477348327637,0.5166702270507812,1.2170188906429267,0.11726576020940739,-0.4831815422144802,0.14889689136214612,2.003539768705004,1.0340460019438047,1.2096519906420937,0.8794016953662118,10123,10149,2,Box 3,mid2_3aer-mid2
2017-07-15 09:58:00,-29.203262329101562,-0.19030796879243259,-29.01295436030545,-38.80513214347342,-6.848914876409307,21.236192830715193,-4.595100171137915,-29.540740966796875,0.16117143630981445,0.5689697265625,1.3375105362094837,0.23606402820457892,-0.7319555453397686,0.15838098092570596,2.690297707597618,1.0912614729769805,1.2797186704281849,0.8867051219398214,10397,10399,3,Box 4,mid2_3aer-mid2
2017-07-15 10:00:00,-17.184478759765625,-0.29985323287413346,-16.884625526889284,-20.442097723871854,-2.8018496785361435,7.68714003611709,-1.3278181605983777,-17.684783935546875,0.05779600143432617,0.2858924865722656,1.210692987612736,0.1659408835614454,-0.4552745350422539,0.07864066386807256,1.7502202037265977,1.0391050938601047,1.1666198250997184,0.9015576235572444,10174,10184,0,Box 1,mid2_3aer-mid2
2017-07-15 10:00:00,-17.7874755859375,-0.07974024351921882,-17.7077353424158,-23.530988931383,-0.514578075205934,8.100324073849666,-1.7624924096765313,-18.020477294921875,0.03391075134277344,0.32503509521484375,1.3288536606382755,0.02905950790744832,-0.45744551277806544,0.09953234423234164,1.9631906051944212,1.0074030621198689,1.184370323370032,0.8650279388890625,9349,9352,1,Box 2,mid2_3aer-mid2
2017-07-15 10:00:00,-19.750534057617188,-0.8229128112892947,-18.927621246325437,-23.302797041004762,-2.1848529213625256,9.253217358393687,-2.6931886423518367,-20.210418701171875,0.05605435371398926,0.5419883728027344,1.2311529662254157,0.11543198656232027,-0.4888737595692372,0.1422888067815012,2.035692176732453,1.03388517701513,1.212225649661062,0.8765603697342508,10129,10162,2,Box 3,mid2_3aer-mid2
2017-07-15 10:00:00,-30.425994873046875,0.00030840708816721346,-30.426303280131197,-39.19454397931654,-7.4625403062023326,20.68140834141891,-4.450627336031227,-30.741729736328125,0.17243719100952148,0.5299797058105469,1.288179625978787,0.24526608564621374,-0.6797213631576517,0.14627565153265099,2.655374567478654,1.0974284874802631,1.2875025502931317,0.8844669437971715,10404,10404,3,Box 4,mid2_3aer-mid2
2017-07-15 10:02:00,-17.9041748046875,-0.24008333591104278,-17.664091468774245,-21.535884233150345,-3.0407159447654264,8.042989813406507,-1.1304811042649807,-18.5521240234375,0.06279993057250977,0.3437080383300781,1.219190031438666,0.17214108917747975,-0.45532994593152604,0.0639988253153802,1.7677085653450941,1.041037385786681,1.1685396463505255,0.8998124044459711,10205,10213,0,Box 1,mid2_3aer-mid2
2017-07-15 10:02:00,-18.474456787109375,-0.5912256729371954,-17.883231114169746,-23.975387449781216,-0.41304488482120577,8.13964945537117,-1.634448234938495,-18.6788330078125,0.039472103118896484,0.3835945129394531,1.3406630656796892,0.023096770498812733,-0.45515541366133405,0.09139557748283211,1.9676307944247382,1.00584720004999,1.183270772582459,0.863231820415035,9450,9472,1,Box 2,mid2_3aer-mid2
2017-07-15 10:02:00,-20.154647827148438,-0.5487839203616146,-19.605863906784293,-23.86238195372667,-2.257959927306349,9.128530338191549,-2.614052363942824,-20.566314697265625,0.05535721778869629,0.4813499450683594,1.21710433506934,0.11516758139512631,-0.4656020454693031,0.13333012900483682,2.0467468873685184,1.0344681050953124,1.2167249272931318,0.8727370509284426,10149,10170,2,Box 3,mid2_3aer-mid2
2017-07-15 10:02:00,-31.62762451171875,-0.02616588948147421,-31.601458622233324,-39.23511858315164,-8.114173686314235,20.027043778402213,-4.279210131169663,-31.97998046875,0.18614816665649414,0.5087203979492188,1.2415603675821352,0.25676579626629886,-0.6337379555104495,0.1354117916620155,2.608799620819576,1.1042358285266711,1.2936170734430257,0.883885299497985,10403,10404,3,Box 4,mid2_3aer-mid2
2017-07-15 10:04:00,-18.326446533203125,-0.4233808438474122,-17.903065689353454,-21.899827069744426,-3.1326063875332792,7.9695625977857345,-0.8401948298614846,-19.073944091796875,0.059220314025878906,0.34030914306640625,1.2232445241357603,0.17497597572890375,-0.44515072089162094,0.04693022102695682,1.7614218777862654,1.0413205972943989,1.1668032014216254,0.8989407325490685,10231,10245,0,Box 1,mid2_3aer-mid2
2017-07-15 10:04:00,-19.05999755859375,-0.3773144418795406,-18.682683116711665,-24.71152176639167,-0.5556623252567463,8.15818020390206,-1.5736792289653074,-19.262939453125,0.044775962829589844,0.4348182678222656,1.3226966176120178,0.029742105124060378,-0.43667069408272335,0.08423197134664512,1.9788092703066378,1.007702796395809,1.18767299357162,0.8608499292470395,9487,9501,1,Box 2,mid2_3aer-mid2
2017-07-15 10:04:00,-20.520355224609375,-0.7099967097260208,-19.810358514880832,-23.995656204619102,-2.0466710320121364,8.523683241152838,-2.2917145194024333,-20.860565185546875,0.052428483963012695,0.4195137023925781,1.2112681447230964,0.10331317479563787,-0.4302639568461193,0.11568263732738504,2.0590455107129753,1.0312805262949247,1.2198849817895097,0.8650546173728667,10123,10151,2,Box 3,mid2_3aer-mid2
2017-07-15 10:04:00,-32.77764892578125,-0.06837544370508142,-32.70927348207211,-38.52746106936837,-8.729016973355987,18.75539683508113,-4.208192274428888,-33.244964599609375,0.19530439376831055,0.4737358093261719,1.177875781633768,0.2668667336234277,-0.5733969250451535,0.12865440978795784,2.5205486746549135,1.1104080207879228,1.299036132054741,0.8840548918497174,10400,10403,3,Box 4,mid2_3aer-mid2
2017-07-15 10:06:00,-19.078826904296875,-0.03038965447528781,-19.0484372498192,-23.267457391275304,-3.4472120822471566,8.459667372797444,-0.7934351490941844,-19.97503662109375,0.0546116828918457,0.33495330810546875,1.2214890432282652,0.18097086060326947,-0.4441134599048402,0.04165355607330545,1.7900616145017023,1.044075601236686,1.1722099110021877,0.8966044247552817,10233,10234,0,Box 1,mid2_3aer-mid2
2017-07-15 10:06:00,-19.678085327148438,0.19018718317819044,-19.868272510323965,-25.882629925331987,-0.8178517587022945,8.342648736728798,-1.510439563018484,-19.900421142578125,0.04694366455078125,0.4815177917480469,1.3027116429917516,0.04116370752803606,-0.41989804258995267,0.07602269207016504,1.9972475477120528,1.0109893848069949,1.1936402937365358,0.8584544434984409,9509,9502,1,Box 2,mid2_3aer-mid2
2017-07-15 10:06:00,-21.092025756835938,-0.8431687217653567,-20.248857035068045,-24.47070465682365,-2.00973835334561,8.575048087696265,-2.34346211259505,-21.422149658203125,0.05392193794250488,0.4149742126464844,1.2084980705056085,0.09925194048558092,-0.4234830673576065,0.11573305636641701,2.0421750699374277,1.0297545283671923,1.2176745453301037,0.8651696445576276,10089,10121,2,Box 3,mid2_3aer-mid2
2017-07-15 10:06:00,-33.5802001953125,-0.049428036394848315,-33.530772158913535,-38.57764330120707,-9.277428769873131,18.96362414731037,-4.639324235143709,-34.189208984375,0.20898675918579102,0.46929931640625,1.150514611425431,0.27668401806866527,-0.5655588263054432,0.13836019681134692,2.497631992625737,1.1163496702337945,1.3036892915328147,0.8883040886562484,10400,10402,3,Box 4,mid2_3aer-mid2
2017-07-15 10:08:00,-19.75140380859375,-0.3379652386867406,-19.4134385699046,-23.76954483803492,-3.452606289094249,9.459653592641267,-1.6509410354166942,-20.76556396484375,0.04728269577026367,0.28832244873046875,1.2243861257471056,0.17784620054103148,-0.4872734708268507,0.08504114453871359,1.7987341482894774,1.0435599551555133,1.1733121140053426,0.9015853765018742,10236,10247,0,Box 1,mid2_3aer-mid2
2017-07-15 10:08:00,-20.220657348632812,-0.3697354361339134,-19.850921912496272,-26.328194822828728,-0.6802249739771115,8.590052086255355,-1.4325542019457858,-20.408660888671875,0.04694318771362305,0.4759407043457031,1.326295823382136,0.034266669174135726,-0.4327281183272333,0.07216562577096153,2.0044031186283733,1.0090230770138782,1.1909591382965017,0.8579883329562406,9557,9570,1,Box 2,mid2_3aer-mid2
2017-07-15 10:08:00,-21.465118408203125,-0.49656164434711403,-20.96855676385336,-25.162867915135113,-2.1628845922557547,8.749008888330508,-2.3918131447930002,-21.844818115234375,0.05462932586669922,0.40363311767578125,1.2000286046635367,0.10314894900083169,-0.41724420935886647,0.11406665569449809,2.038267561823344,1.031077562287621,1.2187197220827897,0.8653389664062081,10097,10116,2,Box 3,mid2_3aer-mid2
2017-07-15 10:08:00,-34.7943115234375,-0.023817024028541245,-34.77049449940473,-38.997483636614895,-9.867044322321544,18.75004016213958,-4.656006702607872,-35.43450927734375,0.22689008712768555,0.43621063232421875,1.1215682778765925,0.283776358788641,-0.5392514668567795,0.13390683019154598,2.4775910108721346,1.1216263067142094,1.3095037328362105,0.8880201867690077,10403,10404,3,Box 4,mid2_3aer-mid2
2017-07-15 10:10:00,-20.58154296875,-0.4905775290264791,-20.090965439721074,-24.44112605181527,-3.559234523079286,9.611781202782579,-1.702386067609095,-21.602081298828125,0.0563044548034668,0.3111763000488281,1.2165232240902502,0.17715597260659563,-0.4784131072058636,0.0847339105090178,1.8196859658503324,1.044554170756212,1.1782577418297056,0.8989326090075792,10200,10216,0,Box 1,mid2_3aer-mid2
2017-07-15 10:10:00,-20.42156982421875,-0.6798920614031437,-19.741677762813012,-26.239723658109465,-0.6289859164298545,8.612632367143895,-1.4856005554175862,-20.582275390625,0.044564008712768555,0.4504814147949219,1.329153680521353,0.031860813654585235,-0.4362664850789598,0.07525199090302148,2.015003442012619,1.008432560490232,1.192087555461212,0.8571977966958322,9536,9560,1,Box 2,mid2_3aer-mid2
2017-07-15 10:10:00,-21.7203369140625,-0.5309221470491606,-21.189414767010703,-25.206177377981952,-2.1938490534738055,8.44249401124806,-2.231882346803005,-22.10687255859375,0.05410146713256836,0.39864349365234375,1.1895645847295817,0.10353514137112259,-0.39842978695154807,0.10533006085084379,2.0508084168414693,1.0317497732430614,1.2229422707043405,0.8617373171494156,10096,10116,2,Box 3,mid2_3aer-mid2
2017-07-15 10:10:00,-36.586029052734375,-0.026496862188945737,-36.55953219054101,-40.2547438191289,-10.358501102416431,18.678266615531744,-4.624553884527425,-37.297271728515625,0.23479604721069336,0.4699668884277344,1.1010738214408538,0.2833324301971366,-0.5109000442944491,0.12649379265645877,2.510750710485321,1.125743576163951,1.3214004498841367,0.8825008528395248,10401,10402,3,Box 4,mid2_3aer-mid2
2017-07-15 10:12:00,-21.884033203125,-0.27895154911752823,-21.605081654004827,-26.706689656144533,-3.7352647430123067,10.120449123194033,-1.2835763780420189,-22.8792724609375,0.05769062042236328,0.2914695739746094,1.2361300032945743,0.17288824929388402,-0.4684291078028884,0.059410855214430014,1.9358037293875556,1.0472746054158322,1.194963609764507,0.8857305015314876,10194,10203,0,Box 1,mid2_3aer-mid2
2017-07-15 10:12:00,-20.728240966796875,-1.0033876572902705,-19.72485330950405,-26.250039394162716,-0.5712728415855661,8.432673211271421,-1.3362142850271888,-20.854766845703125,0.045090436935424805,0.4343414306640625,1.3308103732013372,0.02896208314564799,-0.42751512921053236,0.06774267286354718,2.021082092210439,1.0076858783217502,1.192726368363334,0.8550065299826012,9533,9568,1,Box 2,mid2_3aer-mid2
2017-07-15 10:12:00,-22.28778076171875,-0.3780724952687859,-21.90970826644728,-26.139833060945254,-2.423652114815194,8.850639697138918,-2.1968627878257503,-22.692352294921875,0.055202484130859375,0.39896392822265625,1.1930707950582813,0.11062000850676758,-0.4039597236761416,0.10026892011109273,2.086444651602013,1.0346834429442486,1.228116111020197,0.8600347749183235,10113,10125,2,Box 3,mid2_3aer-mid2
2017-07-15 10:12:00,-36.92791748046875,-0.01347832223481172,-36.9144391582295,-39.899440428353614,-10.73398122460586,18.65934245293184,-4.940359958201861,-37.740692138671875,0.2371988296508789,0.517730712890625,1.0808627013762624,0.2907800164211051,-0.5054754420878701,0.13383272429050258,2.4593535603809085,1.1286790742214026,1.3198588186733926,0.8875105321454042,10400,10400,3,Box 4,mid2_3aer-mid2
2017-07-15 10:14:00,-23.31536865234375,-0.24700765500433744,-23.06836099733662,-27.592165338606335,-4.197222509007206,9.807247934308268,-1.0862210840313438,-24.3917236328125,0.05873441696166992,0.3112983703613281,1.1961042807415758,0.18194714871558498,-0.42513848016513067,0.04708705070796987,1.9566624010204072,1.0523790244098736,1.2057031075268072,0.8805563899511866,10171,10179,0,Box 1,mid2_3aer-mid2
2017-07-15 10:14:00,-20.52313232421875,-2.3313570463782427,-18.19177527783817,-24.81084599118983,-0.2369967740150851,8.034194235584163,-1.1781267482174174,-20.58837890625,0.04078364372253418,0.3948554992675781,1.3638496305204053,0.013027688084065249,-0.44163882374754754,0.06476150514307699,2.0191003567425145,1.0033615541523058,1.1873602079362833,0.8544861742758639,9517,9597,1,Box 2,mid2_3aer-mid2
2017-07-15 10:14:00,-23.0250244140625,-0.9672805602246277,-22.057743853835188,-26.179779229770475,-2.4458643724229447,8.743781802269856,-2.175882053911622,-23.4212646484375,0.05869889259338379,0.4513587951660156,1.18687475034844,0.11088461216298337,-0.39640417715475335,0.09864481464332991,2.09137330825623,1.0350665468358975,1.2302491821940151,0.8587218996308729,10112,10147,2,Box 3,mid2_3aer-mid2
2017-07-15 10:14:00,-36.99072265625,-0.030655091927765516,-36.96006756431782,-39.085564287692854,-10.64292921536521,17.36688923501155,-4.5984632962713015,-37.752960205078125,0.22884750366210938,0.5067367553710938,1.0575079231031235,0.2879575151437267,-0.46988250778464435,0.12441706953779419,2.4818483447691206,1.1317442475392525,1.3317898712168603,0.8806321046723508,10402,10403,3,Box 4,mid2_3aer-mid2
2017-07-15 10:16:00,-23.957672119140625,-0.27855853516833035,-23.67911358396943,-27.945751652490614,-4.72896664662012,9.735411849153403,-0.7398071340120983,-25.087493896484375,0.05812978744506836,0.3034782409667969,1.1801857173998973,0.1997104591711403,-0.4111392014160614,0.031243024845023837,1.9298748847154832,1.0572034045646843,1.204052047677058,0.8831467891333222,10192,10201,0,Box 1,mid2_3aer-mid2
2017-07-15 10:16:00,-20.350555419921875,-2.180627279799273,-18.169928140120263,-24.639170314498756,-0.3032504000652426,7.917130626780981,-1.1446380523372444,-20.319244384765625,0.039188385009765625,0.3774986267089844,1.356041153519701,0.016689686262195393,-0.4357271292284032,0.06299628944650676,2.0265848605295154,1.0043562294101354,1.1896164277348047,0.8535543558271494,9567,9641,1,Box 2,mid2_3aer-mid2
2017-07-15 10:16:00,-24.1324462890625,-1.6177242564943013,-22.514722032565487,-26.61809673931651,-2.473735404007682,8.652497368294295,-2.0753872575355885,-24.606689453125,0.06526398658752441,0.5370025634765625,1.182252958789181,0.10987190516630184,-0.38430398366807494,0.09217911971259207,2.1048585345240935,1.0351880619253289,1.2334794275258634,0.8556335469802476,10140,10200,2,Box 3,mid2_3aer-mid2
2017-07-15 10:16:00,-39.84027099609375,-0.04788761181645606,-39.79238338427257,-40.26882758415562,-11.77895366880465,16.799667210991792,-4.544269342304087,-40.641754150390625,0.24338006973266602,0.5321617126464844,1.0119732511441213,0.2960102579193618,-0.422182985340648,0.11419947627716492,2.3941526105326445,1.1361939415374143,1.333179480317176,0.8806960807601371,10403,10404,3,Box 4,mid2_3aer-mid2
2017-07-15 10:18:00,-24.863037109375,-0.5830324337628051,-24.280004675609337,-27.92813538194767,-5.050943192735031,9.323158392551102,-0.6240844934777394,-26.169769287109375,0.06507730484008789,0.37444305419921875,1.150252471326873,0.20802892174930238,-0.3839850328330765,0.02570363975690121,1.9401384510477444,1.0617639970601047,1.2117456311388057,0.8805631570674427,10203,10222,0,Box 1,mid2_3aer-mid2
2017-07-15 10:18:00,-20.306671142578125,-2.4672495488821427,-17.839421593693714,-24.029201781753123,-0.3139591880046943,7.641079183170375,-1.1373398071062724,-20.234832763671875,0.039231061935424805,0.40830230712890625,1.3469720223579174,0.017599179791551074,-0.42832550052359986,0.06375429837413144,2.033083007436914,1.004646178358247,1.1919518879208337,0.8523465983450843,9534,9617,1,Box 2,mid2_3aer-mid2
2017-07-15 10:18:00,-25.1724853515625,-0.861376436908462,-24.311108914651125,-28.329893780657585,-3.079625906666354,9.353693630569037,-2.2552828578962227,-25.77490234375,0.07276511192321777,0.6263885498046875,1.1653065222205694,0.1266756657410396,-0.38474977276466477,0.09276758480305575,2.1230898042148056,1.0417696266061103,1.2403052212888521,0.8568790779155092,10154,10185,2,Box 3,mid2_3aer-mid2
2017-07-15 10:18:00,-38.913604736328125,0.027011364420155917,-38.94061610074373,-39.3075544397461,-11.46617478211083,16.815112420745688,-4.9819992996324896,-39.85357666015625,0.23773574829101562,0.5101356506347656,1.0094230234584132,0.2944528343477297,-0.4318142367661341,0.12793837895999127,2.460727851011273,1.1403480531869994,1.3462870274205436,0.8798759101568636,10404,10403,3,Box 4,mid2_3aer-mid2
2017-07-15 10:20:00,-26.044677734375,-1.0124328842802734,-25.03224485009179,-28.648075383099528,-5.332454065526171,9.239542904207616,-0.29125830567370503,-27.4373779296875,0.07427597045898438,0.4291229248046875,1.1444469145560663,0.21302340630894787,-0.36910564591947637,0.011635325054462187,1.9221319091225064,1.0627013017458633,1.2096371581594243,0.8804765880633751,10236,10269,0,Box 1,mid2_3aer-mid2
2017-07-15 10:20:00,-20.276031494140625,-2.36431480485232,-17.911716689286028,-23.91780527708058,-0.44229646484223367,7.502758949877942,-1.0543738972411567,-20.151275634765625,0.04155850410461426,0.4298667907714844,1.335316189507794,0.024693136482378333,-0.4188743647539797,0.05886503876380733,2.046664707525324,1.0066441927701795,1.1957660097847662,0.8507470171486742,9514,9593,1,Box 2,mid2_3aer-mid2
2017-07-15 10:20:00,-26.22216796875,-0.9492002431117718,-25.272967725635244,-28.915876776193954,-3.5716485994154183,9.257819657844745,-2.043262007870616,-26.8890380859375,0.07314062118530273,0.645355224609375,1.1441425118769721,0.14132288056509373,-0.3663131199449212,0.08084772750285535,2.1277092139952924,1.0477354354308743,1.2460447322865227,0.855936755274021,10174,10203,2,Box 3,mid2_3aer-mid2
2017-07-15 10:20:00,-38.201934814453125,0.0017588106475204658,-38.203693625096214,-37.859652845809165,-11.499663255574921,16.463033396484665,-5.307410920196795,-39.427581787109375,0.23079633712768555,0.4749488830566406,0.9909945676283759,0.301009200011507,-0.43092779347570753,0.13892402583582464,2.4207657526980437,1.1436991026426748,1.3463168542420239,0.8853319922732211,10404,10404,3,Box 4,mid2_3aer-mid2
2017-07-15 10:22:00,-27.0052490234375,-1.5404943691119868,-25.46475465432255,-28.94227119649931,-5.583601414991598,9.174103669394022,-0.11298571222566609,-28.53704833984375,0.08687686920166016,0.5382575988769531,1.1365619496195092,0.21926782687630575,-0.36026672135389104,0.004436944858076108,1.9157701226263344,1.0647193063138998,1.2100582542301759,0.8806356395952243,10248,10299,0,Box 1,mid2_3aer-mid2
2017-07-15 10:22:00,-20.6749267578125,-1.1810905910888787,-19.493836166721195,-25.388500285470908,-0.8769748353098339,7.818138973156428,-1.046500019096879,-20.5299072265625,0.0458221435546875,0.4691162109375,1.302386050048618,0.0449872886901018,-0.4010569754609472,0.053683636722227424,2.0684777951253017,1.0126319799883958,1.204447401178127,0.8491820096632078,9558,9598,1,Box 2,mid2_3aer-mid2
2017-07-15 10:22:00,-26.93548583984375,-0.6886792954808734,-26.2468065443598,-29.547189738125155,-4.15021971019634,9.423195009202509,-1.9725921052408133,-27.518096923828125,0.07154512405395508,0.5910148620605469,1.1257441810373148,0.15812284451375228,-0.35902253454249156,0.07515550899142454,2.1549832176062917,1.0554019336531832,1.2552576566160616,0.8552741110279802,10203,10227,2,Box 3,mid2_3aer-mid2
2017-07-15 10:22:00,-37.83807373046875,-0.014157507132412166,-37.82391622333198,-37.73958334251039,-11.45371281690921,16.603444359720896,-5.234064423633274,-39.184967041015625,0.23122024536132812,0.46225738525390625,0.9977703820957184,0.3028166821563521,-0.43896682357494576,0.13837975932287522,2.442836318890697,1.1451481659630238,1.3476808347913487,0.8855372911447613,10404,10404,3,Box 4,mid2_3aer-mid2
2017-07-15 10:24:00,-28.245391845703125,-1.0214059698976383,-27.22398587580233,-30.279641253226334,-6.20891416145115,9.523463382171895,-0.25889384329674203,-29.911163330078125,0.0955953598022461,0.6636505126953125,1.112241293077513,0.2280677851427281,-0.3498188481884534,0.009509769968212345,1.9402398166979657,1.0703177471625152,1.2197445161549845,0.8791525690257811,10266,10300,0,Box 1,mid2_3aer-mid2
2017-07-15 10:24:00,-21.551116943359375,-1.5572887890570566,-19.993828154299866,-25.802359614141032,-0.9617608719641234,7.871746629994165,-1.1014542981888757,-21.433441162109375,0.05124831199645996,0.4851799011230469,1.2905162240574717,0.048102887778261084,-0.3937088270062614,0.05508971517052863,2.079543952985996,1.013738625878368,1.2081738589346271,0.8478539482366743,9576,9627,1,Box 2,mid2_3aer-mid2
2017-07-15 10:24:00,-27.938446044921875,-0.7801034824734185,-27.158342562445267,-30.222089083311186,-4.7332348773466215,9.912196193715507,-2.1152147955029674,-28.6439208984375,0.07567214965820312,0.6170120239257812,1.1128105116805798,0.17428290649414555,-0.36497794999545213,0.0778845318207268,2.160506086129641,1.0621802393606723,1.259544093926407,0.8585980813421441,10222,10250,2,Box 3,mid2_3aer-mid2
2017-07-15 10:24:00,-38.463165283203125,-0.0042091682188611585,-38.45895611497984,-36.75599513799508,-12.093859541803623,16.087778946803162,-5.696880381984303,-40.05181884765625,0.23817825317382812,0.47017669677734375,0.955720041597243,0.31446146134717995,-0.4183103383957148,0.14812883545129185,2.2871957660105178,1.1458056439751139,1.3344945431286597,0.8961014640562959,10402,10402,3,Box 4,mid2_3aer-mid2
2017-07-15 10:26:00,-29.857513427734375,-0.6590925462472739,-29.198420881483766,-31.724538322593002,-6.5219401593884685,9.676729571019173,-0.628671970521468,-31.5511474609375,0.10408639907836914,0.7783050537109375,1.0865155499800052,0.22336619455760942,-0.3314127709267897,0.02153102638917509,1.9707208085993517,1.072221616855343,1.2313694313165702,0.87466620145146,10298,10320,0,Box 1,mid2_3aer-mid2
2017-07-15 10:26:00,-22.7376708984375,-1.838382943496716,-20.899287954938217,-26.923736308227912,-1.101345137757498,8.382335174427554,-1.2565416833803615,-22.654937744140625,0.058380842208862305,0.5530242919921875,1.2882609381850352,0.05269773497222259,-0.40108233316374414,0.06012366000648639,2.0939543312790114,1.0152307390959125,1.2107353476362188,0.8482204916438325,9601,9660,1,Box 2,mid2_3aer-mid2
2017-07-15 10:26:00,-29.29193115234375,-1.55787319926556,-27.73405795307499,-30.436551353664075,-5.049224027693565,9.793765652365218,-2.0420482240825706,-30.05120849609375,0.08037471771240234,0.6635704040527344,1.09744312949665,0.1820586095347701,-0.3531313617695582,0.07362962273813811,2.161489062714459,1.0660232232955924,1.2637950671504523,0.858176116690556,10216,10265,2,Box 3,mid2_3aer-mid2
2017-07-15 10:26:00,-34.5914306640625,-0.05583739484434511,-34.53559326921422,-30.579966977508928,-10.961940651568888,12.096417022069096,-5.090102662205499,-36.268463134765625,0.21724557876586914,0.4211692810058594,0.8854623327049829,0.3174099418567279,-0.35025942446606545,0.1473871499043547,2.1119163662442304,1.143386636536945,1.3250276174176496,0.8994614731614294,10400,10402,3,Box 4,mid2_3aer-mid2
2017-07-15 10:28:00,-30.83544921875,-0.6290895989167836,-30.206359619829822,-32.221090076338385,-6.915459598905294,9.925651078015806,-0.9954610226019507,-32.649688720703125,0.11180973052978516,0.8740081787109375,1.0666988833432922,0.22894051735931276,-0.32859474636923247,0.0329553456666275,1.9654931013128085,1.0752097650209693,1.2351141049077445,0.8766139089592125,10328,10349,0,Box 1,mid2_3aer-mid2
2017-07-15 10:28:00,-23.739654541015625,-2.147902416171744,-21.591752124841285,-28.005573233064776,-1.2025681845255547,8.998690414377831,-1.3823011216287844,-23.699737548828125,0.06215786933898926,0.6298065185546875,1.2970495896367946,0.055695720179280934,-0.41676517784885314,0.0640198680327776,2.1013842450047293,1.0160714383118645,1.2102687366641756,0.8498621967504136,9673,9741,1,Box 2,mid2_3aer-mid2
2017-07-15 10:28:00,-29.8155517578125,-1.4376188683415232,-28.37793288946769,-30.831392637263814,-5.476930740982659,9.906162111540585,-1.975771622761803,-30.584808349609375,0.08043622970581055,0.6943359375,1.086456605467085,0.1929996368063648,-0.3490797638476762,0.06962352157422641,2.1750332909634422,1.0714550415837245,1.2692207524411852,0.8583124463691816,10183,10231,2,Box 3,mid2_3aer-mid2
2017-07-15 10:28:00,-31.61541748046875,0.07715390453403989,-31.692571384999198,-29.081228621437514,-10.066961881275313,12.091195708936738,-4.635576591223109,-33.367156982421875,0.20244836807250977,0.38604736328125,0.9176039478829512,0.3176442125500814,-0.3815151368455944,0.1462669764125618,2.1401774102110913,1.140762943068218,1.3183806324740266,0.9009747034026949,10401,10400,3,Box 4,mid2_3aer-mid2
2017-07-15 10:30:00,-31.295440673828125,-0.06899966330594066,-31.22644101051872,-32.84741101958901,-7.436035904365495,10.309638053375854,-1.2526321399400688,-33.22491455078125,0.1134328842163086,0.7943382263183594,1.0519101747305837,0.23813267422504678,-0.3301573192379824,0.04011447028235193,1.9758486411729799,1.080131256582717,1.240850782377783,0.8780444161079536,10336,10338,0,Box 1,mid2_3aer-mid2
2017-07-15 10:30:00,-24.1719970703125,-2.700596307574982,-21.471400762734973,-27.925269979176363,-1.1884212359884891,8.857341559057806,-1.215051106627929,-24.14532470703125,0.0629262924194336,0.6354827880859375,1.3005797939202226,0.055349031445171115,-0.4125181052197724,0.05658927985437867,2.109501262947308,1.0160102555284312,1.2108377908818808,0.8482305298256199,9683,9767,1,Box 2,mid2_3aer-mid2
2017-07-15 10:30:00,-30.65447998046875,-1.6745790613389804,-28.979900919126436,-31.34982346334945,-5.85173919198002,9.799641094206116,-1.5779793580030816,-31.343414306640625,0.08000659942626953,0.6694602966308594,1.0817781451647024,0.2019240579293331,-0.3381530227295723,0.05445081963553683,2.2021466482217886,1.0764596023891586,1.2753894088088469,0.8552779338535202,10174,10227,2,Box 3,mid2_3aer-mid2
2017-07-15 10:30:00,-33.25091552734375,0.08250445021739855,-33.33341997755742,-29.798111683214696,-10.57393302934706,11.89909206098654,-4.860467325982205,-34.86474609375,0.19933605194091797,0.3976249694824219,0.8939410268516413,0.3172171663293545,-0.356971833943169,0.14581364076217318,2.077360601069154,1.1385049852679305,1.3133910364793866,0.9019954686804512,10401,10400,3,Box 4,mid2_3aer-mid2
2017-07-15 10:32:00,-31.74560546875,-0.029014990250622555,-31.716590478495846,-32.455917700147864,-7.668947725522454,9.193779191968064,-0.785504244793595,-33.73681640625,0.11359834671020508,0.6588363647460938,1.0233104255690184,0.24179609503493366,-0.2898728726280189,0.02476635202406685,1.9740626553953258,1.0836652312952741,1.2479894862039616,0.8731060681290583,10319,10320,0,Box 1,mid2_3aer-mid2
2017-07-15 10:32:00,-24.534515380859375,-2.4415423199402926,-22.09297306091645,-28.547620267466797,-1.3845467744093891,8.983886507809267,-1.144692526849527,-24.50555419921875,0.0654911994934082,0.6238594055175781,1.2921583794427802,0.06266910164565946,-0.4066399973891337,0.051812516300694,2.116299858116033,1.0183455598240738,1.2133551860298613,0.8477325336145907,9702,9778,1,Box 2,mid2_3aer-mid2
2017-07-15 10:32:00,-31.57257080078125,-2.117567118996425,-29.455003681781445,-31.37492029438691,-6.199296517239611,9.212718151760772,-1.0935050219156965,-32.208984375,0.0848383903503418,0.6799049377441406,1.0651813400992027,0.21046666923603236,-0.31277260228146014,0.037124592946225055,2.2021163871633496,1.081111532569858,1.2802269946759315,0.8522490095576036,10052,10122,2,Box 3,mid2_3aer-mid2
2017-07-15 10:32:00,-30.949127197265625,0.04130114145746962,-30.990428338719656,-28.39469955573452,-9.647823406152586,11.34848444143655,-4.296389818269103,-32.558807373046875,0.17333173751831055,0.3302001953125,0.9162409517347001,0.31131623289306165,-0.36619321028414686,0.1386360256563851,2.1207958794955313,1.136234991079138,1.3145648830434262,0.8977462529484268,10401,10400,3,Box 4,mid2_3aer-mid2
2017-07-15 10:34:00,-31.8533935546875,-0.1663813611539121,-31.687012193530084,-31.98431514170427,-7.86978862745721,8.076983714929582,0.09010786070181413,-33.92462158203125,0.10947751998901367,0.6025886535644531,1.00938248599642,0.24836007192448645,-0.25489887356999713,-0.0028436843509093146,1.9480065948688807,1.0854931284286746,1.2463294776997105,0.8704067733331308,10320,10326,0,Box 1,mid2_3aer-mid2
2017-07-15 10:34:00,-25.0521240234375,-1.4019632151254429,-23.650160808309284,-30.117133089677875,-1.824918982551191,9.524160062136955,-1.2322687982171734,-25.065032958984375,0.0657949447631836,0.5991439819335938,1.2734430574821494,0.0771630686718215,-0.4027101608032501,0.05210403464927926,2.1262745228089655,1.023118389496231,1.2183072655909088,0.8484716456558249,9750,9793,1,Box 2,mid2_3aer-mid2
2017-07-15 10:34:00,-31.646514892578125,-2.99998965687548,-28.64652523569937,-30.647294171130294,-6.186871471935186,9.135114458053321,-0.9474740506872119,-32.2177734375,0.08464670181274414,0.6393203735351562,1.0698433376812333,0.21597284211716858,-0.3188908386930335,0.03307465889463157,2.2345374169656056,1.0845406529651624,1.2846863890242017,0.8512304302124583,9937,10033,2,Box 3,mid2_3aer-mid2
2017-07-15 10:34:00,-33.02703857421875,0.06934200687273288,-33.096380581087836,-30.021014925860126,-10.356467939460321,11.750786401601236,-4.469684117368627,-34.654449462890625,0.17181921005249023,0.3726959228515625,0.9070784901178874,0.3129184447854182,-0.35504747634899847,0.13505054144569284,2.092972226069265,1.1358670958341666,1.311819867811276,0.898198426525464,10402,10398,3,Box 4,mid2_3aer-mid2
2017-07-15 10:36:00,-33.358062744140625,0.6401780335143359,-33.99824077765117,-34.01956551452426,-9.413282973863927,9.332632003798173,0.10197570693884685,-35.608917236328125,0.11960983276367188,0.5798683166503906,1.0006272305973876,0.27687558998793177,-0.27450337989055607,-0.002999440694763267,1.9123241530896269,1.0938413109834764,1.241066365036652,0.8808013732544174,10288,10266,0,Box 1,mid2_3aer-mid2
2017-07-15 10:36:00,-25.822723388671875,-1.0944683079752298,-24.728255080693817,-31.201419813697008,-2.0686686914893295,9.837893232341841,-1.2960598078493184,-25.847015380859375,0.067535400390625,0.5672874450683594,1.2617719977361852,0.0836560721627467,-0.39784017110138176,0.05241210120244982,2.14195057022156,1.0255726020715668,1.2229052835438068,0.8475279517571097,9842,9875,1,Box 2,mid2_3aer-mid2
2017-07-15 10:36:00,-33.344573974609375,-1.9451114213649274,-31.399462553240863,-33.02294638040425,-7.308299231106173,9.82014249985154,-0.8883594415819819,-33.8990478515625,0.09355545043945312,0.6859054565429688,1.051704191573681,0.23275236697807283,-0.31274874476595027,0.028292186214196546,2.2752380332553126,1.0952335930445083,1.2976518594066284,0.8502566852838598,9926,9985,2,Box 3,mid2_3aer-mid2
2017-07-15 10:36:00,-32.098297119140625,0.14074288078010694,-32.239039999917225,-29.28626327248365,-10.272534367173053,11.305139949524367,-3.9853823097848866,-33.88653564453125,0.16443777084350586,0.3875083923339844,0.9084099052750593,0.3186364844362434,-0.35066614730318874,0.12361975759188609,2.0727730946191016,1.1363635783882613,1.3066401310065006,0.8989188525259384,10403,10398,3,Box 4,mid2_3aer-mid2
2017-07-15 10:38:00,-33.67376708984375,0.6826790287375056,-34.356446118577516,-35.52719580978083,-9.806196095423209,11.604497834114023,-0.6275520474875004,-36.036773681640625,0.12230634689331055,0.5212783813476562,1.034076565636696,0.28542521719441516,-0.3377677014107445,0.018265918579633444,1.954278004040706,1.0968795544138785,1.241078056432845,0.8873054952100959,10265,10241,0,Box 1,mid2_3aer-mid2
2017-07-15 10:38:00,-26.259002685546875,-0.9031307624511464,-25.355871923092824,-31.689167723634746,-2.2581973914446523,9.95214232024405,-1.3606491282574724,-26.245697021484375,0.06989240646362305,0.54144287109375,1.2497762971729591,0.08906013558886935,-0.3924985246190706,0.05366209185724208,2.152847093159514,1.0276977441319235,1.226928942484015,0.8468611838821696,9814,9840,1,Box 2,mid2_3aer-mid2
2017-07-15 10:38:00,-34.172149658203125,-2.163791897389851,-32.008357760809574,-33.567369055615615,-7.793476031699351,10.524424864918746,-1.1719375384133532,-34.71575927734375,0.09079885482788086,0.6826934814453125,1.0487063818286506,0.24348253321641933,-0.32880240040945347,0.036613485364383525,2.261625450872862,1.0993694487239776,1.2961441178272126,0.8562784224200206,9845,9918,2,Box 3,mid2_3aer-mid2
2017-07-15 10:38:00,-33.142852783203125,0.11707059914723199,-33.25992338234674,-31.330453886177683,-10.591131909183522,12.732043449002576,-4.070381035988111,-35.0018310546875,0.15618276596069336,0.432891845703125,0.9419881557155614,0.31843524675119794,-0.3828043529336667,0.12238095046690739,2.1406609799290237,1.1372872810752441,1.3090859755185174,0.8978766713323847,10400,10397,3,Box 4,mid2_3aer-mid2
2017-07-15 10:40:00,-35.321990966796875,0.46002716660068743,-35.78201813339362,-38.27680375902544,-10.079306410679527,14.487749517220307,-1.9136574809089617,-37.693359375,0.12029170989990234,0.5463829040527344,1.069721769642265,0.2816863591400676,-0.4048891111510447,0.05348098236871213,2.0234162014591006,1.0972364183019079,1.2455995800745283,0.8912975116205807,10263,10247,0,Box 1,mid2_3aer-mid2
2017-07-15 10:40:00,-26.193572998046875,-1.8193079539132333,-24.374265044130908,-30.583084484243653,-2.063885097902867,9.638250047276907,-1.3655455092612978,-26.0992431640625,0.07210397720336914,0.522735595703125,1.2547284781252417,0.08467476226118378,-0.39542730949328486,0.05602406910685942,2.157396397740904,1.026283987512142,1.2266266801651216,0.8463016277868265,9820,9874,1,Box 2,mid2_3aer-mid2
2017-07-15 10:40:00,-33.8270263671875,-2.5658574988631555,-31.26116886832074,-32.55957397058787,-7.957350592332783,10.80363846922083,-1.547882774620916,-34.378509521484375,0.09047746658325195,0.5887908935546875,1.0415341188212224,0.25454424387811536,-0.34559291479881155,0.04951455209947381,2.2568353798465584,1.104578407775435,1.2975806422890763,0.8623111237388593,9760,9836,2,Box 3,mid2_3aer-mid2
2017-07-15 10:40:00,-32.699249267578125,0.018589499986624642,-32.717838767561176,-31.575389308630598,-10.288028606789183,13.441629918315328,-4.296050770456724,-34.68017578125,0.12859153747558594,0.4547538757324219,0.9650817565595657,0.3144470721271931,-0.4108348969444256,0.13130606825766677,2.205299029936083,1.1375094777281474,1.3141095399314027,0.8972232117689075,10399,10398,3,Box 4,mid2_3aer-mid2
2017-07-15 10:42:00,-35.313751220703125,0.7059931539489904,-36.0197443746482,-39.02651151751716,-10.061545392815948,15.620360617921236,-2.552048082236332,-37.84783935546875,0.11619281768798828,0.5262527465820312,1.083475526966405,0.2793341698420706,-0.433661062539781,0.07085136573130546,2.059606676450017,1.097612004634862,1.248924949979686,0.892796005030204,10280,10254,0,Box 1,mid2_3aer-mid2
2017-07-15 10:42:00,-26.147247314453125,-2.045123567969031,-24.102123746481347,-30.165769103821876,-2.112595311692078,9.435130852910286,-1.258890183877677,-25.96710205078125,0.07017803192138672,0.5024795532226562,1.2515813718791382,0.0876518324241238,-0.3914647087598542,0.05223150445659219,2.1599181384572597,1.0273319651319757,1.2276387681806127,0.84584833287367,9842,9901,1,Box 2,mid2_3aer-mid2
2017-07-15 10:42:00,-35.125030517578125,-2.812356888309794,-32.31267362926465,-33.816125100908074,-8.280839491595376,10.824488518450844,-1.040197555212047,-35.56689453125,0.1001272201538086,0.5883293151855469,1.0465282287963256,0.2562721855394739,-0.33499204190418397,0.03219162756838451,2.3190121008858293,1.1084788565330794,1.307235789208281,0.8553012498341164,9720,9805,2,Box 3,mid2_3aer-mid2
2017-07-15 10:42:00,-31.80767822265625,-0.0393547660807756,-31.76832345657205,-30.55465926665152,-9.866731776498497,13.052038846567118,-4.39897125998915,-33.786773681640625,0.10359621047973633,0.4667091369628906,0.9617964041577569,0.31058396235440383,-0.4108507288528941,0.13847036234073334,2.21783270725005,1.1372443333051694,1.3179223308864898,0.8965306698050672,10400,10401,3,Box 4,mid2_3aer-mid2
2017-07-15 10:44:00,-35.742218017578125,0.7569004742899405,-36.49911849186415,-38.78291749188594,-10.186076392850472,15.314747914900558,-2.8448725220282998,-38.465087890625,0.1208181381225586,0.608551025390625,1.062571346771864,0.2790773260762723,-0.41959226818900563,0.07794359534086931,2.010069427975572,1.0960192652998777,1.2448546636863718,0.8955986432243281,10278,10252,0,Box 1,mid2_3aer-mid2
2017-07-15 10:44:00,-26.422760009765625,-2.089005607306054,-24.333754402456826,-30.43194190800176,-2.2544449829190616,9.591193990918626,-1.2385615024546313,-26.217529296875,0.07292747497558594,0.4998207092285156,1.250606108892479,0.09264682077548397,-0.3941518366746672,0.0508989070067043,2.1652525969663254,1.0290287174676316,1.228642659159778,0.8463569591812616,9866,9926,1,Box 2,mid2_3aer-mid2
2017-07-15 10:44:00,-35.449493408203125,-2.098378376502104,-33.35111503169726,-34.220281197131655,-8.826458615859757,10.715422512311997,-1.0197977310178488,-35.977142333984375,0.10521793365478516,0.5783920288085938,1.0260610826537082,0.2646525793056992,-0.32129128222933306,0.030577620269925665,2.3437435639665773,1.1161063299102665,1.318777603838369,0.853509910966271,9740,9802,2,Box 3,mid2_3aer-mid2
2017-07-15 10:44:00,-31.219573974609375,-0.11462039867607608,-31.104953575930026,-28.89756445270014,-9.799160460225554,12.148744441984451,-4.5569731049887805,-33.369781494140625,0.08150482177734375,0.4780616760253906,0.9290341611395933,0.31503536683650435,-0.39057265950673287,0.14650313153063527,2.1419725433743246,1.1378616903781797,1.314300154021229,0.9011229313946892,10400,10403,3,Box 4,mid2_3aer-mid2
2017-07-15 10:46:00,-36.78131103515625,-0.2458764466786928,-36.53543458847365,-39.01886654566641,-9.748634639359365,15.35245625337685,-3.1203896568247225,-39.654632568359375,0.14000988006591797,0.8015213012695312,1.0679732425565904,0.26682684219212505,-0.42020729810123314,0.08540721335251766,2.010793958364386,1.0911822756556158,1.2436162361675385,0.8939182828649894,10254,10262,0,Box 1,mid2_3aer-mid2
2017-07-15 10:46:00,-27.131561279296875,-2.3021637513371696,-24.829397527956967,-31.05627762369994,-2.37953895959193,9.802372816188887,-1.195953760853983,-26.941986083984375,0.08413457870483398,0.58001708984375,1.2507865963615001,0.09583554965087891,-0.39478899176477333,0.04816684575239427,2.1740372742082763,1.0301980798152552,1.229932571083943,0.8459968232571683,9866,9932,1,Box 2,mid2_3aer-mid2
2017-07-15 10:46:00,-37.23046875,-2.7075157069658964,-34.5229530430302,-34.67391640522368,-9.32117086107785,10.53911000345372,-1.0669757801823867,-37.922576904296875,0.11783599853515625,0.6046028137207031,1.004372840353643,0.2699992335377489,-0.30527834598383086,0.030906272092439013,2.3401544722798624,1.1210651233118343,1.3260064486119738,0.8528499618942531,9723,9800,2,Box 3,mid2_3aer-mid2
2017-07-15 10:46:00,-30.75128173828125,0.026790316136129828,-30.77807205441411,-29.553562910549687,-9.490305676609513,12.529389142029833,-4.263592609284744,-32.8560791015625,0.06200122833251953,0.49098968505859375,0.9602148847497806,0.3083463337089835,-0.4070881736802257,0.13852695522146163,2.264424411565065,1.1402298930081574,1.3280721335596228,0.8929770149126907,10402,10401,3,Box 4,mid2_3aer-mid2
2017-07-15 10:48:00,-36.190185546875,-0.5676829107376217,-35.6225026361336,-38.55421066770744,-9.317155459646196,15.103484336847554,-2.854620845627521,-39.2054443359375,0.1465435028076172,0.8883285522460938,1.082299328082583,0.26155252354996983,-0.42398717718185724,0.08013532554930441,2.01674905069123,1.0884579529031693,1.2411623426475122,0.8922818337022684,10228,10248,0,Box 1,mid2_3aer-mid2
2017-07-15 10:48:00,-28.152130126953125,-1.57290851491976,-26.579221612030413,-32.865001461642876,-2.8549378453860927,10.327468853068067,-1.1867511580695094,-27.94720458984375,0.09665918350219727,0.6483268737792969,1.2364922472660886,0.10741239480443918,-0.38855422494365294,0.04464958287312509,2.1821133261435715,1.0344723914139986,1.2341117161375403,0.8461422253190034,9915,9960,1,Box 2,mid2_3aer-mid2
2017-07-15 10:48:00,-39.013153076171875,-3.685522525061366,-35.32763055110655,-35.10280631350349,-9.637243584598039,10.573821299810803,-1.161401952815821,-39.90704345703125,0.13446044921875,0.6702995300292969,0.9936360227364296,0.2727962060930287,-0.2993074014549103,0.03287517262545203,2.338758034397824,1.1237022158674022,1.3297893446794393,0.8529778842626673,9678,9787,2,Box 3,mid2_3aer-mid2
2017-07-15 10:48:00,-32.948150634765625,-0.0012513645337282507,-32.94689927022842,-32.58866928777404,-10.389054436003766,14.371865699174199,-4.341041245624812,-34.889373779296875,0.058773040771484375,0.5035285949707031,0.9891270501810747,0.3153272285441306,-0.4362129978089,0.1317587190836947,2.330938704634207,1.1444141396760608,1.3300163355539987,0.8933990294344093,10400,10400,3,Box 4,mid2_3aer-mid2
2017-07-15 10:50:00,-37.34368896484375,-0.6747426232049234,-36.66894634163494,-36.949246506777975,-9.898895243674382,13.418737568127264,-3.239542159309852,-40.479217529296875,0.16479063034057617,0.9587173461914062,1.0076440747037438,0.2699530865012857,-0.3659428182939431,0.08834565708891357,1.8477896806598866,1.085722406325563,1.225208203741944,0.9021980118213171,10229,10252,0,Box 1,mid2_3aer-mid2
2017-07-15 10:50:00,-28.873199462890625,-3.022187080674512,-25.851012382213327,-32.237915608727384,-2.5431097577292294,10.031139864489068,-1.1011268802457808,-28.673858642578125,0.09946441650390625,0.6578559875488281,1.247065884000293,0.09837563497045108,-0.38803663532306953,0.04259511635232538,2.171715552746158,1.0310612466492386,1.2303408217589737,0.8454611847103154,9921,10006,1,Box 2,mid2_3aer-mid2
2017-07-15 10:50:00,-40.58087158203125,-3.5907453521229815,-36.99012622990415,-36.10203647759851,-10.543565546473378,11.026548467099618,-1.3710726729318756,-41.632843017578125,0.15312957763671875,0.7022056579589844,0.975991167297297,0.28503729565403807,-0.2980943724973114,0.03706590954597638,2.336733953104686,1.131946742152353,1.336264045399615,0.8562488924851565,9647,9751,2,Box 3,mid2_3aer-mid2
2017-07-15 10:50:00,-31.9351806640625,-0.09711912940664091,-31.838061534652564,-29.43608991801661,-10.753200346144373,12.452835337787977,-4.101606608279559,-33.94720458984375,0.05187559127807617,0.4975776672363281,0.9245565998413048,0.337746704033491,-0.3911304500820285,0.12882714620723273,2.120705339626384,1.1471830540458463,1.311314889069566,0.9059194554402995,10397,10400,3,Box 4,mid2_3aer-mid2
2017-07-15 10:52:00,-35.974884033203125,-1.1564864998479525,-34.818397533351515,-36.91777047524933,-8.799115909989265,13.776058648198319,-2.8775697963112425,-39.244781494140625,0.1805868148803711,1.0954208374023438,1.0602949328695235,0.25271455705452417,-0.3956545856253907,0.08264509570134304,1.9206799187013364,1.0808858915276078,1.2277558064135206,0.8954318149918848,10250,10290,0,Box 1,mid2_3aer-mid2
2017-07-15 10:52:00,-29.1640625,-1.9829447010918901,-27.181117798905174,-33.257771666779874,-2.8908911458254076,10.088162247650141,-1.1206172339500342,-28.98382568359375,0.09525012969970703,0.6311187744140625,1.2235615883361302,0.10635659531050816,-0.3711459669276913,0.041227783281052977,2.167907917085524,1.0342010377859603,1.2346594304871223,0.8449520782674744,9955,10011,1,Box 2,mid2_3aer-mid2
2017-07-15 10:52:00,-40.936248779296875,-2.38213231506084,-38.55411646423173,-37.00771186418827,-11.563944897901564,12.27499618397699,-2.257455886118884,-41.99053955078125,0.16055536270141602,0.7830276489257812,0.9598900262316186,0.29994060189733357,-0.31838354265918706,0.05855291453023492,2.360418349162962,1.143601365319508,1.3474879838159906,0.8636421394214908,9713,9777,2,Box 3,mid2_3aer-mid2
2017-07-15 10:52:00,-27.662078857421875,-0.27262946431261004,-27.389449393106407,-25.21738379237571,-9.597234581289642,10.578290261980534,-3.153121281421587,-29.732147216796875,0.038752079010009766,0.4385871887207031,0.9206969965129208,0.35039895996248654,-0.38621770412964057,0.11512174765423322,2.0675344546877668,1.1482263829627966,1.3007922841600668,0.9098449488459567,10393,10401,3,Box 4,mid2_3aer-mid2
2017-07-15 10:54:00,-37.689056396484375,-1.1400064744779155,-36.54904992200261,-39.631257090139066,-9.160074750678776,15.214494984897694,-2.972213066082458,-40.877288818359375,0.19646692276000977,1.2277488708496094,1.0843307055782307,0.25062415494320117,-0.4162760733142487,0.08132121279281679,1.940832173421285,1.0796468026361876,1.2261121093251515,0.8952635503600898,10262,10303,0,Box 1,mid2_3aer-mid2
2017-07-15 10:54:00,-29.262481689453125,-1.8437882310091918,-27.418693458440952,-33.328687030132436,-2.8715003360888622,9.826824214452497,-1.0453303066721518,-29.1326904296875,0.09366512298583984,0.5802001953125,1.2155461411992288,0.10472783250745522,-0.35839870449506306,0.03812473078837908,2.1628095323537773,1.0337894314595584,1.2355787758272059,0.8434594030633358,9944,9995,1,Box 2,mid2_3aer-mid2
2017-07-15 10:54:00,-40.228729248046875,-3.004401574326821,-37.2243276737159,-35.070487827344934,-11.296937064307436,11.939973855293417,-2.7968766373569447,-41.304473876953125,0.1645493507385254,0.7953605651855469,0.9421389187939104,0.30348263542404297,-0.3207572735752655,0.07513571935731211,2.3465184604789293,1.1472568301785022,1.3522525363274698,0.867860594805945,9693,9777,2,Box 3,mid2_3aer-mid2
2017-07-15 10:54:00,-28.33270263671875,-0.1950538596173076,-28.13764877709851,-26.632309896182914,-9.80029698597409,11.608604342603133,-3.3136462375446394,-30.2762451171875,0.0441131591796875,0.4038848876953125,0.9465009001697112,0.3482983622267203,-0.4125648320712384,0.11776556967480689,2.137115783768092,1.1499684558762646,1.306643094790861,0.9082559311396164,10395,10401,3,Box 4,mid2_3aer-mid2
2017-07-15 10:56:00,-37.645263671875,-0.27918346465150906,-37.36608020721963,-39.58790379786208,-9.492677684946004,14.655228617008204,-2.9407273414197466,-40.87445068359375,0.1976613998413086,1.2242279052734375,1.0594609757919742,0.2540453168302061,-0.3922067430069,0.07870045038471973,1.9471884006070839,1.0831738891349028,1.233261288842312,0.8929130293650998,10285,10295,0,Box 1,mid2_3aer-mid2
2017-07-15 10:56:00,-29.593780517578125,-2.1395647241918923,-27.454215793383312,-33.36531723031193,-2.702809547365559,9.52046725186093,-0.9065562675667522,-29.489990234375,0.09762811660766602,0.5921669006347656,1.2153076045374875,0.09844788748316599,-0.3467761499184923,0.03302065789783876,2.1589552846632096,1.0316632585011247,1.2350257356518903,0.8411804263516475,9979,10038,1,Box 2,mid2_3aer-mid2
2017-07-15 10:56:00,-40.38275146484375,-2.0110023267505883,-38.37174913808898,-35.73699426404986,-12.139857005729073,12.597446640360324,-3.0923445086703656,-41.463134765625,0.1693434715270996,0.6723213195800781,0.9313360758052133,0.31637486636434503,-0.3283000364415421,0.0805890942719838,2.3574077389734382,1.156799347308723,1.3592446764368968,0.8723740337611413,9744,9800,2,Box 3,mid2_3aer-mid2
2017-07-15 10:56:00,-29.791168212890625,-0.1636634190962805,-29.627504793791303,-27.42440397349808,-10.255030364471123,11.287657969140955,-3.2357284249630553,-31.779205322265625,0.05393075942993164,0.40421295166015625,0.9256400147218978,0.3461320970445055,-0.38098577817145035,0.10921366640504704,2.1336549411447394,1.1522216770076144,1.3137759408736165,0.9035639249456839,10398,10403,3,Box 4,mid2_3aer-mid2
2017-07-15 10:58:00,-37.347503662109375,-0.7330144633916481,-36.61448919871398,-40.66381164553748,-9.590279234232503,16.982226791997075,-3.342625110941076,-40.588165283203125,0.20181894302368164,1.2533416748046875,1.110593443618646,0.26192579615638456,-0.46381165390103396,0.09129241412600342,1.955035688285471,1.0822644964709105,1.2228892312465813,0.9014135297067859,10253,10279,0,Box 1,mid2_3aer-mid2
2017-07-15 10:58:00,-29.348846435546875,-1.5308960567502563,-27.81795037879369,-33.47613831994907,-2.822625557714858,9.236262044008173,-0.7554485451379354,-29.191162109375,0.09215545654296875,0.5222206115722656,1.2034006051527346,0.10146777599641614,-0.33202525413407896,0.027156872984928193,2.167471845936387,1.033150010603053,1.2389583283091303,0.8387524738246258,10024,10064,1,Box 2,mid2_3aer-mid2
2017-07-15 10:58:00,-40.641754150390625,-0.01807276891315159,-40.62368138147309,-37.13565777152844,-13.335302477392258,13.098721586878618,-3.2514427194310107,-41.821044921875,0.16264057159423828,0.5536003112792969,0.9141381703644563,0.32826425434387096,-0.32244053570320796,0.08003811099488067,2.365401310142576,1.167169815916831,1.3688046523576316,0.8743898125938351,9858,9856,2,Box 3,mid2_3aer-mid2
2017-07-15 10:58:00,-32.811248779296875,-0.04614666750455038,-32.76510211178902,-30.693613280719642,-11.424055782361966,12.957444992806503,-3.604878041513914,-35.024261474609375,0.0681447982788086,0.4167633056640625,0.9367775865919231,0.34866534959619566,-0.3954648134041481,0.1100218772160293,2.1642759076300253,1.1545190267942693,1.3161767267056248,0.904094985637281,10402,10403,3,Box 4,mid2_3aer-mid2
2017-07-15 11:00:00,-36.646759033203125,-1.054331250271909,-35.59242778292757,-40.34981411624683,-8.936624711733915,16.404604296464914,-2.7105932514117352,-39.8563232421875,0.20666027069091797,1.31182861328125,1.1336628780237692,0.25108218990390135,-0.4609015264851818,0.07615645855751124,2.059063275451178,1.0832671644748917,1.2365992368402372,0.8902878307797735,10265,10302,0,Box 1,mid2_3aer-mid2
2017-07-15 11:00:00,-29.164398193359375,-0.9816905448843276,-28.182707648472082,-33.64120857967964,-2.8572106099237686,8.973097767631844,-0.6573862265005175,-29.007720947265625,0.09218645095825195,0.470123291015625,1.1936826297633432,0.10138169282959834,-0.31839019442542166,0.02332587183248014,2.180681344935886,1.0336621979553304,1.2432290610442867,0.8356664539048303,10059,10087,1,Box 2,mid2_3aer-mid2
2017-07-15 11:00:00,-41.0570068359375,-0.8685719485947535,-40.188434887338445,-36.587975447728965,-13.013865264078508,13.016310888532146,-3.602905064063122,-42.240875244140625,0.15847110748291016,0.46395111083984375,0.9104105584180432,0.32382115154672486,-0.32388200548295043,0.08965029551818238,2.363132648435926,1.1652588793572063,1.3700838046765584,0.8748522419931879,9898,9923,2,Box 3,mid2_3aer-mid2
2017-07-15 11:00:00,-33.923126220703125,0.10225782384882055,-34.025384044548474,-33.784658830952424,-12.041786432697558,15.711882341679889,-3.910821122578381,-36.3028564453125,0.07486581802368164,0.43963623046875,0.9929251286839004,0.35390596670214175,-0.4617694342879059,0.11493833890186378,2.2167364540608836,1.1524206320634596,1.3063487211745404,0.9096860680155437,10404,10402,3,Box 4,mid2_3aer-mid2
2017-07-15 11:02:00,-39.256500244140625,-0.8707617451042841,-38.38573849903243,-43.068241526494816,-9.97031483141082,17.945550127133977,-3.2927322682607656,-42.331024169921875,0.20845937728881836,1.1928253173828125,1.1219854875940558,0.2597400811153376,-0.4675056630103996,0.0857800943010062,2.0604815506886913,1.0872813587533836,1.2395890059459749,0.8934404225541014,10281,10311,0,Box 1,mid2_3aer-mid2
2017-07-15 11:02:00,-29.448699951171875,-1.052734544502285,-28.39596540666667,-33.817793493804736,-2.956373462729855,9.02681280602157,-0.6486112561536495,-29.265594482421875,0.09324455261230469,0.4417724609375,1.1909365647369452,0.10411244768018248,-0.31789068188899466,0.022841669471867,2.194843776151527,1.0349583262064947,1.2461090751594597,0.8347366148245272,10077,10105,1,Box 2,mid2_3aer-mid2
2017-07-15 11:02:00,-41.946533203125,-0.07378111667566242,-41.87275208644491,-37.981725187951994,-13.549387325893347,13.415722411700576,-3.7573619843001467,-43.225494384765625,0.16463232040405273,0.45999908447265625,0.9070749663060116,0.32358482905353547,-0.32039265974216985,0.08973286438262279,2.3968739340587795,1.1687355297919684,1.3788359928999996,0.8724137493687952,9915,9919,2,Box 3,mid2_3aer-mid2
2017-07-15 11:02:00,-36.33856201171875,0.0053670363706705415,-36.343929048085776,-37.03762196435387,-12.435480359471931,17.023087132622877,-3.893913856882855,-38.75750732421875,0.08154678344726562,0.45721435546875,1.0190868993649609,0.3421611445206941,-0.46838873997635316,0.10714069609069815,2.307932146737689,1.1507382567375013,1.3146395514271374,0.9013612622101921,10404,10404,3,Box 4,mid2_3aer-mid2
2017-07-15 11:04:00,-38.9893798828125,-0.9353257007014698,-38.05405418210717,-42.54045053311147,-9.999736103322661,18.181249502648534,-3.6951170483215754,-42.04083251953125,0.19489574432373047,0.9722785949707031,1.117895358258931,0.26277715523999245,-0.4777743106067597,0.09710179710783617,2.0875425488911343,1.0903537185313468,1.2453994313177585,0.8943621028778733,10276,10309,0,Box 1,mid2_3aer-mid2
2017-07-15 11:04:00,-30.172149658203125,-1.3774408855375617,-28.79470877266259,-34.204732292830286,-3.1436134916154566,9.162560524885144,-0.6089235131019954,-29.964752197265625,0.10507440567016602,0.4916725158691406,1.1878825572739917,0.10917330390227707,-0.3182029239199664,0.021147062743697598,2.2000700468575634,1.036897796720281,1.2476465568717159,0.8349806934055942,10086,10123,1,Box 2,mid2_3aer-mid2
2017-07-15 11:04:00,-44.641448974609375,-1.7491224157184186,-42.89232655888641,-39.46858471703473,-13.440287117367005,13.76786695010012,-3.7513216745847906,-45.91937255859375,0.18622827529907227,0.6190414428710938,0.9201782202895602,0.31334945421799354,-0.3209867138169426,0.08745903930938886,2.4055088638229427,1.1611984423535335,1.3743321733190867,0.8687445631719869,9873,9922,2,Box 3,mid2_3aer-mid2
2017-07-15 11:04:00,-40.422515869140625,0.0006108046851619434,-40.423126673821734,-41.66301920576825,-13.860950014287592,19.098638663318834,-3.9977961170847247,-42.670440673828125,0.09942007064819336,0.5322303771972656,1.0306728507656355,0.3428965336138639,-0.47246811998061566,0.09889873560111623,2.313615229919558,1.1497366067469044,1.3116459027251188,0.9003962253872584,10404,10404,3,Box 4,mid2_3aer-mid2
2017-07-15 11:06:00,-41.437652587890625,-0.8208459186278257,-40.61680666925869,-43.70426003329125,-10.588075943769699,17.768331482005895,-4.092802174203642,-44.81500244140625,0.21735477447509766,1.2082252502441406,1.0760141827291738,0.260682136584199,-0.4374625417180831,0.10076622240471028,2.1553665509023863,1.0974897964016417,1.2685860538224945,0.8861183248863745,10252,10281,0,Box 1,mid2_3aer-mid2
2017-07-15 11:06:00,-30.8585205078125,-1.0160056734254252,-29.84251483438405,-35.34042430131798,-3.476258060349539,9.607279631451123,-0.6331121041676518,-30.670562744140625,0.10903358459472656,0.5318412780761719,1.184230769338492,0.11648676660266756,-0.3219326415608169,0.02121510561965745,2.2099528103755914,1.0397707675663346,1.2500741657410992,0.8357152479900938,10075,10100,1,Box 2,mid2_3aer-mid2
2017-07-15 11:06:00,-44.7310791015625,-1.9823697992124347,-42.7487093023456,-40.77880990238768,-13.235957049251851,14.935374836609176,-3.6693171873152477,-46.09674072265625,0.18045902252197266,0.7377395629882812,0.9539190906086646,0.30962237843577656,-0.3493760415309119,0.0858345724864707,2.4376562109091595,1.1555842711116142,1.3652807598022632,0.8693334126138484,9875,9931,2,Box 3,mid2_3aer-mid2
2017-07-15 11:06:00,-42.04742431640625,-0.0024961491252456745,-42.04492816727681,-43.53758634133355,-14.196563920712652,19.871805044134017,-4.182582949364625,-44.466094970703125,0.1132969856262207,0.5676307678222656,1.0355015037275879,0.3376522339206114,-0.4726326315762401,0.09947889392804082,2.3448052055560757,1.149056742981073,1.3156467551110835,0.8975404336614394,10404,10404,3,Box 4,mid2_3aer-mid2
2017-07-15 11:08:00,-42.76922607421875,-0.22961581527263103,-42.539610258941885,-46.23722844604775,-11.09067887035502,19.77258083220452,-4.984283774743626,-46.49029541015625,0.24799203872680664,1.4699516296386719,1.0869217692545414,0.2607141627026013,-0.4648039958957615,0.11716806393861878,2.2525855409827806,1.1022951484151486,1.2828003044847915,0.8847317819720291,10249,10257,0,Box 1,mid2_3aer-mid2
2017-07-15 11:08:00,-31.641876220703125,-2.156935343682477,-29.48494087701765,-35.30042881449787,-3.432475721539266,10.0580712953329,-0.8101076363134151,-31.48553466796875,0.10502052307128906,0.5167503356933594,1.1972358690402924,0.11641453635115631,-0.34112570675604675,0.027475301364598026,2.214623804200111,1.0394121985706044,1.247780243917806,0.8380909049057761,10083,10139,1,Box 2,mid2_3aer-mid2
2017-07-15 11:08:00,-45.7332763671875,-2.303276320405563,-43.43000004677741,-41.91902004245223,-13.206623447295405,15.26240781921973,-3.566764376249501,-47.150726318359375,0.18511247634887695,0.8321418762207031,0.9652088417522972,0.30408987872601584,-0.3514254617264784,0.08212674124816544,2.4490531183078654,1.1515349139654514,1.362510661606869,0.8669021893529083,9913,9977,2,Box 3,mid2_3aer-mid2
2017-07-15 11:08:00,-44.85479736328125,-0.00020584572958780387,-44.85459151754721,-45.73808536553964,-14.98772860055171,20.441021934251978,-4.569799485707846,-47.459625244140625,0.1329965591430664,0.620330810546875,1.0196968430232343,0.3341403431282721,-0.45571749162525327,0.10188030547374688,2.3241319668053384,1.1481781002067077,1.31743334531212,0.8963520149584479,10404,10404,3,Box 4,mid2_3aer-mid2
2017-07-15 11:10:00,-45.728607177734375,-0.2915206954210123,-45.43708648230878,-48.64082609378128,-11.854356478229281,19.67550903918156,-4.6174129494797755,-49.61871337890625,0.2777237892150879,1.6552467346191406,1.070509353911147,0.26089605201347693,-0.433027523603265,0.1016221176786411,2.260699400008815,1.1045023025782517,1.2891501706208763,0.8791690511463323,10182,10191,0,Box 1,mid2_3aer-mid2
2017-07-15 11:10:00,-31.83843994140625,-2.5168102931596965,-29.32162964824358,-35.183233431347695,-3.596811757350736,10.401098493267178,-0.9426829528123265,-31.659271240234375,0.09347677230834961,0.430084228515625,1.1999071625084534,0.12266752566278975,-0.35472443442072543,0.03214974624948225,2.2180704784703384,1.0415609190096087,1.2477043729352484,0.8407423912127088,10060,10123,1,Box 2,mid2_3aer-mid2
2017-07-15 11:10:00,-45.455810546875,-2.9632169258642307,-42.4925936210064,-40.72024419279797,-13.014288578294815,14.67277319752222,-3.4308340474358348,-47.032562255859375,0.1847834587097168,0.8294486999511719,0.9582903918735556,0.3062719281004571,-0.34530189727625077,0.08073957730223807,2.410386916714318,1.1509538944047075,1.3580185378423166,0.8687263172798222,9956,10035,2,Box 3,mid2_3aer-mid2
2017-07-15 11:10:00,-45.014984130859375,-0.0029592635789302073,-45.012024867275954,-45.80148249368726,-15.345408008330029,20.675438212593168,-4.540572577851832,-47.827972412109375,0.14513587951660156,0.6036872863769531,1.0175388160994563,0.34091796700055244,-0.45933144028862277,0.10087465718861405,2.263292211451011,1.1466383351784002,1.3067987580376763,0.9014471257791498,10404,10404,3,Box 4,mid2_3aer-mid2
2017-07-15 11:12:00,-44.68536376953125,-0.3153277738325248,-44.37003599569428,-46.5858102978241,-11.62253585144312,17.847863632333663,-4.009553478760724,-48.574951171875,0.2733883857727051,1.6454010009765625,1.0499385283876002,0.261945603392591,-0.4022503753223378,0.09036624354214667,2.2417035641468126,1.1059418206242448,1.292115026570792,0.87596947627928,10157,10168,0,Box 1,mid2_3aer-mid2
2017-07-15 11:12:00,-32.45025634765625,-2.899974064311471,-29.55028228334178,-35.41837536212977,-3.7866254862875084,10.589565863912457,-0.9348472988369542,-32.28192138671875,0.0903024673461914,0.3618507385253906,1.1985799330957994,0.12814177035534183,-0.35835751964650625,0.031635816195365096,2.2138491101055524,1.0433982792321355,1.2473491643579857,0.8423619392338237,10033,10105,1,Box 2,mid2_3aer-mid2
2017-07-15 11:12:00,-45.229339599609375,-2.018484648335836,-43.2108549512691,-41.43738490011071,-13.327409283169262,14.508419976965678,-2.9544807449548056,-46.77850341796875,0.17906713485717773,0.7492218017578125,0.9589577652847088,0.30842734535567984,-0.33575868825848276,0.06837357761809415,2.467636526912994,1.1563365182378418,1.3688529109797383,0.8630792163724312,9999,10061,2,Box 3,mid2_3aer-mid2
2017-07-15 11:12:00,-44.248779296875,-0.0066758925888532016,-44.24210340428185,-46.84244342218725,-14.797923735677108,22.201251759601742,-4.80298800601923,-46.92486572265625,0.1508641242980957,0.5491600036621094,1.0587752348513733,0.3344760442435233,-0.5018127541705681,0.1085614750756716,2.3193728446109443,1.1421202325273678,1.303254743743805,0.9019246628319226,10404,10404,3,Box 4,mid2_3aer-mid2
2017-07-15 11:14:00,-44.093994140625,-0.3878262240155809,-43.706167916605075,-45.32330719218168,-11.700828252864477,17.15536990139488,-3.8374023729537994,-48.008514404296875,0.26076412200927734,1.4854354858398438,1.03700025311444,0.26771572092960905,-0.3925159930316637,0.08780001898761464,2.2483514900910024,1.1102461236372132,1.2974876149521042,0.8754805648860248,10173,10187,0,Box 1,mid2_3aer-mid2
2017-07-15 11:14:00,-33.081634521484375,-2.8089249270765064,-30.272709594404816,-36.196608381356086,-3.980164697914309,10.719311771945975,-0.8152482870803974,-32.97845458984375,0.08710098266601562,0.32501983642578125,1.1956844585872868,0.13147698872154961,-0.3540915866324428,0.026930139323606384,2.216138549755836,1.0447222626721742,1.2483766229829198,0.8418792842165617,10024,10094,1,Box 2,mid2_3aer-mid2
2017-07-15 11:14:00,-46.091796875,-1.7028828950416766,-44.38891397995384,-41.836858239493445,-13.940686665415498,13.917792709052524,-2.5291617840974205,-47.243927001953125,0.1629772186279297,0.6094436645507812,0.9425069119372258,0.3140578449770398,-0.3135420865520125,0.056977329637746876,2.456812437220914,1.1615528829289488,1.3742368429257485,0.8606840998783226,10087,10139,2,Box 3,mid2_3aer-mid2
2017-07-15 11:14:00,-46.170562744140625,-0.0024190267082283097,-46.1681437174279,-49.64409741247645,-15.370552181481152,23.316805806448162,-4.470299929918464,-48.571502685546875,0.16176366806030273,0.523895263671875,1.0752890069898222,0.3329254967571711,-0.5050410072616014,0.09682650351460809,2.325580527214691,1.1395720486837817,1.2990402124216682,0.8997479625646648,10404,10404,3,Box 4,mid2_3aer-mid2
2017-07-15 11:16:00,-44.5546875,-0.08996003317224319,-44.46472746682334,-45.43206789382847,-12.393425432678256,17.62374028825524,-4.262974428571857,-48.450897216796875,0.260455846786499,1.3533897399902344,1.021755231216179,0.2787248711222939,-0.3963532735336098,0.09587317119513683,2.2542653904283143,1.1172443525973919,1.3036558300064447,0.8790756576698179,10121,10125,0,Box 1,mid2_3aer-mid2
2017-07-15 11:16:00,-34.335479736328125,-2.7409752488624215,-31.594504487462544,-37.65781882712696,-4.239492555684763,11.059383161106133,-0.7565762657569557,-34.26788330078125,0.08501338958740234,0.29278564453125,1.1919104109409433,0.1341844926660298,-0.3500413549924406,0.02394645138546747,2.2302303786937734,1.046185007352029,1.2514703268342215,0.8404672823421804,10067,10134,1,Box 2,mid2_3aer-mid2
2017-07-15 11:16:00,-45.43011474609375,-0.7949749347563361,-44.63513981133304,-41.64123087980461,-14.027726734286052,13.441969477129112,-2.40815167437149,-46.51458740234375,0.1251506805419922,0.3614768981933594,0.9329248447706606,0.3142754070801489,-0.3011521759301433,0.0539519240793338,2.4972125255354887,1.1666635623728654,1.3867895094964213,0.8562425949496144,10174,10201,2,Box 3,mid2_3aer-mid2
2017-07-15 11:16:00,-47.5625,0.004376004607822742,-47.566876004603195,-48.89936559202593,-16.112075705818587,20.81782014799305,-3.3732548547517296,-49.796112060546875,0.15955257415771484,0.4663810729980469,1.0280129724578462,0.33872469792339044,-0.4376537182298548,0.07091604784861821,2.21980007437091,1.1403922819838401,1.2950672245122057,0.8968612991458926,10404,10404,3,Box 4,mid2_3aer-mid2
2017-07-15 11:18:00,-42.81884765625,0.42133536658109544,-43.24018302282677,-44.666263308534326,-12.768901899281543,18.096484608378596,-3.9015024233894997,-46.39971923828125,0.2239522933959961,0.966094970703125,1.0329804405535175,0.29530175421646015,-0.4185108235741127,0.09022862880413507,2.292201653175486,1.1258832834688384,1.3069238639368197,0.8825355062855519,10111,10096,0,Box 1,mid2_3aer-mid2
2017-07-15 11:18:00,-35.64752197265625,-1.864986053885086,-33.78253591876777,-39.817312962942935,-4.816736793365368,11.665526623613356,-0.8140127860728223,-35.66278076171875,0.0841207504272461,0.3062591552734375,1.1786359987505428,0.14258067555814974,-0.3453123427934436,0.02409566848475103,2.2515763337480514,1.0503168137943841,1.2580205616783442,0.8395269092867326,10095,10141,1,Box 2,mid2_3aer-mid2
2017-07-15 11:18:00,-47.542388916015625,-1.621623480161669,-45.920765435849425,-43.61367115707012,-14.27169904033708,13.712227882890813,-1.7476231213330362,-48.6343994140625,0.10967540740966797,0.2885932922363281,0.9497592373105741,0.31078965920710566,-0.2986062569459252,0.038057360428245424,2.553019020643135,1.1657358067154533,1.3895116386108353,0.8495225383750084,10217,10264,2,Box 3,mid2_3aer-mid2
2017-07-15 11:18:00,-48.132659912109375,0.00728420367503836,-48.13994411577977,-49.806817442880444,-16.26792564654939,21.09729906677403,-3.162500093123966,-50.380340576171875,0.15435218811035156,0.3819007873535156,1.0346255766955552,0.33792988224963344,-0.438249346863254,0.06569388791806535,2.2464192506838514,1.1413058555592126,1.2979038377914476,0.894538156342079,10404,10404,3,Box 4,mid2_3aer-mid2
2017-07-15 11:20:00,-41.612640380859375,0.9515074845066257,-42.56414786536183,-42.34355051050926,-13.125977075761432,17.046715430455478,-4.14133570954662,-45.0809326171875,0.207688570022583,0.8323402404785156,0.9948172965766785,0.3083810609173075,-0.40049469530970877,0.09729633781572278,2.2450201283133984,1.1335403018539352,1.3112434471424796,0.8875724060689848,10121,10087,0,Box 1,mid2_3aer-mid2
2017-07-15 11:20:00,-37.790313720703125,-1.3573291234050138,-36.43298459729454,-42.04403896296004,-5.6188631708532375,12.068091027835955,-0.83817349131722,-37.928070068359375,0.10006475448608398,0.34337615966796875,1.1540102856706986,0.15422461906320148,-0.3312408017412911,0.023005897007390974,2.276898744727287,1.0565209734638041,1.2682881859718642,0.8375963907191142,10123,10156,1,Box 2,mid2_3aer-mid2
2017-07-15 11:20:00,-51.203216552734375,-0.3472190772608046,-50.8559974754686,-47.57199791775418,-15.970102797662108,14.199496750677234,-1.513393510729545,-52.3697509765625,0.10394573211669922,0.3235893249511719,0.935425520671411,0.3140259475859382,-0.27920987603333597,0.029758407775986706,2.5837000680717486,1.1727235033987853,1.4024908121536415,0.8446311910147732,10278,10288,2,Box 3,mid2_3aer-mid2
2017-07-15 11:20:00,-49.77520751953125,0.0006284405770822609,-49.775835960103585,-51.05199438607093,-17.05143395944524,21.302293805896973,-2.9747014204843896,-52.08038330078125,0.13741779327392578,0.33512115478515625,1.025638111371755,0.3425644919979312,-0.4279645614183401,0.05976195804865392,2.2096761852460234,1.141571481591092,1.2939191020701304,0.895950003114645,10404,10404,3,Box 4,mid2_3aer-mid2
2017-07-15 11:22:00,-42.648040771484375,2.001630639201405,-44.649671410681385,-42.240218892871304,-13.817573065263513,14.019865604408928,-2.611745056955491,-45.991424560546875,0.21100163459777832,0.7664909362792969,0.9460365005679824,0.3094663998346466,-0.31399706115317577,0.05849416075054681,2.2167431305550176,1.139055833085437,1.3237679157216284,0.8746986244324441,10102,10031,0,Box 1,mid2_3aer-mid2
2017-07-15 11:22:00,-39.33514404296875,-2.3159563345592615,-37.019187708405816,-42.74980501839087,-5.7165281600536915,12.223950186723691,-0.7768047166849421,-39.598480224609375,0.11621665954589844,0.43303680419921875,1.1548012710360964,0.154420680569273,-0.33020579173724124,0.020983840131871823,2.292761780350251,1.057045545594239,1.27062556606231,0.8361011089276118,10103,10159,1,Box 2,mid2_3aer-mid2
2017-07-15 11:22:00,-52.814849853515625,-0.07464837927343783,-52.7402014742371,-48.93071513443513,-16.7263930952395,14.846848090558634,-1.9299413351210946,-54.215576171875,0.10324239730834961,0.3138847351074219,0.9277688322509946,0.3171469320876623,-0.28150912729848265,0.03659336295982574,2.5566625368172557,1.1740300008196602,1.4011057005600236,0.8483365088978653,10306,10308,2,Box 3,mid2_3aer-mid2
2017-07-15 11:22:00,-52.92236328125,0.0006345504259620774,-52.922997831670926,-56.57881719967134,-18.133993025332014,25.397142894845192,-3.607330501512762,-55.554931640625,0.1482691764831543,0.3858642578125,1.0690780854786093,0.34264863609974894,-0.47988859164071535,0.06816187006235713,2.307039192424751,1.1433550285182252,1.2977731057173787,0.8968053204822574,10404,10404,3,Box 4,mid2_3aer-mid2
2017-07-15 11:24:00,-44.003448486328125,2.341501912447175,-46.344950398770685,-44.3473265424492,-14.623707822209342,15.372951689134963,-2.7468677232471035,-47.153411865234375,0.21535372734069824,0.7488136291503906,0.956896623275392,0.31554047844222616,-0.33170715594384875,0.05927005422623055,2.2145897861386676,1.1400684316394742,1.3191140290436443,0.8785727356377561,10062,9979,0,Box 1,mid2_3aer-mid2
2017-07-15 11:24:00,-41.332916259765625,-1.574344112149759,-39.75857214761201,-45.076092225969994,-6.513833890212566,12.343656229238274,-0.5123022606677202,-41.731109619140625,0.12739992141723633,0.4391517639160156,1.133745247656671,0.16383470377227322,-0.31046527987498823,0.012885328446044064,2.3113945457902227,1.0624078453813843,1.2793309485148967,0.8330803155790225,10134,10172,1,Box 2,mid2_3aer-mid2
2017-07-15 11:24:00,-52.660064697265625,-0.5019344517241345,-52.15813024553649,-49.69786732093288,-16.198132271897308,15.785570480422797,-2.0477011331290984,-54.214813232421875,0.1089324951171875,0.313201904296875,0.9528306917249176,0.31055814684391386,-0.3026483197559343,0.03925948118710282,2.61291223747491,1.1694379767873746,1.3993449295426859,0.846800967970431,10322,10333,2,Box 3,mid2_3aer-mid2
2017-07-15 11:24:00,-52.68487548828125,0.00022115462972055878,-52.68509664290598,-55.69940511753767,-18.098908128258966,24.942154727569967,-3.8289381246793104,-55.497344970703125,0.1500563621520996,0.3815879821777344,1.0572136840720319,0.3435299407521534,-0.47341954968072386,0.07267592485653862,2.2709511391989756,1.1425439074076305,1.2951207068369124,0.8989279889258099,10404,10404,3,Box 4,mid2_3aer-mid2
2017-07-15 11:26:00,-43.116363525390625,1.1120592015841935,-44.22842272697047,-43.69302223971379,-13.787105577066546,14.884254435068037,-1.6325493452581716,-46.151092529296875,0.21340084075927734,0.6815528869628906,0.987894651126001,0.3117250113615102,-0.33653143199229724,0.036911769504785974,2.227706265033573,1.1347034579115052,1.3103082912262531,0.8746642023890308,9990,9951,0,Box 1,mid2_3aer-mid2
2017-07-15 11:26:00,-42.6434326171875,-0.5518958483682563,-42.09153676881519,-46.661946710898135,-7.316244573077577,12.205639944665496,-0.31898542950497444,-43.197479248046875,0.13516759872436523,0.46872711181640625,1.1085826342522394,0.17381747340947745,-0.28997848217574274,0.007578374514025932,2.3235878973298045,1.0683302011917268,1.2885410969401965,0.8306950015854084,10166,10181,1,Box 2,mid2_3aer-mid2
2017-07-15 11:26:00,-55.449737548828125,0.38529041520279433,-55.835027964025585,-51.954767710399665,-17.286959974280464,15.855803961304128,-2.4491042406495867,-57.056976318359375,0.12860441207885742,0.337493896484375,0.9305049107143644,0.30960779647891323,-0.28397592943841626,0.04386322224513867,2.586339403078689,1.1712689352896064,1.4055156752446092,0.8458736207204062,10330,10319,2,Box 3,mid2_3aer-mid2
2017-07-15 11:26:00,-52.794403076171875,-0.03583273232343361,-52.758570343843445,-53.5972589857556,-18.587457281926525,22.71087670407353,-3.2847307802348515,-55.76318359375,0.15554189682006836,0.374969482421875,1.0158967279902804,0.35231161801365135,-0.43046800844033356,0.0622596624364018,2.156347846315837,1.1425273858735876,1.286764087863055,0.9019553802352883,10403,10404,3,Box 4,mid2_3aer-mid2
2017-07-15 11:28:00,-42.34783935546875,1.3826606454127115,-43.73050000087716,-43.47552304303001,-13.680746181689251,14.494795838535305,-1.0690266146932057,-45.252227783203125,0.21302008628845215,0.5694541931152344,0.9941693564481989,0.3128422081022362,-0.3314573544378538,0.02444578988741869,2.292995226945811,1.1394762746733962,1.320805754597154,0.8686010264933229,9971,9922,0,Box 1,mid2_3aer-mid2
2017-07-15 11:28:00,-43.227325439453125,-0.4264006577788478,-42.80092478167017,-46.4174752391027,-7.800755348440162,11.670733155850767,-0.253427349978072,-43.836029052734375,0.132781982421875,0.4214668273925781,1.0844970167322494,0.1822567009528938,-0.2726747895141006,0.005921071828957403,2.3322388393949542,1.0737503325981126,1.2972972776756773,0.8289591309835912,10186,10196,1,Box 2,mid2_3aer-mid2
2017-07-15 11:28:00,-56.745330810546875,1.508103292145753,-58.25343410268712,-52.550934804069236,-18.032936660359137,15.138336817496645,-2.807899455755398,-58.58709716796875,0.14067506790161133,0.3036460876464844,0.9021087874653755,0.3095600617908861,-0.25987029006412415,0.048201440807862594,2.5569883075322157,1.1747795620976038,1.414678130203528,0.8444241745085949,10374,10335,2,Box 3,mid2_3aer-mid2
2017-07-15 11:28:00,-53.69317626953125,-0.10824200785957863,-53.584934261666625,-55.380785390304005,-19.140945391045243,23.386777197869094,-2.449980678186472,-56.8702392578125,0.17130041122436523,0.3314361572265625,1.033514105286905,0.3572075930442676,-0.4364431443298314,0.045721445998658794,2.21498538747255,1.1473192555794938,1.292380718182437,0.8982283245987162,10401,10404,3,Box 4,mid2_3aer-mid2
2017-07-15 11:30:00,-43.777557373046875,1.1300845693759816,-44.90764194241845,-44.15350125793001,-14.223653926472444,14.297715692089463,-0.8282024501054587,-46.767547607421875,0.22222375869750977,0.4500923156738281,0.9832068518437148,0.31673125800527047,-0.31838045984294394,0.018442349993958662,2.3645809987490995,1.1486845475327039,1.3387905428342346,0.8626309217756888,9923,9884,0,Box 1,mid2_3aer-mid2
2017-07-15 11:30:00,-43.07904052734375,-0.938101687730527,-42.14093883960924,-45.33506611834137,-7.874924617370681,11.303322066988967,-0.23427017088615515,-43.68853759765625,0.12627792358398438,0.398284912109375,1.075796300858155,0.18687112423724309,-0.26822663135271,0.005559206257311933,2.333223736795088,1.0763609161558354,1.3002011645142428,0.8290508657568394,10192,10215,1,Box 2,mid2_3aer-mid2
2017-07-15 11:30:00,-58.06304931640625,1.3313029601527446,-59.39435227655338,-54.095099452350766,-18.002217679040815,15.984878922192493,-3.2819140673542924,-59.852386474609375,0.1453266143798828,0.22369003295898438,0.9107785063548112,0.30309645595962503,-0.2691312946349398,0.05525633232050359,2.627265709545092,1.1743647770439138,1.4240758453387152,0.8409178549948608,10391,10358,2,Box 3,mid2_3aer-mid2
2017-07-15 11:30:00,-54.00567626953125,-0.00018053196839181994,-54.00549573755781,-55.684290023754315,-19.16950915311134,24.4638064451091,-3.6155030058012523,-56.979583740234375,0.15960407257080078,0.2787818908691406,1.0310856194035267,0.3549547854586217,-0.4529873508428122,0.06694694598066381,2.249457511862294,1.1497462410001977,1.2996340060018732,0.9003283064758375,10404,10404,3,Box 4,mid2_3aer-mid2
2017-07-15 11:32:00,-44.682281494140625,-0.43474277012330115,-44.24753872401301,-42.940602425041824,-13.827542610014214,13.608366848232539,-1.0877605371895103,-47.624359130859375,0.22688889503479004,0.2729072570800781,0.9704630735028451,0.3125042207717205,-0.3075508206933851,0.024583526418819446,2.410925285155792,1.1522177453501619,1.3529194923430985,0.8580048309038585,9874,9890,0,Box 1,mid2_3aer-mid2
2017-07-15 11:32:00,-42.868072509765625,-1.5320419357692947,-41.336030573992396,-44.340270599130946,-7.9583594870635395,11.355772355994233,-0.393172843792144,-43.351959228515625,0.12126779556274414,0.4083976745605469,1.0726784837204166,0.1925283917336451,-0.274718500985893,0.00951162553183127,2.3406744336374548,1.079307912446804,1.3024834119709618,0.8307394413590661,10204,10240,1,Box 2,mid2_3aer-mid2
2017-07-15 11:32:00,-60.57183837890625,1.0524786001452502,-61.62431697904577,-56.78692945415826,-18.573408129859846,17.19501715080583,-3.458996545833489,-61.86578369140625,0.15174245834350586,0.169952392578125,0.9215019693194754,0.301397387271252,-0.2790297401049115,0.056130383514184146,2.662386310430662,1.1736729780639177,1.4250581239235975,0.8401352540008152,10398,10372,2,Box 3,mid2_3aer-mid2
2017-07-15 11:32:00,-54.84796142578125,-0.0,-54.84796142577615,-55.873468975594484,-19.03911072839741,24.485871588953255,-4.421253310737507,-57.547393798828125,0.15567302703857422,0.3084602355957031,1.01869727740394,0.34712522094667786,-0.44643175338593283,0.08060925503531496,2.281005191618153,1.1508440818810626,1.3097379015630215,0.898003935817278,10404,10404,3,Box 4,mid2_3aer-mid2
2017-07-15 11:34:00,-46.05999755859375,-1.3622028081916158,-44.69779475039777,-42.34450815428914,-13.887138612808547,13.120974200846625,-1.5871221841467138,-49.011932373046875,0.2259066104888916,0.31829071044921875,0.9473511700241611,0.3106895695941457,-0.29354858050865834,0.03550784089035153,2.4161500226090227,1.155643562384837,1.363971535871177,0.8566535963505016,9884,9929,0,Box 1,mid2_3aer-mid2
2017-07-15 11:34:00,-43.790557861328125,-1.1554669213968354,-42.635090939927274,-46.05085454674399,-8.523371576832648,12.552066500229635,-0.6129313165802681,-44.24951171875,0.1301283836364746,0.4548759460449219,1.0801162500539643,0.19991446925355583,-0.29440693624684566,0.014376216939325559,2.3729364651076965,1.0832535355749133,1.3056193561652742,0.8328725322046484,10212,10239,1,Box 2,mid2_3aer-mid2
2017-07-15 11:34:00,-60.50042724609375,0.4359382176949653,-60.93636546378306,-56.35895718957424,-18.445921332434516,17.239247987981173,-3.370734929755481,-61.423126220703125,0.15690946578979492,0.14194107055664062,0.9248821579795506,0.30270793461414547,-0.282905746950516,0.0553156543568199,2.6291143829107684,1.171387164245106,1.4167785442360978,0.842884091566653,10404,10393,2,Box 3,mid2_3aer-mid2
2017-07-15 11:34:00,-54.908233642578125,6.849459725960885e-05,-54.908302137170246,-53.30503038030916,-19.182167847199167,22.137637546915915,-4.558741456577831,-57.790771484375,0.16210651397705078,0.3097991943359375,0.9708009227301212,0.3493491348408272,-0.40317468734714,0.08302462977619163,2.2149443547095164,1.1538266026929047,1.3139640038745894,0.898260760657014,10404,10404,3,Box 4,mid2_3aer-mid2
2017-07-15 11:36:00,-46.85064697265625,0.48324460071067465,-47.33389157336234,-43.781031046578136,-14.8161725533118,13.750499728709865,-2.487187702182263,-49.956390380859375,0.2336111068725586,0.4913177490234375,0.9249404515731048,0.3130140383735058,-0.2905000892943294,0.05254559934771885,2.4652081210497667,1.164942884680636,1.3842597525181177,0.8560663064732156,9889,9871,0,Box 1,mid2_3aer-mid2
2017-07-15 11:36:00,-44.01788330078125,-0.39054086947172695,-43.627342431305465,-46.85583729006828,-8.923792752062978,12.701483254505787,-0.5491956436799945,-44.28985595703125,0.13089466094970703,0.36974334716796875,1.0740016393124638,0.20454587088622603,-0.2911358461612744,0.012588335962584574,2.3754843197313646,1.0858789024897837,1.3080387399885915,0.8329690176275704,10250,10259,1,Box 2,mid2_3aer-mid2
2017-07-15 11:36:00,-60.79107666015625,-0.15167716441111884,-60.6393994957395,-56.7268966633592,-18.16955330550081,17.7358578008379,-3.4788073277173894,-61.642333984375,0.1715235710144043,0.20196151733398438,0.9354791956233803,0.29963280402830167,-0.29248076247991234,0.057368762828230335,2.652248304337451,1.1690727652570683,1.415610379219916,0.8424754623218493,10400,10404,2,Box 3,mid2_3aer-mid2
2017-07-15 11:36:00,-54.409576416015625,-6.88813264848677e-05,-54.40950753468411,-51.646016864930566,-18.778132395363347,20.99681715918676,-4.982175433576958,-57.45501708984375,0.16439294815063477,0.30402374267578125,0.9492094158729167,0.3451259393111206,-0.3859034589828266,0.09156810379878921,2.2203474062183606,1.1560539986475513,1.3232821140796778,0.8963242806100497,10404,10404,3,Box 4,mid2_3aer-mid2
2017-07-15 11:38:00,-46.690704345703125,-0.87818162714413,-45.81252271855456,-44.86734614229951,-13.46564048687499,15.494618398496758,-2.9741544878768207,-49.751953125,0.23001813888549805,0.44422149658203125,0.9793685979254697,0.29392925095175476,-0.3382179692152441,0.06492012033801964,2.6739768268175363,1.1590429390345314,1.3976080198153098,0.847525117841507,9862,9893,0,Box 1,mid2_3aer-mid2
2017-07-15 11:38:00,-43.945648193359375,-0.2639753016784516,-43.6816728916769,-47.08189719603717,-8.960054344942465,12.680110324090691,-0.319831674787952,-44.030548095703125,0.12639665603637695,0.27257537841796875,1.0778409817955519,0.20512159337765917,-0.29028444848106444,0.007321873307853388,2.3841560006036016,1.086187682768699,1.3082616194698031,0.8318876866672628,10271,10277,1,Box 2,mid2_3aer-mid2
2017-07-15 11:38:00,-61.405609130859375,0.003295119827553827,-61.408904250681246,-56.59813267979817,-18.33412803966855,17.17147460540974,-3.6481181366242708,-62.277191162109375,0.18039846420288086,0.2897300720214844,0.9216600323750328,0.2985581368595281,-0.2796251588419972,0.05940698960743629,2.617084113120832,1.1686189630981962,1.416154238329506,0.8424408081763288,10404,10404,2,Box 3,mid2_3aer-mid2
2017-07-15 11:38:00,-55.921051025390625,-9.237342905304616e-05,-55.92095865195644,-54.77021337304782,-19.51772718299999,23.473331487055287,-5.106349582963922,-58.989166259765625,0.16802215576171875,0.3357124328613281,0.9794219321941405,0.34902347265674327,-0.419759103794156,0.09131369894327218,2.2855551065739776,1.1586827217210909,1.324884709592958,0.89731096748188,10404,10404,3,Box 4,mid2_3aer-mid2
2017-07-15 11:40:00,-49.4501953125,-2.4031514860379617,-47.047043826457525,-45.28692867899417,-13.422212342931324,14.533599837031458,-2.871502641563485,-52.667144775390625,0.24013805389404297,0.5682487487792969,0.9625881882407769,0.2852934265634596,-0.3089163240657917,0.0610347092615553,2.6485818963693286,1.155278510122214,1.4011503118822366,0.8416714964606797,9827,9910,0,Box 1,mid2_3aer-mid2
2017-07-15 11:40:00,-44.960113525390625,-0.06619497917468259,-44.89391854621181,-48.27314776158848,-9.216510124290947,12.651099619330815,-0.05536027966319331,-45.002044677734375,0.1343212127685547,0.2185821533203125,1.075271424834485,0.20529529216309955,-0.2817998523855371,0.0012331353879525553,2.3999964854012354,1.0871655824277286,1.3117920722601841,0.8290410526484525,10275,10277,1,Box 2,mid2_3aer-mid2
2017-07-15 11:40:00,-62.348358154296875,0.04066637418262431,-62.38902452847382,-57.926543290005604,-18.775629080502846,17.71541679985898,-3.4022689578243512,-63.37408447265625,0.17269229888916016,0.2813873291015625,0.9284732968307338,0.30094442447860054,-0.28395085407648607,0.05453313276715177,2.616118936201507,1.168657618706344,1.4123559824821807,0.8431795140269827,10404,10403,2,Box 3,mid2_3aer-mid2
2017-07-15 11:40:00,-55.551422119140625,-0.00018511548973959062,-55.55123700364579,-52.00157322855441,-19.618989919296137,21.09401531254158,-5.024689168336822,-58.783599853515625,0.16476917266845703,0.3346595764160156,0.9361010849342848,0.3531692717843269,-0.3797217928946784,0.09045143617606671,2.1906604828623224,1.1594327035896097,1.322130494880287,0.8993746876508605,10404,10404,3,Box 4,mid2_3aer-mid2
2017-07-15 11:42:00,-51.2010498046875,-2.7398435392393794,-48.461206265443444,-46.329290261936734,-13.721013505398904,14.570895765608014,-2.9817982637158185,-54.78167724609375,0.2641634941101074,0.8844413757324219,0.9560077809076963,0.2831339655526288,-0.3006713387569591,0.06152959229663396,2.632726986678,1.1541288266140064,1.4014700550429824,0.8407942028911493,9819,9914,0,Box 1,mid2_3aer-mid2
2017-07-15 11:42:00,-46.747344970703125,1.1655917881931592,-47.91293675889183,-50.17554967636745,-10.419440842334389,12.56811405261374,0.11393970719627007,-46.93853759765625,0.14055871963500977,0.2787818908691406,1.0472234237876417,0.21746612808910562,-0.2623114946148925,-0.002378057261854749,2.4226848153985747,1.0962295280706245,1.3253252916588043,0.8265861428192195,10313,10287,1,Box 2,mid2_3aer-mid2
2017-07-15 11:42:00,-62.42047119140625,-0.0010944588185372128,-62.41937673258199,-56.758663615617145,-19.090839449024234,16.588629759436785,-3.158503427377393,-63.8226318359375,0.17224979400634766,0.24681472778320312,0.9093116046125139,0.3058479665827727,-0.26576090034519306,0.05060132914990645,2.5502995207513806,1.1705196228446777,1.4094421418123517,0.8450325446007994,10404,10404,2,Box 3,mid2_3aer-mid2
2017-07-15 11:42:00,-56.47442626953125,-0.025722785459159143,-56.44870348406694,-51.81652322713861,-20.084747854658172,20.240249924723294,-4.787682326993453,-59.8074951171875,0.1857466697692871,0.3568611145019531,0.9179400062175778,0.3558052995907557,-0.35856004966413896,0.08481474385580551,2.1477141695781303,1.159682670953594,1.319931104975043,0.8995233238739039,10404,10404,3,Box 4,mid2_3aer-mid2
2017-07-15 11:44:00,-51.200653076171875,-0.6427668149553468,-50.5578862612117,-47.47659914156046,-14.856272066656041,14.658421377605658,-2.883436430600853,-55.010711669921875,0.264845609664917,0.8974761962890625,0.9390542732793159,0.29384677970712275,-0.28993343000677785,0.0570323770203392,2.6101468805174393,1.1619593511429165,1.405731351040955,0.8427986400708478,9851,9873,0,Box 1,mid2_3aer-mid2
2017-07-15 11:44:00,-48.15118408203125,0.5932218544286721,-48.74440593645545,-50.20297223671447,-10.890532594203195,12.191975718356659,0.15712317610556176,-48.504913330078125,0.13887357711791992,0.3236198425292969,1.0299227423585888,0.22342117797887195,-0.25012051094130583,-0.0032234093961549526,2.4529925254030704,1.1022203070905567,1.336979485132637,0.8236393989821339,10324,10311,1,Box 2,mid2_3aer-mid2
2017-07-15 11:44:00,-61.489898681640625,-0.0006741130070652031,-61.489224568628,-56.110512609122026,-18.935460982508776,17.42654492589083,-3.8697959028880295,-63.04522705078125,0.16535663604736328,0.226318359375,0.9125259425982384,0.30794763009858656,-0.283408110089941,0.06293453739311605,2.551340204615792,1.1712119752200276,1.4079491243875275,0.849962556105188,10404,10404,2,Box 3,mid2_3aer-mid2
2017-07-15 11:44:00,-54.662689208984375,-0.004484320588015713,-54.65820488839139,-50.39411462713099,-19.447840499872832,20.168810348845152,-4.985060110232721,-58.09149169921875,0.17134857177734375,0.3631553649902344,0.9219862732417319,0.3558082549469764,-0.36899876953567345,0.0912042413469652,2.123669390461898,1.1564153776536943,1.3129688982245113,0.9029105466344871,10404,10404,3,Box 4,mid2_3aer-mid2
2017-07-15 11:46:00,-52.12255859375,0.7327754332205447,-52.855334026965544,-49.7426971416775,-15.55410494151537,16.057392887591927,-3.615924831364596,-55.9278564453125,0.26640844345092773,0.9145011901855469,0.9411102598708383,0.2942769207281905,-0.3037989104259529,0.06841172982692412,2.6729768318338545,1.1661618382918355,1.4165702088977161,0.8430768836833328,9896,9873,0,Box 1,mid2_3aer-mid2
2017-07-15 11:46:00,-49.45050048828125,-0.6737380426132551,-48.77676244566355,-49.80413274310435,-11.160221989041045,12.074755038277946,0.1128372482038923,-49.917938232421875,0.1450357437133789,0.36112213134765625,1.021062699653042,0.2288020243548008,-0.24755138375018246,-0.002313340257660418,2.48640002258713,1.1074400345543352,1.3462850587564685,0.8220239207100374,10308,10323,1,Box 2,mid2_3aer-mid2
2017-07-15 11:46:00,-61.719757080078125,-5.4525165371399636e-05,-61.719702554907165,-55.72844646510567,-19.111719743278837,17.182958766898395,-4.062495113421054,-63.2576904296875,0.17137956619262695,0.2298736572265625,0.9029279817984938,0.3096534648117697,-0.27840313636657704,0.06582168975631358,2.539613153683472,1.1732923636816557,1.4106776271712889,0.8507736965906747,10404,10404,2,Box 3,mid2_3aer-mid2
2017-07-15 11:46:00,-55.923309326171875,-0.03663372028789152,-55.886675605878914,-57.47717266914648,-19.322726299384165,26.37799091883724,-5.46476755618551,-59.3485107421875,0.1694784164428711,0.3868980407714844,1.0284593249826486,0.3457483575450235,-0.47199069604459437,0.09778301351692231,2.351170643057943,1.1545408815308382,1.3192791009676672,0.899165254070669,10403,10404,3,Box 4,mid2_3aer-mid2
2017-07-15 11:48:00,-53.46923828125,0.05611150976525041,-53.52534979101017,-51.18219992287564,-15.864261362940397,17.281131395215784,-3.760019900409923,-57.5531005859375,0.2732977867126465,1.0216445922851562,0.9562235487057372,0.2963878129686669,-0.3228588222718767,0.07024746059747256,2.6831879486249814,1.1652835638829775,1.4106685827467482,0.8462591024662167,9888,9887,0,Box 1,mid2_3aer-mid2
2017-07-15 11:48:00,-51.348052978515625,-0.3588714667711425,-50.989181511739815,-50.53043737568919,-12.333159351640678,11.679178872606515,0.19523634298353354,-51.975311279296875,0.15558576583862305,0.3348541259765625,0.9910031084545845,0.24187796285376878,-0.22905209549044214,-0.00382897581791114,2.51040698525626,1.1188800975925075,1.3628804025079695,0.8199945514256096,10317,10325,1,Box 2,mid2_3aer-mid2
2017-07-15 11:48:00,-62.851287841796875,-0.0,-62.851287841791205,-56.89075960932781,-19.25467985382582,17.630606190216707,-4.336454568854282,-64.076171875,0.17381620407104492,0.19424819946289062,0.9051645807566077,0.30635298837938785,-0.2805130458837429,0.06899547674774736,2.5740615165864065,1.173510541599338,1.4164894880646803,0.8486071309322837,10404,10404,2,Box 3,mid2_3aer-mid2
2017-07-15 11:48:00,-56.006134033203125,-0.004985281800977912,-56.00114875139709,-58.57725779078809,-18.93325152419619,27.784526378740214,-6.275165815153021,-59.291229248046875,0.1507568359375,0.3529624938964844,1.046001003494178,0.3380868419011468,-0.4961420791934569,0.11205423379813206,2.3884673497343223,1.1510854698964677,1.3197655753830912,0.8997315546067566,10404,10403,3,Box 4,mid2_3aer-mid2
2017-07-15 11:50:00,-55.340423583984375,-1.1768370680671072,-54.163586515912144,-52.326296075951596,-16.091566229616934,17.906584335134223,-3.6523085454778386,-59.73736572265625,0.2915480136871338,1.2385902404785156,0.9660788629752058,0.2970919627873897,-0.3306018948703413,0.06743106910774577,2.6874595333634104,1.1641699078046117,1.4064976857388745,0.8469670593913816,9795,9835,0,Box 1,mid2_3aer-mid2
2017-07-15 11:50:00,-53.511688232421875,-0.18015377805989696,-53.33153445435712,-51.44465126123072,-13.43965200222774,11.27085746806483,0.2819113410365066,-54.3468017578125,0.16656970977783203,0.3356742858886719,0.9646197467889985,0.25200197481154113,-0.21133570566417512,-0.0052860159363645465,2.530786696580477,1.1289487419740005,1.3783157117927447,0.8176904351257539,10337,10341,1,Box 2,mid2_3aer-mid2
2017-07-15 11:50:00,-63.754180908203125,-0.00019394368960626434,-63.7539869645078,-58.15316215694422,-19.44710711241176,18.21621926221095,-4.369936957362775,-64.64651489257812,0.17589330673217773,0.18697738647460938,0.9121494188170287,0.30503358359749444,-0.2857267463500286,0.06854374393550544,2.591074965761373,1.1725633193733582,1.416122969921003,0.8479931870457124,10404,10404,2,Box 3,mid2_3aer-mid2
2017-07-15 11:50:00,-54.409576416015625,-0.043032916481533255,-54.36654349952924,-57.132341577224025,-17.924547736760577,27.120465236016603,-6.430119421561242,-57.416259765625,0.13825130462646484,0.35868072509765625,1.050873163892031,0.32969813019133326,-0.4988447580128289,0.11827346392946464,2.3909890797931506,1.146534056996707,1.3185102281847114,0.898475312427865,10404,10404,3,Box 4,mid2_3aer-mid2
2017-07-15 11:52:00,-55.49420166015625,0.1621563099995788,-55.65635797015058,-54.19774058344962,-17.380204575595457,20.992072517783843,-5.070485328889343,-60.009246826171875,0.2813913822174072,1.1670074462890625,0.973792439176792,0.31227707326657533,-0.37717294633332343,0.09110343388995606,2.6346782665399586,1.1680454592453022,1.3932108894452973,0.8640986282047233,9822,9818,0,Box 1,mid2_3aer-mid2
2017-07-15 11:52:00,-55.44305419921875,-0.38925662547300516,-55.05379757374083,-51.6092360054193,-14.239475059640107,10.435235020433455,0.35967847088512184,-56.5579833984375,0.1786966323852539,0.4276466369628906,0.9374328071790548,0.25864655459175717,-0.18954614359629168,-0.006533218174520239,2.5216522644943904,1.1360942650962105,1.3894139038258762,0.8159237536771411,10358,10367,1,Box 2,mid2_3aer-mid2
2017-07-15 11:52:00,-62.764312744140625,0.00016713839243315143,-62.76447988252742,-54.96581408296032,-19.10825449748865,15.561759416402364,-4.252170718480806,-63.62652587890625,0.1774759292602539,0.18679428100585938,0.8757471452935897,0.30444376394502826,-0.24793895282058248,0.06774804358196457,2.4923816988855982,1.1720316001856073,1.4156710622887312,0.8476261969896031,10404,10404,2,Box 3,mid2_3aer-mid2
2017-07-15 11:52:00,-55.614288330078125,-0.004820122808385001,-55.60946820726479,-57.99032040762303,-18.08675719943509,26.458518159528346,-5.990908759735014,-58.452880859375,0.1382126808166504,0.4386863708496094,1.0428137919155143,0.32524600185031527,-0.4757916055034639,0.10773181173763435,2.367128254641592,1.1438221986221238,1.3171014960556688,0.8945941946305493,10404,10404,3,Box 4,mid2_3aer-mid2
2017-07-15 11:54:00,-53.89892578125,0.4024659759937942,-54.30139175723868,-53.676868331678925,-16.89223843991148,21.72441064490912,-5.4566956305573955,-58.472442626953125,0.2667818069458008,1.0587806701660156,0.988498942562066,0.31108297399503854,-0.4000709731719378,0.1004890566148332,2.630561488013307,1.1643810413046578,1.3856234428151961,0.8683277850146479,9839,9828,0,Box 1,mid2_3aer-mid2
2017-07-15 11:54:00,-57.118927001953125,-0.18153943333873604,-56.93738756860932,-52.654978727791665,-15.232832000014593,10.76485511677585,0.1855680424210925,-58.5662841796875,0.18866348266601562,0.4774665832519531,0.9247874020272292,0.26753654585326897,-0.1890647881201828,-0.0032591597603153777,2.5358766199057,1.1440793852738196,1.3985088979231841,0.8171770856354407,10374,10378,1,Box 2,mid2_3aer-mid2
2017-07-15 11:54:00,-62.553497314453125,0.00030763537652139816,-62.55380494982404,-54.31336365470691,-19.174395968873394,14.523626442650087,-3.5896717688938224,-63.69091796875,0.1651921272277832,0.16394805908203125,0.8682663460403889,0.3065264532549803,-0.23217814574668716,0.05738534645131799,2.484332623350234,1.174251140037546,1.4181549915722034,0.8447807509813384,10404,10404,2,Box 3,mid2_3aer-mid2
2017-07-15 11:54:00,-52.661651611328125,-0.00012046131219057085,-52.66153115001125,-57.2990224313701,-17.22800551092917,27.75903666439777,-5.89353987210975,-55.172119140625,0.09866142272949219,0.34053802490234375,1.0880622188547562,0.32714592862584263,-0.5271217159509393,0.11191356847034045,2.4338773188542357,1.1430728350724295,1.3132413371982827,0.897374490128276,10404,10404,3,Box 4,mid2_3aer-mid2
2017-07-15 11:56:00,-53.93780517578125,-0.37178393876497295,-53.56602123701128,-53.09295070645175,-16.292991794890547,21.837270228908302,-6.017348964577275,-58.569976806640625,0.2577667236328125,1.0144157409667969,0.9911684586677374,0.3041665484692179,-0.40767019324220233,0.11233518610524701,2.60484644999247,1.1582356617091254,1.379840690062709,0.8703134510317927,9867,9881,0,Box 1,mid2_3aer-mid2
2017-07-15 11:56:00,-58.121429443359375,-0.7046351107764751,-57.41679433257775,-52.7502293260812,-15.515070105574285,10.986176382975446,-0.1376712838977162,-59.78717041015625,0.19141817092895508,0.4978523254394531,0.9187247379317938,0.27021832698819237,-0.19134081779870446,0.0023977528787183233,2.5436912654843216,1.1471712597975317,1.403173292289169,0.8182192348769126,10368,10383,1,Box 2,mid2_3aer-mid2
2017-07-15 11:56:00,-63.7281494140625,8.430156126204013e-05,-63.72823371561812,-54.08767134522553,-19.694459725298092,13.311972986875004,-3.2580756319695006,-64.99920654296875,0.15265274047851562,0.16775131225585938,0.848723841721194,0.30903821708260365,-0.2088865830846429,0.05112452428084527,2.4410289256262168,1.176418188535463,1.4197697441192383,0.8435792374302661,10404,10404,2,Box 3,mid2_3aer-mid2
2017-07-15 11:56:00,-52.214569091796875,-4.8460479749281405e-05,-52.21452063131246,-58.677882412930074,-17.039423828917215,29.39763109164842,-5.894845481113596,-54.567291259765625,0.07024717330932617,0.2880706787109375,1.1237847576396518,0.3263349662679631,-0.5630163934516521,0.11289666954403721,2.4759771387662473,1.1406959147318212,1.3085545401446037,0.89859389986474,10404,10404,3,Box 4,mid2_3aer-mid2
2017-07-15 11:58:00,-56.277984619140625,-2.554958794642288,-53.723025824493355,-53.06509302242862,-15.253139090937225,19.399270132002115,-4.804063843129627,-61.027252197265625,0.2630424499511719,1.0715103149414062,0.9877532437541005,0.2839218167042078,-0.3610978688240158,0.08942280836570754,2.685844169502872,1.1525716525785852,1.3957263281203427,0.8507777235356371,9881,9966,0,Box 1,mid2_3aer-mid2
2017-07-15 11:58:00,-58.33087158203125,-1.3002912505049162,-57.03058033152129,-52.46831099328332,-15.547535019850137,11.336656309094282,-0.3513906274821212,-60.094970703125,0.18773889541625977,0.48226165771484375,0.9200031051460935,0.27261751378771926,-0.19878206118881828,0.006161442255005506,2.543294430317298,1.1483229630895258,1.4024337185250801,0.8205153529821086,10340,10369,1,Box 2,mid2_3aer-mid2
2017-07-15 11:58:00,-64.54132080078125,5.640132716269258e-05,-64.54137720210274,-54.80407945241182,-20.100327043607727,13.534315851177567,-3.171286557260759,-65.8123779296875,0.14426898956298828,0.18217086791992188,0.8491309269834781,0.3114331908454049,-0.2096998303707815,0.04913571254189847,2.442667457519395,1.177952880988426,1.419905172233921,0.8440145795798988,10404,10404,2,Box 3,mid2_3aer-mid2
2017-07-15 11:58:00,-53.046905517578125,-7.322000940947028e-05,-53.046832297564045,-58.940464653818545,-17.801744198790317,29.570491461174182,-5.875114906129365,-55.405242919921875,0.05370903015136719,0.3022041320800781,1.1111024372425182,0.33558543324382045,-0.5574412303320906,0.11075335984575191,2.3806190250758807,1.139949686708723,1.2972027246487732,0.9044693006277866,10404,10404,3,Box 4,mid2_3aer-mid2
2017-07-15 12:00:00,-59.0440673828125,-2.3675904946009343,-56.676476888206345,-57.22023339519876,-16.315082774616926,22.433128121589405,-5.5742888399800625,-63.811553955078125,0.2584691047668457,1.0377426147460938,1.0095940421290648,0.2878633900762432,-0.3958102082780917,0.09835277607278375,2.7786720188841074,1.1568450385421325,1.401328172020923,0.8533907606800173,9915,9993,0,Box 1,mid2_3aer-mid2
2017-07-15 12:00:00,-57.992919921875,-0.057149611871268956,-57.93577030999859,-52.35940193632535,-16.161222809595827,10.908551557499736,-0.3236971215771488,-59.7139892578125,0.18247747421264648,0.4209175109863281,0.9037491286672188,0.2789506849243828,-0.18828698572800598,0.005587172136404389,2.5472202765008825,1.1552291164906605,1.4117932460535052,0.8198489095238595,10336,10336,1,Box 2,mid2_3aer-mid2
2017-07-15 12:00:00,-64.65521240234375,0.00017018666225320926,-64.6553825890003,-56.70636770149722,-20.300061764668285,15.403459910012907,-3.0524130328476984,-65.8104248046875,0.1429891586303711,0.19522476196289062,0.8770556360630766,0.3139732679908679,-0.2382394054943458,0.04721050144040134,2.541030441184171,1.1816635671239217,1.4253707782924745,0.8430105420945901,10404,10404,2,Box 3,mid2_3aer-mid2
2017-07-15 12:00:00,-50.014617919921875,7.35146101454624e-05,-50.01469143452758,-55.06360395384007,-16.67015461263395,27.30391092144559,-5.584843789499144,-52.678192138671875,0.03781700134277344,0.24785232543945312,1.1009485887945913,0.3333051576346571,-0.5459178121130298,0.11166406568378134,2.3477490558228964,1.1379055463559438,1.2948573141908197,0.9045143372664312,10404,10404,3,Box 4,mid2_3aer-mid2
2017-07-15 12:02:00,-59.803741455078125,-3.5615109706214527,-56.24223048445149,-56.57664798137684,-16.456243390298116,22.578608243344664,-5.787947356121198,-64.68621826171875,0.2709927558898926,1.1463584899902344,1.0059460212378633,0.2925958527702337,-0.4014529304556415,0.10291105644754456,2.704028256745367,1.1556564972819845,1.3904409628330805,0.8598212853277563,9891,10008,0,Box 1,mid2_3aer-mid2
2017-07-15 12:02:00,-57.343109130859375,-0.5649084935340323,-56.77820063732031,-51.218418718274506,-15.929025036629515,10.565961346595223,-0.19671822901151378,-58.9539794921875,0.17906427383422852,0.3385009765625,0.9020789342275958,0.280548253692974,-0.18609186673749956,0.0034646788169298004,2.563524897035247,1.157642930123609,1.4160296429891215,0.8185132159694345,10311,10320,1,Box 2,mid2_3aer-mid2
2017-07-15 12:02:00,-65.62103271484375,-5.689831041056701e-05,-65.62097581652759,-57.129553930161016,-20.906340460491457,15.378471360456283,-2.9635527863313973,-66.59918212890625,0.15297985076904297,0.21891021728515625,0.8705989696022185,0.31859234338337733,-0.2343529819406159,0.04516166895502008,2.5257309378138557,1.1847480501603278,1.4258217231307435,0.8443424382283667,10403,10403,2,Box 3,mid2_3aer-mid2
2017-07-15 12:02:00,-50.246612548828125,2.4472571620802008e-05,-50.24663702139537,-56.51123844357116,-16.776471218054173,28.576526314182367,-5.535453673952408,-52.787384033203125,0.022355079650878906,0.241912841796875,1.1246770290220274,0.3338824688090197,-0.5687251527304062,0.1101656548993592,2.3267469297636447,1.1335439012324202,1.284392083747521,0.9072259601580422,10404,10404,3,Box 4,mid2_3aer-mid2
2017-07-15 12:04:00,-60.04180908203125,-4.110247680879234,-55.93156140114688,-56.1701131409191,-16.704921301271845,23.103132262027,-6.159659220982935,-65.12466430664062,0.2985396385192871,1.4454154968261719,1.0042650649078309,0.2986671725729672,-0.4130607421510902,0.11012850467029212,2.65967315573383,1.1565693999119087,1.3835919131613261,0.8663486132682556,9874,10008,0,Box 1,mid2_3aer-mid2
2017-07-15 12:04:00,-57.1448974609375,-0.07785344970643994,-57.06704401122603,-51.12626090783571,-16.170711493104122,10.244352317847426,-0.014423928133629258,-58.696044921875,0.17336702346801758,0.20479202270507812,0.8958981807044066,0.2833633977944096,-0.17951433257752394,0.00025275407870770095,2.5890393942029237,1.16234689106232,1.4246719885595847,0.8159428196912012,10339,10339,1,Box 2,mid2_3aer-mid2
2017-07-15 12:04:00,-65.21023559570312,-5.7166792877751655e-05,-65.21017842890451,-56.45564481396469,-21.013653627472262,14.859755166277372,-2.6006351537449346,-65.94744873046875,0.15929317474365234,0.2023162841796875,0.8657489700862502,0.3222449950874222,-0.22787478157996824,0.039880816406295844,2.525191825400431,1.188146673998435,1.4285407008622353,0.8436351809475081,10404,10404,2,Box 3,mid2_3aer-mid2
2017-07-15 12:04:00,-47.2904052734375,-0.03924991528234289,-47.251155358150974,-54.31412734349091,-15.557435763909472,28.244305608333704,-5.623897859084297,-49.3809814453125,0.013279914855957031,0.218841552734375,1.1494772335576668,0.3292498489399533,-0.5977484654978171,0.11902138300019699,2.304253802725863,1.126991344558792,1.2738815264599792,0.910550725397811,10403,10404,3,Box 4,mid2_3aer-mid2
2017-07-15 12:06:00,-61.60693359375,-1.4413540337201418,-60.16557956002444,-58.23578712170176,-19.152022443675065,23.47989992074733,-6.2576699153949455,-66.994140625,0.32096052169799805,1.7014656066894531,0.9679253079180029,0.31832191402009136,-0.3902546953332762,0.10400747339518196,2.6180741218715653,1.1714693454419798,1.3929780760194765,0.8704782585837686,9947,9994,0,Box 1,mid2_3aer-mid2
2017-07-15 12:06:00,-57.606689453125,0.8737428142302489,-58.48043226735013,-51.58659361692572,-16.6312354387244,9.606406730010312,0.13099005828967178,-59.22955322265625,0.1812758445739746,0.18202590942382812,0.8821171735032938,0.2843897487401044,-0.16426702672260526,-0.0022398955207929283,2.601557758876914,1.1666336513446165,1.4351850599271352,0.8122227268280251,10349,10330,1,Box 2,mid2_3aer-mid2
2017-07-15 12:06:00,-65.50430297851562,-0.04613154169207568,-65.45817143681782,-57.02323980489588,-21.331703096037415,15.477744094832266,-2.580972630716791,-66.11334228515625,0.1652212142944336,0.19039535522460938,0.8711401274008458,0.32588296659993643,-0.23645243603805594,0.03942934203727372,2.5375057320416756,1.1902601273227242,1.428046780198355,0.8452804866191125,10403,10404,2,Box 3,mid2_3aer-mid2
2017-07-15 12:06:00,-45.073974609375,-0.03965017215577326,-45.03432443721533,-51.28608869645189,-14.51824102273594,25.701047941841125,-4.931042659868625,-46.82373046875,0.002724170684814453,0.2501869201660156,1.1388222058921404,0.3223816767358544,-0.5706990892618424,0.1094952066338476,2.2456483870083113,1.121319854250383,1.267178381632998,0.9081383123946384,10403,10404,3,Box 4,mid2_3aer-mid2
2017-07-15 12:08:00,-61.203338623046875,-2.129137766050113,-59.07420085699147,-56.456554000656965,-19.6851981114205,23.22531327848703,-6.15776202340103,-66.86614990234375,0.3238649368286133,1.8398666381835938,0.955688831700468,0.33322834377522936,-0.3931549295895096,0.1042377541138122,2.5240156216969925,1.17516937598701,1.3811635355552672,0.8799828257537395,9975,10046,0,Box 1,mid2_3aer-mid2
2017-07-15 12:08:00,-58.088104248046875,0.8833550848798388,-58.97145933292153,-51.776268245411075,-16.73287413434127,9.321381744741918,0.21630130208888979,-59.86322021484375,0.17093658447265625,0.18206024169921875,0.877988586870638,0.28374529515839775,-0.15806598395536303,-0.003667898073672682,2.6094992792054645,1.1676448008270381,1.439289940749346,0.8101816228589336,10333,10314,1,Box 2,mid2_3aer-mid2
2017-07-15 12:08:00,-64.74053955078125,-0.04624962923630799,-64.69428992153934,-56.42604973076519,-21.10186088629697,15.527760665653403,-2.6941399701305806,-65.16241455078125,0.16094303131103516,0.15225601196289062,0.8721952091784021,0.32617810492841204,-0.2400174835288452,0.04164416942203106,2.5536675924063608,1.1916106891380251,1.430899181368506,0.8452896748536997,10403,10404,2,Box 3,mid2_3aer-mid2
2017-07-15 12:08:00,-46.82086181640625,-0.10217691854957157,-46.71868489785266,-54.12883102667013,-14.635730432215063,26.774983398808555,-4.729106837776029,-48.481353759765625,0.005057334899902344,0.30118560791015625,1.1586120445175043,0.3132735962969661,-0.5731108111743791,0.10122517035990869,2.2769002918392207,1.1176622482717247,1.2670917766161793,0.9034607173751975,10402,10404,3,Box 4,mid2_3aer-mid2
2017-07-15 12:10:00,-60.548553466796875,-3.3675556765197716,-57.18099779027202,-53.8270058605809,-19.139043001028938,20.875957593188126,-5.09090652185031,-66.47885131835938,0.3289756774902344,1.7925796508789062,0.9413442916475003,0.3347098466386851,-0.3650855773758406,0.08903143908965516,2.461581213770552,1.173684020108457,1.3757208418795508,0.8777168348001635,10042,10154,0,Box 1,mid2_3aer-mid2
2017-07-15 12:10:00,-57.809173583984375,0.2805410966336114,-58.0897146806129,-50.93853632070653,-16.392386611695137,8.994925344307948,0.24628290748082124,-59.49169921875,0.15441226959228516,0.13282012939453125,0.8768942419630608,0.28219086118469094,-0.15484540410920544,-0.004239699038546263,2.595270338369632,1.1658521214194635,1.4369544731344905,0.8100893966409056,10330,10324,1,Box 2,mid2_3aer-mid2
2017-07-15 12:10:00,-65.36672973632812,-0.04630560150153489,-65.32042413482094,-56.83915106505373,-21.344841092874162,15.859981689865734,-2.996413666758781,-65.664306640625,0.1707448959350586,0.147125244140625,0.8701589406054389,0.3267713180921567,-0.24280279713326466,0.0458725384356691,2.598251907538303,1.196362391899799,1.4416262644880313,0.8439117667478607,10403,10404,2,Box 3,mid2_3aer-mid2
2017-07-15 12:10:00,-50.538848876953125,-0.014101340756266192,-50.524747536192486,-59.368983075569965,-15.368874509366602,29.118957094302353,-4.905847045558274,-52.335418701171875,0.027112483978271484,0.35504150390625,1.1750475949046963,0.30418508273311784,-0.576330580839489,0.09709790320167477,2.395124040443783,1.1196915573610406,1.281169007563632,0.8952417706502008,10404,10404,3,Box 4,mid2_3aer-mid2
2017-07-15 12:12:00,-62.627777099609375,-4.305257423489697,-58.32251967611448,-53.9755958098271,-20.06060162119193,20.7611203839522,-5.047442629047656,-69.02346801757812,0.36299657821655273,1.9129295349121094,0.9254674885374057,0.34395979001928456,-0.35597090968027484,0.0865436311235846,2.4266005578701524,1.179082913229405,1.3761571844639755,0.8807996631529874,10044,10189,0,Box 1,mid2_3aer-mid2
2017-07-15 12:12:00,-58.803436279296875,-0.326023003927045,-58.477413275364746,-51.02732868565041,-16.65990723429051,8.989182829750776,0.22063981482540007,-60.52911376953125,0.16435575485229492,0.26239013671875,0.8725989373942966,0.28489473629485873,-0.15372059614575534,-0.0037730775434000052,2.5736865797396082,1.1668664068435364,1.4349359459778472,0.8120763835879181,10345,10352,1,Box 2,mid2_3aer-mid2
2017-07-15 12:12:00,-66.68270874023438,8.591700682887365e-05,-66.68279465723548,-57.59059136337375,-21.933347106815198,16.303341896072556,-3.4621980831190875,-67.04962158203125,0.1893901824951172,0.16363906860351562,0.8636499363801758,0.3289206341689415,-0.24449098121749985,0.05192041066838249,2.585149523714244,1.1982501090428592,1.4427879035028495,0.8464685825055981,10404,10404,2,Box 3,mid2_3aer-mid2
2017-07-15 12:12:00,-51.9656982421875,-0.0002688144493305634,-51.96542942773367,-59.77950715064451,-15.960621452806558,29.080944504175797,-5.306245328458392,-53.90191650390625,0.03810882568359375,0.3587150573730469,1.1503706946899686,0.30713921983464765,-0.5596209792630994,0.10211106473848319,2.3756356256284867,1.1224448556547166,1.2849510714072307,0.8961835104208652,10404,10404,3,Box 4,mid2_3aer-mid2
2017-07-15 12:14:00,-64.61611938476562,-3.6085164794207607,-61.007602905339496,-53.492981426945505,-21.878379630764012,18.288459718277714,-3.924701565907695,-71.38482666015625,0.3972201347351074,2.244335174560547,0.8768248362412498,0.35861726389595905,-0.2997734519524463,0.06433135181523741,2.377298968819812,1.1937359126543834,1.3898625345317532,0.8772714252459731,10127,10248,0,Box 1,mid2_3aer-mid2
2017-07-15 12:14:00,-59.12945556640625,0.3769349402922862,-59.5063905066934,-52.06256596019,-17.280991381220502,9.672102335600043,0.16506449911705873,-60.84088134765625,0.16796445846557617,0.3882598876953125,0.874907140508445,0.2904056393619892,-0.16253888453395782,-0.002773895336476373,2.5792859491518416,1.1702912966247645,1.4347569906869972,0.8148557585214525,10367,10359,1,Box 2,mid2_3aer-mid2
2017-07-15 12:14:00,-67.87637329101562,-0.046093590112796595,-67.83027970089702,-58.58182028163003,-22.48607394820482,16.67440473055686,-3.4367902016190333,-68.33563232421875,0.19766712188720703,0.20148849487304688,0.8636529370061747,0.33150495689180315,-0.24582538659849204,0.050667492700514155,2.6247228451363016,1.2034570524729682,1.4512706205968144,0.8450406071859516,10403,10404,2,Box 3,mid2_3aer-mid2
2017-07-15 12:14:00,-51.64031982421875,4.898896023610728e-05,-51.64036881317453,-62.941186475164024,-15.581161637794171,32.886406503076,-6.004427203292343,-53.550994873046875,0.039556026458740234,0.36212158203125,1.2188368890794292,0.30172444534941223,-0.6368352368290212,0.11627390240017976,2.5260291748426136,1.1215329437955124,1.2884298125466715,0.8964962235326418,10404,10404,3,Box 4,mid2_3aer-mid2
2017-07-15 12:16:00,-66.38827514648438,-3.096822535273332,-63.29145261120555,-53.89034876393809,-22.890991928580608,16.902415786273245,-3.412527704960097,-73.22454833984375,0.40841007232666016,2.2486534118652344,0.8514632946565833,0.36167588172131526,-0.2670568471560207,0.053917670778122095,2.447138915922503,1.2093310960757409,1.4195582277057623,0.8681519713923991,10167,10271,0,Box 1,mid2_3aer-mid2
2017-07-15 12:16:00,-59.31732177734375,-1.1377262061913886,-58.179595571147374,-51.22184287581156,-16.75250614860775,9.53189311736685,0.26286033590508523,-60.87603759765625,0.16225767135620117,0.3561859130859375,0.8804090570408446,0.2879446992394652,-0.16383567166104435,-0.00451808461926545,2.5827819425251977,1.1678532313719974,1.4322581983650735,0.814070528387264,10362,10386,1,Box 2,mid2_3aer-mid2
2017-07-15 12:16:00,-72.22671508789062,-0.04617677751036394,-72.18053831037408,-63.29489548506283,-24.429105675591288,18.3570883149369,-2.813625464656854,-72.748779296875,0.2175302505493164,0.24271774291992188,0.8768969720466304,0.33844449275990285,-0.2543218538493297,0.03898038904279644,2.6913124352096873,1.2105251665028933,1.4569395020681233,0.8431470371229773,10403,10404,2,Box 3,mid2_3aer-mid2
2017-07-15 12:16:00,-54.417724609375,-7.275311388515097e-05,-54.417651856256484,-71.42153452210285,-16.79937672693633,40.33750352397434,-6.534244131191641,-56.562225341796875,0.064361572265625,0.4344329833984375,1.3124699814457614,0.30871190053021147,-0.7412577012790873,0.1200758193031144,2.645809237346356,1.1212331648431322,1.2803211098623726,0.9021181791387528,10404,10404,3,Box 4,mid2_3aer-mid2
2017-07-15 12:18:00,-69.1826171875,-4.289754942375082,-64.89286224511926,-55.31372028276829,-23.602147553198755,18.98416609310291,-4.961160502255132,-76.15194702148438,0.4067225456237793,2.0573501586914062,0.8523852758078729,0.36370945488652606,-0.29254628993546594,0.07645155924106695,2.5088883610176778,1.2168262220523056,1.4329167502087101,0.8728727518628214,10159,10302,0,Box 1,mid2_3aer-mid2
2017-07-15 12:18:00,-60.203033447265625,-1.668095038948007,-58.53493840831261,-51.544226428270946,-16.735425120172838,9.3329362722715,0.4117768678596736,-61.747314453125,0.1780714988708496,0.4076690673828125,0.8805719768375309,0.28590488988703233,-0.15944214730643877,-0.007034719418124419,2.5911322630738503,1.1671484079263499,1.4339140024232178,0.8118987637139169,10368,10403,1,Box 2,mid2_3aer-mid2
2017-07-15 12:18:00,-76.52743530273438,-0.00011503159563207382,-76.52732027113221,-66.61211748222806,-26.120896628161358,18.88696159551778,-2.6812677562605693,-77.338134765625,0.23697280883789062,0.2519950866699219,0.8704357770038842,0.3413277315292946,-0.2468002476579904,0.035036739124811644,2.7381037825877286,1.218342959737127,1.4706909411178914,0.8396872231045033,10404,10404,2,Box 3,mid2_3aer-mid2
2017-07-15 12:18:00,-54.197021484375,0.039068129804529395,-54.236089614174915,-72.36037094063303,-16.564229346316353,40.84519108211968,-6.156680409345221,-56.466156005859375,0.09168672561645508,0.4695549011230469,1.3341738214423413,0.3054097274370458,-0.7530998523802969,0.1135163035009098,2.643282960525675,1.1176789835511802,1.2748803571607952,0.9011978661655874,10404,10403,3,Box 4,mid2_3aer-mid2
2017-07-15 12:20:00,-69.71737670898438,-4.6424135825136394,-65.07496312646512,-55.83667763624993,-23.48338328356192,20.497290794992793,-6.252193001646061,-76.940673828125,0.4209713935852051,2.1357421875,0.858036254707333,0.36086663987691975,-0.314979675903294,0.09607678131904124,2.5798266645870758,1.2205395968242514,1.4450947502419855,0.8750197874675925,10196,10350,0,Box 1,mid2_3aer-mid2
2017-07-15 12:20:00,-61.81182861328125,-1.2005962899938032,-60.61123232328225,-52.95276159168838,-17.411854933152217,9.344161219584597,0.4092229819737495,-63.3270263671875,0.1961655616760254,0.46562957763671875,0.8736460151355137,0.28727109259687333,-0.15416550466662063,-0.0067516030657663595,2.595147627626784,1.169747440347504,1.4388666569717976,0.8109697647178474,10375,10400,1,Box 2,mid2_3aer-mid2
2017-07-15 12:20:00,-78.07562255859375,-8.637855881273837e-05,-78.07553618002832,-65.91278928961084,-26.841516604930334,17.1518391738538,-2.473069459340948,-79.07421875,0.2526407241821289,0.26978302001953125,0.8442182086028542,0.343789078092766,-0.21968263060409482,0.031675343908474596,2.701776408376304,1.224305518692733,1.4805858145202195,0.8372492466222992,10404,10404,2,Box 3,mid2_3aer-mid2
2017-07-15 12:20:00,-56.709136962890625,-7.239963599090285e-05,-56.709064563249825,-72.42428066833499,-17.324460681045963,39.84637367892102,-6.806696892789887,-59.282012939453125,0.11975955963134766,0.5690383911132812,1.2771200023509006,0.30549720427363636,-0.7026455820740758,0.12002837544953882,2.5003835993639303,1.1158431921119154,1.2702268705957627,0.9040460970842166,10404,10404,3,Box 4,mid2_3aer-mid2
2017-07-15 12:22:00,-72.93603515625,-2.3620634256449584,-70.57397173059903,-62.13950240226249,-25.72126919696963,25.17483808432907,-7.888038215695984,-80.3575439453125,0.4462618827819824,2.2629470825195312,0.8804875349720529,0.36445829200537344,-0.3567156200366419,0.11176979305921558,2.7199119410122994,1.2300908019793522,1.4605383484992847,0.8786416508759586,10271,10349,0,Box 1,mid2_3aer-mid2
2017-07-15 12:22:00,-62.888885498046875,-1.5433573743463962,-61.345528123695225,-53.049669489292896,-17.9097133341313,8.951181912755796,0.6626727869731723,-64.52081298828125,0.19828319549560547,0.5286026000976562,0.8647683231665262,0.29194814816849746,-0.1459141715221183,-0.010802299812905342,2.5930820181156666,1.1744992635698803,1.443808141773207,0.8102521516624178,10370,10402,1,Box 2,mid2_3aer-mid2
2017-07-15 12:22:00,-77.71646118164062,-0.0,-77.71646118163396,-62.76428491616976,-26.985409877997498,14.25992491209224,-2.226691299558942,-78.92596435546875,0.26082897186279297,0.2765541076660156,0.8076060587663799,0.34722901001538037,-0.18348654448849455,0.028651475706734264,2.594546548113271,1.2274747081488788,1.4821793543880997,0.837545388423481,10404,10404,2,Box 3,mid2_3aer-mid2
2017-07-15 12:22:00,-54.4625244140625,-0.07758587175278356,-54.384938542305086,-67.54325932361411,-16.562158332194112,36.78334047997469,-7.062861366471553,-57.20458984375,0.12477827072143555,0.598876953125,1.241947883623577,0.30453575523139925,-0.6763516051665954,0.12986796631161912,2.3886244744716167,1.1126599927259568,1.2632613888831108,0.9079249875310302,10402,10404,3,Box 4,mid2_3aer-mid2
2017-07-15 12:24:00,-74.98812866210938,-1.0133519082549365,-73.97477675384808,-67.03391214337215,-26.0070374380001,27.663754020310634,-8.597581192786466,-82.48699951171875,0.4558281898498535,2.2334556579589844,0.906172550765895,0.35156628487759845,-0.37396198047832024,0.11622314483482682,2.857122030185369,1.2258659272710273,1.4713374140028883,0.8714104102859492,10274,10309,0,Box 1,mid2_3aer-mid2
2017-07-15 12:24:00,-63.53155517578125,-1.9933462756398028,-61.538208900136254,-52.50143260282574,-18.155713141239357,8.124220043080003,0.9947168008488358,-65.140625,0.19983720779418945,0.5672531127929688,0.8531517823020275,0.2950315497596349,-0.13201911768774302,-0.016164214373919378,2.599222543699439,1.179585080119561,1.4523882022451675,0.8072845084622078,10355,10396,1,Box 2,mid2_3aer-mid2
2017-07-15 12:24:00,-78.98049926757812,-0.00017291209334801546,-78.9803263554781,-64.00118229023548,-27.43177761010396,14.332130142431959,-1.8794965975706182,-79.80145263671875,0.2649421691894531,0.2651252746582031,0.8103433505981751,0.34732418661626974,-0.1814645596414135,0.023797022426968684,2.6481652397575854,1.2320831220605446,1.4927178499909757,0.8333020189165212,10404,10404,2,Box 3,mid2_3aer-mid2
2017-07-15 12:24:00,-55.1890869140625,-0.00014257001938872816,-55.18894434403847,-70.62487229021076,-16.67069355849131,38.933074931876604,-6.8264534272130035,-57.919464111328125,0.14043569564819336,0.6881446838378906,1.2796923936422366,0.3020658169246552,-0.7054506186814239,0.12369240811453208,2.4130753251920303,1.1095633292472435,1.2579164053358296,0.9074578934727526,10404,10404,3,Box 4,mid2_3aer-mid2
2017-07-15 12:26:00,-79.94842529296875,0.04937905791161294,-79.99780435087355,-74.31221448710849,-27.375313843186692,30.111069763464883,-8.421345784043258,-87.2518310546875,0.452301025390625,2.1163864135742188,0.9289281760930858,0.34220081495133886,-0.3763987025368413,0.1052697114924167,2.943460983812603,1.21999928438982,1.473138108470264,0.8626349554141524,10269,10267,0,Box 1,mid2_3aer-mid2
2017-07-15 12:26:00,-64.91253662109375,-2.7412049256793174,-62.17133169540915,-52.69384923431457,-18.293976847369958,7.637388000202778,1.1791063860725997,-66.51708984375,0.21399545669555664,0.6550178527832031,0.8475586383202016,0.29425100522208725,-0.12284420796421089,-0.018965435578077977,2.6070526663828395,1.1809686356335605,1.4576930459394923,0.804393001117508,10348,10404,1,Box 2,mid2_3aer-mid2
2017-07-15 12:26:00,-81.54888916015625,-2.863210851569056e-05,-81.54886052804088,-65.23048506802436,-29.016012435984024,14.450661814967717,-1.7530248390002041,-82.724609375,0.2634696960449219,0.27172088623046875,0.7998945006177569,0.3558113779653213,-0.1772024982494857,0.02149661966640748,2.653146534198196,1.2423653995118766,1.5017252040547535,0.8345550240957348,10404,10404,2,Box 3,mid2_3aer-mid2
2017-07-15 12:26:00,-55.256988525390625,0.08871835456659703,-55.345706879952516,-72.66908616285863,-16.288377405848937,40.5861814389884,-6.974424750233353,-57.89361572265625,0.1431741714477539,0.702789306640625,1.313003126339706,0.2943024549524538,-0.7333212226744482,0.1260156413822885,2.468213827498811,1.1065606566333293,1.2578086703392826,0.9055525056291417,10404,10402,3,Box 4,mid2_3aer-mid2
2017-07-15 12:28:00,-79.8087158203125,-0.4372614216112094,-79.37145439869457,-74.46347986971641,-25.850548589966547,28.52128432838389,-7.578710267395508,-87.01663208007812,0.42698192596435547,2.05120849609375,0.9381644878985752,0.3256907509860587,-0.3593393184546834,0.09548407957004951,2.920595421269775,1.204469818999943,1.4634696502856719,0.8535003706913812,10285,10299,0,Box 1,mid2_3aer-mid2
2017-07-15 12:28:00,-65.95993041992188,-2.7671911934919518,-63.192739226424585,-53.235873361198465,-18.36409749546707,7.176092598138227,1.2311390321027198,-67.576416015625,0.22031831741333008,0.7708702087402344,0.8424365522508862,0.2906045491977655,-0.11355881523707524,-0.01948228621157648,2.6071579252757293,1.179722761410256,1.461060243828677,0.801500363504383,10348,10404,1,Box 2,mid2_3aer-mid2
2017-07-15 12:28:00,-83.22100830078125,-8.584670009416247e-05,-83.22092245407408,-68.3116465454972,-29.64634096350834,16.525897521244204,-1.7888324663127584,-84.60406494140625,0.2489938735961914,0.2784614562988281,0.820847024174664,0.35623663003578016,-0.19857863904794026,0.021494984837496067,2.7727026468403957,1.2476910323051718,1.5130601980515102,0.8319875989399639,10404,10404,2,Box 3,mid2_3aer-mid2
2017-07-15 12:28:00,-57.20947265625,0.07890827477187265,-57.28838093101707,-76.03018769072919,-16.27005322581544,42.40182821333253,-7.389968227804968,-59.889801025390625,0.15214252471923828,0.8015174865722656,1.3271484802874736,0.2840026714213965,-0.7401470860974416,0.1289959343885715,2.5287261582197296,1.1043568122694152,1.2623938111822328,0.9015052969158519,10403,10401,3,Box 4,mid2_3aer-mid2
2017-07-15 12:30:00,-79.3424072265625,-0.12098222898065848,-79.2214249975751,-73.36657674017064,-25.0167041997072,25.57752265159628,-6.415666709293538,-86.19668579101562,0.42400217056274414,2.109272003173828,0.926095140833636,0.31578205265145054,-0.3228611786821455,0.08098398519705896,2.818924394345796,1.1932604367938229,1.4521130491046628,0.8469431380932022,10293,10296,0,Box 1,mid2_3aer-mid2
2017-07-15 12:30:00,-66.97250366210938,-1.1964268819766068,-65.77607678012724,-54.64645712480072,-19.065100334788525,6.70872125815652,1.2267594213054809,-68.66680908203125,0.20332860946655273,0.7671661376953125,0.8307953255933761,0.2898485478013279,-0.10199333232631182,-0.018650541068392187,2.589421950913128,1.180536090617327,1.4648260328638576,0.8002049239747072,10380,10404,1,Box 2,mid2_3aer-mid2
2017-07-15 12:30:00,-90.3538818359375,2.845455378540256e-05,-90.35391029048367,-74.6738066281763,-32.44713220278948,18.794067073328193,-2.027038532846091,-91.65667724609375,0.26987361907958984,0.2960472106933594,0.8264590474070622,0.3591115436894036,-0.20800502172962002,0.022434430633154173,2.877644765957727,1.2581430345972409,1.5315886396145069,0.8293568569044785,10404,10404,2,Box 3,mid2_3aer-mid2
2017-07-15 12:30:00,-59.07574462890625,-0.04351944276075535,-59.032225186140515,-77.21033053451119,-16.345656820345027,42.9084461145253,-8.384683945809602,-61.834503173828125,0.1559758186340332,0.8961868286132812,1.3079352894296536,0.2768937943437482,-0.7268647925641682,0.14203570879076644,2.5378916974073187,1.1036060638495784,1.2678907366604304,0.9002715994995599,10403,10404,3,Box 4,mid2_3aer-mid2
2017-07-15 12:32:00,-77.00863647460938,-0.39824327431733136,-76.61039320028551,-71.24381579745595,-22.95695782194326,22.81839532820719,-5.228014909093492,-83.4344482421875,0.3996090888977051,1.9736213684082031,0.9299497473038741,0.2996585301673886,-0.29784986572973426,0.06824158825847154,2.7865140357587284,1.1795225221030528,1.4438722711242749,0.837652634674525,10277,10289,0,Box 1,mid2_3aer-mid2
2017-07-15 12:32:00,-67.8272705078125,-0.7044509473009204,-67.12281956050595,-56.247753433724135,-19.08669836149521,7.055970805589038,1.1556614291243605,-69.65814208984375,0.1927804946899414,0.728485107421875,0.8379825788310518,0.28435483620127205,-0.10512029816072663,-0.017217116871597188,2.5818096897369034,1.1745991074481374,1.458329043410949,0.8002266703791321,10390,10404,1,Box 2,mid2_3aer-mid2
2017-07-15 12:32:00,-95.0,-0.0003117958571803405,-94.99968820413488,-77.58403393585377,-34.11630848462523,19.601876976589242,-2.9012227602451355,-96.601318359375,0.2991495132446289,0.3114280700683594,0.8166767218134606,0.3591202153349837,-0.20633622433021906,0.03053928718177476,2.8794871356053107,1.2617931237163542,1.5398317145524822,0.8303098612783107,10404,10404,2,Box 3,mid2_3aer-mid2
2017-07-15 12:32:00,-56.132354736328125,-2.2780326285190837e-05,-56.13233195599715,-72.53969823373637,-15.411401716713437,40.3935244303738,-8.574756435921145,-58.868896484375,0.11997795104980469,0.6666183471679688,1.2922979627962217,0.2745548096735876,-0.7196124412226237,0.15275966875281444,2.51479616780335,1.1029208713338756,1.2685426367711807,0.9016129367658033,10404,10404,3,Box 4,mid2_3aer-mid2
2017-07-15 12:34:00,-75.9151611328125,-0.7445638505352469,-75.1705972822709,-70.48848150184348,-21.65130661343767,23.141411754051692,-6.172220921041438,-82.19857788085938,0.3661003112792969,1.9098396301269531,0.9377134684343967,0.28802892881289055,-0.3078519074040885,0.08210951015680124,2.7438757546117474,1.167680995701365,1.4316189253411655,0.8400240015680248,10244,10267,0,Box 1,mid2_3aer-mid2
2017-07-15 12:34:00,-68.267333984375,-0.9167125388460491,-67.35062144552332,-58.022538443997846,-18.592002047384437,8.133167155231812,1.1307518906271505,-69.974365234375,0.19039535522460938,0.6756935119628906,0.861499674370926,0.27604796582942615,-0.12075860594412392,-0.016789034256228227,2.5946719708912944,1.165042184036871,1.446164474906068,0.8006340598392865,10386,10404,1,Box 2,mid2_3aer-mid2
2017-07-15 12:34:00,-95.38668823242188,-0.0002262494353390255,-95.38646198297853,-77.8817659888389,-33.89346236059056,19.31762049751093,-2.928854131060009,-97.3385009765625,0.3227710723876953,0.31951141357421875,0.8164865785957832,0.355327807070135,-0.20251952002327236,0.03070513435735414,2.9361933541402983,1.2641188033809496,1.5522963049809881,0.8254241461311149,10404,10404,2,Box 3,mid2_3aer-mid2
2017-07-15 12:34:00,-56.142303466796875,-0.0,-56.14230346679215,-70.70378652338123,-15.122450369961014,38.49568294629045,-8.811749519740362,-58.669891357421875,0.1146693229675293,0.4710845947265625,1.259367396017196,0.26935927876393345,-0.6856805041684908,0.15695382938736135,2.5545164134030425,1.1054994397426863,1.2817630574818875,0.8967504756930549,10404,10404,3,Box 4,mid2_3aer-mid2
2017-07-15 12:36:00,-73.3302001953125,-0.22482813307684296,-73.10537206222949,-69.40809424344174,-20.989428623711586,24.12329933693825,-6.831148532014412,-79.429443359375,0.3421339988708496,1.8706169128417969,0.9494253607567921,0.2871119868707426,-0.32997984493401894,0.0934424973064843,2.6712696728612726,1.1601683545924666,1.4119396748062503,0.8486020328666997,10244,10251,0,Box 1,mid2_3aer-mid2
2017-07-15 12:36:00,-65.94937133789062,-0.6195160568727217,-65.32985528101241,-58.8273066246814,-16.76082171329966,9.125257420704015,1.1330156362646269,-66.98822021484375,0.16858386993408203,0.5434722900390625,0.9004658952884451,0.2565568474199736,-0.13967974337999484,-0.01734299932842387,2.617936667604187,1.1469422586785412,1.4279716575916703,0.7982495182541512,10392,10404,1,Box 2,mid2_3aer-mid2
2017-07-15 12:36:00,-100.07730102539062,0.0005615745714232299,-100.07786259995369,-81.12098953626044,-35.144343136986265,20.567104089101697,-4.379634015808681,-101.88314819335938,0.3454408645629883,0.3116455078125,0.8105787576672124,0.35117000127661124,-0.2055110246640221,0.04376226572019842,2.9688646229578826,1.265817317765376,1.5643819016274452,0.8251504304584986,10404,10404,2,Box 3,mid2_3aer-mid2
2017-07-15 12:36:00,-59.070587158203125,0.3586477013831533,-59.429234859581314,-73.09688672662487,-16.585685837979202,39.458246053508674,-9.204908348485908,-61.770477294921875,0.13891315460205078,0.4666099548339844,1.2299819592047134,0.27908294423052327,-0.6639534590465475,0.15488855561131076,2.55617269200487,1.112349114453568,1.289613784091244,0.8972023142457378,10404,10394,3,Box 4,mid2_3aer-mid2
2017-07-15 12:38:00,-72.12612915039062,-0.032284623415740066,-72.0938445269688,-69.45277453366288,-19.460336932335277,24.210218700041835,-7.390951761012483,-77.99365234375,0.3178672790527344,1.6861953735351562,0.9633662206442888,0.26993063083292185,-0.3358153370636976,0.10251848558648696,2.714487274030476,1.1501609814458587,1.412732262496428,0.8434953193997246,10261,10262,0,Box 1,mid2_3aer-mid2
2017-07-15 12:38:00,-64.0797119140625,-0.7658449336461555,-63.31386698041105,-57.44510163279897,-15.65633351648424,8.825203820680688,0.9623643481914772,-64.5899658203125,0.14156532287597656,0.4780387878417969,0.9073067934797311,0.2472812712786635,-0.13938816631451614,-0.015199898443878451,2.5897636238772703,1.138454925899353,1.4184913016650245,0.7983280952219443,10390,10404,1,Box 2,mid2_3aer-mid2
2017-07-15 12:38:00,-97.3812255859375,5.604380757231362e-05,-97.38128162973692,-77.30044881852837,-33.83696871631553,18.85556969023886,-5.099433785131882,-99.32745361328125,0.32915210723876953,0.33658599853515625,0.7937916561053294,0.3474689195914513,-0.19362622235689503,0.052365646660114284,2.94687184109438,1.2668566872664186,1.5743335204627906,0.8240467372049683,10404,10404,2,Box 3,mid2_3aer-mid2
2017-07-15 12:38:00,-58.418975830078125,0.3196632086595901,-58.73863903873285,-71.36196966826061,-17.0418006387706,38.269724818461555,-8.6045935501632,-61.11932373046875,0.1438751220703125,0.44817352294921875,1.214906760458032,0.2901293070057865,-0.6515255621299996,0.14648949466618122,2.523873753734988,1.1168850010245306,1.2891845285411174,0.8991939471862328,10399,10390,3,Box 4,mid2_3aer-mid2
2017-07-15 12:40:00,-72.28106689453125,-1.2853294416554875,-70.9957374528698,-70.15971292353458,-17.358954342369188,24.989778827526955,-8.46684901449299,-78.00054931640625,0.30856943130493164,1.7184944152832031,0.9882242996646071,0.24450699387259484,-0.35198984789919685,0.1192585543619949,2.7134540534185905,1.1314391001270923,1.4003269426519174,0.8410868641082149,10249,10288,0,Box 1,mid2_3aer-mid2
2017-07-15 12:40:00,-61.21002197265625,-0.21029068107326346,-60.999731291577916,-55.712197605362846,-14.727425992511906,8.559152790339938,0.8807395159568935,-61.24163818359375,0.09999370574951172,0.35056304931640625,0.9133187380622919,0.24143427652353094,-0.14031459826318415,-0.014438416322638703,2.563701046916722,1.1325091072807196,1.4100160507895205,0.7992140087561563,10400,10404,1,Box 2,mid2_3aer-mid2
2017-07-15 12:40:00,-95.59210205078125,-0.04423921751146908,-95.54786283326185,-73.34415334680696,-33.215069868100144,16.99900903147245,-5.987648649827193,-97.69610595703125,0.33040332794189453,0.33974456787109375,0.7676168903411056,0.3476275542244511,-0.1779109289041555,0.06266648433859884,2.830209336842724,1.265629593486795,1.5710849836099956,0.828709061193374,10403,10404,2,Box 3,mid2_3aer-mid2
2017-07-15 12:40:00,-58.975799560546875,0.14546780110772756,-59.121267361649686,-71.6590345999413,-17.53220784032194,38.07951781169303,-8.009542733079485,-61.77862548828125,0.14304876327514648,0.3951568603515625,1.2120686480145468,0.2965465495364972,-0.6440917035617229,0.13547650601067884,2.5878487809953534,1.1233500978323043,1.298862328232821,0.8960601042551499,10396,10392,3,Box 4,mid2_3aer-mid2
2017-07-15 12:42:00,-71.177978515625,-2.02478159187926,-69.15319692373987,-71.30784957399179,-15.915341951068177,26.77738853548565,-8.707393934165546,-76.84658813476562,0.31810522079467773,1.9773216247558594,1.0311576723289888,0.2301461488269176,-0.38721837495112443,0.125914553795218,2.7092293251950768,1.1176449432060562,1.3801372267721406,0.8433344419508154,10193,10256,0,Box 1,mid2_3aer-mid2
2017-07-15 12:42:00,-58.19189453125,-0.0,-58.19189453124518,-53.490487250132205,-13.53100359163236,8.367541004169665,0.46205530634971703,-57.55914306640625,0.07243680953979492,0.17695236206054688,0.9192085544046236,0.23252385406299342,-0.14379220803125511,-0.007940200436361872,2.550839058409663,1.1257383546554975,1.4043514361293532,0.7994488330066402,10403,10403,1,Box 2,mid2_3aer-mid2
2017-07-15 12:42:00,-90.53497314453125,0.00019240681645160188,-90.53516555134023,-67.33871112721941,-31.45251460093844,14.54957293277337,-6.293512755955747,-92.67510986328125,0.3144559860229492,0.25862884521484375,0.7437851437851882,0.34740660614468644,-0.16070631609463032,0.06951456616475565,2.7247192432955507,1.2637607999817781,1.5670865036781352,0.832019898438601,10404,10404,2,Box 3,mid2_3aer-mid2
2017-07-15 12:42:00,-59.73846435546875,0.23933588496141095,-59.977800240425196,-73.18319711856817,-17.6648007450432,38.71198660364699,-7.841788980460809,-62.2763671875,0.15168142318725586,0.288543701171875,1.220171410508692,0.2945223178281399,-0.6454385864180963,0.13074485808126424,2.701419455072931,1.1274268444848465,1.3119121437999965,0.890428514809802,10397,10390,3,Box 4,mid2_3aer-mid2
2017-07-15 12:44:00,-69.80752563476562,-2.5804966982276554,-67.22702893653232,-71.36780295718866,-14.48799031399898,26.663291197522092,-8.034526862866771,-75.43252563476562,0.32932090759277344,2.1523590087890625,1.0615938869552835,0.21550841295807968,-0.3966156413470892,0.1195133414337261,2.642861042307164,1.1036757728965167,1.3568395611472703,0.8436298447220476,10149,10229,0,Box 1,mid2_3aer-mid2
2017-07-15 12:44:00,-56.83441162109375,0.26725404376505013,-57.10166566485405,-52.798866482415406,-12.878794759208278,8.546511066481132,0.029484510288498657,-55.8702392578125,0.0721597671508789,0.0649871826171875,0.9246466958128157,0.22554149006436333,-0.14967183473496273,-0.0005163511422162648,2.54597322242032,1.1207230375571668,1.4005851456766456,0.8000428279365726,10404,10399,1,Box 2,mid2_3aer-mid2
2017-07-15 12:44:00,-87.13357543945312,8.168652256266027e-05,-87.13365712596847,-64.65653831469764,-29.95109650885411,13.62305330615232,-6.14907560856903,-89.67636108398438,0.3211679458618164,0.22444915771484375,0.7420386157007525,0.34373739719835283,-0.15634662603978133,0.07057061314067603,2.7294343391505995,1.2618327769252173,1.5699631866600252,0.8297292021601093,10404,10404,2,Box 3,mid2_3aer-mid2
2017-07-15 12:44:00,-59.638946533203125,0.1345523956483809,-59.77349892884656,-70.52303641075696,-18.02002083887685,36.37927217598556,-7.609713855198316,-62.25689697265625,0.1804060935974121,0.3439216613769531,1.1798378491228443,0.3014717418554935,-0.6086187495781514,0.12730915859981362,2.662105736641956,1.133252557513389,1.3186715919332328,0.8901937758333788,10398,10394,3,Box 4,mid2_3aer-mid2
2017-07-15 12:46:00,-67.919677734375,-2.753623199037802,-65.16605453533165,-69.15911054860284,-13.948775644598118,24.826208977945488,-6.88437732007618,-73.25625610351562,0.29908180236816406,1.922027587890625,1.0612750924042247,0.21404971873869374,-0.38096842220953003,0.10564361106661163,2.565154744280904,1.0996570899667746,1.3443040094664123,0.8439849920948679,10079,10164,0,Box 1,mid2_3aer-mid2
2017-07-15 12:46:00,-57.55645751953125,0.053754150502647036,-57.61021167002914,-52.68558652223907,-13.158677531230488,8.42177776659902,-0.1877253831585986,-56.6688232421875,0.08913087844848633,0.0451812744140625,0.9145181903514507,0.22840876903210713,-0.14618550292500185,0.003258543541444059,2.537551890650997,1.1233188599949961,1.4041240014710632,0.8008993009858534,10402,10401,1,Box 2,mid2_3aer-mid2
2017-07-15 12:46:00,-87.373046875,-0.00018801979964711184,-87.37285885519312,-66.70388568649143,-29.97640977596032,15.672208894852185,-6.364772287593542,-89.88485717773438,0.36494922637939453,0.323974609375,0.7634394314262135,0.34308605863110814,-0.17937159319493512,0.07284610313761347,2.731666808412741,1.2533266511152545,1.5507911263056473,0.8344340801216613,10404,10404,2,Box 3,mid2_3aer-mid2
2017-07-15 12:46:00,-57.174041748046875,-0.16739823597245787,-57.006643512069694,-61.91363419896432,-18.23129584294135,29.614299052340886,-6.4760125225049086,-59.70904541015625,0.1860189437866211,0.4024467468261719,1.0860775233303412,0.3198100207229591,-0.5194885583128713,0.11360101425957098,2.355276423316953,1.1344264633760872,1.300724090338185,0.8985923518982164,10395,10400,3,Box 4,mid2_3aer-mid2
2017-07-15 12:48:00,-63.88397216796875,-5.034764457233926,-58.84920771072979,-63.99750053955997,-12.21334527838546,24.161426571808256,-6.79978846459262,-68.89910888671875,0.26337528228759766,1.7659645080566406,1.0874827891334806,0.20753627369835667,-0.41056502732496397,0.11554596449312665,2.48849934852449,1.0908889731917046,1.3223976949820853,0.852003477409794,10000,10155,0,Box 1,mid2_3aer-mid2
2017-07-15 12:48:00,-57.2960205078125,-0.27008991025245516,-57.02593059755535,-51.869763480024695,-13.24960155320502,8.168181684598077,-0.07474724892371673,-56.28106689453125,0.07966899871826172,0.03997039794921875,0.9095820609413834,0.2323434517309397,-0.1432362716225141,0.0013107589501910044,2.538543260005006,1.126350351415253,1.4069140643393563,0.8009405299621231,10399,10404,1,Box 2,mid2_3aer-mid2
2017-07-15 12:48:00,-85.68746948242188,-0.0008797899124419138,-85.68658969250237,-67.87946322383569,-28.91253424988684,17.86287171387327,-6.757463932653116,-88.20806884765625,0.36348533630371094,0.4279594421386719,0.792183041330389,0.33742192744095995,-0.20846753007648625,0.07886256130513733,2.819503481114284,1.2470191394577885,1.5467595967253835,0.8344276153370351,10404,10404,2,Box 3,mid2_3aer-mid2
2017-07-15 12:48:00,-50.870941162109375,-0.09839403707583769,-50.77254712502935,-51.676270929173285,-16.542947482895723,23.487996118416596,-6.041324831376931,-53.465484619140625,0.20073509216308594,0.5195541381835938,1.0177994576856364,0.3258246516992358,-0.46261212896364057,0.11898801957876837,2.2664369887662588,1.1399281335670837,1.3073035650125655,0.9002195277408658,10396,10399,3,Box 4,mid2_3aer-mid2
2017-07-15 12:50:00,-64.01519775390625,-3.972523385552248,-60.0426743683489,-64.87051834555714,-12.836274647170177,23.73739862209743,-6.073279997719015,-69.0242919921875,0.25193309783935547,1.805877685546875,1.0804068777414952,0.2137858578454116,-0.39534212744211883,0.10114939185521199,2.474767951056268,1.093793608067107,1.3225604102361475,0.8507480623636208,9971,10092,0,Box 1,mid2_3aer-mid2
2017-07-15 12:50:00,-57.664306640625,0.05393498228548698,-57.718241622905744,-52.203178249861196,-14.016347775465109,8.471319106315693,0.02996529610486854,-56.64935302734375,0.07733869552612305,0.055095672607421875,0.9044485206414211,0.2428408659265645,-0.14677022147801905,-0.0005191650899665778,2.550463459123926,1.1339340962208608,1.4120788422889428,0.8028807898221738,10404,10403,1,Box 2,mid2_3aer-mid2
2017-07-15 12:50:00,-84.79513549804688,-0.00021223966316678055,-84.79492325837676,-68.27548397695145,-28.495423445761674,18.9883749985219,-7.012390834185527,-87.21633911132812,0.3478384017944336,0.3986701965332031,0.8051836283749054,0.33605105530827467,-0.22393292273716478,0.08269823905398468,2.798324071703424,1.2395343597638226,1.5311182492657092,0.838590104676122,10404,10404,2,Box 3,mid2_3aer-mid2
2017-07-15 12:50:00,-51.73284912109375,-0.2894356657498674,-51.443413455339645,-50.7211383006752,-17.31132552645719,22.032277268140632,-5.443226896347889,-54.262542724609375,0.2449493408203125,0.5949058532714844,0.9859598128088548,0.3365119917924174,-0.4282817913563969,0.10580998675512465,2.2223821083722015,1.1460018109088927,1.3099432789353176,0.9002005987755065,10389,10398,3,Box 4,mid2_3aer-mid2
2017-07-15 12:52:00,-64.16421508789062,-1.8650400996408276,-62.29917498824452,-66.48878118240177,-14.327290951001803,23.940184959993744,-5.423287814834701,-69.16903686523438,0.2390427589416504,1.6882438659667969,1.0672497861319639,0.22997561289865037,-0.3842777206040226,0.08705232157340836,2.464328621982606,1.102052943587778,1.3253755039325668,0.8521448194247881,9997,10054,0,Box 1,mid2_3aer-mid2
2017-07-15 12:52:00,-57.29290771484375,0.00016894900988883262,-57.29307666384893,-50.21629817259752,-14.491823644836503,7.338984738487227,0.0760604150978616,-56.189453125,0.060771942138671875,-0.02678680419921875,0.8764810880593404,0.2529419694086812,-0.12809549016797725,-0.00132756730004438,2.5138044306785234,1.1422612444420395,1.4198730782890947,0.8041069127924975,10404,10404,1,Box 2,mid2_3aer-mid2
2017-07-15 12:52:00,-78.650146484375,0.08498695228612918,-78.73513343665462,-62.89292994228288,-26.78230645613461,18.42074103519392,-7.480638073431051,-81.14059448242188,0.30123329162597656,0.28894805908203125,0.7987911774212285,0.3401569958306095,-0.233958338941714,0.095010165689876,2.6551452443811923,1.2311098718616167,1.5030411103330226,0.8514124277599772,10404,10402,2,Box 3,mid2_3aer-mid2
2017-07-15 12:52:00,-45.439178466796875,-0.26479654240166367,-45.17438192439151,-42.54097214080786,-16.256550360598222,19.572255978344984,-5.949115401330412,-47.50146484375,0.22467708587646484,0.4825782775878906,0.9417056820391877,0.35986215346137673,-0.4332600722928124,0.13169223679224795,2.0410806793759795,1.1460531954351245,1.287302083737916,0.9203825390142943,10391,10399,3,Box 4,mid2_3aer-mid2
2017-07-15 12:54:00,-63.930084228515625,-1.2409123462477325,-62.689171882262606,-65.94241325393739,-14.557411814930642,22.616680180979376,-4.806026994373949,-69.04409790039062,0.2519674301147461,1.6713485717773438,1.0518947893869892,0.23221573005097462,-0.360774907402766,0.07666438796480218,2.4169718123412847,1.1023142327335314,1.3226786620407296,0.8514561579012443,10030,10068,0,Box 1,mid2_3aer-mid2
2017-07-15 12:54:00,-57.107666015625,0.00016955400321337676,-57.107835569623504,-49.65082181712552,-14.36223430303684,6.731373030050242,0.17384752048861465,-55.8756103515625,0.06934452056884766,-0.038600921630859375,0.8694222311506326,0.25149323485613456,-0.11787126867807188,-0.003044197328695236,2.4992795409712314,1.1416603316725735,1.4207601456484458,0.8026973734718094,10404,10404,1,Box 2,mid2_3aer-mid2
2017-07-15 12:54:00,-75.9476318359375,0.08548563122447646,-76.03311746715579,-62.62436252059095,-25.655124098803686,19.649700886898703,-7.403331734659858,-78.27740478515625,0.28412628173828125,0.2517585754394531,0.8236458612609557,0.3374203893439723,-0.2584360807694993,0.09736983016457129,2.708973103464204,1.2264585167796802,1.4967803881060453,0.8522164092700822,10404,10402,2,Box 3,mid2_3aer-mid2
2017-07-15 12:54:00,-39.602386474609375,-0.1959114017014573,-39.4064750729047,-39.14955125974821,-14.113898693400676,19.575057228041715,-5.71808234779753,-41.279022216796875,0.21070194244384766,0.3325042724609375,0.9934801625194548,0.3581619179916242,-0.4967472272469564,0.14510514673587738,2.098695933458273,1.1429662256278408,1.2823919553783263,0.9240319419479363,10393,10399,3,Box 4,mid2_3aer-mid2
2017-07-15 12:56:00,-63.70941162109375,-1.3398573858004637,-62.36955423528802,-65.49290463136175,-14.415513922353165,21.345097679968227,-3.806233361541322,-68.9658203125,0.26810312271118164,1.7251777648925781,1.0500781260082597,0.23113062293135683,-0.34223585436323994,0.06102710542362344,2.3621512268540994,1.0992184522826316,1.3137162233637651,0.850774088524911,10036,10077,0,Box 1,mid2_3aer-mid2
2017-07-15 12:56:00,-57.029052734375,0.00010197817381828768,-57.02915471254413,-49.951019020238846,-14.117592759733041,6.377717152149372,0.661739915278389,-55.7486572265625,0.07054948806762695,-0.024715423583984375,0.875885663605174,0.2475504473263346,-0.1118325737825907,-0.011603537148917847,2.4991508668505418,1.1381874421721083,1.4170551684344996,0.7999639374712787,10404,10404,1,Box 2,mid2_3aer-mid2
2017-07-15 12:56:00,-74.78494262695312,0.1247714982294167,-74.90971412517644,-62.51592046146413,-25.411130631142388,20.337690270783686,-7.320353303353607,-76.86807250976562,0.2666921615600586,0.20313262939453125,0.834550247475222,0.3392234362112183,-0.2714960337026354,0.09772235001619511,2.6969123935630575,1.223399228364447,1.4862621748385996,0.855638556583638,10404,10401,2,Box 3,mid2_3aer-mid2
2017-07-15 12:56:00,-42.9259033203125,0.04329037401553481,-42.969193694324474,-45.295021005097865,-15.649350053119186,23.882627824996963,-5.90745046110439,-45.095916748046875,0.22609186172485352,0.41367340087890625,1.0541277857648186,0.3641992950681364,-0.5558081446650806,0.13748106383212555,2.1366303312303865,1.1401459841009531,1.2713528564122263,0.9268916580027624,10401,10399,3,Box 4,mid2_3aer-mid2
2017-07-15 12:58:00,-61.63848876953125,-1.2695479869512738,-60.36894078257494,-63.346088149299305,-13.282020868917574,19.348900253344993,-3.0897320177030534,-66.71099853515625,0.2684040069580078,1.6766128540039062,1.049315878796795,0.22001414463696095,-0.32051084551958736,0.0511808220858313,2.312985161269041,1.0918896997322707,1.3052262571719837,0.8480351657919559,10059,10098,0,Box 1,mid2_3aer-mid2
2017-07-15 12:58:00,-56.30108642578125,-0.109928811528281,-56.19115761424839,-49.66305669023917,-13.472478586005245,5.7224337143149215,1.221943947681111,-54.73773193359375,0.06988811492919922,-0.0572662353515625,0.8838233415865082,0.23976154181577192,-0.10183868703327593,-0.021746196369004198,2.5126912747102335,1.1331160908280875,1.4155075292990151,0.7944754049292275,10402,10404,1,Box 2,mid2_3aer-mid2
2017-07-15 12:58:00,-72.18231201171875,0.12355307020031867,-72.30586508191315,-61.573207914667655,-24.333099036712476,21.157570894574878,-7.5571290251079,-74.198486328125,0.25758838653564453,0.1547088623046875,0.8515658839696227,0.336530086586285,-0.29261209821092793,0.10451612765502016,2.715761066386675,1.2182452942371376,1.478565841978064,0.8583119570336984,10404,10401,2,Box 3,mid2_3aer-mid2
2017-07-15 12:58:00,-47.994964599609375,-0.24418216232624337,-47.75078243727921,-50.02745432996362,-16.179323022190275,25.312130897584428,-6.856135982709744,-50.267974853515625,0.20656251907348633,0.3450126647949219,1.0476782112560108,0.3388284379097214,-0.5300882960573888,0.14358164689165664,2.1955953034353755,1.1356134365702122,1.2843091970344531,0.9165663078788526,10391,10396,3,Box 4,mid2_3aer-mid2
2017-07-15 13:00:00,-59.27130126953125,-0.8681967833971451,-58.4031044861292,-60.036361594002685,-12.03894570101658,17.079112401815095,-3.4069095929250324,-64.03424072265625,0.27196264266967773,1.5569267272949219,1.0279652446945073,0.20613537254472222,-0.2924350092702932,0.05833439203106364,2.262794093262452,1.0853206185779374,1.303163885685477,0.8457994853863413,10068,10096,0,Box 1,mid2_3aer-mid2
2017-07-15 13:00:00,-56.0079345703125,0.00010261528457680646,-56.00803718559252,-49.34612545439543,-13.368421870214785,4.9701782027181425,1.7363319362995486,-54.18328857421875,0.07769393920898438,-0.07151031494140625,0.8810543617316623,0.2386875623924502,-0.08874044605863582,-0.03100147806547668,2.5376856832076427,1.1344448410229697,1.4223707639435372,0.7889090605926484,10404,10404,1,Box 2,mid2_3aer-mid2
2017-07-15 13:00:00,-72.3568115234375,0.04052423000088034,-72.39733575343244,-63.34480566181688,-23.891016673650004,23.01430370028347,-8.175817118249029,-74.3719482421875,0.2584800720214844,0.146484375,0.8749604526546908,0.3299985617567053,-0.3178888209182799,0.11292980650688383,2.8134300981236913,1.2153925177041276,1.4830141960141596,0.8568378773156813,10403,10402,2,Box 3,mid2_3aer-mid2
2017-07-15 13:00:00,-48.8037109375,0.4334046474169715,-49.23711558491298,-51.492200671742175,-16.37720703816054,26.278982828566868,-7.6466907035771285,-51.02166748046875,0.18143939971923828,0.19164657592773438,1.0458005116676694,0.3326191399233544,-0.5337230362986405,0.15530338470761668,2.2675262318405345,1.1390481852693906,1.2981563592174288,0.913724266159245,10386,10373,3,Box 4,mid2_3aer-mid2
