time,DCRE_total,DCRE_CF,DCRE_A,DCRE_A_Nc,DCRE_A_LWP,DCRE_A_re,DCRE_A_cov,DCRE_sfc,DCRE_lw_toa,DCRE_lw_sfc,frac_Nc,frac_LWP,frac_re,frac_cov,R_Nc,R_LWP,R_tau,R_re,n_any_pix,n_both_pix,box,box_label,pair
2017-07-15 09:04:00,-0.034220971167087555,-0.0013960181968286633,-0.03322542458772659,-0.06038976088166237,0.0012038216227665544,0.025814253836870193,0.00014636939158663154,-0.024608982726931572,0.005967766512185335,0.03844349458813667,1.817580083598003,-0.03623194944081489,-0.7769427835749146,-0.004405350582273426,0.8983299654047733,1.001069220440502,0.9805289476997192,1.0210365966846435,10151,10146,0,Box 1,mid_3aer-mid
2017-07-15 09:04:00,0.5565521717071533,-0.008520862087607384,0.5462788343429565,0.6138612031936646,-0.008658797480165958,-0.07015740871429443,0.011233936995267868,0.5849992632865906,0.0009363163844682276,-0.007697506807744503,1.1237138519552388,-0.01585050760812785,-0.12842781671370096,0.02056447236659005,0.9403105402215148,1.000434155352167,0.9819091838980142,1.018483832185569,9944,9935,1,Box 2,mid_3aer-mid
2017-07-15 09:04:00,0.8362777829170227,0.001817828044295311,0.8346928358078003,0.37506911158561707,0.02712215669453144,0.4090332090854645,0.023468347266316414,0.8240728378295898,0.000782891409471631,-0.008990898728370667,0.44934989034385364,0.03249357638523066,0.4900403829817727,0.028116150289142994,0.9793039658450721,0.9992441438408097,0.9846060464740294,1.0144243857310844,9523,9507,2,Box 3,mid_3aer-mid
2017-07-15 09:04:00,1.624218463897705,4.14486794397817e-06,1.6242140531539917,1.467194676399231,0.03129705786705017,0.11987224221229553,0.005850296001881361,1.710426926612854,-0.005181627813726664,-0.04925788566470146,0.9033258068842849,0.019269044860290692,0.07380322446537076,0.003601923790053682,0.9275771418961389,0.9991984879778065,0.9726395903097901,1.0272033542600358,10167,10166,3,Box 4,mid_3aer-mid
2017-07-15 09:06:00,-0.20955947041511536,-0.0016497079050168395,-0.20759157836437225,-0.31275856494903564,0.005279207602143288,0.09878318011760712,0.0011045519495382905,-0.17571890354156494,0.0046146283857524395,0.015514311380684376,1.5066051155809244,-0.025430746582057528,-0.4758535750082711,-0.005320793990595762,0.9201427506385013,1.000702657393444,0.9817548108438239,1.0193998495463614,10366,10360,0,Box 1,mid_3aer-mid
2017-07-15 09:06:00,0.23964647948741913,0.005315749440342188,0.24319924414157867,0.08106641471385956,0.16213282942771912,0.0,0.0,0.2692062258720398,0.0032628271728754044,-0.006749750580638647,0.3333333333333333,0.6666666666666666,0.0,0.0,0.9745272361225212,1.0003580159831305,0.9901741800757125,1.0103136581747623,10146,10138,1,Box 2,mid_3aer-mid
2017-07-15 09:06:00,0.386234849691391,-0.009625298902392387,0.3765432834625244,0.1255144327878952,0.2510288655757904,0.0,0.0,0.3636325001716614,0.001968700671568513,0.0011886500287801027,0.3333333333333333,0.6666666666666666,0.0,0.0,1.0010392338017784,1.0001008948784282,0.9983063365826326,1.0029636048869481,9679,9665,2,Box 3,mid_3aer-mid
2017-07-15 09:06:00,1.1429829597473145,8.548124606022611e-05,1.1432188749313354,0.6470529437065125,0.07688935846090317,0.42252489924430847,-0.0032483830582350492,1.2000787258148193,-0.007031671237200499,-0.04447292163968086,0.5659922385606058,0.06725689733974906,0.36959230014778505,-0.002841436048139856,0.9658144373550251,0.9979354678239544,0.9797231013888082,1.018648591208243,10384,10383,3,Box 4,mid_3aer-mid
2017-07-15 09:08:00,0.04459969326853752,0.0011725283693522215,0.0460246279835701,0.04450634494423866,0.0034272216726094484,-0.002029629424214363,0.00012071326636942104,0.06760627776384354,-0.001017139758914709,-0.007736586034297943,0.9670110799283778,0.07446485217032973,-0.044098730760256305,0.0026227986615488114,0.9467041374649598,0.9978934870196615,0.98129807558267,1.0168613406238685,10366,10360,0,Box 1,mid_3aer-mid
2017-07-15 09:08:00,-0.04397258162498474,0.010243291966617107,-0.035770218819379807,-0.011923410929739475,-0.02384682185947895,0.0,0.0,-0.016962969675660133,0.0038957151118665934,-0.004637773148715496,0.3333333333333333,0.6666666666666666,0.0,0.0,1.0020940750634,1.0000757513212046,0.9961514338422823,1.0037769364356925,10188,10176,1,Box 2,mid_3aer-mid
2017-07-15 09:08:00,0.2909241318702698,-0.0016065320232883096,0.29097431898117065,0.09699145704507828,0.19398291409015656,0.0,0.0,0.2512047588825226,-0.0001760018931236118,-0.007807943504303694,0.3333333333333333,0.6666666666666666,0.0,0.0,1.054804710922501,1.0001436024829669,1.0075828542301544,0.9918293752307689,9765,9756,2,Box 3,mid_3aer-mid
2017-07-15 09:08:00,0.5481336116790771,-3.05466637655627e-05,0.5479354858398438,0.18264514207839966,0.3652902841567993,0.0,0.0,0.5279905796051025,-0.00993338692933321,-0.02516544982790947,0.3333333333333333,0.6666666666666666,0.0,0.0,1.0259971704565873,0.9971138057962601,0.994481139194999,1.0026381285057868,10388,10386,3,Box 4,mid_3aer-mid
2017-07-15 09:10:00,-0.11075649410486221,-0.0008304303046315908,-0.11418744921684265,-0.007999435998499393,-0.01720764860510826,-0.09158526360988617,0.0026048694271594286,-0.10449381172657013,-0.0032652749214321375,0.004783466458320618,0.07005527780348449,0.15069656524830174,0.8020603616946536,-0.022812204746439857,0.9978196861927132,0.9976551465412979,0.989668163563965,1.0083092229589694,10369,10367,0,Box 1,mid_3aer-mid
2017-07-15 09:10:00,-0.3852351903915405,0.0002289533003931865,-0.38995158672332764,-0.12998387217521667,-0.25996774435043335,0.0,0.0,-0.37563854455947876,0.004262619186192751,0.002114548347890377,0.3333333333333333,0.6666666666666666,0.0,0.0,1.0355159228098076,0.9999941311374965,1.0032853447369148,0.9963728100736143,10248,10236,1,Box 2,mid_3aer-mid
2017-07-15 09:10:00,-0.23812861740589142,-6.025769835105166e-05,-0.23794154822826385,-0.3268032670021057,-0.003504630643874407,0.09620161354541779,-0.003835262032225728,-0.2865472137928009,-0.00024003104772418737,0.0011994094820693135,1.3734603048340466,0.014728957727891095,-0.4043077695470274,0.016118506985089764,1.088613909557877,1.0004553646222925,1.0208199367053057,0.9803763383422045,9780,9767,2,Box 3,mid_3aer-mid
2017-07-15 09:10:00,-0.37901571393013,2.03019953914918e-05,-0.3790360391139984,-0.12634536623954773,-0.25269073247909546,0.0,0.0,-0.47435489296913147,-0.009004873223602772,0.011436544358730316,0.3333333333333333,0.6666666666666666,0.0,0.0,1.0623174473475159,0.9964389116081425,1.0066813485918393,0.9897223407471728,10392,10391,3,Box 4,mid_3aer-mid
2017-07-15 09:12:00,-0.3054541349411011,0.0009127799421548843,-0.30432191491127014,-0.10144065320491791,-0.20288130640983582,0.0,0.0,-0.3366832435131073,-0.0038763151969760656,0.026065586134791374,0.3333333333333333,0.6666666666666666,0.0,0.0,1.0257913938448875,0.9977309952536616,0.9976889192162735,1.000050122992537,10367,10364,0,Box 1,mid_3aer-mid
2017-07-15 09:12:00,-0.9874960780143738,0.008987746201455593,-0.9827461242675781,-1.8862277269363403,-0.05443217232823372,0.9383759498596191,0.01953759975731373,-0.9905194044113159,0.005718562286347151,0.011594769544899464,1.9193434380615384,0.055387822074942805,-0.9548506444949337,-0.019880615641547528,1.0756399240553698,1.0010526439572394,1.0127438362321497,0.9882071066039173,10307,10302,1,Box 2,mid_3aer-mid
2017-07-15 09:12:00,-1.0839152336120605,8.618827450845856e-06,-1.0838141441345215,-1.7184600830078125,-0.035822052508592606,0.6635341048240662,0.00693376362323761,-1.0989201068878174,0.0019620482344180346,0.009754997678101063,1.5855670246725555,0.033051843030896436,-0.6122213096946727,-0.0063975580087792805,1.1462702514478493,1.001423853820541,1.0291149677392952,0.9729136549383497,9795,9788,2,Box 3,mid_3aer-mid
2017-07-15 09:12:00,-1.000290870666504,9.269172005588189e-05,-1.0003834962844849,-1.6719721555709839,0.11572398245334625,0.5505552887916565,0.0053095403127372265,-1.1427868604660034,-0.008825808763504028,0.03386612981557846,1.6713312017303141,-0.1156796168298203,-0.5503440807191717,-0.005307504181322087,1.0971619625844762,0.9967961438138109,1.0186656696765042,0.9784351606999218,10397,10396,3,Box 4,mid_3aer-mid
2017-07-15 09:14:00,-0.5016429424285889,-1.5162394447543193e-05,-0.5016278624534607,-0.16720926761627197,-0.33441853523254395,0.0,0.0,-0.5647425055503845,-0.007432354614138603,0.0316091887652874,0.3333333333333333,0.6666666666666666,0.0,0.0,1.0626648724776058,0.9973317241953685,1.0062234034233835,0.9907874756954426,10370,10368,0,Box 1,mid_3aer-mid
2017-07-15 09:14:00,-1.561031699180603,0.006741261575371027,-1.564909815788269,-2.8178153038024902,-0.06194569915533066,1.3021914958953857,0.012659731321036816,-1.5833666324615479,0.007336764130741358,0.028164276853203773,1.8006247835725935,0.039584201819376136,-0.8321192347245568,-0.008089750667412798,1.1165353334444237,1.0012123648505395,1.0206155862658628,0.9808267801200493,10348,10338,1,Box 2,mid_3aer-mid
2017-07-15 09:14:00,-2.154956579208374,0.008409141562879086,-2.172581195831299,-3.370793342590332,-0.11479484289884567,1.2815979719161987,0.031409114599227905,-2.1633644104003906,0.006631440483033657,0.050587814301252365,1.5515155022903426,0.052838003059386046,-0.5898964546086567,-0.014457050741071953,1.2026726897545297,1.0031473730575131,1.040445112962857,0.9635996355938413,9781,9775,2,Box 3,mid_3aer-mid
2017-07-15 09:14:00,-1.7748154401779175,-0.0001852500718086958,-1.7746299505233765,-2.4133362770080566,0.1021801307797432,0.536631166934967,-0.00010502792429178953,-1.9742501974105835,-0.006900010630488396,0.07020704448223114,1.3599095489620758,-0.0575782740271149,-0.30239045793327246,5.9182998311535506e-05,1.1298763884124952,0.9974183202283919,1.03038289906358,0.968009162359772,10397,10397,3,Box 4,mid_3aer-mid
2017-07-15 09:16:00,-0.32004719972610474,0.007050162181258202,-0.31858208775520325,-0.6665380001068115,0.07667238265275955,0.26380226016044617,0.007481144275516272,-0.4227006733417511,-0.012207979336380959,0.011401119641959667,2.092201206560407,-0.24066757141670914,-0.8280510101950711,-0.023482624948626962,1.0772236574668068,0.9957307388694426,1.0119219872848637,0.9837256964684931,10362,10358,0,Box 1,mid_3aer-mid
2017-07-15 09:16:00,-1.959543228149414,0.006033576559275389,-1.9586048126220703,-3.4885551929473877,-0.0991319790482521,1.620221734046936,0.008860885165631771,-2.001549005508423,0.007761993445456028,0.05101838335394859,1.7811429783047594,0.05061356684332292,-0.8272324650441656,-0.0045240801039168055,1.1760521024397925,1.0023066981021087,1.0308133434579432,0.9722119914033374,10365,10359,1,Box 2,mid_3aer-mid
2017-07-15 09:16:00,-2.771343231201172,-0.010730013251304626,-2.7787718772888184,-3.9981298446655273,-0.13284103572368622,1.4368484020233154,-0.08464935421943665,-2.7773354053497314,0.0077979182824492455,0.06527754664421082,1.4388118895224706,0.04780566568886114,-0.5170804194846889,0.030462864273357093,1.221018940982383,1.003322866493784,1.0473484797088017,0.9593156717354789,9828,9818,2,Box 3,mid_3aer-mid
2017-07-15 09:16:00,-2.5659000873565674,0.00017502786067780107,-2.565808057785034,-3.2786669731140137,0.010781003162264824,0.7019432187080383,0.0001343069161521271,-2.80289626121521,-0.00644246581941843,0.12290981411933899,1.2778299852991948,-0.004201795839825063,-0.27357584458643397,-5.234487293576118e-05,1.1735356281874585,0.9997369417120262,1.0426264145787698,0.95886191188128,10401,10399,3,Box 4,mid_3aer-mid
2017-07-15 09:18:00,-0.6580281257629395,0.007685145828872919,-0.6550489068031311,-0.9580463767051697,0.07339717447757721,0.23111236095428467,-0.0015120607567951083,-0.754701554775238,-0.014374952763319016,-0.0015492158709093928,1.4625570348740287,-0.11204839952505136,-0.3528169526087578,0.002308317259780479,1.1030894327291922,0.9962487017483005,1.0226133716416839,0.9742686282630785,10353,10344,0,Box 1,mid_3aer-mid
2017-07-15 09:18:00,-2.383073091506958,0.009338335134088993,-2.374807357788086,-4.213359832763672,-0.16463445127010345,1.993411660194397,0.009775564074516296,-2.439124822616577,0.007336233276873827,0.07083657383918762,1.7741904290928352,0.06932539879586477,-0.8393994667503489,-0.00411636113835101,1.2273369486038874,1.0040101493419002,1.0392366204521077,0.9659504706217897,10366,10357,1,Box 2,mid_3aer-mid
2017-07-15 09:18:00,-3.6512722969055176,0.004014471545815468,-3.6440420150756836,-5.079155921936035,-0.19485409557819366,1.6994526386260986,-0.06948444992303848,-3.6703412532806396,0.011625642888247967,0.09649264812469482,1.3938248401044853,0.05347197686626194,-0.4663647793858186,0.019067962415071416,1.260726086349254,1.0044540658605945,1.056971941509835,0.9513174510314661,9877,9864,2,Box 3,mid_3aer-mid
2017-07-15 09:18:00,-3.281856060028076,-5.07839722558856e-05,-3.2818052768707275,-4.1643595695495605,-0.09375251084566116,0.9702211618423462,0.006085650064051151,-3.4796574115753174,-0.005945289507508278,0.1372215896844864,1.268923418150195,0.02856736102509692,-0.295636418671475,-0.0018543605038168764,1.2089076743063611,1.0021378402153878,1.0510995306622288,0.9533304909023739,10398,10398,3,Box 4,mid_3aer-mid
2017-07-15 09:20:00,-1.7213629484176636,0.006880827713757753,-1.7154446840286255,-2.306303024291992,0.06421343237161636,0.51900714635849,0.007637895178049803,-1.7542734146118164,-0.007953966967761517,0.0310655664652586,1.344434573583508,-0.03743252796508911,-0.30254961752764065,-0.004452428090778171,1.1424679045291053,0.9981475308325214,1.0335740452575262,0.9655822794546068,10367,10359,0,Box 1,mid_3aer-mid
2017-07-15 09:20:00,-3.381460189819336,-0.021038325503468513,-3.397976875305176,-5.399921894073486,-0.23217712342739105,2.204833745956421,0.029288137331604958,-3.4709744453430176,0.01094266027212143,0.11706960946321487,1.589157834707534,0.068328048009387,-0.6488665952129922,-0.008619287503928708,1.2416926655678109,1.0046646783060467,1.0464534235778118,0.959690639929976,10362,10345,1,Box 2,mid_3aer-mid
2017-07-15 09:20:00,-4.246021747589111,0.0067120883613824844,-4.243642330169678,-6.477400779724121,-0.2414894998073578,2.5205702781677246,-0.04532209411263466,-4.273490905761719,0.011770911514759064,0.11229030042886734,1.5263776874982455,0.056906183702360946,-0.5939638694159591,0.010679998215352593,1.3128848217848046,1.0050874580320652,1.0612520966468113,0.9476785146713557,9960,9944,2,Box 3,mid_3aer-mid
2017-07-15 09:20:00,-4.105503559112549,0.000256496190559119,-4.10576057434082,-5.099542140960693,-0.26926109194755554,1.2620042562484741,0.001038252143189311,-4.286451816558838,-0.00435709860175848,0.16873857378959656,1.2420456141395126,0.06558130148389717,-0.3073740386987473,-0.0002528769246625262,1.2532544101093932,1.005977545733938,1.0624566752831004,0.9468264988311752,10393,10393,3,Box 4,mid_3aer-mid
2017-07-15 09:22:00,-2.9491710662841797,-2.4952930743893376e-06,-2.9491684436798096,-3.6160261631011963,-0.02247859723865986,0.6883551478385925,0.0009813765063881874,-2.9508962631225586,-0.0034200050868093967,0.06697071343660355,1.2261173063444537,0.00762201269902085,-0.2334065552491499,-0.00033276379432464753,1.146969973201488,1.0004262973147071,1.0379821198931847,0.963806474095789,10386,10385,0,Box 1,mid_3aer-mid
2017-07-15 09:22:00,-4.5299530029296875,0.011720673181116581,-4.527859210968018,-6.79494571685791,-0.28762298822402954,2.5506181716918945,0.004090877249836922,-4.637866497039795,0.014176607131958008,0.16225692629814148,1.5006971019864024,0.06352295191168067,-0.563316563566896,-0.0009034903311870845,1.2947917425753108,1.0054828168611696,1.059062849402216,0.9493588489620013,10355,10344,1,Box 2,mid_3aer-mid
2017-07-15 09:22:00,-5.228820323944092,-0.004922137130051851,-5.224930763244629,-7.8132100105285645,-0.3380422294139862,2.921623706817627,0.004698209464550018,-5.256673812866211,0.01507821585983038,0.14752177894115448,1.495371158000747,0.06469793268265293,-0.5591698998234184,-0.0008991908599814691,1.3408738789712698,1.0063655213987164,1.067569250645804,0.9426145941202545,10027,10018,2,Box 3,mid_3aer-mid
2017-07-15 09:22:00,-5.09564208984375,0.0020737501326948404,-5.097152233123779,-6.1913743019104,-0.4951159656047821,1.5884125232696533,0.0009249171707779169,-5.20217752456665,0.0016119430074468255,0.2033059149980545,1.2146731101469066,0.09713580516082342,-0.31162745768705324,-0.00018145762067678373,1.2584434052463702,1.0092337935656865,1.0651152088970983,0.9475240167614243,10392,10391,3,Box 4,mid_3aer-mid
2017-07-15 09:24:00,-3.535414695739746,-0.00391682144254446,-3.5340003967285156,-4.594327449798584,-0.21408826112747192,1.2462334632873535,0.028181785717606544,-3.5167076587677,-0.0006102134357206523,0.06176482141017914,1.3000358475014424,0.0605795700315581,-0.3526409476366278,-0.007974469896372738,1.1825818975602955,1.003914920140731,1.0439366830166188,0.9613329621724748,10383,10378,0,Box 1,mid_3aer-mid
2017-07-15 09:24:00,-5.484589099884033,0.05583298206329346,-5.522526741027832,-7.673154354095459,-0.4739905297756195,2.6286263465881348,-0.0040082791820168495,-5.595137596130371,0.015802986919879913,0.19202454388141632,1.3894281498446843,0.08582856031518529,-0.47598251544247283,0.0007258052826032424,1.3155195363577008,1.0085059707656698,1.0680024741789877,0.9443368842646868,10352,10321,1,Box 2,mid_3aer-mid
2017-07-15 09:24:00,-5.964437007904053,0.0013471447164192796,-5.963778972625732,-9.175145149230957,-0.33637377619743347,3.6096997261047363,-0.06195978447794914,-5.956438064575195,0.016719916835427284,0.15387196838855743,1.5384783557518316,0.056402788181315326,-0.6052704921771302,0.01038934824398341,1.3954917011694186,1.0061273453897075,1.0748731879737852,0.936745259863398,10095,10087,2,Box 3,mid_3aer-mid
2017-07-15 09:24:00,-5.3064165115356445,-0.0027607569936662912,-5.303655624389648,-6.259556770324707,-0.6840830445289612,1.6378971338272095,0.0020867614075541496,-5.4117326736450195,0.0015570605173707008,0.22886674106121063,1.1802343367177819,0.12898330784271886,-0.308824187394949,-0.00039345716555172494,1.2846429639443104,1.0137811436169701,1.0733056169813693,0.9445146936178831,10386,10383,3,Box 4,mid_3aer-mid
2017-07-15 09:26:00,-4.051554203033447,-0.0059931897558271885,-4.054092884063721,-4.6490559577941895,-0.38829120993614197,0.9729641079902649,0.010289798490703106,-4.01462459564209,-0.00043527240632101893,0.06567306071519852,1.146756054353916,0.095777569881748,-0.23999549854832794,-0.002538125687335996,1.187978528076714,1.007219263418409,1.0513443578329487,0.9579080949501854,10380,10374,0,Box 1,mid_3aer-mid
2017-07-15 09:26:00,-6.2266387939453125,0.039828408509492874,-6.234681129455566,-8.723604202270508,-0.48498618602752686,2.925785779953003,0.048124104738235474,-6.3256120681762695,0.01575029455125332,0.20606474578380585,1.3992062132839072,0.07778845919590278,-0.46927589686716725,-0.00771877561264267,1.333731291952816,1.0080372220918086,1.0710138077191105,0.9407008090282091,10372,10346,1,Box 2,mid_3aer-mid
2017-07-15 09:26:00,-6.940565586090088,0.028854668140411377,-6.9280009269714355,-10.682976722717285,-0.3358224928379059,4.161716461181641,-0.07091695815324783,-6.8998918533325195,0.01821242645382881,0.15506286919116974,1.5420000586494795,0.04847322572784665,-0.60070956485317,0.010236280475843795,1.4526139926378283,1.005885667293292,1.084056524459511,0.9286573358442771,10148,10128,2,Box 3,mid_3aer-mid
2017-07-15 09:26:00,-6.417384624481201,0.000167821446666494,-6.417552947998047,-7.191070079803467,-1.029072880744934,1.7914862632751465,0.01110329944640398,-6.4816789627075195,0.00577821210026741,0.2813674807548523,1.1205314245103812,0.16035285828450913,-0.27915413742286627,-0.0017301453720240945,1.3147589728493,1.0197734403282515,1.0848110516829736,0.939914669913147,10392,10390,3,Box 4,mid_3aer-mid
2017-07-15 09:28:00,-4.527853012084961,0.007699199020862579,-4.521308898925781,-4.762532711029053,-0.5334319472312927,0.7611724138259888,0.013483620248734951,-4.458885192871094,0.0028941987548023462,0.07745354622602463,1.0533527153669826,0.11798176441612403,-0.16835224159001697,-0.0029822381930896535,1.2050003609723254,1.0104981495812742,1.0607874716882661,0.9524248336470668,10375,10360,0,Box 1,mid_3aer-mid
2017-07-15 09:28:00,-7.087957859039307,-0.014654096215963364,-7.074360370635986,-9.820710182189941,-0.5068220496177673,3.2446534633636475,0.008518277667462826,-7.155929088592529,0.017296096310019493,0.215144544839859,1.3882117408194286,0.07164209943556742,-0.4586497345993328,-0.0012041056556632013,1.3590728640109042,1.0079480768431168,1.0764499858465992,0.9362800727186328,10376,10359,1,Box 2,mid_3aer-mid
2017-07-15 09:28:00,-7.8149824142456055,0.08167194575071335,-7.819272041320801,-11.14718246459961,-0.5400264859199524,3.7934465408325195,0.0744917169213295,-7.758611679077148,0.020419521257281303,0.171643927693367,1.4256038206067476,0.06906352630650553,-0.4851406644537898,-0.009526682459463365,1.4868124291932938,1.0096538005861782,1.097177208121017,0.9194158851991123,10187,10163,2,Box 3,mid_3aer-mid
2017-07-15 09:28:00,-7.112431526184082,0.007932180538773537,-7.104528903961182,-7.748406887054443,-1.3504383563995361,1.977675199508667,0.016640277579426765,-7.186305999755859,0.008264726959168911,0.3202001452445984,1.0906290837607733,0.19008133233213134,-0.27836820909503024,-0.002342206997874352,1.3243816728082982,1.024784599757789,1.0896609094254188,0.9402728039167331,10395,10394,3,Box 4,mid_3aer-mid
2017-07-15 09:30:00,-5.001906394958496,0.008074246346950531,-5.00580358505249,-4.835879802703857,-0.6434155702590942,0.4743519723415375,-0.0008601552108302712,-4.91438102722168,0.008783040568232536,0.10955868661403656,0.9660546526929499,0.1285339252099303,-0.0947604094747464,0.0001718315718662322,1.2155004002864938,1.013067420416915,1.0696566952044666,0.9471068119127914,10369,10355,0,Box 1,mid_3aer-mid
2017-07-15 09:30:00,-7.946396350860596,-0.0029360137414187193,-7.93533182144165,-10.70463752746582,-0.5574594736099243,3.3140547275543213,0.012710352428257465,-7.997687339782715,0.01855371706187725,0.21627545356750488,1.3489841738083392,0.0702503051263111,-0.4176327373405744,-0.001601741594075945,1.3903790431782086,1.0086185116703297,1.0848461382620755,0.9296128893821104,10374,10330,1,Box 2,mid_3aer-mid
2017-07-15 09:30:00,-8.592994689941406,0.01381830032914877,-8.597759246826172,-11.878764152526855,-0.7022619247436523,3.99918794631958,-0.015921907499432564,-8.551556587219238,0.01942591555416584,0.19426065683364868,1.3816115367040882,0.08167965140004907,-0.46514305532445466,0.0018518672203173825,1.5657960116997065,1.0133425660520512,1.114249937321756,0.9096214082584573,10202,10170,2,Box 3,mid_3aer-mid
2017-07-15 09:30:00,-7.896357536315918,-0.0021428188774734735,-7.897525787353516,-8.625524520874023,-1.672686219215393,2.385690927505493,0.014994003809988499,-7.980143070220947,0.012641362845897675,0.3541107177734375,1.0921805822338653,0.21179877168352135,-0.3020807841045288,-0.0018985698128577977,1.343353360657299,1.0290334941500472,1.0942678711109368,0.9402245437263018,10401,10399,3,Box 4,mid_3aer-mid
2017-07-15 09:32:00,-4.457380294799805,0.015395156107842922,-4.448127746582031,-4.293294429779053,-0.59751957654953,0.4369542598724365,0.0057321572676301,-4.320877552032471,0.0018081525340676308,0.06557963043451309,0.9651913766563123,0.13433058722909383,-0.09823329643925698,-0.0012886674461491249,1.2390548084841004,1.0150278071631489,1.076835199713719,0.9425128219218504,10359,10340,0,Box 1,mid_3aer-mid
2017-07-15 09:32:00,-7.6987128257751465,0.03255700692534447,-7.778683185577393,-9.458076477050781,-0.6235284209251404,2.3546974658966064,-0.05177575349807739,-7.724895000457764,0.008601237088441849,0.13277097046375275,1.2158968252696487,0.08015860811820792,-0.30271153997862615,0.006656106590769539,1.423006572481376,1.0116962053727934,1.1015420255412847,0.9190277262348459,10339,10261,1,Box 2,mid_3aer-mid
2017-07-15 09:32:00,-9.17720890045166,-0.011377637274563313,-9.167732238769531,-11.83135986328125,-1.0485482215881348,3.666959524154663,0.0452163964509964,-9.134992599487305,0.018640300258994102,0.21034176647663116,1.290543791265452,0.11437377535190348,-0.39998544175351086,-0.004932124863844645,1.617137831415933,1.02152746826763,1.1321841598822597,0.9017103379681372,10184,10144,2,Box 3,mid_3aer-mid
2017-07-15 09:32:00,-7.566952228546143,0.0034043302293866873,-7.560345649719238,-8.186408042907715,-1.7506365776062012,2.373178482055664,0.0035196770913898945,-7.617795944213867,0.005290637724101543,0.3110135793685913,1.0828085987994485,0.23155505239217625,-0.313898106798717,-0.0004655443929076908,1.3779669004593813,1.0348749577122685,1.103731570617585,0.9375716308177464,10404,10403,3,Box 4,mid_3aer-mid
2017-07-15 09:34:00,-4.751657962799072,0.05815224349498749,-4.779751300811768,-4.439085960388184,-0.7503460049629211,0.4092485308647156,0.00043250847375020385,-4.617770195007324,0.002010138938203454,0.0656992718577385,0.928727465506317,0.15698432337750626,-0.08562130123307499,-9.04876507482888e-05,1.2600224171459782,1.0197261387731904,1.0864935982730182,0.9385407202484582,10329,10292,0,Box 1,mid_3aer-mid
2017-07-15 09:34:00,-8.400089263916016,0.07422567903995514,-8.42544937133789,-10.33899211883545,-0.4100329875946045,2.322964906692505,0.0006108019733801484,-8.428521156311035,0.0072836074978113174,0.1129947081208229,1.2271146461674223,0.04866601111238091,-0.2757081623985027,-7.249488130045556e-05,1.4699134776621416,1.0076676202049346,1.1103071199662198,0.9075506752388848,10304,10225,1,Box 2,mid_3aer-mid
2017-07-15 09:34:00,-10.691341400146484,-0.06603523343801498,-10.68700885772705,-13.414817810058594,-1.4683889150619507,4.121180057525635,0.07501784712076187,-10.725833892822266,0.024140791967511177,0.3011067807674408,1.255245335055753,0.13739943614838515,-0.3856252341590742,-0.007019537045064028,1.6772787596252505,1.0287093102355602,1.1472140270945226,0.8958381338555822,10220,10165,2,Box 3,mid_3aer-mid
2017-07-15 09:34:00,-8.426032066345215,-0.03524407744407654,-8.370783805847168,-8.908806800842285,-2.05153489112854,2.5769295692443848,0.012628932483494282,-8.496917724609375,0.01235477440059185,0.3229352831840515,1.0642739969862804,0.24508279571475808,-0.3078481008982881,-0.0015086918027504281,1.4107241968503301,1.0404156832141573,1.1137959955800576,0.9339650455290877,10400,10381,3,Box 4,mid_3aer-mid
2017-07-15 09:36:00,-5.470987796783447,-0.0015613998984917998,-5.4918341636657715,-4.974972724914551,-0.8448882102966309,0.2867589294910431,0.041267357766628265,-5.3881306648254395,0.003376338165253401,0.0895257517695427,0.9058853755660455,0.15384444353651683,-0.052215506618256725,-0.007514312484305639,1.2467456904760534,1.0189030655564963,1.084533131071634,0.9389127132629035,10320,10272,0,Box 1,mid_3aer-mid
2017-07-15 09:36:00,-9.348074913024902,0.028725748881697655,-9.437600135803223,-12.079431533813477,-0.3446309268474579,2.9915459156036377,-0.005086527206003666,-9.374462127685547,0.0057743629440665245,0.08373428881168365,1.2799257995766862,0.03651678788447009,-0.3169815513898547,0.0005389639286983994,1.5203681730839098,1.005994334935632,1.115283402081417,0.9020608509620087,10251,10146,1,Box 2,mid_3aer-mid
2017-07-15 09:36:00,-11.725982666015625,-0.09815440326929092,-11.707218170166016,-14.542438507080078,-1.5515522956848145,4.352344989776611,0.03442733362317085,-11.78995132446289,0.024438612163066864,0.33015793561935425,1.2421771024504387,0.13252954500858896,-0.37176595445313676,-0.0029406930058908376,1.7305608085747366,1.0296893914569434,1.1585546027669373,0.8883861364187706,10262,10209,2,Box 3,mid_3aer-mid
2017-07-15 09:36:00,-9.287879943847656,-0.09067361056804657,-9.298559188842773,-10.131601333618164,-2.4750397205352783,3.2772133350372314,0.03086869604885578,-9.384565353393555,0.022158587351441383,0.33481886982917786,1.0895883358902403,0.2661745108734835,-0.3524431179498094,-0.0033197288139143466,1.4238162614364118,1.0441035213728325,1.1141548192547697,0.9367898376879675,10389,10352,3,Box 4,mid_3aer-mid
2017-07-15 09:38:00,-6.1836771965026855,0.020789604634046555,-6.198953628540039,-6.079651832580566,-1.1591187715530396,0.9844749569892883,0.05534135550260544,-6.135556221008301,0.008060787804424763,0.1449444442987442,0.9807544270123636,0.18698618341939122,-0.15881307874617184,-0.008927531685582968,1.2898290464032331,1.0245585433215025,1.0903528180357167,0.9389324476201959,10316,10281,0,Box 1,mid_3aer-mid
2017-07-15 09:38:00,-10.666242599487305,0.06867252290248871,-10.710186958312988,-13.045700073242188,-0.5508581399917603,2.946207284927368,-0.059837061911821365,-10.700016021728516,0.009394876658916473,0.09914380311965942,1.218064510287339,0.051433105208250694,-0.27508454498095486,0.0055869294853651,1.5542671171998226,1.0093542395652335,1.1282687663668534,0.8952078276902505,10197,10092,1,Box 2,mid_3aer-mid
2017-07-15 09:38:00,-12.22476577758789,-0.12933503091335297,-12.18259048461914,-15.930512428283691,-1.4021402597427368,5.139425277709961,0.010637044906616211,-12.287005424499512,0.024730738252401352,0.28210780024528503,1.3076457069117158,0.11509376697495552,-0.42186633908585436,-0.0008731348008169659,1.7973663000613709,1.0261386585349312,1.1612070940435995,0.8835674210828297,10299,10209,2,Box 3,mid_3aer-mid
2017-07-15 09:38:00,-10.15427017211914,-0.08724870532751083,-10.112238883972168,-11.025729179382324,-2.775214195251465,3.6769371032714844,0.011767338030040264,-10.277627944946289,0.03109859675168991,0.3554154932498932,1.0903351421617213,0.27444113610737847,-0.3636126053569763,-0.0011636729121234923,1.4457973325551148,1.0474897845757485,1.1193024738643529,0.9357188401369165,10376,10336,3,Box 4,mid_3aer-mid
2017-07-15 09:40:00,-7.075929164886475,0.032910410314798355,-7.120066165924072,-6.791836261749268,-1.3794466257095337,1.0244519710540771,0.026763860136270523,-7.064139366149902,0.009616023860871792,0.1662391871213913,0.9539006159978823,0.1937406850145286,-0.14388236713265376,-0.003758933879757176,1.3100683543025635,1.027806629385274,1.0989741651231268,0.9349101230191661,10340,10294,0,Box 1,mid_3aer-mid
2017-07-15 09:40:00,-11.796875953674316,-0.047103121876716614,-11.83781623840332,-15.035475730895996,-0.9778531193733215,4.166112899780273,0.009399973787367344,-11.841601371765137,0.014499436132609844,0.1607275903224945,1.2701224538372018,0.0826041858884798,-0.3519325765084044,-0.0007940632172771522,1.634083800917968,1.0160972983391015,1.1375542470249351,0.8931383444949107,10161,10048,1,Box 2,mid_3aer-mid
2017-07-15 09:40:00,-13.184988975524902,-0.057502493262290955,-13.169994354248047,-16.760042190551758,-1.7970856428146362,5.253124713897705,0.13400951027870178,-13.22962760925293,0.026665939018130302,0.2738145589828491,1.2725930630110973,0.13645301176749106,-0.398870708535862,-0.010175366242726358,1.8322837942088066,1.0329983260635598,1.171888561302102,0.8800601559891799,10304,10229,2,Box 3,mid_3aer-mid
2017-07-15 09:40:00,-10.921721458435059,-0.019787371158599854,-10.872197151184082,-12.777763366699219,-3.0332040786743164,4.901537895202637,0.037231698632240295,-11.090455055236816,0.040906015783548355,0.35640642046928406,1.1752696096578987,0.27898719858837967,-0.4508323213585783,-0.0034244868877000845,1.5102328892703232,1.050148829689732,1.1240378888402875,0.9338905986291735,10379,10352,3,Box 4,mid_3aer-mid
2017-07-15 09:42:00,-8.004617691040039,0.02286960743367672,-8.010900497436523,-7.652108192443848,-1.5651923418045044,1.2039682865142822,0.002431322820484638,-8.011836051940918,0.01202559657394886,0.2097877413034439,0.9552119566341506,0.1953828093669076,-0.15029126417428593,-0.00030350182677227333,1.3155211045801287,1.0284433353779567,1.1004256262016177,0.9345597203339225,10359,10331,0,Box 1,mid_3aer-mid
2017-07-15 09:42:00,-12.9959077835083,-0.06920557469129562,-12.970474243164062,-15.928841590881348,-1.346511721611023,4.284379005432129,0.02050023525953293,-12.990377426147461,0.020406018942594528,0.22251711785793304,1.228084806281582,0.10381362021948438,-0.33031789558786495,-0.0015805309132013168,1.6673536694707447,1.0218433629555759,1.1488516478539905,0.8892525677769412,10149,10044,1,Box 2,mid_3aer-mid
2017-07-15 09:42:00,-14.34229564666748,-0.09766626358032227,-14.388532638549805,-17.509521484375,-2.050870656967163,5.1488237380981445,0.02303386852145195,-14.37178897857666,0.03216887637972832,0.32760438323020935,1.2169079346048879,0.14253508027100117,-0.35784216578729416,-0.001600849088594869,1.877563566888892,1.037583171465013,1.1883450922003742,0.8728917134531625,10306,10230,2,Box 3,mid_3aer-mid
2017-07-15 09:42:00,-12.251216888427734,-0.1382373422384262,-12.216989517211914,-14.31100082397461,-3.668987512588501,5.685150146484375,0.07784885168075562,-12.387297630310059,0.04864899441599846,0.37257951498031616,1.171401597356222,0.30031845817564967,-0.4653478757161392,-0.006372179815732404,1.5323290102582685,1.0562332676175648,1.1291292562124076,0.9347168887407943,10384,10352,3,Box 4,mid_3aer-mid
2017-07-15 09:44:00,-8.868576049804688,-0.022674068808555603,-8.8555908203125,-8.3629789352417,-1.6758195161819458,1.1826516389846802,0.0005575558170676231,-8.899319648742676,0.010812646709382534,0.2086533010005951,0.9443729449101753,0.18923859704675317,-0.1335485810711691,-6.29608857593833e-05,1.3697704954154868,1.032027134621543,1.1174607796998068,0.9235401698917352,10372,10350,0,Box 1,mid_3aer-mid
2017-07-15 09:44:00,-13.919187545776367,-0.13766606152057648,-13.804038047790527,-16.798858642578125,-1.5601189136505127,4.537292003631592,0.017646901309490204,-13.893065452575684,0.025107190012931824,0.26141998171806335,1.2169524585889813,0.11301902072400712,-0.3286930925195989,-0.0012783867933894855,1.6858581678609967,1.0245484365432038,1.1537936790958188,0.8878199826584652,10174,10069,1,Box 2,mid_3aer-mid
2017-07-15 09:44:00,-15.550185203552246,-0.1362108737230301,-15.495500564575195,-19.070865631103516,-2.1644973754882812,5.709193706512451,0.03067181073129177,-15.546516418457031,0.03320572152733803,0.33133363723754883,1.2307359119049228,0.1396855523767078,-0.3684420629122421,-0.0019794013693885115,1.9230257334784002,1.037805125181116,1.193753649610547,0.8690581839487668,10296,10238,2,Box 3,mid_3aer-mid
2017-07-15 09:44:00,-12.720170974731445,-0.16560977697372437,-12.657936096191406,-14.493974685668945,-4.0690693855285645,5.888946056365967,0.016160549595952034,-12.819938659667969,0.04979461058974266,0.38226449489593506,1.1450502968069576,0.32146389746017023,-0.4652374815578865,-0.00127671270924129,1.5875891626826584,1.0670329430549002,1.144027541361145,0.9325384369985004,10381,10334,3,Box 4,mid_3aer-mid
2017-07-15 09:46:00,-9.77268123626709,0.04392429441213608,-9.769525527954102,-9.346535682678223,-1.9956610202789307,1.595802664756775,-0.02313176915049553,-9.801542282104492,0.009551219642162323,0.22234316170215607,0.9567031043075722,0.20427410320397263,-0.16334495468976404,0.0023677471782191928,1.4090380674826999,1.0372869193079817,1.126905440073285,0.9207342153898109,10381,10361,0,Box 1,mid_3aer-mid
2017-07-15 09:46:00,-14.465024948120117,0.03307589143514633,-14.422237396240234,-18.022281646728516,-1.6246249675750732,5.188411712646484,0.03625719994306564,-14.388461112976074,0.025608621537685394,0.20342230796813965,1.2496175877123705,0.11264721288561902,-0.3597508216825604,-0.002513978915429149,1.7424099465742056,1.025343283177941,1.159648677744113,0.8838552345744417,10167,10067,1,Box 2,mid_3aer-mid
2017-07-15 09:46:00,-16.46053695678711,-0.15396426618099213,-16.434572219848633,-19.703100204467773,-2.324312210083008,5.603114604949951,-0.010276122950017452,-16.332426071166992,0.03498061001300812,0.31956472992897034,1.198881115161967,0.1414281914302613,-0.34093458126851844,0.0006252746762901995,1.963045215133415,1.04058611831683,1.2062726154283376,0.8627470542649212,10250,10191,2,Box 3,mid_3aer-mid
2017-07-15 09:46:00,-13.998615264892578,-0.16264767944812775,-13.896493911743164,-15.046817779541016,-4.914373874664307,6.092077732086182,-0.027380000799894333,-14.158469200134277,0.07007333636283875,0.48578765988349915,1.0827780215194573,0.3536412405487134,-0.43838954321351087,0.001970281145340147,1.6272139758569188,1.0827532444536414,1.1616980587870516,0.9323188866953973,10370,10325,3,Box 4,mid_3aer-mid
2017-07-15 09:48:00,-10.443526268005371,0.03709929436445236,-10.469284057617188,-9.988048553466797,-2.405034065246582,1.9206558465957642,0.003141845343634486,-10.469121932983398,0.009042886085808277,0.1860872507095337,0.9540335146940677,0.22972286150063978,-0.18345627495638214,-0.0003001012383253565,1.4298858831048455,1.043993035672239,1.133081969432965,0.9213401324890358,10388,10357,0,Box 1,mid_3aer-mid
2017-07-15 09:48:00,-14.88548755645752,0.002805496798828244,-14.862580299377441,-18.373695373535156,-1.846112847328186,5.334589958190918,0.02263881079852581,-14.783373832702637,0.02455700933933258,0.14753015339374542,1.2362386350307264,0.12421212670658117,-0.3589275533337254,-0.0015232084035821658,1.7606718419853076,1.0288270491589835,1.1647789838885692,0.8830757221058296,10168,10069,1,Box 2,mid_3aer-mid
2017-07-15 09:48:00,-17.86278533935547,-0.16395613551139832,-17.802162170410156,-21.55948257446289,-2.50980281829834,6.293075084686279,-0.025953039526939392,-17.722013473510742,0.0400177463889122,0.3817932903766632,1.2110597003707104,0.14098301005060285,-0.3535005690404356,0.0014578586191222875,2.0038654000585376,1.0412876108636187,1.2108395922885051,0.8602114452133135,10215,10143,2,Box 3,mid_3aer-mid
2017-07-15 09:48:00,-15.361392974853516,-0.1488020122051239,-15.253661155700684,-16.069313049316406,-5.202301979064941,5.984528064727783,0.03342578932642937,-15.637331008911133,0.09161756932735443,0.5817168951034546,1.0534725000368583,0.34105267918004345,-0.3923338504326371,-0.002191328784264701,1.6867279891697233,1.0883083048608981,1.1798864354998213,0.9220496545082763,10383,10315,3,Box 4,mid_3aer-mid
2017-07-15 09:50:00,-10.964324951171875,-0.04806360974907875,-10.933350563049316,-10.189395904541016,-2.7431437969207764,1.9250330924987793,0.0741557627916336,-11.036338806152344,0.010628747753798962,0.20274044573307037,0.9319554699277908,0.25089687765384244,-0.17606981968292723,-0.006782527898705981,1.4578981020958992,1.0520562186259368,1.1443541297430642,0.918504564201309,10382,10338,0,Box 1,mid_3aer-mid
2017-07-15 09:50:00,-15.64660358428955,-0.07867465913295746,-15.606124877929688,-18.363859176635742,-2.2097113132476807,4.886261463165283,0.0811813697218895,-15.587236404418945,0.026485757902264595,0.16174884140491486,1.1767082867486593,0.14159255507725854,-0.31309895056416065,-0.005201891261757241,1.7497391499036503,1.0342330485785518,1.171732649008936,0.8819253815399272,10159,10046,1,Box 2,mid_3aer-mid
2017-07-15 09:50:00,-18.786428451538086,-0.2023116499185562,-18.77973175048828,-22.464693069458008,-2.653944492340088,6.376523971557617,-0.03761826083064079,-18.610692977905273,0.043590668588876724,0.4065764844417572,1.1962201431375452,0.14131961170059162,-0.3395428857967765,0.0020031309586396873,2.0129684466087996,1.0421912353181315,1.2152506020746097,0.8579286446457711,10185,10108,2,Box 3,mid_3aer-mid
2017-07-15 09:50:00,-15.612608909606934,-0.08322935551404953,-15.541635513305664,-15.559524536132812,-5.518784523010254,5.511293888092041,0.025379015132784843,-15.959903717041016,0.09616101533174515,0.5502852201461792,1.0011509947177766,0.3550967248648763,-0.35461475026154127,-0.0016329693211116214,1.6218552254927896,1.0895431472844301,1.1746907433837552,0.9272710563621459,10372,10297,3,Box 4,mid_3aer-mid
2017-07-15 09:52:00,-12.293179512023926,-0.03422025591135025,-12.262195587158203,-11.11064624786377,-3.0056049823760986,1.855069875717163,-0.00101559329777956,-12.416939735412598,0.01698705181479454,0.27581846714019775,0.9060893775737344,0.24511145141339188,-0.15128365210005135,8.282311292504008e-05,1.4786427058218479,1.0543270329039183,1.154754093826633,0.913042528487505,10377,10323,0,Box 1,mid_3aer-mid
2017-07-15 09:52:00,-16.265647888183594,-0.10427253693342209,-16.23623275756836,-18.70323944091797,-2.1703433990478516,4.570939064025879,0.06640896946191788,-16.19917106628418,0.031398020684719086,0.21435460448265076,1.1519443597820185,0.13367282070083406,-0.2815270099149198,-0.0040901705679327605,1.7484772477668233,1.0329499012152281,1.1754861258687954,0.8781618160035491,10173,10077,1,Box 2,mid_3aer-mid
2017-07-15 09:52:00,-19.81218147277832,-0.09761924296617508,-19.755035400390625,-24.26485252380371,-2.587186813354492,7.042396068572998,0.05460639297962189,-19.575716018676758,0.04667142406105995,0.38169023394584656,1.2282869122262572,0.13096339727670048,-0.3564861340736302,-0.0027641754293274423,2.049308369669345,1.0389920466413936,1.2149662209737122,0.8547011123045005,10220,10143,2,Box 3,mid_3aer-mid
2017-07-15 09:52:00,-18.02582359313965,-0.04419086501002312,-17.992876052856445,-19.85900115966797,-6.3051652908325195,8.0541410446167,0.11715057492256165,-18.261323928833008,0.10824566334486008,0.5877739787101746,1.1037147511577783,0.3504256703232421,-0.4476294787208419,-0.006510942760178495,1.7218822946582617,1.090097006426364,1.1783532377159152,0.9241140577971689,10388,10310,3,Box 4,mid_3aer-mid
2017-07-15 09:54:00,-12.977964401245117,-0.015158631838858128,-12.944262504577637,-12.279438018798828,-3.239896535873413,2.5856103897094727,-0.010538489557802677,-13.110519409179688,0.012857437133789062,0.3025273382663727,0.9486394011141949,0.2502959514567645,-0.19974949621919966,0.0008141436482403119,1.4753842427344954,1.0526465787644028,1.1464363909369994,0.918292293018135,10374,10331,0,Box 1,mid_3aer-mid
2017-07-15 09:54:00,-16.550012588500977,-0.04947034642100334,-16.527145385742188,-19.086671829223633,-2.3309803009033203,4.982801914215088,-0.09229336678981781,-16.414470672607422,0.03035343810915947,0.21323636174201965,1.1548681241780383,0.14103950473941787,-0.30149197923250476,0.005584350315048614,1.8100168686878033,1.0368952450592155,1.1867951730227724,0.8745294761202362,10187,10094,1,Box 2,mid_3aer-mid
2017-07-15 09:54:00,-20.666322708129883,-0.05292518809437752,-20.581466674804688,-24.558732986450195,-3.087444305419922,7.044712066650391,0.01999831758439541,-20.391639709472656,0.04890031740069389,0.3477400839328766,1.1932450392300715,0.15001090750995175,-0.34228428047630377,-0.0009716662637194728,2.0724941635461476,1.0468736245260242,1.2257799005704604,0.8538780602419874,10233,10151,2,Box 3,mid_3aer-mid
2017-07-15 09:54:00,-18.935880661010742,-0.06939538568258286,-18.906030654907227,-21.277143478393555,-6.177414894104004,8.465472221374512,0.08305397629737854,-19.058971405029297,0.11291005462408066,0.5457988381385803,1.1254156311138348,0.3267430813790994,-0.44776572391053454,-0.004392988582399671,1.80172024202793,1.0892234612002172,1.1905050397250356,0.9142249355117484,10377,10321,3,Box 4,mid_3aer-mid
2017-07-15 09:56:00,-13.11867618560791,-0.07397065311670303,-13.060978889465332,-13.048734664916992,-3.0265231132507324,3.0239012241363525,-0.009623103775084019,-13.20991039276123,0.008687660098075867,0.2702004909515381,0.9990624656223712,0.2317225219328131,-0.2315217702633944,0.0007367827082100931,1.5038269589173472,1.0484546114232691,1.1458331528112158,0.9151068581183804,10383,10341,0,Box 1,mid_3aer-mid
2017-07-15 09:56:00,-16.881973266601562,-0.058094605803489685,-16.888967514038086,-19.325700759887695,-2.2230236530303955,4.649064064025879,0.010690746828913689,-16.655527114868164,0.027945833280682564,0.17422693967819214,1.144279445879459,0.13162576551041422,-0.27527220958423665,-0.0006330018056365239,1.8067940752936618,1.0346084544045373,1.1880604923658151,0.8707432086864598,10213,10107,1,Box 2,mid_3aer-mid
2017-07-15 09:56:00,-21.479021072387695,-0.046362996101379395,-21.383935928344727,-24.788095474243164,-3.2996115684509277,6.684521198272705,0.019250720739364624,-21.23366928100586,0.05438569188117981,0.3423284888267517,1.1591924306918178,0.15430327848354328,-0.31259546697201807,-0.0009002422033430046,2.0652580686700737,1.049454339248893,1.2318928068452857,0.8517440152423953,10273,10186,2,Box 3,mid_3aer-mid
2017-07-15 09:56:00,-19.713090896606445,-0.10436461120843887,-19.625123977661133,-21.17238426208496,-6.640962600708008,8.192904472351074,-0.004682918079197407,-19.927705764770508,0.11637355387210846,0.5323857069015503,1.0788406937814998,0.33839084448865153,-0.41747015677362975,0.00023861850347839386,1.7875986651629316,1.0953772153511792,1.1965883940271895,0.9154560853000464,10372,10309,3,Box 4,mid_3aer-mid
2017-07-15 09:58:00,-13.251925468444824,-0.057120807468891144,-13.19554328918457,-14.007144927978516,-3.3061771392822266,4.092314720153809,0.025463178753852844,-13.315817832946777,0.0006174218724481761,0.2517920136451721,1.0615056817080168,0.2505525413912546,-0.31012854303721754,-0.0019296800620539067,1.5346425079617607,1.0518458836373306,1.1439574448515364,0.9192413043333642,10385,10354,0,Box 1,mid_3aer-mid
2017-07-15 09:58:00,-17.780527114868164,-0.06010718643665314,-17.7782039642334,-20.678312301635742,-2.5626468658447266,5.418242454528809,0.04451298713684082,-17.539033889770508,0.03095073066651821,0.1724098175764084,1.163127200413823,0.14414544218530892,-0.30476884713271,-0.0025037954664217654,1.8784540340395681,1.0398386245238513,1.1980275070820692,0.8675663336499458,10198,10123,1,Box 2,mid_3aer-mid
2017-07-15 09:58:00,-21.979820251464844,0.056983500719070435,-21.988927841186523,-25.010169982910156,-3.6839966773986816,6.7288498878479,-0.023612232878804207,-21.787137985229492,0.0580052025616169,0.3502213656902313,1.137398260183543,0.16753870371223548,-0.3060107875557013,0.0010738236599228124,2.1203147874782333,1.0569133330406475,1.2463987582245417,0.8481742583399479,10295,10236,2,Box 3,mid_3aer-mid
2017-07-15 09:58:00,-21.473968505859375,-0.14342214167118073,-21.339256286621094,-22.82429313659668,-7.537083148956299,9.146160125732422,-0.12403715401887894,-21.721435546875,0.13486333191394806,0.6131856441497803,1.0695919153014122,0.3532027501044255,-0.4286072933033258,0.005812627897488154,1.838208526668151,1.1057437213503991,1.2089195456750819,0.9156637644360924,10376,10342,3,Box 4,mid_3aer-mid
2017-07-15 10:00:00,-14.409435272216797,-0.012477286159992218,-14.40600299835205,-15.544291496276855,-3.4002816677093506,4.531325340270996,0.0072470773011446,-14.445680618286133,0.0013137157075107098,0.21387805044651031,1.0790150600482387,0.23603229557851804,-0.31454429602065576,-0.0005030596061009196,1.612357994304297,1.0536366835424942,1.159016898932404,0.9090104449498232,10390,10367,0,Box 1,mid_3aer-mid
2017-07-15 10:00:00,-18.752559661865234,0.017289943993091583,-18.725122451782227,-21.37387466430664,-3.043285369873047,5.622321128845215,0.06971817463636398,-18.476207733154297,0.03311590477824211,0.1832406222820282,1.1414545158165497,0.16252419713504665,-0.3002554700411929,-0.0037232429104033793,1.9168606456249946,1.0474133470997913,1.209270677449025,0.865540365433502,10198,10110,1,Box 2,mid_3aer-mid
2017-07-15 10:00:00,-23.33435821533203,-0.027949079871177673,-23.339967727661133,-25.60384750366211,-4.0828471183776855,6.351878643035889,-0.00515156053006649,-23.238222122192383,0.06384030729532242,0.3934905230998993,1.096995874044711,0.1749294033043588,-0.2721459957638811,0.00022071841481130505,2.1664293445908323,1.0635778518604495,1.26479279780157,0.8409543445781956,10330,10280,2,Box 3,mid_3aer-mid
2017-07-15 10:00:00,-21.312782287597656,-0.05015788599848747,-21.278209686279297,-22.64492416381836,-7.947336673736572,9.369007110595703,-0.054958779364824295,-21.585834503173828,0.13957208395004272,0.6193388104438782,1.064230673666536,0.3734964603481159,-0.4403100007034103,0.0025828666887585117,1.8092804848118553,1.1096510204458134,1.2040784626333962,0.9220191668165598,10375,10355,3,Box 4,mid_3aer-mid
2017-07-15 10:02:00,-16.0140380859375,-0.0612071193754673,-16.00349998474121,-16.442102432250977,-3.752551317214966,4.15854024887085,0.032612551003694534,-16.035860061645508,0.006118136923760176,0.2123534381389618,1.027406593857175,0.23448315804580025,-0.25985191351895937,-0.0020378383840158887,1.6866221272176751,1.0614656174797845,1.1848244094110971,0.8955747562017391,10390,10363,0,Box 1,mid_3aer-mid
2017-07-15 10:02:00,-19.56573486328125,-0.09522715210914612,-19.527618408203125,-22.0593204498291,-3.341233015060425,5.8734517097473145,-0.000517017615493387,-19.31969451904297,0.037435680627822876,0.24093234539031982,1.129647238086989,0.17110295590043392,-0.3007766702113165,2.647622389351234e-05,1.9392938115028344,1.0514390175871782,1.2158419388361577,0.8647871278428338,10234,10149,1,Box 2,mid_3aer-mid
2017-07-15 10:02:00,-24.01260757446289,-0.1413676142692566,-23.945125579833984,-25.636072158813477,-4.200200080871582,5.90693998336792,-0.015791628509759903,-23.926822662353516,0.0721389576792717,0.4389914274215698,1.0706176080198007,0.17540939972082023,-0.2466865001991471,0.0006594924585262008,2.1102677749444267,1.0630890484907458,1.261773649937262,0.8426646724653655,10375,10328,2,Box 3,mid_3aer-mid
2017-07-15 10:02:00,-21.86815643310547,-0.036209091544151306,-21.847591400146484,-23.668193817138672,-7.639143943786621,9.503293991088867,-0.04354678466916084,-22.119888305664062,0.1344660073518753,0.5373775959014893,1.0833320127159605,0.349656137648477,-0.4349813581651658,0.0019932078007283693,1.842618790881793,1.1036616900280303,1.2069035362736815,0.9148000892474047,10361,10341,3,Box 4,mid_3aer-mid
2017-07-15 10:04:00,-17.981416702270508,-0.011209690943360329,-17.979673385620117,-17.927734375,-4.447415828704834,4.368639945983887,0.02683648280799389,-18.15387725830078,0.022236036136746407,0.3075701892375946,0.9971112151595422,0.24735798904098003,-0.24297660297313672,-0.0014926012273854539,1.7361742095821715,1.0708250172774074,1.2025297048435954,0.8902318840544793,10379,10366,0,Box 1,mid_3aer-mid
2017-07-15 10:04:00,-20.279705047607422,-0.1552116721868515,-20.207679748535156,-22.492605209350586,-3.8234548568725586,6.084661483764648,0.023720569908618927,-20.088497161865234,0.04149914160370827,0.2787210941314697,1.1130722126109973,0.18920799390479576,-0.3011063672409939,-0.0011738392747991933,1.9573353053087126,1.0587408579509743,1.2227717738718207,0.8656488148822146,10267,10185,1,Box 2,mid_3aer-mid
2017-07-15 10:04:00,-24.580108642578125,-0.20597071945667267,-24.432058334350586,-26.519868850708008,-4.214743614196777,6.34462308883667,-0.04206953942775726,-24.545778274536133,0.0753142461180687,0.4254216253757477,1.0854537003795617,0.17250873881445208,-0.2596843382184905,0.0017218990244767807,2.1322299407111744,1.062014461400284,1.2617753985144806,0.8420197068620279,10398,10369,2,Box 3,mid_3aer-mid
2017-07-15 10:04:00,-21.967531204223633,-0.04097903147339821,-21.943042755126953,-24.26504135131836,-7.5787882804870605,9.976134300231934,-0.07534971088171005,-22.087303161621094,0.12863600254058838,0.42424896359443665,1.1058192997119758,0.34538453529434043,-0.4546377120768378,0.0034338770705215627,1.7897816981293773,1.095163543432049,1.1917988040636982,0.9194702978060197,10353,10331,3,Box 4,mid_3aer-mid
2017-07-15 10:06:00,-20.05636215209961,0.0007685545133426785,-20.042776107788086,-19.6027889251709,-5.0955610275268555,4.609767913818359,0.04580643028020859,-20.441478729248047,0.03698481246829033,0.3221937119960785,0.9780475824942096,0.2542343277791767,-0.22999647685890973,-0.002285433414476623,1.7255451249123257,1.0734786006222719,1.2043370729159733,0.8909653032417924,10390,10379,0,Box 1,mid_3aer-mid
2017-07-15 10:06:00,-20.93516731262207,-0.15004445612430573,-20.864253997802734,-23.409976959228516,-4.14574670791626,6.653574466705322,0.03789503499865532,-20.75888442993164,0.05060939863324165,0.3494640588760376,1.1220136468076742,0.19870091042782378,-0.318898291143459,-0.0018162660920389984,2.0038411539490983,1.0634790962373282,1.2293598677676174,0.8647429803949681,10299,10220,1,Box 2,mid_3aer-mid
2017-07-15 10:06:00,-24.91765785217285,-0.14425164461135864,-24.836641311645508,-26.90717887878418,-4.230529308319092,6.303131580352783,-0.0020627130288630724,-24.8535099029541,0.070950448513031,0.34052616357803345,1.083366332300141,0.1703341770694393,-0.2537835605726006,8.305120302026792e-05,2.0650019155927026,1.0586611148516354,1.2499586641615537,0.8469725935330062,10396,10360,2,Box 3,mid_3aer-mid
2017-07-15 10:06:00,-22.36733627319336,-0.0051425970159471035,-22.37388801574707,-25.28742027282715,-7.701765537261963,10.663900375366211,-0.048602186143398285,-22.509666442871094,0.13950836658477783,0.43221500515937805,1.1302202069860372,0.3442300617408401,-0.4766225413730831,0.002172272646205786,1.8692075423385497,1.0999406013472945,1.2025948783362275,0.9150059629534303,10366,10347,3,Box 4,mid_3aer-mid
2017-07-15 10:08:00,-19.938718795776367,-0.03829579055309296,-19.94376564025879,-20.442724227905273,-5.42937707901001,5.882011890411377,0.04632416367530823,-20.432504653930664,0.03242766112089157,0.2555462718009949,1.0250182862627453,0.2722343205029487,-0.29492986754070477,-0.002322739224989212,1.752512921467912,1.0773503544063432,1.2001568558354128,0.8972942800314267,10400,10375,0,Box 1,mid_3aer-mid
2017-07-15 10:08:00,-21.487865447998047,-0.055517058819532394,-21.456789016723633,-24.052806854248047,-4.209112644195557,6.823201656341553,-0.018071215599775314,-21.326549530029297,0.056593652814626694,0.386258989572525,1.1209881725351154,0.19616694644517704,-0.3179973332907457,0.0008422143104532265,2.077387282686145,1.0660606939883952,1.2428420645462879,0.8579174586022976,10348,10261,1,Box 2,mid_3aer-mid
2017-07-15 10:08:00,-25.04840850830078,0.083127960562706,-25.09912109375,-27.83878517150879,-4.469778060913086,7.119627475738525,0.08981609344482422,-24.93977928161621,0.06498979777097702,0.25069460272789,1.1091538046620362,0.17808504163221284,-0.28366039055820086,-0.0035784557360481473,2.1510786104883937,1.0634217591095683,1.2588471313146987,0.8440628750726045,10400,10366,2,Box 3,mid_3aer-mid
2017-07-15 10:08:00,-22.720075607299805,-0.05452410876750946,-22.66981315612793,-24.719043731689453,-8.068399429321289,10.17219066619873,-0.05456260219216347,-22.808317184448242,0.14813141524791718,0.425139844417572,1.0903945941765902,0.3559093683159165,-0.4487108019397988,0.0024068394472920307,1.8207347423787177,1.1027391763240098,1.2010396351528603,0.9185587654673547,10383,10364,3,Box 4,mid_3aer-mid
2017-07-15 10:10:00,-22.216127395629883,-0.013859175145626068,-22.18776512145996,-22.774158477783203,-6.226380348205566,6.800552845001221,0.012221441604197025,-22.635726928710938,0.043437372893095016,0.2991596460342407,1.0264286933238163,0.2806222517915905,-0.3065001261626911,-0.0005508189527156371,1.8931211454551655,1.0911635132261597,1.2303080159188282,0.8868014621286335,10388,10361,0,Box 1,mid_3aer-mid
2017-07-15 10:10:00,-22.34442710876465,-0.08076111227273941,-22.32906150817871,-25.93596839904785,-4.5754570960998535,8.197093963623047,-0.01472865417599678,-22.151288986206055,0.05732354149222374,0.3895193040370941,1.1615341680126579,0.20491041741140043,-0.3671042035311287,0.0006596181070704366,2.1538068157023065,1.070018040442962,1.246300010618361,0.8586804507663082,10348,10302,1,Box 2,mid_3aer-mid
2017-07-15 10:10:00,-25.931461334228516,-0.01462763175368309,-25.912294387817383,-28.75176429748535,-4.5453009605407715,7.406163692474365,-0.021397124975919724,-25.720481872558594,0.06658528000116348,0.2512533962726593,1.1095798795755372,0.17541099017246356,-0.28581662166440036,0.0008257519163996641,2.1598189933957053,1.0627561925446476,1.260270169367498,0.8434375765753664,10396,10368,2,Box 3,mid_3aer-mid
2017-07-15 10:10:00,-23.569091796875,-0.02059352397918701,-23.574827194213867,-25.63561248779297,-8.263164520263672,10.335043907165527,-0.011090937070548534,-23.625633239746094,0.16885770857334137,0.43098384141921997,1.0874147764369024,0.3505079635217922,-0.4383931967845017,0.00047045682580709736,1.8225392004218306,1.1015701927634745,1.2020076201185217,0.9165212693318892,10379,10345,3,Box 4,mid_3aer-mid
2017-07-15 10:12:00,-26.743091583251953,-0.19937361776828766,-26.73663902282715,-26.87554168701172,-7.90264892578125,8.000685691833496,0.040866002440452576,-27.249483108520508,0.0706155076622963,0.44911494851112366,1.0051952634363461,0.29557376728365314,-0.2992405662517317,-0.0015284644682675985,2.0330188977086703,1.1099512225120465,1.2652692047351934,0.8769296876384892,10387,10340,0,Box 1,mid_3aer-mid
2017-07-15 10:12:00,-23.55072784423828,-0.08614614605903625,-23.512910842895508,-25.76234245300293,-4.864725589752197,7.107731819152832,0.006426602136343718,-23.39115333557129,0.06050251051783562,0.4086970090866089,1.0956679699466572,0.20689593947633633,-0.30229058716199153,-0.00027332226100196255,2.0715167754633095,1.0711801409935915,1.2480268712545395,0.8582469646765208,10351,10288,1,Box 2,mid_3aer-mid
2017-07-15 10:12:00,-26.433534622192383,0.03377240523695946,-26.46578025817871,-28.99818992614746,-4.642516136169434,7.159387111663818,0.015538126230239868,-26.123594284057617,0.07335823029279709,0.2395060807466507,1.0956861488194098,0.17541581420850763,-0.2705148604273955,-0.0005871026005219715,2.1366060949705266,1.0626589660611911,1.2598240289171108,0.8433835601846009,10397,10368,2,Box 3,mid_3aer-mid
2017-07-15 10:12:00,-24.12879180908203,-0.0010436768643558025,-24.112438201904297,-25.700183868408203,-8.196497917175293,9.854460716247559,-0.07021735608577728,-24.311767578125,0.17814688384532928,0.37400346994400024,1.0658475555748044,0.3399282104815308,-0.4086878464269669,0.002912080370631731,1.8193449689229908,1.1001376888829428,1.2058294187770269,0.9128467610571361,10362,10316,3,Box 4,mid_3aer-mid
2017-07-15 10:14:00,-28.846094131469727,-0.18596042692661285,-28.819194793701172,-27.017515182495117,-9.041736602783203,7.174029350280762,0.0660255178809166,-29.55059242248535,0.09370910376310349,0.641960620880127,0.9374832792625128,0.3137400841497238,-0.2489323378496498,-0.002291025562586868,1.9823796745278186,1.1213174460746644,1.2754643234821632,0.8786545758582955,10382,10324,0,Box 1,mid_3aer-mid
2017-07-15 10:14:00,-24.6047306060791,-0.1146986335515976,-24.575162887573242,-27.5489559173584,-5.22414493560791,8.144134521484375,0.05380461364984512,-24.466588973999023,0.061040572822093964,0.42083990573883057,1.1210081150908746,0.2125782309165869,-0.3313969557958024,-0.0021893902116590924,2.132303146273345,1.0744347038126139,1.2525171907599477,0.8573975644419619,10325,10277,1,Box 2,mid_3aer-mid
2017-07-15 10:14:00,-26.35053253173828,-0.07832921296358109,-26.325960159301758,-29.0805721282959,-4.474096298217773,7.229362964630127,-0.0006625205278396606,-26.021297454833984,0.07467883080244064,0.23634043335914612,1.1046344984903373,0.16994996851128477,-0.27460963305249925,2.516605087715673e-05,2.095416150330582,1.0585563958354318,1.2501041031460751,0.8467793521198358,10394,10370,2,Box 3,mid_3aer-mid
2017-07-15 10:14:00,-24.625850677490234,0.015504278242588043,-24.642478942871094,-25.65913963317871,-8.501287460327148,9.509597778320312,0.008350128307938576,-24.947397232055664,0.19172249734401703,0.3282482624053955,1.0412563963516246,0.3449850988383814,-0.385902644181306,-0.00033885100870001406,1.8143055317694923,1.1037163491332094,1.2100963621328882,0.9120306985898473,10362,10337,3,Box 4,mid_3aer-mid
2017-07-15 10:16:00,-30.266845703125,-0.05137833580374718,-30.229463577270508,-29.395784378051758,-9.67458438873291,8.808595657348633,0.032311175018548965,-31.084009170532227,0.10814320296049118,0.7026113867759705,0.9724216648084203,0.3200382905462786,-0.29139109160926313,-0.0010688637454357441,2.0451806218893713,1.1249499071508944,1.2779525289480034,0.8800444587690346,10379,10349,0,Box 1,mid_3aer-mid
2017-07-15 10:16:00,-25.722917556762695,-0.18545357882976532,-25.671804428100586,-28.33454132080078,-5.6251702308654785,8.23935604095459,0.04855213686823845,-25.60843276977539,0.06431864202022552,0.45440706610679626,1.1037222364633206,0.21911862937999155,-0.320949602879563,-0.0018912629637491407,2.150466218077542,1.0789674591813367,1.2601656282887106,0.8558364557434267,10312,10253,1,Box 2,mid_3aer-mid
2017-07-15 10:16:00,-26.0345516204834,-0.061780285090208054,-26.013776779174805,-28.544313430786133,-4.545356273651123,7.070547103881836,0.005346990190446377,-25.69357681274414,0.07100216299295425,0.18460620939731598,1.0972768404808688,0.17472880493801674,-0.27180010089782924,-0.00020554452105631116,2.0907675445505816,1.0604800826174885,1.2511322885409693,0.8475772355846298,10384,10344,2,Box 3,mid_3aer-mid
2017-07-15 10:16:00,-25.57109832763672,-0.014171894639730453,-25.549142837524414,-25.141460418701172,-8.892744064331055,8.507218360900879,-0.022161364555358887,-26.06180763244629,0.2055342048406601,0.3738960921764374,0.98404305311203,0.34806425037207006,-0.3329747049418414,0.0008674014577413347,1.9205744021088385,1.122343977764289,1.247409527556874,0.8999123297810824,10372,10355,3,Box 4,mid_3aer-mid
2017-07-15 10:18:00,-31.098737716674805,-0.22599166631698608,-31.032087326049805,-29.18435287475586,-10.138985633850098,8.267594337463379,0.023659592494368553,-31.991512298583984,0.11052346974611282,0.7785842418670654,0.9404574115709782,0.32672585600716864,-0.2664208440265311,-0.0007624235516157096,2.0634993642932518,1.134092831919283,1.2927292098375762,0.8771139685816546,10375,10342,0,Box 1,mid_3aer-mid
2017-07-15 10:18:00,-26.139848709106445,-0.11404421180486679,-26.078832626342773,-28.572175979614258,-5.9087653160095215,8.340876579284668,0.06123221665620804,-25.98443031311035,0.06525353342294693,0.42593932151794434,1.0956079772827405,0.22657324338476417,-0.31983325426963777,-0.002347966397866885,2.186690261098759,1.0842620028540368,1.2687574468726284,0.8541082261689156,10321,10256,1,Box 2,mid_3aer-mid
2017-07-15 10:18:00,-26.202104568481445,0.042149972170591354,-26.255603790283203,-28.634798049926758,-4.640109062194824,6.960806369781494,0.05849660187959671,-25.842126846313477,0.06960029900074005,0.13832081854343414,1.0906165746376983,0.1767283415576264,-0.2651169499595933,-0.00222796623573146,2.0948872802565988,1.0617472580020422,1.2535993091117592,0.8465326431617358,10382,10339,2,Box 3,mid_3aer-mid
2017-07-15 10:18:00,-27.430055618286133,-0.05254789814352989,-27.381961822509766,-25.0684757232666,-10.611323356628418,8.383999824523926,-0.08616425096988678,-28.162757873535156,0.22686812281608582,0.5375566482543945,0.9155105197616931,0.387529669376726,-0.30618694104446803,0.0031467519060489613,1.8304031357142772,1.1364940570605342,1.246212524213087,0.9125903291840564,10373,10359,3,Box 4,mid_3aer-mid
2017-07-15 10:20:00,-31.261463165283203,-0.022804711014032364,-31.16999626159668,-30.281639099121094,-10.315438270568848,9.412389755249023,0.014690800569951534,-32.180450439453125,0.11018385738134384,0.7582771182060242,0.9714995970848648,0.3309412653303525,-0.30196955022545563,-0.00047131218976165234,2.0469299356689077,1.129766266427763,1.2786250752748762,0.8834766515136429,10376,10326,0,Box 1,mid_3aer-mid
2017-07-15 10:20:00,-26.879356384277344,-0.1836371123790741,-26.81809425354004,-28.713396072387695,-5.864267826080322,7.797108173370361,-0.03753683343529701,-26.771472930908203,0.06935708224773407,0.4476568102836609,1.070672524778305,0.21866836597880532,-0.29074057389109564,0.0013996831339851967,2.1695654501080734,1.082304530173107,1.2726916629446687,0.8506929945073168,10330,10274,1,Box 2,mid_3aer-mid
2017-07-15 10:20:00,-27.295307159423828,-0.008914925158023834,-27.31003189086914,-30.844327926635742,-4.715579032897949,8.189905166625977,0.05997011065483093,-26.877445220947266,0.07567141205072403,0.10100290179252625,1.1294138595387173,0.17266841716320983,-0.29988637585142414,-0.0021959008505029742,2.2263439132411573,1.0630911672615526,1.2664492785668955,0.8389912591308444,10380,10336,2,Box 3,mid_3aer-mid
2017-07-15 10:20:00,-27.960668563842773,-0.04267154633998871,-27.937707901000977,-25.735633850097656,-10.926173210144043,8.692279815673828,0.03181934356689453,-28.814334869384766,0.23443558812141418,0.5794599652290344,0.9211791354376406,0.3910905081772067,-0.31113070464917514,-0.0011389389656721871,1.8426849089083783,1.1385423528007284,1.2475409691719939,0.9123993628488476,10372,10356,3,Box 4,mid_3aer-mid
2017-07-15 10:22:00,-30.565950393676758,-0.03064640425145626,-30.521757125854492,-28.779008865356445,-10.301545143127441,8.534554481506348,0.02424202673137188,-31.428638458251953,0.09362757951021194,0.6055025458335876,0.9429014403616461,0.33751480031196834,-0.2796219867305689,-0.0007942539430455531,1.949487074853873,1.126909377850974,1.2661707648992309,0.8898469298641658,10389,10336,0,Box 1,mid_3aer-mid
2017-07-15 10:22:00,-27.252717971801758,-0.12312077730894089,-27.178375244140625,-29.635883331298828,-5.981987953186035,8.404297828674316,0.03519492968916893,-27.14221954345703,0.06390854716300964,0.405123770236969,1.0904212836055314,0.22010100610974412,-0.3092273290694004,-0.0012949606458750873,2.2078063034102535,1.083213782469028,1.2739318678698233,0.850025227690508,10339,10295,1,Box 2,mid_3aer-mid
2017-07-15 10:22:00,-30.32209587097168,-0.0383714959025383,-30.270000457763672,-33.290016174316406,-6.038270950317383,9.060562133789062,-0.0022773421369493008,-29.873422622680664,0.10376131534576416,0.14960868656635284,1.0997692116534092,0.19948036347093873,-0.2993248094149462,7.523429059824727e-05,2.27297098021279,1.0773087438347355,1.2825710449299705,0.8399760146362373,10378,10326,2,Box 3,mid_3aer-mid
2017-07-15 10:22:00,-28.003498077392578,-0.047671444714069366,-27.984102249145508,-23.844236373901367,-11.21135425567627,7.164096355438232,-0.0926089882850647,-28.938112258911133,0.2381717413663864,0.48413601517677307,0.8520636272745952,0.4006330096277318,-0.25600597953406073,0.0033093426317337693,1.7273791005182566,1.1371266058918246,1.2384193704684887,0.9188580318171908,10363,10338,3,Box 4,mid_3aer-mid
2017-07-15 10:24:00,-30.489791870117188,-0.1129290983080864,-30.480188369750977,-28.28689193725586,-10.08194637298584,7.9411234855651855,-0.05247310549020767,-31.482467651367188,0.09748554229736328,0.6505383253097534,0.9280419267283714,0.33077047628077183,-0.2605339509555125,0.0017215479463693062,1.9618072076873214,1.1275970542450666,1.2738434478258203,0.885561724663193,10384,10314,0,Box 1,mid_3aer-mid
2017-07-15 10:24:00,-27.629426956176758,-0.09655357152223587,-27.593181610107422,-30.135568618774414,-6.125377178192139,8.670243263244629,-0.0024816414806991816,-27.52726173400879,0.06299063563346863,0.3992442488670349,1.0921381733936795,0.22198876030074194,-0.3142168704585405,8.9936764119114e-05,2.206058091587085,1.0837320290284542,1.2731392489104219,0.8512466858462197,10334,10279,1,Box 2,mid_3aer-mid
2017-07-15 10:24:00,-31.803775787353516,-0.1687704473733902,-31.67321014404297,-33.41727066040039,-7.054640293121338,8.740752220153809,0.05794756859540939,-31.35160255432129,0.12460733950138092,0.22360387444496155,1.0550641961096672,0.22273210890760992,-0.2759667594966637,-0.0018295455206133737,2.250683745519505,1.0894019241879536,1.292138350965459,0.8427048171343113,10376,10329,2,Box 3,mid_3aer-mid
2017-07-15 10:24:00,-26.841089248657227,-0.099526546895504,-26.810508728027344,-22.860107421875,-10.826031684875488,6.9167704582214355,-0.04114220291376114,-27.9810791015625,0.2448079138994217,0.5131263732910156,0.8526547088618751,0.4037980384257654,-0.2579873022371856,0.001534554949545075,1.7764161836359542,1.1457487067097882,1.251860652774266,0.915552159609641,10371,10339,3,Box 4,mid_3aer-mid
2017-07-15 10:26:00,-30.35586929321289,-0.11090677976608276,-30.326261520385742,-26.823951721191406,-10.896204948425293,7.3856048583984375,0.008283732458949089,-31.45648193359375,0.11167007684707642,0.7866869568824768,0.8845121583021146,0.35929924393646634,-0.24353824848607397,-0.0002731537525069716,1.8839713382138938,1.1372847260777394,1.2695893737421848,0.8957310143072847,10391,10314,0,Box 1,mid_3aer-mid
2017-07-15 10:26:00,-28.369434356689453,0.017207346856594086,-28.343252182006836,-29.5478572845459,-6.4908766746521,7.709477424621582,-0.013995176181197166,-28.237083435058594,0.0671602115035057,0.41070473194122314,1.0425006024058185,0.2290096052022498,-0.27200398221951666,0.0004937746114483388,2.19007642601813,1.0899207358036338,1.2848718541180697,0.8483769327710697,10347,10279,1,Box 2,mid_3aer-mid
2017-07-15 10:26:00,-33.65092468261719,-0.0678696557879448,-33.599300384521484,-33.680137634277344,-8.419950485229492,8.455342292785645,0.045450471341609955,-33.438758850097656,0.13945060968399048,0.32757025957107544,1.002406035534531,0.2505990286569702,-0.25165234317796403,-0.0013527210135371726,2.295834949036606,1.1094740181719367,1.3183319287199675,0.8412595471072309,10374,10347,2,Box 3,mid_3aer-mid
2017-07-15 10:26:00,-31.558753967285156,-0.02573801577091217,-31.521865844726562,-28.339130401611328,-12.43630599975586,9.260968208312988,-0.007394501008093357,-32.75189208984375,0.2849276661872864,0.6895791888237,0.8990309465024536,0.39452952881349646,-0.2937950585693154,0.00023458325336533914,1.918340917828136,1.1536641209351952,1.2732106966545864,0.9061575545580138,10379,10356,3,Box 4,mid_3aer-mid
2017-07-15 10:28:00,-29.199045181274414,-0.21451111137866974,-29.040163040161133,-24.60952377319336,-10.708061218261719,6.249512672424316,0.02791224792599678,-30.5148983001709,0.12473217397928238,0.9523943662643433,0.8474307212809806,0.36873285119480104,-0.21520241226477574,-0.0009611602110059236,1.9075073020826787,1.1508481639464636,1.2891997465890224,0.8924662104154065,10381,10304,0,Box 1,mid_3aer-mid
2017-07-15 10:28:00,-28.951416015625,-0.1248730793595314,-28.862470626831055,-29.63385009765625,-6.649801731109619,7.4443206787109375,-0.023144572973251343,-28.846403121948242,0.07363272458314896,0.39021825790405273,1.0267258704600861,0.23039611714454086,-0.2579238790813857,0.0008018914767586871,2.163759049147135,1.0904612756461998,1.2847770845043238,0.8489258023514327,10321,10251,1,Box 2,mid_3aer-mid
2017-07-15 10:28:00,-34.64250564575195,-0.05809912085533142,-34.57966232299805,-33.891029357910156,-9.095742225646973,8.393181800842285,0.01393022108823061,-34.565834045410156,0.15603892505168915,0.40502744913101196,0.9800857184702021,0.2630373456453773,-0.24272021975064398,-0.00040284436493540077,2.3058235332319708,1.1186339328385535,1.3286158632847518,0.8418580031879936,10376,10346,2,Box 3,mid_3aer-mid
2017-07-15 10:28:00,-27.73169708251953,-0.03894366696476936,-27.68417739868164,-21.99454689025879,-11.390495300292969,5.716436862945557,-0.015573840588331223,-28.847734451293945,0.23880666494369507,0.5768393278121948,0.7944807788669965,0.41144420205709864,-0.20648753475197856,0.0005625538278833941,1.7045304398266379,1.1480783247674822,1.2507553773163884,0.9180235107760022,10383,10358,3,Box 4,mid_3aer-mid
2017-07-15 10:30:00,-32.326255798339844,-0.08092816174030304,-32.22914123535156,-28.086252212524414,-11.427303314208984,7.339573860168457,-0.05515962094068527,-33.70983123779297,0.14293555915355682,1.0456165075302124,0.8714551704330026,0.3545643403018732,-0.22773099354557788,0.0017114828107020752,2.0263161392378275,1.154500608315464,1.310135197759788,0.8816147267630162,10386,10315,0,Box 1,mid_3aer-mid
2017-07-15 10:30:00,-29.85988426208496,-0.10123421996831894,-29.790058135986328,-30.688188552856445,-7.274311065673828,8.183022499084473,-0.010579577647149563,-29.82992172241211,0.08300501853227615,0.4303668439388275,1.0301487291073403,0.24418584716058273,-0.27468971413424925,0.00035513786632618283,2.226568851846299,1.0995164506257853,1.2956489841098748,0.8487002325777531,10292,10215,1,Box 2,mid_3aer-mid
2017-07-15 10:30:00,-35.856117248535156,-0.07718314975500107,-35.827030181884766,-34.565345764160156,-9.366454124450684,8.164164543151855,-0.05939657241106033,-35.81685256958008,0.16441139578819275,0.3961206376552582,0.9647839690265319,0.2614354110866208,-0.227877250454531,0.0016578703413783757,2.3168923176035947,1.120574570864781,1.336826818667011,0.8386381785329117,10369,10342,2,Box 3,mid_3aer-mid
2017-07-15 10:30:00,-29.769662857055664,-0.056196510791778564,-29.739099502563477,-28.492176055908203,-11.445952415466309,10.243099212646484,-0.04407306760549545,-30.72467803955078,0.241122305393219,0.5943434834480286,0.958071162915669,0.38487884751002965,-0.34443200069944957,0.001481990273750955,1.9756679312070522,1.1465618570685416,1.2673167427956051,0.9050337860471878,10384,10360,3,Box 4,mid_3aer-mid
2017-07-15 10:32:00,-33.847164154052734,-0.17820212244987488,-33.83207321166992,-29.308616638183594,-11.943976402282715,7.300741195678711,0.11978065967559814,-35.2777214050293,0.15737278759479523,1.1535720825195312,0.8662968325997368,0.3530371247614426,-0.21579351042316197,-0.0035404469380174164,2.1370695778783144,1.1673593911518352,1.3393913410635936,0.8706583817134609,10389,10323,0,Box 1,mid_3aer-mid
2017-07-15 10:32:00,-30.210527420043945,-0.1651269793510437,-30.14047622680664,-30.26923179626465,-7.49552583694458,7.622860908508301,0.0014175605028867722,-30.220108032226562,0.0888388603925705,0.45035868883132935,1.0042717390728273,0.24868638065780088,-0.25291108794236516,-4.703178826304111e-05,2.242415936556099,1.1051562218356723,1.3073989302408895,0.8452984504874527,10302,10211,1,Box 2,mid_3aer-mid
2017-07-15 10:32:00,-36.79253387451172,-0.10805635899305344,-36.73393630981445,-36.116554260253906,-9.81889533996582,9.228819847106934,-0.027309376746416092,-36.91163635253906,0.17608186602592468,0.36768773198127747,0.983193060161223,0.2672976542099454,-0.25123415157076256,0.000743437199594188,2.3862360268188887,1.1254958196532947,1.3429403024941986,0.8382670217363153,10370,10329,2,Box 3,mid_3aer-mid
2017-07-15 10:32:00,-33.91751480102539,-0.0742337703704834,-33.868499755859375,-33.904659271240234,-12.797696113586426,12.851974487304688,-0.018115011975169182,-34.89395523071289,0.26801586151123047,0.7838742136955261,1.0010676961657088,0.3778643150231523,-0.37946687433766946,0.0005348631488083511,2.179009344006755,1.1583501482570242,1.2960828777188564,0.8938555240209524,10388,10363,3,Box 4,mid_3aer-mid
2017-07-15 10:34:00,-36.67000198364258,-0.270725280046463,-36.4213981628418,-30.121496200561523,-13.558168411254883,7.194558143615723,0.0637071281671524,-38.57951736450195,0.18342837691307068,1.5188044309616089,0.8270274380575829,0.37225831109393276,-0.19753658169704807,-0.0017491674544676261,2.1006906636940474,1.1818168460951521,1.3487393148070865,0.8757797384312338,10388,10291,0,Box 1,mid_3aer-mid
2017-07-15 10:34:00,-30.520389556884766,-0.18605396151542664,-30.40253448486328,-30.681488037109375,-7.419547080993652,7.668481826782227,0.03001481294631958,-30.521621704101562,0.09057032316923141,0.4671750068664551,1.0091752139191768,0.2440436599130944,-0.25223162689208956,-0.0009872469401815964,2.260404884346501,1.103635138537533,1.3091478078028376,0.8427938152791526,10312,10222,1,Box 2,mid_3aer-mid
2017-07-15 10:34:00,-38.63340759277344,-0.14914526045322418,-38.51313781738281,-36.775264739990234,-10.196394920349121,8.516228675842285,-0.057702966034412384,-38.79310989379883,0.18009081482887268,0.3743889331817627,0.954875946168848,0.26475107428086975,-0.22112528759707953,0.0014982671473618148,2.3844595152080728,1.1280231118353903,1.3543825668171945,0.8332475140075013,10390,10352,2,Box 3,mid_3aer-mid
2017-07-15 10:34:00,-34.264381408691406,-0.05555535852909088,-34.24462127685547,-30.129684448242188,-13.24286937713623,9.208837509155273,-0.08090483397245407,-35.37733459472656,0.26497766375541687,0.8147990703582764,0.8798369705298059,0.3867138640047798,-0.26891339032102785,0.002362555786442122,1.912648059377213,1.1531701420582818,1.2784970074340498,0.9024969799790367,10393,10371,3,Box 4,mid_3aer-mid
2017-07-15 10:36:00,-33.76762771606445,-0.264472633600235,-33.468685150146484,-28.267391204833984,-13.017333984375,7.809306621551514,0.006730719935148954,-35.57844543457031,0.18098028004169464,1.3928793668746948,0.844592182727797,0.3889406543616098,-0.2333317321032504,-0.00020110498615641403,2.0430810804797033,1.1788114718236071,1.3257441945273962,0.8891192075111146,10388,10291,0,Box 1,mid_3aer-mid
2017-07-15 10:36:00,-31.006301879882812,-0.1587042361497879,-30.86646842956543,-31.471410751342773,-7.605679988861084,8.230585098266602,-0.019957929849624634,-30.924976348876953,0.09523434191942215,0.46710216999053955,1.0195988236696283,0.24640595705426274,-0.2666513702888827,0.0006465895649916953,2.287776107342056,1.1051714220066604,1.3106949112508595,0.8433425412068853,10310,10250,1,Box 2,mid_3aer-mid
2017-07-15 10:36:00,-40.51974105834961,-0.08909644931554794,-40.439735412597656,-37.74900436401367,-10.901087760925293,8.282485961914062,-0.07212784886360168,-40.84034729003906,0.18779915571212769,0.35821568965911865,0.9334632222030183,0.26956378182972757,-0.20481059247872052,0.0017835884459747042,2.4279339629137886,1.136642773737386,1.3726678185124714,0.8285217301066369,10401,10352,2,Box 3,mid_3aer-mid
2017-07-15 10:36:00,-31.933874130249023,-0.02345658652484417,-31.911691665649414,-27.24124526977539,-12.403882026672363,7.766342639923096,-0.032909128814935684,-33.34067916870117,0.2502015233039856,0.82099848985672,0.8536446471519602,0.38869393486381815,-0.24336983815545413,0.0010312561396757791,1.8924291186891753,1.1562940952886176,1.2828365543925875,0.9015888530383638,10395,10378,3,Box 4,mid_3aer-mid
2017-07-15 10:38:00,-34.783363342285156,-0.24341991543769836,-34.55508041381836,-30.059370040893555,-13.125511169433594,8.549931526184082,0.0798729956150055,-36.660804748535156,0.17451483011245728,1.286925196647644,0.8698973146531976,0.3798432390196519,-0.24742908455852639,-0.0023114691143231447,2.1623914957550436,1.1833821999311522,1.3438242553581967,0.8800065348110858,10363,10270,0,Box 1,mid_3aer-mid
2017-07-15 10:38:00,-31.064382553100586,-0.07081625610589981,-30.997102737426758,-31.557043075561523,-7.756258010864258,8.26035213470459,0.05585002526640892,-30.971776962280273,0.09427618235349655,0.487504780292511,1.0180644225884863,0.250225270067547,-0.26648791045715975,-0.0018017821988735583,2.2750171010782245,1.1062945977539063,1.3088306490330222,0.8448444136731488,10342,10278,1,Box 2,mid_3aer-mid
2017-07-15 10:38:00,-42.42509460449219,0.015270747244358063,-42.44200897216797,-40.37793731689453,-11.958378791809082,9.863353729248047,0.03095518797636032,-42.930118560791016,0.1998261660337448,0.3725428879261017,0.9513672660346452,0.2817580621125015,-0.2323959756678609,-0.0007293524792857387,2.5742924015356774,1.1502982591755362,1.3927828210860493,0.8256996858801552,10392,10359,2,Box 3,mid_3aer-mid
2017-07-15 10:38:00,-32.1861457824707,-0.05708721652626991,-32.14651107788086,-31.12431526184082,-12.238603591918945,11.292820930480957,-0.07641641050577164,-33.65781784057617,0.2585814893245697,0.8543271422386169,0.9682019183741498,0.38071321491075216,-0.35129226228356647,0.0023771289986644906,2.128327380457915,1.1600991367664089,1.2969921114837173,0.8950065952205376,10395,10378,3,Box 4,mid_3aer-mid
2017-07-15 10:40:00,-37.22774124145508,-0.3149283826351166,-36.750244140625,-31.859256744384766,-14.40981674194336,9.561564445495605,-0.04273899272084236,-39.269432067871094,0.18543469905853271,1.3267405033111572,0.8669127116286878,0.39210121864189895,-0.2601768884235542,0.0011629581529674637,2.0480575865183868,1.1760056808443746,1.317385866400655,0.8929674758696907,10357,10224,0,Box 1,mid_3aer-mid
2017-07-15 10:40:00,-31.011762619018555,-0.0350409671664238,-30.986452102661133,-31.894668579101562,-7.189077854156494,7.998584270477295,0.09871246665716171,-30.896604537963867,0.08693374693393707,0.43589913845062256,1.029310207003435,0.2320071399540619,-0.25813168137820935,-0.003185665579287511,2.227492333525936,1.0944577285769377,1.296096435613965,0.8437287565941007,10364,10312,1,Box 2,mid_3aer-mid
2017-07-15 10:40:00,-44.21476745605469,-0.06711632013320923,-44.184085845947266,-41.576168060302734,-13.220659255981445,10.60033893585205,0.012393923476338387,-44.8491096496582,0.20840595662593842,0.42202210426330566,0.9409759766039136,0.2992175723038703,-0.23991304239366723,-0.00028050651411670735,2.6000962543653325,1.164073757467761,1.4028354680771098,0.8297218456241099,10379,10333,2,Box 3,mid_3aer-mid
2017-07-15 10:40:00,-35.83436965942383,-0.03655904531478882,-35.815528869628906,-33.780521392822266,-14.038554191589355,12.028962135314941,-0.02541569620370865,-37.42959213256836,0.2960229814052582,0.9819671511650085,0.9431809318874446,0.3919683300307377,-0.335858889706488,0.000709627788305689,2.109366866768901,1.1677658615305275,1.3018468393120386,0.8971750277597204,10394,10378,3,Box 4,mid_3aer-mid
2017-07-15 10:42:00,-36.198028564453125,-0.25296661257743835,-36.05109786987305,-31.538278579711914,-14.38564395904541,9.778020858764648,0.09480307996273041,-38.16593551635742,0.1696157604455948,1.039183259010315,0.8748215787978227,0.3990348262586982,-0.2712267188884122,-0.0026296861681087136,2.0176747249643383,1.1736167708747145,1.306644541394288,0.8975597950862003,10354,10243,0,Box 1,mid_3aer-mid
2017-07-15 10:42:00,-31.10866928100586,-0.025486581027507782,-31.064929962158203,-32.3560905456543,-6.891330718994141,8.189197540283203,-0.006700045429170132,-30.96599578857422,0.07966172695159912,0.3425097167491913,1.0415634932847226,0.22183640045023398,-0.26361557251747453,0.00021567878251788075,2.201552022026409,1.0876718742138676,1.287312921438253,0.8449624830913114,10381,10352,1,Box 2,mid_3aer-mid
2017-07-15 10:42:00,-45.290042877197266,-0.1511855572462082,-45.160274505615234,-40.45751953125,-13.881335258483887,9.193760871887207,-0.015175524167716503,-46.06856155395508,0.21965353190898895,0.4885871410369873,0.8958653529490077,0.3073793300394581,-0.20358072003362224,0.00033603704515641764,2.543454301893535,1.1736869358418083,1.415304955808507,0.8293788082156045,10369,10292,2,Box 3,mid_3aer-mid
2017-07-15 10:42:00,-36.302005767822266,-0.04996751993894577,-36.25371170043945,-33.035255432128906,-14.55246639251709,11.424220085144043,-0.09020978212356567,-37.66608810424805,0.2890689969062805,0.9263395667076111,0.9112240737284971,0.401406284106313,-0.3151186488681537,0.0024882910333435815,2.0028865920898524,1.1653109102904036,1.2892834305619452,0.9044154864381073,10392,10382,3,Box 4,mid_3aer-mid
2017-07-15 10:44:00,-35.61259841918945,-0.06419070810079575,-35.49647521972656,-29.697303771972656,-14.644838333129883,8.863515853881836,-0.017846116796135902,-37.669151306152344,0.1781674474477768,1.0975275039672852,0.8366268905173417,0.4125716616937121,-0.24970130964337994,0.0005027574323260842,2.080622914341001,1.1979990156272735,1.3389868037334842,0.8948369359318863,10340,10249,0,Box 1,mid_3aer-mid
2017-07-15 10:44:00,-31.062896728515625,0.07650747150182724,-31.082799911499023,-31.802494049072266,-7.081761837005615,7.760704517364502,0.04075251519680023,-30.87842559814453,0.07376999408006668,0.24749866127967834,1.023154166211889,0.2278354080098098,-0.24967847869014237,-0.0013110955315565054,2.1602524884592067,1.0895411584426322,1.285222160298253,0.8474665292432041,10393,10361,1,Box 2,mid_3aer-mid
2017-07-15 10:44:00,-46.416011810302734,-0.1614980697631836,-46.261165618896484,-43.37350845336914,-14.27168083190918,11.427054405212402,-0.043029509484767914,-47.21000289916992,0.2250404953956604,0.5281714200973511,0.9375792291000009,0.3085024320425168,-0.2470118043131263,0.0009301431706085772,2.7175218884585726,1.1787737765204762,1.4267884834505928,0.8264459335682547,10365,10292,2,Box 3,mid_3aer-mid
2017-07-15 10:44:00,-34.56624984741211,-0.05490110069513321,-34.549041748046875,-31.94841194152832,-13.807672500610352,11.220032691955566,-0.012987945228815079,-35.65093994140625,0.25771185755729675,0.7181897759437561,0.9247264460686219,0.3996543352410134,-0.3247567091334467,0.0003759278238114061,1.9682754625961638,1.1575772449050128,1.2764630371664638,0.9069463328918356,10396,10373,3,Box 4,mid_3aer-mid
2017-07-15 10:46:00,-37.72826385498047,-0.17269407212734222,-37.57852554321289,-29.93947410583496,-16.213666915893555,8.54517650604248,0.029438413679599762,-40.095333099365234,0.20989318192005157,1.4392942190170288,0.7967175723277474,0.4314609822876588,-0.2273951707043932,-0.0007833839110130136,2.0987022542435776,1.222294757405641,1.363637239368295,0.896131152893915,10352,10259,0,Box 1,mid_3aer-mid
2017-07-15 10:46:00,-32.166107177734375,-0.07768724858760834,-32.115196228027344,-32.0726203918457,-7.9009904861450195,7.841277122497559,0.01713860034942627,-32.10085678100586,0.08295133709907532,0.31358104944229126,0.998674297458433,0.246020294520164,-0.24416093185405008,-0.0005336601245468642,2.191931383217364,1.1014906829473248,1.2994506675857131,0.8475402308293728,10390,10351,1,Box 2,mid_3aer-mid
2017-07-15 10:46:00,-46.73612976074219,-0.08273601531982422,-46.658721923828125,-41.698421478271484,-14.545249938964844,9.647250175476074,-0.0623001754283905,-47.55381774902344,0.22531838715076447,0.4328486919403076,0.8936896994307001,0.3117370427745792,-0.20676197304319627,0.0013352308379169786,2.544755377056837,1.1769249556099004,1.4167724616703423,0.8310950307612084,10367,10301,2,Box 3,mid_3aer-mid
2017-07-15 10:46:00,-37.83767318725586,-0.004512185230851173,-37.84271240234375,-38.11345291137695,-14.015922546386719,14.279095649719238,0.00756792351603508,-38.879295349121094,0.28553506731987,0.7149425745010376,1.0071543371528977,0.3703730708958533,-0.3773274244181538,-0.00019998363059720026,2.2399049664046906,1.1598373400704536,1.3059119932315937,0.8880961659766005,10393,10379,3,Box 4,mid_3aer-mid
2017-07-15 10:48:00,-38.00632858276367,-0.12734822928905487,-37.887210845947266,-31.21095848083496,-16.268024444580078,9.519678115844727,0.07209181040525436,-40.53240203857422,0.21305546164512634,1.4466675519943237,0.8237860768562731,0.42938033666312225,-0.25126361317438856,-0.0019028003450068387,2.0719300775442693,1.2090709113411235,1.342816557884151,0.8998942871585534,10371,10301,0,Box 1,mid_3aer-mid
2017-07-15 10:48:00,-33.59232711791992,-0.18947190046310425,-33.48371887207031,-32.71019744873047,-8.724123001098633,7.958613395690918,-0.008007559925317764,-33.66188430786133,0.096054308116436,0.3865293264389038,0.976898727013507,0.260548220893629,-0.2376860957857446,0.00023914787860859765,2.214019626692395,1.111812613956166,1.31153954211786,0.8477706464480373,10381,10327,1,Box 2,mid_3aer-mid
2017-07-15 10:48:00,-47.49237060546875,-0.11440873891115189,-47.379486083984375,-42.339019775390625,-14.936751365661621,9.942357063293457,-0.04607273265719414,-48.2405891418457,0.22851593792438507,0.40753883123397827,0.8936150231286925,0.31525777674286637,-0.20984521942486606,0.0009724195533072355,2.489276714730328,1.174532883105749,1.405212201463467,0.8361167718441341,10355,10283,2,Box 3,mid_3aer-mid
2017-07-15 10:48:00,-41.59855651855469,-0.03077002614736557,-41.5800666809082,-43.05768966674805,-15.646382331848145,17.171934127807617,-0.04793604090809822,-42.69760513305664,0.3103243112564087,0.8496084213256836,1.0355366624698117,0.3762952311803822,-0.41298475460924544,0.0011528609590515382,2.3627822794767748,1.1690893356692638,1.318872936221843,0.8867134984202724,10397,10386,3,Box 4,mid_3aer-mid
2017-07-15 10:50:00,-39.27919387817383,-0.14595746994018555,-39.170833587646484,-33.075836181640625,-18.080047607421875,11.856690406799316,0.12836076319217682,-41.7747688293457,0.21463719010353088,1.3790184259414673,0.8443996761170207,0.461569130742211,-0.30269185914552266,-0.0032769477137090663,2.1703708514046673,1.2358870080846787,1.3578424785802683,0.9092724557938633,10380,10293,0,Box 1,mid_3aer-mid
2017-07-15 10:50:00,-35.07003402709961,-0.12934830784797668,-34.99761962890625,-33.10517501831055,-9.62793254852295,7.697701930999756,0.03778992220759392,-35.32429122924805,0.102277010679245,0.4340554177761078,0.9459265581735852,0.27510251115078066,-0.2199492837790068,-0.0010797855453590355,2.2077770894002176,1.122059818927139,1.3219217644796986,0.8485537973645302,10351,10294,1,Box 2,mid_3aer-mid
2017-07-15 10:50:00,-47.05202865600586,-0.023931046947836876,-47.01097869873047,-42.338172912597656,-15.132898330688477,10.427184104919434,0.03291071951389313,-47.76134490966797,0.2234109491109848,0.3663290739059448,0.9006018516867494,0.32190139566698445,-0.221803182805321,-0.0007000645484128987,2.523692271436523,1.1799124215060106,1.4086492276138824,0.8374188646957396,10334,10280,2,Box 3,mid_3aer-mid
2017-07-15 10:50:00,-42.103946685791016,-0.027640325948596,-42.076759338378906,-45.10594940185547,-16.097759246826172,19.150707244873047,-0.02376018464565277,-43.34363555908203,0.2866177558898926,0.777498722076416,1.0719919492260437,0.38258069369341163,-0.45513732950877994,0.0005646865893246256,2.4825328425226743,1.1761604616743762,1.3267578223383416,0.8866337479720156,10400,10395,3,Box 4,mid_3aer-mid
2017-07-15 10:52:00,-39.65089416503906,-0.3752898573875427,-39.43843078613281,-31.950225830078125,-18.778030395507812,11.399566650390625,-0.10974353551864624,-42.261409759521484,0.21969527006149292,1.532615303993225,0.8101292165731601,0.47613531966305306,-0.28904719129222955,0.0027826550560164365,2.0358999903674726,1.232345105518449,1.3398000733808069,0.9205467642714372,10390,10263,0,Box 1,mid_3aer-mid
2017-07-15 10:52:00,-36.09838104248047,-0.16694533824920654,-35.96246337890625,-34.08650207519531,-10.11358642578125,8.211274147033691,0.026346396654844284,-36.43080139160156,0.11291175335645676,0.42345404624938965,0.9478354433771558,0.2812261952362111,-0.2283290304238148,-0.0007326081895520642,2.2518143874708016,1.127973367128205,1.330387412835762,0.8476760070400842,10338,10279,1,Box 2,mid_3aer-mid
2017-07-15 10:52:00,-47.19655227661133,-0.1371598243713379,-47.08434295654297,-42.19327926635742,-15.081101417541504,10.20074462890625,-0.010709580034017563,-47.962562561035156,0.22728513181209564,0.3816559910774231,0.8961211523108636,0.32029972021070835,-0.21664832775836382,0.00022745523679182367,2.486559273844265,1.1767907659395032,1.4033056750658515,0.8386494006290424,10347,10272,2,Box 3,mid_3aer-mid
2017-07-15 10:52:00,-42.769832611083984,-0.013353565707802773,-42.764381408691406,-41.95050048828125,-17.402441024780273,16.6015625,-0.013006007298827171,-44.32005310058594,0.2835141122341156,0.7690703272819519,0.9809682032293477,0.4069377124351981,-0.38821004743938237,0.00030413177483651355,2.15628617239891,1.1727789630377854,1.29835528157848,0.9033521962333774,10403,10399,3,Box 4,mid_3aer-mid
2017-07-15 10:54:00,-38.729068756103516,-0.3482950031757355,-38.448875427246094,-30.586055755615234,-18.109773635864258,10.337335586547852,-0.09037946164608002,-41.31410217285156,0.21741867065429688,1.5159529447555542,0.7954993648674274,0.4710092243589577,-0.2688592291646643,0.0023506399382791643,1.9827559286012735,1.2246315726121921,1.3321801431796731,0.9198887309675224,10388,10294,0,Box 1,mid_3aer-mid
2017-07-15 10:54:00,-36.81498718261719,-0.14995922148227692,-36.7286262512207,-34.23569869995117,-10.440959930419922,7.964234352111816,-0.016199542209506035,-37.25223159790039,0.1183326467871666,0.4253996014595032,0.9321258043545049,0.28427311474241135,-0.21683997949543138,0.00044106039851515844,2.266636396494186,1.1328982838240012,1.339943586444956,0.8455912053568384,10334,10281,1,Box 2,mid_3aer-mid
2017-07-15 10:54:00,-48.2493782043457,-0.06273286789655685,-48.1980094909668,-43.5218620300293,-15.12604808807373,10.470368385314941,-0.020465046167373657,-48.996002197265625,0.21264787018299103,0.37377914786338806,0.9029805354871924,0.31383140188360387,-0.21723654093775602,0.0004246035669597803,2.578392966502365,1.1789144989200695,1.4185630498456794,0.8311858496557435,10345,10276,2,Box 3,mid_3aer-mid
2017-07-15 10:54:00,-41.4460563659668,-0.027921369299292564,-41.4337158203125,-42.38315963745117,-16.96963882446289,17.92861557006836,-0.009533767588436604,-43.157352447509766,0.27536794543266296,0.7143275737762451,1.022914732087349,0.4095611276508179,-0.43270595660179095,0.0002300968636239631,2.229967989261493,1.1741592768918738,1.2986698245270718,0.9041789247001253,10401,10396,3,Box 4,mid_3aer-mid
2017-07-15 10:56:00,-38.298011779785156,-0.16030053794384003,-38.172401428222656,-31.799875259399414,-16.613994598388672,10.229369163513184,0.012100995518267155,-40.69762420654297,0.20471221208572388,1.3101691007614136,0.8330593994131255,0.43523578507771815,-0.26797817542825625,-0.00031700906258735895,2.0007337523424176,1.19861271359362,1.319821915144986,0.9080825706183702,10391,10296,0,Box 1,mid_3aer-mid
2017-07-15 10:56:00,-37.246097564697266,-0.1774679571390152,-37.09206008911133,-34.53118133544922,-10.767269134521484,8.152026176452637,0.05436567962169647,-37.77665710449219,0.1251032054424286,0.4893805682659149,0.9309588896027099,0.29028499558134696,-0.2197781893140648,-0.0014656958699920675,2.288477115822339,1.1377730191552424,1.3450455861927275,0.8455317844730581,10319,10267,1,Box 2,mid_3aer-mid
2017-07-15 10:56:00,-48.59395980834961,-0.12920407950878143,-48.49213409423828,-43.96303176879883,-15.11310863494873,10.770665168762207,-0.18665939569473267,-49.39301300048828,0.18636056780815125,0.37334010004997253,0.9066012777653888,0.3116610430670167,-0.22211159227760444,0.0038492714451989485,2.6315862871036635,1.1809426525713997,1.4272594029398455,0.8285536202726624,10354,10281,2,Box 3,mid_3aer-mid
2017-07-15 10:56:00,-42.84119415283203,-0.042417753487825394,-42.80931091308594,-43.175750732421875,-17.534515380859375,17.92943000793457,-0.028473766520619392,-44.67240524291992,0.2974449396133423,0.8027393221855164,1.0085598354106202,0.40959581039748455,-0.4188207760265977,0.0006651302184929042,2.224945689874606,1.1763230104822806,1.3025384431667555,0.9032591989944537,10400,10392,3,Box 4,mid_3aer-mid
2017-07-15 10:58:00,-39.243873596191406,-0.15530617535114288,-39.10649490356445,-33.754764556884766,-16.967283248901367,11.654191970825195,-0.03863317519426346,-41.64167022705078,0.19725655019283295,1.1714832782745361,0.8631499455850491,0.43387381293023325,-0.29801165518495115,0.0009878966696688085,1.9737033933677126,1.1863523265190408,1.3002673980577826,0.9126277398523938,10388,10290,0,Box 1,mid_3aer-mid
2017-07-15 10:58:00,-37.21320724487305,-0.1740104705095291,-37.0975456237793,-34.62804412841797,-10.493255615234375,7.995543479919434,0.028210854157805443,-37.717159271240234,0.13426926732063293,0.449303537607193,0.9334322186538523,0.2828558152517031,-0.21552758318724188,-0.0007604507183135156,2.269716246979889,1.1322299061397079,1.3400445419608384,0.8447315593669293,10310,10247,1,Box 2,mid_3aer-mid
2017-07-15 10:58:00,-47.57838821411133,-0.02714325301349163,-47.550418853759766,-41.23662185668945,-15.395179748535156,9.123011589050293,-0.04162653908133507,-48.76512908935547,0.1769741028547287,0.41219010949134827,0.8672189200613322,0.3237654061992215,-0.1918597452898934,0.0008754190293397413,2.528627832497593,1.189066209969216,1.428423737919057,0.8326922906574001,10390,10334,2,Box 3,mid_3aer-mid
2017-07-15 10:58:00,-39.87904357910156,-0.025045886635780334,-39.854000091552734,-36.41282653808594,-17.136674880981445,13.703835487365723,-0.008332394994795322,-41.953697204589844,0.2988491952419281,0.8438256978988647,0.9136555982795483,0.42998628847128734,-0.3438509597606715,0.0002090730098358029,2.0241221903299644,1.1804860175213736,1.2933790041149162,0.9127637829194354,10401,10400,3,Box 4,mid_3aer-mid
2017-07-15 11:00:00,-39.43486785888672,-0.2059181183576584,-39.25447082519531,-33.4410285949707,-16.60808753967285,10.82053279876709,-0.02588496543467045,-41.6729621887207,0.19498740136623383,1.0505108833312988,0.8519037536115638,0.42308779264826074,-0.2756509606323978,0.0006594143725732748,1.9598708209739797,1.1818589005820412,1.3011965523163773,0.9084439263743453,10376,10261,0,Box 1,mid_3aer-mid
2017-07-15 11:00:00,-37.240989685058594,-0.0440981388092041,-37.218048095703125,-34.276920318603516,-10.732711791992188,7.761772155761719,0.029810020700097084,-37.66042709350586,0.13819703459739685,0.3869045376777649,0.9209757695924947,0.2883738276003141,-0.20854864111812316,-0.0008009560746856659,2.2588989630289453,1.136071537606205,1.3430359202235251,0.8456983020102992,10317,10264,1,Box 2,mid_3aer-mid
2017-07-15 11:00:00,-49.717308044433594,-0.025792304426431656,-49.70055389404297,-42.29933547973633,-16.573570251464844,9.09705924987793,0.07529047876596451,-51.11199188232422,0.17518790066242218,0.4802232086658478,0.8510837526303534,0.3334685194564324,-0.18303738986869258,-0.001514882218093233,2.514756559542319,1.1980099586936117,1.4350176466237934,0.8343832291029684,10393,10342,2,Box 3,mid_3aer-mid
2017-07-15 11:00:00,-41.487491607666016,-0.006697952747344971,-41.4782600402832,-42.69401168823242,-16.34220314025879,17.614280700683594,-0.05632947012782097,-43.60416793823242,0.30296164751052856,0.9345670938491821,1.0293105324115066,0.39399439096531286,-0.42466297154133503,0.0013580481645155684,2.381769615064411,1.1806846322421725,1.324511494848222,0.8917516803749931,10404,10399,3,Box 4,mid_3aer-mid
2017-07-15 11:02:00,-39.92844009399414,-0.45220890641212463,-39.649810791015625,-36.160621643066406,-16.093969345092773,12.680312156677246,-0.07553202658891678,-42.1187744140625,0.2010476291179657,1.0704760551452637,0.9119998430741589,0.4059027913602136,-0.31980761264437557,0.0019049782100030166,2.0441330184227673,1.1724625719853528,1.2986442805496132,0.9032853715870731,10375,10233,0,Box 1,mid_3aer-mid
2017-07-15 11:02:00,-37.74485397338867,0.03405129164457321,-37.67414474487305,-33.754554748535156,-11.302800178527832,7.387212753295898,-0.004002816043794155,-38.22324752807617,0.13530901074409485,0.4176069498062134,0.8959607198769133,0.3000148044590718,-0.19608177269660615,0.00010624836062106402,2.271156548742235,1.1472158391469949,1.35686988237447,0.8455144100715022,10322,10273,1,Box 2,mid_3aer-mid
2017-07-15 11:02:00,-51.95682907104492,-0.024392561987042427,-51.929500579833984,-42.76435852050781,-17.80228042602539,8.713358879089355,-0.07621585577726364,-53.545658111572266,0.17866453528404236,0.4835423529148102,0.8235081000556073,0.34281631224402653,-0.16779209180221386,0.0014676795025800604,2.508072667071183,1.2109332205990648,1.4509145929465725,0.8350559664886384,10386,10329,2,Box 3,mid_3aer-mid
2017-07-15 11:02:00,-47.16490173339844,-0.006348990369588137,-47.166168212890625,-51.210819244384766,-17.56973648071289,21.589069366455078,0.0253173615783453,-49.74284744262695,0.3426627814769745,1.1236903667449951,1.0857531893375225,0.3725071991056481,-0.45772361895657404,-0.0005367694865965889,2.634078947994085,1.1807447334138397,1.3462812272046385,0.8769016979914904,10404,10402,3,Box 4,mid_3aer-mid
2017-07-15 11:04:00,-40.06441116333008,-0.3840559124946594,-39.70844650268555,-36.07112121582031,-15.45310115814209,11.882757186889648,-0.06698378175497055,-42.20619583129883,0.1938362419605255,1.0087732076644897,0.9083991533782562,0.3891640504767922,-0.299250093846087,0.0016868899910386093,2.0551034457103543,1.1668364403574427,1.3025458963728356,0.896211664127398,10376,10245,0,Box 1,mid_3aer-mid
2017-07-15 11:04:00,-38.6370849609375,-0.07155590504407883,-38.58049774169922,-34.66548156738281,-11.673455238342285,7.760302543640137,-0.001860974938608706,-39.22514724731445,0.13238860666751862,0.44868770241737366,0.8985235154802091,0.3025740052138236,-0.20114575685513705,4.823616110430362e-05,2.267237274974232,1.1477731297532268,1.3548209476651702,0.8471893974279276,10320,10274,1,Box 2,mid_3aer-mid
2017-07-15 11:04:00,-52.111576080322266,-0.12140214443206787,-51.976478576660156,-41.024662017822266,-17.556888580322266,6.899509429931641,-0.2944382429122925,-53.95122528076172,0.17988088726997375,0.45570042729377747,0.7892928228613051,0.3377852383750383,-0.13274289740887016,0.005664836172526749,2.4747831717876294,1.213972785893757,1.4662168503958646,0.8297594943069965,10386,10328,2,Box 3,mid_3aer-mid
2017-07-15 11:04:00,-48.474796295166016,0.005072930362075567,-48.47718048095703,-47.88554382324219,-18.43171501159668,17.826391220092773,0.013686097227036953,-51.515708923339844,0.341242253780365,1.1336884498596191,0.9877955547777318,0.3802142118502211,-0.367727446249494,-0.00028232037845893343,2.3965315003018177,1.1831860052499346,1.3430463269171067,0.8808984950677998,10404,10403,3,Box 4,mid_3aer-mid
2017-07-15 11:06:00,-39.838321685791016,-0.11312279105186462,-39.67512130737305,-35.32841491699219,-14.906908988952637,10.531342506408691,0.02885945327579975,-42.09417724609375,0.18995189666748047,1.0195012092590332,0.8904425082173709,0.37572436035992646,-0.26543947430230935,-0.0007273942749880247,2.0022722305563754,1.1577484390713,1.2968026464693658,0.8926027328624786,10386,10279,0,Box 1,mid_3aer-mid
2017-07-15 11:06:00,-39.327117919921875,-0.2625136375427246,-39.14777374267578,-35.90631866455078,-12.21772289276123,8.949688911437988,0.02657969668507576,-39.92926025390625,0.13913403451442719,0.48176366090774536,0.91719953977127,0.3120923827367736,-0.22861296441061352,-0.0006789580974300713,2.3428607345446975,1.155862543986409,1.3626212227511614,0.8480858293969162,10335,10265,1,Box 2,mid_3aer-mid
2017-07-15 11:06:00,-54.05016326904297,-0.03392937406897545,-54.00404739379883,-44.13911437988281,-18.334110260009766,8.531455993652344,-0.062277454882860184,-55.617095947265625,0.18631842732429504,0.44720062613487244,0.8173297056325726,0.3394951344915844,-0.15797803970149168,0.0011531995773347015,2.532442364093163,1.2128562665959637,1.4607517374897576,0.8306588841754361,10390,10351,2,Box 3,mid_3aer-mid
2017-07-15 11:06:00,-47.368995666503906,0.0023021651431918144,-47.37129592895508,-42.65005111694336,-18.93057632446289,14.143038749694824,0.06629301607608795,-50.825408935546875,0.3260781168937683,1.0892963409423828,0.9003352980672581,0.39962126031651113,-0.298557123979999,-0.0013994344037702167,2.156908578668213,1.1860062765814192,1.3292153210869952,0.8919051781938061,10404,10404,3,Box 4,mid_3aer-mid
2017-07-15 11:08:00,-41.21352005004883,-0.34214988350868225,-40.886268615722656,-38.11484909057617,-13.504495620727539,10.695712089538574,0.037362758070230484,-43.48981475830078,0.1897703856229782,1.0318399667739868,0.9322163035699499,0.33029415479661683,-0.26159663668582434,-0.0009138216807423882,2.0655824599388786,1.1371335192716359,1.2961343289447156,0.8771189744123088,10388,10265,0,Box 1,mid_3aer-mid
2017-07-15 11:08:00,-39.95429611206055,-0.4040246605873108,-39.66688537597656,-36.27042007446289,-12.499151229858398,9.160895347595215,-0.05820591747760773,-40.5933837890625,0.14647433161735535,0.5770555138587952,0.9143753733280112,0.31510291608233737,-0.23094565732846992,0.0014673679181213262,2.3899403120865323,1.1619782135014571,1.3738524313782674,0.8461752288238984,10357,10232,1,Box 2,mid_3aer-mid
2017-07-15 11:08:00,-54.67723846435547,-0.04749561846256256,-54.663658142089844,-44.86346435546875,-18.444320678710938,8.608582496643066,0.03554346784949303,-56.25574493408203,0.20157082378864288,0.4276590943336487,0.8207182884317599,0.3374146706221951,-0.15748273788246242,-0.0006502211714925488,2.5530321412762045,1.212480407138636,1.4632725141362715,0.8284036743337374,10391,10350,2,Box 3,mid_3aer-mid
2017-07-15 11:08:00,-44.219417572021484,-0.0017026569694280624,-44.21771240234375,-38.3302001953125,-17.783010482788086,11.951324462890625,-0.055827122181653976,-47.67734909057617,0.2952364385128021,0.9048540592193604,0.8668516991748324,0.4021693993964613,-0.27028364958722495,0.001262551015931257,2.0741866013714176,1.1844032650950271,1.3238492553440235,0.8949832097321258,10404,10404,3,Box 4,mid_3aer-mid
2017-07-15 11:10:00,-43.13181686401367,-0.2554742097854614,-42.83023452758789,-40.60651779174805,-12.745491981506348,10.571752548217773,-0.049975745379924774,-45.469173431396484,0.18188068270683289,1.0321615934371948,0.9480806994867507,0.29758168103032956,-0.24682921392934556,0.001166833412265339,2.1975617476574745,1.1315243220657767,1.3189314240676135,0.8581870508821253,10374,10266,0,Box 1,mid_3aer-mid
2017-07-15 11:10:00,-40.511024475097656,-0.366235613822937,-40.211238861083984,-36.80825424194336,-12.746581077575684,9.328571319580078,0.015020353719592094,-41.16328048706055,0.1453213393688202,0.5982986688613892,0.9153722048469685,0.31699045537800147,-0.23198912405558977,-0.00037353616938015644,2.4103789793909938,1.164548181875022,1.377642717683245,0.8452182937994138,10348,10219,1,Box 2,mid_3aer-mid
2017-07-15 11:10:00,-58.29231643676758,-0.04983212426304817,-58.25316619873047,-50.9455680847168,-19.57135009765625,12.300002098083496,-0.036249224096536636,-59.85340118408203,0.22559696435928345,0.41755709052085876,0.8745544906971153,0.3359706094661343,-0.21114737059244976,0.0006222704292001557,2.764157238080044,1.2156703242814075,1.4733301262211216,0.8253163981430994,10389,10356,2,Box 3,mid_3aer-mid
2017-07-15 11:10:00,-45.61212921142578,0.0027865429874509573,-45.61491775512695,-37.66768264770508,-17.95421028137207,10.012451171875,-0.00547837745398283,-49.182098388671875,0.289265513420105,0.8639217615127563,0.8257754556956901,0.39360393858196235,-0.21949949484378917,0.00012010056613670494,2.042802473422465,1.18558948216078,1.334216428546313,0.8886343435909416,10404,10403,3,Box 4,mid_3aer-mid
2017-07-15 11:12:00,-42.87476348876953,-0.3172489106655121,-42.625057220458984,-41.61060333251953,-12.015973091125488,11.123221397399902,-0.12169675529003143,-45.18931198120117,0.17402812838554382,0.9511110186576843,0.9762006528209461,0.28189930977686706,-0.26095501489790035,0.0028550523000871464,2.291619834364891,1.1271962261241624,1.327315697383251,0.8499167598794467,10355,10233,0,Box 1,mid_3aer-mid
2017-07-15 11:12:00,-40.658573150634766,-0.1524350941181183,-40.554656982421875,-36.656089782714844,-13.060481071472168,9.061126708984375,0.10078611969947815,-41.37446594238281,0.13057971000671387,0.6055752038955688,0.9038687795781044,0.3220463925545556,-0.22342997999697548,-0.0024851921356845164,2.434108299928148,1.1717258570197373,1.3882778531678752,0.8433260914481764,10339,10236,1,Box 2,mid_3aer-mid
2017-07-15 11:12:00,-60.612239837646484,-0.009563030675053596,-60.59405517578125,-53.056068420410156,-20.231298446655273,12.799750328063965,-0.10643346607685089,-61.9332389831543,0.22392500936985016,0.36056703329086304,0.8755986667182937,0.333882576505494,-0.2112377436726121,0.0017565004488244162,2.7647893166946287,1.2139676303675164,1.4727775954652678,0.8248315621686566,10400,10378,2,Box 3,mid_3aer-mid
2017-07-15 11:12:00,-45.44382095336914,0.01584361493587494,-45.45268249511719,-35.129276275634766,-17.996822357177734,7.6682610511779785,0.005152679514139891,-48.984649658203125,0.2646409869194031,0.813389241695404,0.7728757430979994,0.39594624795897504,-0.1687086274791896,-0.00011336357778488071,1.979804064261568,1.1911876008611626,1.342548857114148,0.8872286600875857,10404,10398,3,Box 4,mid_3aer-mid
2017-07-15 11:14:00,-45.00215530395508,-0.2012445479631424,-44.78262710571289,-43.78291320800781,-13.242653846740723,12.387019157409668,-0.14408493041992188,-47.330284118652344,0.16941477358341217,0.9153025150299072,0.9776761912175495,0.2957095700005286,-0.27660319036362613,0.0032174291455480675,2.326663517513392,1.1362173715204575,1.3336313684952346,0.8527621515920822,10350,10198,0,Box 1,mid_3aer-mid
2017-07-15 11:14:00,-40.979652404785156,-0.2718662619590759,-40.806583404541016,-36.32613754272461,-12.937000274658203,8.46341323852539,-0.006859004497528076,-41.679256439208984,0.11664046347141266,0.5625855326652527,0.8902028843717081,0.31703215637986315,-0.20740312647364437,0.00016808572207308026,2.388786875463306,1.1677262747733328,1.385502125864658,0.8428642971257929,10318,10206,1,Box 2,mid_3aer-mid
2017-07-15 11:14:00,-61.85427474975586,-0.010144292376935482,-61.83097839355469,-55.35188293457031,-20.49751091003418,13.927090644836426,0.09132038056850433,-63.0849723815918,0.22445158660411835,0.2986755967140198,0.8952127122046244,0.3315087577681787,-0.225244534387421,-0.001476935585382061,2.835742818004776,1.212869767177252,1.4741814536309192,0.8222697028611519,10404,10397,2,Box 3,mid_3aer-mid
2017-07-15 11:14:00,-45.924591064453125,-0.017156152054667473,-45.90690612792969,-37.724483489990234,-18.053075790405273,9.840201377868652,0.030454078689217567,-49.08420181274414,0.2612726092338562,0.7985387444496155,0.8217605702820442,0.3932540503795921,-0.21435123287789082,-0.0006633877837454727,2.144509729897356,1.2002690814927102,1.36269176289106,0.8806266628044773,10404,10402,3,Box 4,mid_3aer-mid
2017-07-15 11:16:00,-45.305267333984375,-0.5190114974975586,-44.76041793823242,-42.784488677978516,-15.056462287902832,12.942302703857422,0.1382356882095337,-47.74383544921875,0.17025093734264374,0.940510630607605,0.9558554891015962,0.3363789990497366,-0.2891461413954784,-0.003088346755854454,2.1602352345430957,1.1451379639552417,1.3081266596292729,0.8746771094653222,10339,10146,0,Box 1,mid_3aer-mid
2017-07-15 11:16:00,-41.73893356323242,-0.19038529694080353,-41.57247543334961,-36.515933990478516,-13.243432998657227,8.204920768737793,-0.01802482083439827,-42.44723892211914,0.10867892950773239,0.5153869986534119,0.8783681299174658,0.3185625690917211,-0.1973642748979348,0.00043357588874787245,2.3488421070030485,1.1674809190202857,1.3827253137873008,0.8444518615016645,10296,10210,1,Box 2,mid_3aer-mid
2017-07-15 11:16:00,-63.00904846191406,-0.0010287552140653133,-63.008018493652344,-53.761329650878906,-20.962013244628906,11.697781562805176,0.01754523068666458,-64.41787719726562,0.22134332358837128,0.30684056878089905,0.8532458708621252,0.33268802330474007,-0.18565543386638805,-0.0002784603004772346,2.7775947219660404,1.220380295651991,1.4904792030637652,0.8186928581940778,10404,10404,2,Box 3,mid_3aer-mid
2017-07-15 11:16:00,-52.92295455932617,-0.007501053623855114,-52.91545867919922,-48.78065490722656,-21.06340980529785,16.931337356567383,-0.0027298294007778168,-56.31315994262695,0.318462997674942,0.9981644749641418,0.9218602173529753,0.39805782324408884,-0.31996962910444116,5.158850737702059e-05,2.497917309048013,1.218531601475344,1.3923850221664305,0.8751547817521738,10404,10404,3,Box 4,mid_3aer-mid
2017-07-15 11:18:00,-45.7490348815918,-0.36895981431007385,-45.32577896118164,-41.743282318115234,-16.171554565429688,12.688393592834473,-0.09933669865131378,-48.40030288696289,0.191900372505188,1.0226631164550781,0.9209611133940441,0.3567849531263206,-0.27993768217492876,0.0021916156545641052,2.205792363657038,1.1655994395698948,1.3315271646395632,0.8759348921786899,10314,10120,0,Box 1,mid_3aer-mid
2017-07-15 11:18:00,-42.66329574584961,-0.1302838772535324,-42.56464767456055,-37.56018829345703,-13.708701133728027,8.603519439697266,0.1007237508893013,-43.49309539794922,0.1001272201538086,0.4256576597690582,0.8824268609043681,0.3220677966641775,-0.202128286373886,-0.0023663711946595722,2.3592053017058254,1.169569254928936,1.382963807511547,0.8450490501153086,10281,10207,1,Box 2,mid_3aer-mid
2017-07-15 11:18:00,-63.21894073486328,-0.005867755971848965,-63.21268844604492,-52.731868743896484,-21.28675651550293,10.798381805419922,0.007556999567896128,-64.9892807006836,0.21635161340236664,0.3035770356655121,0.8341975646339014,0.33674816883780967,-0.17082618468392702,-0.00011954878778402955,2.791503816403867,1.2302342094020307,1.5071293744081902,0.8162364170105566,10404,10403,2,Box 3,mid_3aer-mid
2017-07-15 11:18:00,-54.76998519897461,-0.01242037396878004,-54.75876998901367,-46.76316833496094,-22.83924102783203,14.857368469238281,-0.013730098493397236,-58.15306091308594,0.3149302005767822,0.8372570276260376,0.8539849596297521,0.4170882666446897,-0.2713239641418123,0.00025073786737056514,2.2306831944291026,1.2164351040742865,1.367743615981033,0.8894434674194134,10404,10401,3,Box 4,mid_3aer-mid
2017-07-15 11:20:00,-48.5437126159668,-0.3457329273223877,-48.18515396118164,-43.919822692871094,-17.259571075439453,13.028939247131348,-0.03470116853713989,-51.400238037109375,0.2224130779504776,1.1539649963378906,0.9114803226464226,0.3581927238700908,-0.2703932095779774,0.0007201630614639409,2.3282699857089284,1.1806419686008505,1.362153646559036,0.8669394869812802,10319,10084,0,Box 1,mid_3aer-mid
2017-07-15 11:20:00,-43.1956901550293,-0.037042710930109024,-43.129146575927734,-37.37395095825195,-13.940901756286621,8.202605247497559,-0.016900209710001945,-43.981754302978516,0.0819510668516159,0.403077095746994,0.8665589551615549,0.323236239456063,-0.1901870458799428,0.0003918512623249104,2.3189077606687922,1.1698425743873655,1.382009749860481,0.8465865710947023,10303,10239,1,Box 2,mid_3aer-mid
2017-07-15 11:20:00,-66.1755599975586,-0.0005268814857117832,-66.17503356933594,-55.66860580444336,-23.248212814331055,12.723787307739258,0.018000274896621704,-68.13948059082031,0.2273014932870865,0.34163111448287964,0.8412327536514165,0.3513139885086872,-0.19227473211328566,-0.00027201004681803864,2.9188198976566815,1.2506606454368743,1.5287467491277726,0.8180009281884218,10404,10404,2,Box 3,mid_3aer-mid
2017-07-15 11:20:00,-53.91614532470703,-0.01040714792907238,-53.90692901611328,-48.12694549560547,-22.30750846862793,16.54878807067871,-0.021262820810079575,-57.24689865112305,0.296386182308197,0.645810604095459,0.8927784449219278,0.413815263315539,-0.30698814401147523,0.0003944357740084392,2.2672615999217522,1.2088989014577969,1.3574764647104427,0.8906560628578505,10404,10402,3,Box 4,mid_3aer-mid
2017-07-15 11:22:00,-51.299251556396484,-0.22827863693237305,-51.04086685180664,-46.214473724365234,-17.77238655090332,13.031298637390137,-0.08531353622674942,-54.42864227294922,0.23876622319221497,1.0919880867004395,0.9054404909224095,0.34819911729409253,-0.25531108323817514,0.0016714750216730856,2.312785901883776,1.1749423239848074,1.361615905042203,0.8633482270605022,10279,10055,0,Box 1,mid_3aer-mid
2017-07-15 11:22:00,-43.241947174072266,-0.11027362197637558,-43.17133331298828,-37.228363037109375,-13.843287467956543,7.863129615783691,0.03718195855617523,-44.00653076171875,0.07306428253650665,0.3722807765007019,0.8623397310482925,0.3206592556311641,-0.18213772173790674,-0.0008612649415498941,2.2854648474313453,1.1661165882551876,1.3764483142082145,0.8469593290970991,10346,10278,1,Box 2,mid_3aer-mid
2017-07-15 11:22:00,-68.91224670410156,-0.0011655644048005342,-68.91107177734375,-57.14072799682617,-25.27129554748535,13.480364799499512,0.020580563694238663,-71.10465240478516,0.22845499217510223,0.3732612729072571,0.8291950882960751,0.3667232783975219,-0.19561971277315632,-0.0002986539204407057,2.946692135913832,1.2699451832745308,1.5440836521907306,0.8223520946369769,10404,10404,2,Box 3,mid_3aer-mid
2017-07-15 11:22:00,-50.183204650878906,-0.0008670446113683283,-50.182334899902344,-40.61870574951172,-21.53124237060547,12.004300117492676,-0.036688342690467834,-53.649559020996094,0.2571755051612854,0.47698283195495605,0.8094223791701953,0.42906016705127026,-0.2392136468360915,0.000731100614625918,1.950960912279438,1.1937895113933676,1.31682812270212,0.9067468462379643,10404,10404,3,Box 4,mid_3aer-mid
2017-07-15 11:24:00,-52.85414123535156,-0.15297867357730865,-52.64932632446289,-48.8289909362793,-17.419349670410156,13.79262638092041,-0.19361817836761475,-56.28736114501953,0.24976377189159393,0.9585845470428467,0.9274379941905272,0.3308560669973246,-0.2619715665695443,0.0036775053816924808,2.4372547408066523,1.1722274875855787,1.3773910205035427,0.8520518766414519,10302,10034,0,Box 1,mid_3aer-mid
2017-07-15 11:24:00,-43.11381149291992,-0.11086452007293701,-43.03278350830078,-38.12379455566406,-13.46596622467041,8.481914520263672,0.07506608217954636,-43.64543533325195,0.06489529460668564,0.29374369978904724,0.8859245354050618,0.31292340148862874,-0.197103544065336,-0.0017443928283545074,2.32265385605346,1.1604753763458582,1.3731039334921333,0.8446801914183315,10372,10325,1,Box 2,mid_3aer-mid
2017-07-15 11:24:00,-71.6115951538086,-0.0005324076046235859,-71.6110610961914,-56.576263427734375,-26.962223052978516,11.911341667175293,0.01608221046626568,-74.04793548583984,0.2294379621744156,0.3993648290634155,0.7900492199415297,0.3765092012464772,-0.166333844019038,-0.0002245771689688425,2.860950800894504,1.2846305978377937,1.5581469620045627,0.8243783719666904,10404,10404,2,Box 3,mid_3aer-mid
2017-07-15 11:24:00,-46.64512634277344,0.0016050232807174325,-46.64673614501953,-39.27076721191406,-19.53643035888672,12.192544937133789,-0.03208285570144653,-50.069644927978516,0.2306763082742691,0.4100651443004608,0.8418759441207245,0.4188167238897185,-0.26138045152617906,0.0006877835157360068,1.960514941146006,1.1822905034192066,1.305453410875453,0.9058211205062242,10404,10403,3,Box 4,mid_3aer-mid
2017-07-15 11:26:00,-54.07545852661133,-0.20755255222320557,-53.895355224609375,-49.51171112060547,-17.66336441040039,13.413862228393555,-0.1341381072998047,-57.74180221557617,0.2570238709449768,0.8880731463432312,0.9186638310745824,0.32773447256939603,-0.248887166115373,0.0024888624713945984,2.444317751067993,1.172837560753004,1.3830611620275666,0.8486859546650368,10313,10058,0,Box 1,mid_3aer-mid
2017-07-15 11:26:00,-44.231346130371094,-0.17540021240711212,-44.08382797241211,-39.06221008300781,-13.969738960266113,8.910332679748535,0.03779032081365585,-44.73428726196289,0.07442948967218399,0.29584091901779175,0.8860893614509537,0.3168903548941272,-0.20212247861829666,-0.0008572377267842823,2.34602709698602,1.1647178383348102,1.3782044502270676,0.844865651857723,10394,10343,1,Box 2,mid_3aer-mid
2017-07-15 11:26:00,-70.24800872802734,-0.0005540661513805389,-70.24744415283203,-57.78324508666992,-26.452428817749023,13.988547325134277,-0.0003340716939419508,-72.97293853759766,0.21056035161018372,0.3878979980945587,0.8225670174343399,0.3765606683172987,-0.19913244139368885,4.755642050269238e-06,2.9980841437655816,1.2857203055874589,1.560393129184225,0.8239737807622486,10404,10404,2,Box 3,mid_3aer-mid
2017-07-15 11:26:00,-46.52183532714844,-0.013153803534805775,-46.50868225097656,-42.02128982543945,-19.149105072021484,14.70179271697998,-0.04008208587765694,-49.78850173950195,0.22342438995838165,0.4497818052768707,0.903514980378908,0.4117317941585853,-0.31610859407442826,0.0008618195369349824,2.029421903884592,1.1749916800874267,1.2983707592718041,0.9051775925254454,10404,10404,3,Box 4,mid_3aer-mid
2017-07-15 11:28:00,-53.01564407348633,-0.47580403089523315,-52.62025451660156,-47.24064636230469,-18.775012969970703,13.474492073059082,-0.07908740639686584,-56.72795867919922,0.2600122392177582,1.009634256362915,0.8977654268415186,0.3568020135142562,-0.2560704245161083,0.0015029841603334537,2.370499677080044,1.1870990514824677,1.3777649907133804,0.8620272424838044,10316,10024,0,Box 1,mid_3aer-mid
2017-07-15 11:28:00,-45.75273895263672,-0.18010567128658295,-45.57084274291992,-40.991695404052734,-14.55138874053955,9.938232421875,0.03401573374867439,-46.31352615356445,0.09392599761486053,0.364300400018692,0.8995159590923805,0.31931363037392296,-0.21808315302010636,-0.0007464364461970685,2.4271591316396184,1.1704472030584538,1.3890111509736736,0.8424411555028419,10399,10350,1,Box 2,mid_3aer-mid
2017-07-15 11:28:00,-73.10492706298828,-0.00036770766018889844,-73.10455322265625,-62.0936164855957,-27.086454391479492,16.074077606201172,0.001439687330275774,-75.44570922851562,0.20871052145957947,0.36880606412887573,0.8493809551701867,0.3705166487870953,-0.21987791041847196,-1.969353881006719e-05,3.0773163092248264,1.2778360483686524,1.5544601015062847,0.822037790571262,10404,10404,2,Box 3,mid_3aer-mid
2017-07-15 11:28:00,-47.146915435791016,-0.022881533950567245,-47.124420166015625,-49.9145393371582,-17.777219772338867,20.590341567993164,-0.022995198145508766,-49.73155975341797,0.22116878628730774,0.47426414489746094,1.0592075663407285,0.377240139508274,-0.43693567361943164,0.00048796777042908746,2.356469166702179,1.16490659630329,1.3096372725161718,0.8896050584464883,10404,10403,3,Box 4,mid_3aer-mid
2017-07-15 11:30:00,-52.911380767822266,-1.2835062742233276,-51.78424072265625,-46.48817443847656,-18.539222717285156,13.268366813659668,-0.025210080668330193,-56.94001388549805,0.2871922254562378,1.4429267644882202,0.897728278063872,0.3580089391698478,-0.2562240464601995,0.0004868292264796903,2.5175034653895754,1.2021323788618516,1.4089099538640995,0.853378187720563,10342,9930,0,Box 1,mid_3aer-mid
2017-07-15 11:30:00,-47.13739013671875,-0.07516925036907196,-47.06963348388672,-41.94502639770508,-15.26009750366211,10.068624496459961,0.06686882674694061,-47.73430252075195,0.10011307150125504,0.3646904230117798,0.8911271622590453,0.3242026020991256,-0.21390912831011796,-0.0014206360480529534,2.4421803544903558,1.1763567885385773,1.3965336422079904,0.8419408773027719,10397,10387,1,Box 2,mid_3aer-mid
2017-07-15 11:30:00,-74.83485412597656,-0.056791242212057114,-74.77915954589844,-63.356239318847656,-27.366727828979492,15.945189476013184,-0.0013775875559076667,-76.98546600341797,0.20295017957687378,0.3387424051761627,0.8472446617211172,0.36596731501390356,-0.2132303988151211,1.8422080100305438e-05,3.0101401726169725,1.2687111659285533,1.5427353367242742,0.8223842865279972,10404,10401,2,Box 3,mid_3aer-mid
2017-07-15 11:30:00,-51.90499496459961,0.00040097880992107093,-51.9053955078125,-60.91413879394531,-18.69902992248535,27.716548919677734,-0.008776066824793816,-54.25852966308594,0.22447578608989716,0.5091989636421204,1.173560731293303,0.360252152818131,-0.5339819622395164,0.00016907812808242273,2.5540453551028413,1.154793189194322,1.3051713372588432,0.8848226736573255,10404,10404,3,Box 4,mid_3aer-mid
2017-07-15 11:32:00,-53.460323333740234,-1.5193589925765991,-52.022579193115234,-46.42329788208008,-18.766042709350586,13.059876441955566,0.10688179731369019,-57.62363052368164,0.3127896189689636,1.7584623098373413,0.8923681736443998,0.3607287945169625,-0.25104244094439543,-0.0020545272169668616,2.7860762446699967,1.2301029415391058,1.466296336788097,0.838258952490952,10363,9912,0,Box 1,mid_3aer-mid
2017-07-15 11:32:00,-47.6429443359375,-0.12861257791519165,-47.528255462646484,-42.983795166015625,-15.1057767868042,10.570799827575684,-0.009487328119575977,-48.206756591796875,0.10164095461368561,0.3579341769218445,0.9043839499202618,0.3178272822468543,-0.222410846640367,0.00019961447325086978,2.463763810799356,1.1716819806705905,1.3942274727403825,0.8404365395933784,10397,10373,1,Box 2,mid_3aer-mid
2017-07-15 11:32:00,-71.8480453491211,-0.0005254916031844914,-71.84751892089844,-59.81404495239258,-26.422956466674805,14.375357627868652,0.014123392291367054,-74.03137969970703,0.18415875732898712,0.29597198963165283,0.8325136822141226,0.3677643639157412,-0.20008147159980444,-0.00019657453005933467,2.8886288862428313,1.264025077021944,1.5291783107177515,0.8265350990074449,10404,10404,2,Box 3,mid_3aer-mid
2017-07-15 11:32:00,-55.785743713378906,0.00023625972971785814,-55.78598403930664,-67.17262268066406,-19.888713836669922,31.266159057617188,0.009198762476444244,-57.96065902709961,0.23770368099212646,0.5081052780151367,1.2041129212638555,0.35651812658357807,-0.5604661540548765,-0.0001648937925570193,2.6609126529627547,1.15590543178033,1.3111753807234132,0.8815401901042497,10404,10404,3,Box 4,mid_3aer-mid
2017-07-15 11:34:00,-53.75417709350586,-1.6232578754425049,-52.279605865478516,-43.394020080566406,-20.265356063842773,11.357170104980469,0.0225985087454319,-58.048404693603516,0.3471306562423706,2.125535488128662,0.8300372176788584,0.38763403700275967,-0.21723899220303453,-0.0004322624785835505,2.5438668435454517,1.243611021769409,1.4549291479416682,0.8546185740210447,10309,9904,0,Box 1,mid_3aer-mid
2017-07-15 11:34:00,-47.870906829833984,-0.09808105230331421,-47.75693130493164,-42.816307067871094,-14.907179832458496,9.95279312133789,0.013764522038400173,-48.43247604370117,0.08659651130437851,0.2881699800491333,0.896546477535023,0.31214696195017244,-0.20840521903684914,-0.000288220448346338,2.428263938137251,1.1670069866528723,1.3907589851376638,0.8390354171590543,10404,10376,1,Box 2,mid_3aer-mid
2017-07-15 11:34:00,-68.71624755859375,-0.00047635307419113815,-68.71577453613281,-49.56999206542969,-26.24144172668457,7.092562675476074,0.0031001807656139135,-71.11318969726562,0.15902364253997803,0.28963395953178406,0.7213772121002395,0.3818838369183228,-0.1032159330204804,-4.511599808190714e-05,2.421009348375846,1.2636893798633013,1.5046543388806306,0.8398381303740777,10404,10404,2,Box 3,mid_3aer-mid
2017-07-15 11:34:00,-56.5171012878418,-2.0420422515599057e-05,-56.51707458496094,-62.76530838012695,-21.154626846313477,27.393877029418945,0.008984829299151897,-58.583457946777344,0.24370993673801422,0.5321027636528015,1.1105548950997732,0.37430500425095087,-0.48470092387078706,-0.0001589754799370402,2.386600876583992,1.157881354537656,1.2983467689257981,0.8917750810886957,10404,10404,3,Box 4,mid_3aer-mid
2017-07-15 11:36:00,-49.41911697387695,-1.4199793338775635,-47.996803283691406,-41.88131332397461,-18.490541458129883,12.41237735748291,-0.03732956200838089,-53.42737579345703,0.3495531678199768,2.1301653385162354,0.8725854272838566,0.3852452603745411,-0.25860843852312887,0.000777750864731197,2.5456244958071785,1.2290762324877567,1.4289468955242999,0.860366110088499,10327,9904,0,Box 1,mid_3aer-mid
2017-07-15 11:36:00,-48.344627380371094,-0.14375479519367218,-48.209716796875,-42.24668884277344,-15.121626853942871,9.149495124816895,0.009104269556701183,-48.91984939575195,0.07991622388362885,0.2915599048137665,0.8763106928951414,0.3136634611917315,-0.18978530693153342,-0.00018884715533948326,2.410787467192988,1.170561639200614,1.3975475806503608,0.8375297311477758,10404,10382,1,Box 2,mid_3aer-mid
2017-07-15 11:36:00,-64.2882308959961,-0.0002318184415344149,-64.2879867553711,-46.388465881347656,-24.9003849029541,6.9986162185668945,0.002239373978227377,-66.68496704101562,0.1354210078716278,0.2693181335926056,0.721572736645463,0.3873256102696843,-0.10886351344529575,-3.483346985151681e-05,2.3704014806240847,1.2606612377694826,1.489877081860205,0.8461394200401136,10404,10404,2,Box 3,mid_3aer-mid
2017-07-15 11:36:00,-53.71278381347656,0.00024423087597824633,-53.71303176879883,-59.96402359008789,-20.1170711517334,26.351778030395508,0.01628602296113968,-55.83847427368164,0.24003411829471588,0.5150001049041748,1.116377584846045,0.37452871974224566,-0.49060310024397114,-0.0003032043443196297,2.397661951798956,1.1579950797645218,1.298371262299933,0.8918122563981743,10404,10404,3,Box 4,mid_3aer-mid
2017-07-15 11:38:00,-49.24171829223633,-1.136767864227295,-48.302398681640625,-41.39925765991211,-19.220888137817383,12.18102741241455,0.13671541213989258,-53.14301300048828,0.3610256314277649,2.0296218395233154,0.8570848417005545,0.39792823330896004,-0.25218266869760236,-0.002830406311912226,2.4715392260971734,1.2337400968481251,1.4217755507835108,0.8668821569953847,10340,9898,0,Box 1,mid_3aer-mid
2017-07-15 11:38:00,-49.45048141479492,-0.13905973732471466,-49.301902770996094,-42.67107009887695,-15.90746784210205,9.259195327758789,0.017441291362047195,-50.124786376953125,0.07953611016273499,0.32415586709976196,0.8655055825910267,0.3226542402791599,-0.18780605777714926,-0.0003537650930373615,2.439781162069898,1.1808665110035195,1.4098761531172932,0.8374657727416758,10404,10380,1,Box 2,mid_3aer-mid
2017-07-15 11:38:00,-62.152854919433594,-0.0002730632550083101,-62.152584075927734,-43.61155319213867,-24.52562713623047,5.98503303527832,-0.0004331334203016013,-64.63990783691406,0.12354158610105515,0.23368880152702332,0.7016853031096941,0.3946035321911454,-0.096295804173441,6.968872601459397e-06,2.248363857799945,1.2558529739072024,1.4694441623590964,0.8546472023514611,10404,10404,2,Box 3,mid_3aer-mid
2017-07-15 11:38:00,-53.21238327026367,0.03902769833803177,-53.22190475463867,-59.74079132080078,-21.114898681640625,27.61137580871582,0.022412976250052452,-55.49319839477539,0.2393428236246109,0.46437686681747437,1.1224850127817951,0.39673326156561717,-0.5187971512236317,-0.0004211231237806201,2.3565582178105817,1.16356153724187,1.2898873610513464,0.9019677581767114,10404,10401,3,Box 4,mid_3aer-mid
2017-07-15 11:40:00,-48.270729064941406,-1.3193774223327637,-47.103118896484375,-40.17226028442383,-18.63250732421875,11.80813980102539,-0.10649318993091583,-52.12407684326172,0.3807239234447479,2.040741205215454,0.8528577038705168,0.3955684338587947,-0.25068698993081356,0.002260852201502017,2.3612507968397303,1.2204907932214764,1.399071557449564,0.873020220053721,10309,9868,0,Box 1,mid_3aer-mid
2017-07-15 11:40:00,-51.38029098510742,-0.13846804201602936,-51.25300216674805,-43.83448791503906,-17.059907913208008,9.626985549926758,0.01440893579274416,-52.19294357299805,0.09721837937831879,0.3889673054218292,0.8552569998517042,0.332856748279588,-0.1878326146157032,-0.00028113351558903266,2.4909584908655815,1.1943476780631916,1.4271920280686827,0.8367677395601996,10404,10388,1,Box 2,mid_3aer-mid
2017-07-15 11:40:00,-61.42803955078125,-0.002765858545899391,-61.42527389526367,-46.42583465576172,-24.308595657348633,9.319323539733887,-0.01016293466091156,-63.707035064697266,0.1190154105424881,0.2271679937839508,0.7558100276816165,0.39574260638672226,-0.15171808607194998,0.0001654520036111773,2.344269621315465,1.2498793578698077,1.4560747433849328,0.858442925419441,10404,10404,2,Box 3,mid_3aer-mid
2017-07-15 11:40:00,-53.50355529785156,0.06109700724482536,-53.54922866821289,-61.689205169677734,-22.393407821655273,30.52840232849121,0.004975535441190004,-55.80455780029297,0.2552936375141144,0.4227885901927948,1.1520091091151106,0.41818357597896966,-0.5700997699287,-9.291516538012523e-05,2.330475481728701,1.1659820498450695,1.2773794258091067,0.9127714948552423,10404,10398,3,Box 4,mid_3aer-mid
2017-07-15 11:42:00,-49.04463577270508,-1.1600233316421509,-48.14082717895508,-41.16533279418945,-18.122570037841797,11.088251113891602,0.05882621183991432,-53.00443649291992,0.3938932418823242,2.1107027530670166,0.8551022884151458,0.3764491515093981,-0.23032947893789926,-0.001221960986644649,2.4546041130214196,1.2185475257383038,1.4191273415877437,0.8582925454422199,10285,9918,0,Box 1,mid_3aer-mid
2017-07-15 11:42:00,-52.61644744873047,-0.03330963850021362,-52.5831413269043,-44.45296096801758,-17.87421989440918,9.722112655639648,0.021926289424300194,-53.52699661254883,0.10156896710395813,0.3777877986431122,0.8453842427362338,0.3399230398276822,-0.18489029931874562,-0.0004169832451703659,2.496802390758525,1.2019673919910072,1.4344578521270028,0.8377984597341528,10404,10398,1,Box 2,mid_3aer-mid
2017-07-15 11:42:00,-60.41169357299805,-0.0036546082701534033,-60.40803909301758,-47.80646514892578,-23.898754119873047,11.303680419921875,-0.006494408939033747,-62.44450378417969,0.11337986588478088,0.23006188869476318,0.7913924976075205,0.3956221354990797,-0.1871221421429728,0.00010750903637257725,2.3862714425386313,1.2428315638697507,1.4424309482635453,0.8616568534674877,10404,10404,2,Box 3,mid_3aer-mid
2017-07-15 11:42:00,-52.91262435913086,-0.0001918260386446491,-52.91242980957031,-61.47120666503906,-22.53453254699707,31.09701156616211,-0.003704590955749154,-54.9716796875,0.27147427201271057,0.3979538679122925,1.1617535288706646,0.42588354513926624,-0.5877070876348348,7.001362490399732e-05,2.278167542456551,1.1629019454438727,1.2664831157346852,0.9182287279546619,10404,10404,3,Box 4,mid_3aer-mid
2017-07-15 11:44:00,-50.98331832885742,-1.2969597578048706,-50.008880615234375,-41.52208709716797,-18.69780731201172,10.310256958007812,-0.0992470532655716,-55.19876480102539,0.42393389344215393,2.2169992923736572,0.830294196507002,0.37388971660023207,-0.20616850141377252,0.0019845883065384706,2.45030342190545,1.2235868030613986,1.4330383513648566,0.8544508348439168,10271,9926,0,Box 1,mid_3aer-mid
2017-07-15 11:44:00,-54.222930908203125,-0.03306935727596283,-54.18600845336914,-45.678436279296875,-18.55122184753418,10.023802757263184,0.019839201122522354,-55.25566482543945,0.1181158646941185,0.3907793462276459,0.8429930512983593,0.3423618397521072,-0.18498875963423292,-0.00036613141623362266,2.5055757369621325,1.2050455568318053,1.4379196139682153,0.8379364960867697,10404,10396,1,Box 2,mid_3aer-mid
2017-07-15 11:44:00,-63.59783935546875,-0.0009261142113246024,-63.59691619873047,-57.611289978027344,-24.30170249938965,18.320018768310547,-0.003951158374547958,-65.14246368408203,0.11310422420501709,0.23751048743724823,0.905881690545553,0.3821207505726629,-0.28806456925944873,6.212814123279786e-05,2.721513498937014,1.2351118760350168,1.445424194522157,0.8545174146847875,10404,10404,2,Box 3,mid_3aer-mid
2017-07-15 11:44:00,-52.73385238647461,-0.007874333299696445,-52.727291107177734,-63.158390045166016,-21.904924392700195,32.322044372558594,0.01397021021693945,-54.48659896850586,0.26076167821884155,0.32134464383125305,1.1978309834855496,0.4154380825332821,-0.6130041138947883,-0.0002649521240435382,2.302678080268763,1.1556220573432696,1.2612539598683448,0.9161921618488336,10404,10403,3,Box 4,mid_3aer-mid
2017-07-15 11:46:00,-52.268394470214844,-1.1490564346313477,-51.259788513183594,-41.26803970336914,-20.145427703857422,10.303592681884766,-0.14992116391658783,-56.70216751098633,0.46292075514793396,2.3575022220611572,0.8050761692696119,0.39300639861973835,-0.20100729998826133,0.002924732098911087,2.4735890830493754,1.2473935421079183,1.4549670019476413,0.8582753692409558,10279,9929,0,Box 1,mid_3aer-mid
2017-07-15 11:46:00,-54.79262161254883,-0.06330141425132751,-54.7293701171875,-46.01824951171875,-18.61216163635254,9.831429481506348,0.06960558146238327,-55.857303619384766,0.1198115274310112,0.38552337884902954,0.8408327154474862,0.3400762542698832,-0.179637155824422,-0.0012718138929473655,2.4940846133178414,1.203000226714505,1.4366416526881611,0.8369839642055025,10404,10398,1,Box 2,mid_3aer-mid
2017-07-15 11:46:00,-67.5907974243164,-5.195774065214209e-05,-67.59074401855469,-63.31138229370117,-25.253402709960938,20.97801399230957,-0.003982974216341972,-68.68260955810547,0.1256117969751358,0.27525320649147034,0.9366870545148702,0.37362219667087193,-0.31036817898720837,5.8927801466213126e-05,2.854288277430576,1.2326609225424607,1.4524304492475364,0.8487070997196363,10404,10404,2,Box 3,mid_3aer-mid
2017-07-15 11:46:00,-53.33809280395508,0.027376379817724228,-53.36514663696289,-62.38251495361328,-21.323991775512695,30.334423065185547,0.006930286530405283,-55.00834274291992,0.276842325925827,0.28146934509277344,1.1689747550217904,0.39958649248768535,-0.5684313821160649,-0.0001298653934107552,2.3355551494635622,1.1560130716497627,1.273639448350359,0.9076169566213248,10404,10402,3,Box 4,mid_3aer-mid
2017-07-15 11:48:00,-54.3070068359375,-1.1176011562347412,-53.292022705078125,-43.90245056152344,-20.87769317626953,11.572321891784668,-0.08419418334960938,-58.987327575683594,0.49151283502578735,2.353771209716797,0.8238091762468611,0.39176020518048416,-0.21714924602832733,0.001579864600982056,2.677563900230073,1.2638783009492454,1.4896148679236079,0.8489941402950255,10277,9939,0,Box 1,mid_3aer-mid
2017-07-15 11:48:00,-53.87394714355469,-0.06950411945581436,-53.8041877746582,-46.00057601928711,-17.57244110107422,9.752701759338379,0.016128819435834885,-54.65668869018555,0.10104592889547348,0.29163768887519836,0.8549627742320014,0.3265998656566521,-0.18126287101213193,-0.00029976887652158335,2.4914948319764245,1.1904874063875721,1.4274865613583994,0.8338855366694577,10404,10398,1,Box 2,mid_3aer-mid
2017-07-15 11:48:00,-68.28314208984375,-3.834404924418777e-05,-68.2831039428711,-64.60450744628906,-25.668184280395508,21.977678298950195,0.011915321461856365,-69.24353790283203,0.14069737493991852,0.25328242778778076,0.9461273618388819,0.3759082851343997,-0.3218611481507869,-0.00017449882249470638,2.8631811261471256,1.2324119132804772,1.4486182593383243,0.8506949339854837,10404,10404,2,Box 3,mid_3aer-mid
2017-07-15 11:48:00,-55.12800979614258,-0.012126045301556587,-55.11796569824219,-66.04532623291016,-20.51419448852539,31.447511672973633,-0.0059537990018725395,-56.82065200805664,0.3262671232223511,0.3344075083732605,1.1982540753875193,0.3721871151022898,-0.5705492097084787,0.0001080192186696527,2.551028662826675,1.156550197759245,1.297600774372911,0.8913240245818801,10404,10403,3,Box 4,mid_3aer-mid
2017-07-15 11:50:00,-57.704410552978516,-1.162471055984497,-56.59288787841797,-46.447166442871094,-21.873926162719727,11.815193176269531,-0.08698087930679321,-62.74609375,0.5225178599357605,2.5005147457122803,0.8207245238506735,0.3865137511153548,-0.20877523297202769,0.0015369580059993726,2.798728003576498,1.274225550735129,1.5189061628412013,0.8394491051844905,10292,9943,0,Box 1,mid_3aer-mid
2017-07-15 11:50:00,-53.42087173461914,-0.0061137001030147076,-53.41474914550781,-45.94765090942383,-17.065711975097656,9.603193283081055,-0.004584392067044973,-54.01914978027344,0.08955653011798859,0.21815109252929688,0.860205220853658,0.31949436574315154,-0.17978541292496042,8.58263281508509e-05,2.4709569576408357,1.1829279530797718,1.4198321227579982,0.8331714176394793,10404,10401,1,Box 2,mid_3aer-mid
2017-07-15 11:50:00,-72.52904510498047,-0.022394070401787758,-72.50851440429688,-71.23054504394531,-27.089719772338867,25.79598045349121,0.01578477956354618,-73.05538940429688,0.17177549004554749,0.2868499159812927,0.9823750841009764,0.3736074659909368,-0.3557648545632524,-0.00021769552866079955,3.0469816504427754,1.2359769374242708,1.459431345157962,0.8468197054313226,10404,10403,2,Box 3,mid_3aer-mid
2017-07-15 11:50:00,-62.26803970336914,0.0838041827082634,-62.34895706176758,-70.86466979980469,-22.787744522094727,31.312822341918945,-0.009370233863592148,-63.688751220703125,0.3847975730895996,0.3910541534423828,1.1365813674293204,0.36548714255201403,-0.5022187969012083,0.00015028691987384324,2.523974181347043,1.1605093218836808,1.3119651896041347,0.8845941102344661,10404,10395,3,Box 4,mid_3aer-mid
2017-07-15 11:52:00,-58.64170837402344,-1.601515293121338,-57.358314514160156,-47.551822662353516,-22.157564163208008,12.396385192871094,-0.04531470686197281,-63.871036529541016,0.5395060777664185,2.580418348312378,0.8290310468493823,0.38630079504083015,-0.2161218704475553,0.000790028557342809,2.8801146295738342,1.27948385354137,1.530092050120183,0.8364946797566172,10302,9931,0,Box 1,mid_3aer-mid
2017-07-15 11:52:00,-53.166282653808594,-0.005586941726505756,-53.1607666015625,-45.09455490112305,-17.036529541015625,8.9682035446167,0.0021073976531624794,-53.80012512207031,0.0800408348441124,0.15065886080265045,0.8482674273156027,0.32047184873657364,-0.16869963408176175,-3.964197041456119e-05,2.436520793422644,1.1832051701340816,1.4190063879315842,0.833814960755524,10404,10402,1,Box 2,mid_3aer-mid
2017-07-15 11:52:00,-75.29640197753906,0.00029797060415148735,-75.29670715332031,-73.75411987304688,-27.74900245666504,26.20823097229004,-0.0018167059170082211,-75.7154312133789,0.19117535650730133,0.3106403052806854,0.9795131816128363,0.3685287953957802,-0.34806610430737817,2.412729876166697e-05,3.0585877825818555,1.23405750342603,1.4629357612088083,0.8435564047012055,10404,10404,2,Box 3,mid_3aer-mid
2017-07-15 11:52:00,-56.054527282714844,-0.010241036303341389,-56.051513671875,-58.40870666503906,-21.94812774658203,24.32928466796875,-0.023960577324032784,-57.42454147338867,0.37055662274360657,0.2685704231262207,1.0420541122387386,0.3915706465339086,-0.4340522329698693,0.0004274741972221108,2.1886896302194767,1.1585510464277649,1.2847495164746723,0.9018685199668053,10404,10400,3,Box 4,mid_3aer-mid
2017-07-15 11:54:00,-61.63584899902344,-1.5488663911819458,-60.22917938232422,-46.47187423706055,-24.52742576599121,10.97866439819336,-0.2085447460412979,-67.25348663330078,0.5761948227882385,2.8078725337982178,0.7715840221717987,0.40723496354267597,-0.18228150593102058,0.0034625202165459446,2.8126896121164475,1.313775576470385,1.5632407987673254,0.8417189821811231,10311,9860,0,Box 1,mid_3aer-mid
2017-07-15 11:54:00,-53.893795013427734,0.0084846131503582,-53.91032409667969,-45.04814910888672,-17.720693588256836,8.848949432373047,0.009571637026965618,-54.66334915161133,0.08213824033737183,0.14855659008026123,0.8356126812744874,0.32870689364961747,-0.16414202752135496,-0.00017754740274991687,2.4602753226408822,1.1937161880057907,1.432078685316239,0.8335017404124653,10404,10400,1,Box 2,mid_3aer-mid
2017-07-15 11:54:00,-75.4792709350586,0.00011676249414449558,-75.47938537597656,-73.23461151123047,-27.335996627807617,25.090829849243164,0.0003953857230953872,-75.77628326416016,0.19562065601348877,0.3314429521560669,0.9702597729653964,0.3621650848100886,-0.3324196194485452,-5.238326939827065e-06,3.0079427416311493,1.2281768538864606,1.4598552600638666,0.8412987598286916,10404,10404,2,Box 3,mid_3aer-mid
2017-07-15 11:54:00,-53.32296371459961,0.013685641810297966,-53.33323287963867,-52.08955764770508,-20.76080322265625,19.59105110168457,-0.07392651587724686,-54.90678024291992,0.37738272547721863,0.28095611929893494,0.9766810208980654,0.3892657348421252,-0.36733288044882,0.0013861247086294215,2.0139632253596353,1.1497180530298414,1.2699023597587777,0.905659316745366,10404,10402,3,Box 4,mid_3aer-mid
2017-07-15 11:56:00,-62.52284622192383,-1.4701874256134033,-61.18197250366211,-44.583526611328125,-26.6578426361084,10.150897979736328,-0.09149132668972015,-68.34515380859375,0.6005538702011108,2.9555866718292236,0.7287037510486915,0.43571407274048685,-0.16591322073329942,0.0014953969441211246,2.6810306361285186,1.3429112462994113,1.5700716741712963,0.8558956315095497,10321,9840,0,Box 1,mid_3aer-mid
2017-07-15 11:56:00,-54.91836166381836,-0.07528240978717804,-54.846351623535156,-45.49699783325195,-18.27956771850586,8.934386253356934,-0.004167268052697182,-55.82754135131836,0.0833863765001297,0.17580443620681763,0.8295356389141746,0.33328687550420727,-0.16289849518319519,7.598076481332705e-05,2.4631619389349266,1.1985222167355134,1.436528025488006,0.8343416781191908,10404,10400,1,Box 2,mid_3aer-mid
2017-07-15 11:56:00,-75.15168762207031,0.0001036320099956356,-75.15179443359375,-70.65677642822266,-26.129138946533203,21.631389617919922,0.002747662365436554,-75.41661071777344,0.1752299815416336,0.33122116327285767,0.9401876588017498,0.34768486394337184,-0.2878359612406117,-3.656150450992435e-05,2.9127315562921647,1.2185686797275839,1.4608737678118116,0.8341253157332531,10404,10404,2,Box 3,mid_3aer-mid
2017-07-15 11:56:00,-48.876983642578125,0.018655776977539062,-48.890220642089844,-53.429744720458984,-16.40924835205078,21.017574310302734,-0.06879261881113052,-50.33762741088867,0.3464885950088501,0.1505238115787506,1.0928515642560162,0.33563461100462794,-0.4298932589327135,0.0014070836720694313,2.030345424314967,1.1148852316519315,1.2411168112542321,0.8985650169549333,10404,10400,3,Box 4,mid_3aer-mid
2017-07-15 11:58:00,-65.39576721191406,-1.9985802173614502,-63.54413986206055,-47.20102310180664,-28.136127471923828,11.866599082946777,-0.07358241081237793,-71.65284729003906,0.6215629577636719,3.0888001918792725,0.7428069386646365,0.4427808816303869,-0.18674579361977334,0.0011579733247498725,2.8288725757955397,1.363331420362819,1.594632930053678,0.8554121043145532,10304,9773,0,Box 1,mid_3aer-mid
2017-07-15 11:58:00,-55.63535690307617,-0.07175319641828537,-55.56599044799805,-46.05113983154297,-18.407419204711914,8.897135734558105,-0.004561830312013626,-56.59456253051758,0.09178099036216736,0.2010113000869751,0.8287649208996847,0.33127133884125204,-0.1601183572675858,8.209752664908865e-05,2.483759376853078,1.1994053307255834,1.4418331120000123,0.8318864037099687,10404,10401,1,Box 2,mid_3aer-mid
2017-07-15 11:58:00,-75.98291015625,0.0001586904254509136,-75.98306274414062,-72.99337005615234,-25.505460739135742,22.505765914916992,0.010000044479966164,-76.34715270996094,0.18812693655490875,0.31731268763542175,0.9606531491742386,0.33567296237968797,-0.2961945026913804,-0.0001316088625461509,3.111835605874808,1.2193695147200292,1.4827568721386064,0.8223238251423051,10404,10404,2,Box 3,mid_3aer-mid
2017-07-15 11:58:00,-50.4224739074707,0.02581820636987686,-50.44717788696289,-60.3109245300293,-15.18548583984375,25.06653594970703,-0.01729932799935341,-51.527687072753906,0.31169843673706055,0.011329811997711658,1.1955262928901969,0.30101756554870496,-0.4968867780739022,0.0003429196350003827,2.1185497326666223,1.0991224842950564,1.232835688835043,0.8916041211955593,10404,10399,3,Box 4,mid_3aer-mid
2017-07-15 12:00:00,-69.41958618164062,-3.3684449195861816,-66.30411529541016,-48.886131286621094,-28.815048217773438,11.349285125732422,0.04777747020125389,-76.2314453125,0.6544547080993652,3.355844259262085,0.7373015997476043,0.43458910594662425,-0.17117012496515818,-0.0007205807290704136,2.836239114258893,1.3596606972866947,1.6020814681842754,0.8483956934118188,10276,9670,0,Box 1,mid_3aer-mid
2017-07-15 12:00:00,-56.53422546386719,-0.05529379844665527,-56.488155364990234,-46.424251556396484,-18.706682205200195,8.645730972290039,-0.002952676499262452,-57.582149505615234,0.11067017167806625,0.23625332117080688,0.8218404470684088,0.33116116802102713,-0.153053885807579,5.227071814312145e-05,2.5129385874020285,1.2040008114374634,1.4531527225000342,0.8285600774708048,10404,10400,1,Box 2,mid_3aer-mid
2017-07-15 12:00:00,-80.3053970336914,-0.00021049147471785545,-80.30518341064453,-74.8591079711914,-26.974905014038086,21.502622604370117,0.026196815073490143,-80.3666000366211,0.2124880701303482,0.37850940227508545,0.9321826642085476,0.3359048889526685,-0.26776133743930963,-0.0003262157219064421,3.1215163591188406,1.227638310970665,1.5023706464322373,0.8170256212596992,10404,10404,2,Box 3,mid_3aer-mid
2017-07-15 12:00:00,-52.18688201904297,0.06737948209047318,-52.24754333496094,-57.120174407958984,-16.741451263427734,21.655248641967773,-0.041172124445438385,-53.567989349365234,0.29903820157051086,0.09472642093896866,1.0932603705545005,0.3204255879077706,-0.41447397860074947,0.0007880201384783403,2.1378482618252606,1.117781066531756,1.2606932295690878,0.8868018915958125,10404,10393,3,Box 4,mid_3aer-mid
2017-07-15 12:02:00,-70.42149353027344,-3.772414445877075,-66.86902618408203,-46.4585075378418,-29.971572875976562,9.700982093811035,-0.13992677628993988,-77.46001434326172,0.6706470847129822,3.5206189155578613,0.6947687210927772,0.44821311136016323,-0.14507438231232886,0.0020925498593884206,2.70426606122398,1.3783613195888194,1.6117100950689889,0.8560712443754187,10217,9622,0,Box 1,mid_3aer-mid
2017-07-15 12:02:00,-57.530677795410156,-0.07490964978933334,-57.4581298828125,-46.779640197753906,-19.08238983154297,8.431488037109375,-0.027584128081798553,-58.54019546508789,0.13682067394256592,0.21348649263381958,0.8141518723713315,0.3321094923092016,-0.14674143826598465,0.00048007358545157364,2.5105741804800235,1.2065293058001432,1.4577286618209682,0.8278273278017556,10404,10394,1,Box 2,mid_3aer-mid
2017-07-15 12:02:00,-82.84382629394531,-0.0002879968087654561,-82.84354400634766,-76.7778549194336,-28.96986198425293,22.864728927612305,0.0394466407597065,-83.21281433105469,0.2343449592590332,0.46498143672943115,0.9267814133267236,0.34969367554337843,-0.2759989305413031,-0.0004761583287989368,3.280895591242505,1.2512591627927203,1.5331540689873269,0.8159679536421288,10404,10404,2,Box 3,mid_3aer-mid
2017-07-15 12:02:00,-55.43312072753906,0.03880086913704872,-55.473785400390625,-57.41463088989258,-19.743186950683594,21.635353088378906,0.04868892952799797,-57.151851654052734,0.28133922815322876,0.2663312256336212,1.034986823067502,0.3559012772375537,-0.3900104076686483,-0.0008776926364073012,2.0921530240454898,1.1353278456676024,1.2683877001970971,0.8949085229616633,10404,10382,3,Box 4,mid_3aer-mid
2017-07-15 12:04:00,-71.56050109863281,-3.6421079635620117,-68.09148406982422,-48.80849838256836,-31.349735260009766,12.152161598205566,-0.08542196452617645,-78.90837097167969,0.6870862245559692,3.6815102100372314,0.716807518176358,0.46040610202058346,-0.17846813766935532,0.0012545174724138408,2.978790095960316,1.4198358041064059,1.6612704890609062,0.8552130505535764,10171,9606,0,Box 1,mid_3aer-mid
2017-07-15 12:04:00,-58.79839324951172,-0.05698974430561066,-58.75579833984375,-47.02048110961914,-19.683792114257812,7.965734481811523,-0.017267195507884026,-59.7901496887207,0.15054452419281006,0.20993629097938538,0.8002695516211142,0.3350101359740832,-0.13557356825502984,0.0002938806598324073,2.5051540251353686,1.211937875216958,1.465969853942454,0.8268069898135201,10402,10394,1,Box 2,mid_3aer-mid
2017-07-15 12:04:00,-87.39358520507812,-0.0001929512363858521,-87.39339447021484,-82.99645233154297,-31.115644454956055,26.700754165649414,0.017959635704755783,-88.1534194946289,0.2509438395500183,0.5678202509880066,0.9496880312086955,0.35604120421090063,-0.30552373203420885,-0.00020550338538727342,3.516605291844255,1.2658195023709744,1.5548384499141132,0.814042573719066,10404,10404,2,Box 3,mid_3aer-mid
2017-07-15 12:04:00,-51.033756256103516,-0.029123255982995033,-50.99369812011719,-52.4062614440918,-18.87999153137207,20.311124801635742,-0.018559075891971588,-52.803958892822266,0.21521662175655365,0.12795938551425934,1.0277008886903147,0.37024172469948563,-0.3983065618257816,0.0003639484359812539,1.8770596969841438,1.1201131620184774,1.2265979400788587,0.913254776890262,10404,10381,3,Box 4,mid_3aer-mid
2017-07-15 12:06:00,-73.14974212646484,-3.23146915435791,-69.89961242675781,-48.8680419921875,-32.32179641723633,11.310548782348633,-0.020327933132648468,-80.71932983398438,0.706638753414154,3.853978157043457,0.6991174866792338,0.46240300920622623,-0.16181131195907295,0.0002908160736129206,3.0639150236097783,1.4481516431492163,1.7055036193238768,0.8492368337795402,10184,9602,0,Box 1,mid_3aer-mid
2017-07-15 12:06:00,-58.4693489074707,-0.09304835647344589,-58.384552001953125,-46.291778564453125,-19.472949981689453,7.378761291503906,0.001407703384757042,-59.39501190185547,0.13462074100971222,0.18639545142650604,0.7928770877504111,0.3335291074831554,-0.1263820843478372,-2.4110885729289322e-05,2.4805864622774734,1.2105590574486147,1.465124534921269,0.826242330059925,10404,10398,1,Box 2,mid_3aer-mid
2017-07-15 12:06:00,-90.29891204833984,0.0001188456590170972,-90.29903411865234,-85.3605728149414,-32.13964080810547,27.191686630249023,0.00949369091540575,-91.12995147705078,0.26708218455314636,0.5259705185890198,0.9453099636002303,0.3559245063623533,-0.3011293338151318,-0.0001051361474518342,3.5229007773947085,1.2675305332651992,1.559002973435723,0.8130012457653231,10404,10404,2,Box 3,mid_3aer-mid
2017-07-15 12:06:00,-51.23265075683594,-0.04125841706991196,-51.20306396484375,-57.64872741699219,-17.369386672973633,23.704511642456055,0.11052770912647247,-52.27098846435547,0.1662534475326538,0.0027967083733528852,1.1258841556369747,0.33922547689372873,-0.4629510174579274,-0.0021586150727760933,2.0198235211910873,1.1117189381106494,1.2313802861490457,0.9024178673744768,10404,10336,3,Box 4,mid_3aer-mid
2017-07-15 12:08:00,-74.6111831665039,-2.802062511444092,-71.75751495361328,-49.522090911865234,-33.635475158691406,11.442756652832031,-0.04270860180258751,-82.32718658447266,0.7308639883995056,4.050840854644775,0.6901310398787558,0.46873798602833294,-0.15946420545464496,0.0005951795475562238,3.19562517478313,1.4837048651824596,1.752671391281939,0.8468218758327763,10206,9630,0,Box 1,mid_3aer-mid
2017-07-15 12:08:00,-58.72759246826172,-0.047259118407964706,-58.68033218383789,-45.9741096496582,-19.5949649810791,6.888062953948975,0.0006780473049730062,-59.73933792114258,0.12024909257888794,0.234523206949234,0.7834670532130903,0.3339273055226694,-0.1173828038026095,-1.1554933150206836e-05,2.4901659212577307,1.2146179602004301,1.474276705687148,0.8238701104497915,10404,10402,1,Box 2,mid_3aer-mid
2017-07-15 12:08:00,-87.8106460571289,9.933277760865167e-05,-87.81074523925781,-80.54191589355469,-31.330495834350586,24.0804386138916,-0.018774446099996567,-88.7165298461914,0.27454498410224915,0.4318981468677521,0.9172216251454149,0.3567956606318464,-0.27423109156174763,0.00021380578448626508,3.270651543843295,1.259201900446803,1.5382485324077624,0.8186699479020063,10404,10404,2,Box 3,mid_3aer-mid
2017-07-15 12:08:00,-49.00717544555664,-0.061202745884656906,-48.94304656982422,-50.33611297607422,-17.467571258544922,18.820940017700195,0.039701271802186966,-49.83572769165039,0.14979751408100128,0.00010616033978294581,1.0284630453380148,0.35689589165649743,-0.3845477641834799,-0.0008111728110323235,1.770597529108589,1.1042085674510245,1.203421276920441,0.9174199799043093,10404,10357,3,Box 4,mid_3aer-mid
2017-07-15 12:10:00,-75.90415954589844,-3.4048941135406494,-72.56208038330078,-48.8927001953125,-33.97371292114258,10.310140609741211,-0.005803516134619713,-83.8499526977539,0.7535041570663452,4.246451377868652,0.673805123303048,0.46820207582561596,-0.14208717913687402,7.998000821007878e-05,3.081192995808568,1.47841472081088,1.744900419489834,0.847315142852483,10250,9526,0,Box 1,mid_3aer-mid
2017-07-15 12:10:00,-59.060726165771484,-0.06568645685911179,-59.004127502441406,-45.59270477294922,-19.257387161254883,5.87990665435791,-0.0339399129152298,-60.01272201538086,0.10774015635251999,0.2792646288871765,0.772703664550481,0.326373586740354,-0.09965246381743072,0.000575212526595717,2.468175658856689,1.2102236916603561,1.476608740052,0.8197804921742134,10404,10401,1,Box 2,mid_3aer-mid
2017-07-15 12:10:00,-85.23808288574219,0.00016132381279021502,-85.23824310302734,-81.25595092773438,-30.77541732788086,26.822357177734375,-0.029237601906061172,-85.42926025390625,0.29604506492614746,0.31925612688064575,0.9532804159646403,0.36105172980832684,-0.3146751560888463,0.0003430103158791331,3.168639864875571,1.2440904434245132,1.4967184074497903,0.8313270826559669,10404,10404,2,Box 3,mid_3aer-mid
2017-07-15 12:10:00,-44.01426315307617,-0.06595136970281601,-43.93682098388672,-48.51154327392578,-14.031691551208496,18.5926456451416,0.013768574222922325,-44.87810134887695,0.12445246428251266,-0.01902960240840912,1.1041204888912348,0.3193606833100579,-0.4231678000118005,-0.00031337218949223367,1.9680436551685276,1.1028690550285305,1.2267862883054028,0.8989327857080308,10404,10369,3,Box 4,mid_3aer-mid
2017-07-15 12:12:00,-75.25336456298828,-2.969851016998291,-72.42235565185547,-47.9492073059082,-34.105308532714844,9.781649589538574,-0.14949414134025574,-83.19021606445312,0.75276118516922,4.165122985839844,0.6620773803421461,0.47092236326584036,-0.13506394207669312,0.0020641984687066184,2.8766740519930667,1.45612903080248,1.7022986780096852,0.8563296909010708,10312,9571,0,Box 1,mid_3aer-mid
2017-07-15 12:12:00,-58.99248504638672,0.04984074458479881,-59.033443450927734,-45.42243576049805,-19.218000411987305,5.615339279174805,-0.008347736671566963,-59.973148345947266,0.09487032890319824,0.21543152630329132,0.7694356318544654,0.32554429622060893,-0.09512133498257373,0.00014140690749940565,2.4716094964549162,1.2109714029633427,1.4799462086314548,0.8182990197310233,10404,10400,1,Box 2,mid_3aer-mid
2017-07-15 12:12:00,-82.98114013671875,3.9805509004509076e-05,-82.98119354248047,-81.80747985839844,-29.7503719329834,28.581314086914062,-0.004647496156394482,-83.14008331298828,0.3039025366306305,0.23710426688194275,0.9858557506115254,0.35851945552655545,-0.34443121277009214,5.600663201127398e-05,3.30451387056693,1.242768283893219,1.498022844312171,0.8296244738998801,10404,10404,2,Box 3,mid_3aer-mid
2017-07-15 12:12:00,-50.967044830322266,0.039094358682632446,-51.00127410888672,-59.810638427734375,-15.223793029785156,23.96796226501465,0.06519149988889694,-52.44948959350586,0.16448502242565155,0.17605678737163544,1.1727282640896282,0.2984982783167717,-0.46994830960686196,-0.0012782327995379261,2.288372223653655,1.1111066239459035,1.2652925650325206,0.8778779822088759,10404,10393,3,Box 4,mid_3aer-mid
2017-07-15 12:14:00,-74.43778991699219,-2.3659496307373047,-72.15250396728516,-50.405120849609375,-33.56101608276367,11.861743927001953,-0.04811692237854004,-82.27115631103516,0.7482179999351501,3.960810899734497,0.6985913823013931,0.4651399584097772,-0.1643982188056985,0.000666878094528256,3.067923674225997,1.4523682921680776,1.7072542191481788,0.8510076787957437,10329,9668,0,Box 1,mid_3aer-mid
2017-07-15 12:14:00,-59.22584533691406,-0.028289351612329483,-59.19867706298828,-45.33129119873047,-19.052139282226562,5.213220119476318,-0.028470726683735847,-60.24021530151367,0.09220194071531296,0.1938130259513855,0.7657483523715565,0.3218338258027984,-0.08806311332569934,0.0004809351513444665,2.455318042854286,1.207754167874633,1.4784800635197723,0.8170426780950476,10399,10380,1,Box 2,mid_3aer-mid
2017-07-15 12:14:00,-85.78671264648438,0.058648984879255295,-85.82601928710938,-85.89569854736328,-30.50006675720215,30.582780838012695,-0.013056093826889992,-86.09654235839844,0.3539222776889801,0.22735632956027985,1.0008116611744762,0.3553707809643982,-0.35633456492132093,0.00015212278244652877,3.4190083977815315,1.2439110418008152,1.5059910502891434,0.8260265047924321,10404,10402,2,Box 3,mid_3aer-mid
2017-07-15 12:14:00,-56.00262451171875,0.020100969821214676,-56.01079559326172,-66.98976135253906,-15.918665885925293,26.806123733520508,0.0915021002292633,-58.00676345825195,0.19520974159240723,0.23929855227470398,1.1960150404417413,0.2842070948078903,-0.47858848412420046,-0.0016336511254311792,2.382517601644885,1.1086570869552868,1.273741235221604,0.8700503035905818,10404,10392,3,Box 4,mid_3aer-mid
2017-07-15 12:16:00,-72.6747817993164,-1.8290356397628784,-70.88880157470703,-49.48775863647461,-33.00185012817383,11.589722633361816,0.011081202886998653,-80.25988006591797,0.7375741004943848,3.7552905082702637,0.6981039740222598,0.4655439400453082,-0.1634915959646949,-0.0001563181028730598,2.9744110355778566,1.4382958726933424,1.682834074934029,0.8546171477236122,10346,9724,0,Box 1,mid_3aer-mid
2017-07-15 12:16:00,-59.31560134887695,0.1280699372291565,-59.424068450927734,-44.89727020263672,-19.346860885620117,4.801258087158203,0.018803510814905167,-60.32802963256836,0.08185488730669022,0.12330799549818039,0.7555401355885336,0.3255728179473947,-0.08079652435818908,-0.0003164291777392053,2.450746283899584,1.2130453968646195,1.4850900164762513,0.8167138641184101,10395,10365,1,Box 2,mid_3aer-mid
2017-07-15 12:16:00,-88.90373992919922,0.0006653161835856736,-88.90441131591797,-88.67666625976562,-31.895177841186523,31.667463302612305,-2.2403180992114358e-05,-89.27488708496094,0.40882742404937744,0.23545166850090027,0.9974383715705658,0.3587581278748362,-0.3561967514371811,2.519917791099502e-07,3.4508580277726697,1.2495126922299793,1.5127582619318933,0.8259831421899525,10404,10404,2,Box 3,mid_3aer-mid
2017-07-15 12:16:00,-58.67428207397461,0.007577025797218084,-58.70379638671875,-69.24201202392578,-18.33895492553711,28.757476806640625,0.11969155073165894,-60.924747467041016,0.23188215494155884,0.2783317565917969,1.1795149380908811,0.3123980668527158,-0.48987409848824515,-0.002038906455351819,2.465094647111634,1.1269097892613773,1.2904256178286837,0.8728314796507839,10404,10383,3,Box 4,mid_3aer-mid
2017-07-15 12:18:00,-71.16488647460938,-1.0232199430465698,-70.03602600097656,-46.97636413574219,-31.98777198791504,8.981796264648438,-0.05367446318268776,-78.4984359741211,0.7182045578956604,3.4811184406280518,0.670745845124573,0.4567331739310324,-0.1282454028113809,0.0007663837557754516,2.7563886975210554,1.4122813981541216,1.6551267304143615,0.8536064635808395,10335,9783,0,Box 1,mid_3aer-mid
2017-07-15 12:18:00,-61.027122497558594,0.12089782953262329,-61.135215759277344,-45.550270080566406,-20.300180435180664,4.713064670562744,0.0021726314444094896,-62.111785888671875,0.086140476167202,0.11961337178945541,0.7450741814868457,0.33205381483427765,-0.07709245818637436,-3.553813474896361e-05,2.49611775912877,1.2260936879741668,1.5056691010181324,0.814306314408891,10402,10375,1,Box 2,mid_3aer-mid
2017-07-15 12:18:00,-91.69598388671875,0.0010567253921180964,-91.69703674316406,-90.09750366210938,-33.21949005126953,31.633710861206055,-0.013759954832494259,-92.36149597167969,0.4740927517414093,0.2746148705482483,0.9825562863636067,0.36227438127664174,-0.3449807265307568,0.0001500588905083422,3.511408391365515,1.2605530202072595,1.5312819506885471,0.8232537600865023,10404,10404,2,Box 3,mid_3aer-mid
2017-07-15 12:18:00,-66.03360748291016,-0.02417665161192417,-66.05354309082031,-73.04374694824219,-21.48336410522461,28.46007537841797,0.01348384190350771,-68.35943603515625,0.2995784282684326,0.4911744296550751,1.1058262094566853,0.32524164383955956,-0.43086371827840847,-0.0002041350178363932,2.664563653157089,1.1550261369185768,1.343686853976941,0.8595428925645755,10404,10391,3,Box 4,mid_3aer-mid
2017-07-15 12:20:00,-69.90557861328125,-1.1972776651382446,-68.7199478149414,-49.323734283447266,-29.800575256347656,10.525215148925781,-0.12085219472646713,-76.95573425292969,0.6814420819282532,3.289174795150757,0.717749866721189,0.4336524909937725,-0.15316097646341756,0.0017586187484560367,2.796063867352792,1.3642631508644525,1.6120662008374362,0.8469933172635211,10339,9809,0,Box 1,mid_3aer-mid
2017-07-15 12:20:00,-62.21654510498047,-0.04244595766067505,-62.182579040527344,-45.35176086425781,-20.637744903564453,3.800152540206909,0.006777323782444,-63.452945709228516,0.08662161976099014,0.171339750289917,0.7293322899984505,0.3318895192489706,-0.06111281852511766,-0.00010899072230338702,2.488015571698206,1.2304623712798626,1.5167720602044275,0.8112006656214062,10400,10382,1,Box 2,mid_3aer-mid
2017-07-15 12:20:00,-94.56649780273438,-0.028365863487124443,-94.54724884033203,-91.28459930419922,-34.64962387084961,31.38898277282715,-0.0020098586101084948,-95.63642883300781,0.5164456367492676,0.34991514682769775,0.9654918642027093,0.3664794810273395,-0.33199260294802657,2.1257717977785084e-05,3.5644373899792874,1.272804848612444,1.550862615388501,0.820715328955252,10404,10403,2,Box 3,mid_3aer-mid
2017-07-15 12:20:00,-67.998779296875,-0.12584486603736877,-67.88613891601562,-72.94511413574219,-22.525306701660156,27.573240280151367,0.011044337414205074,-70.72869873046875,0.34530219435691833,0.649669885635376,1.0745214917448485,0.3318101307075637,-0.4061689333129006,-0.0001626891395115626,2.682485227675889,1.1645703940806789,1.3581225785994566,0.8574427806743509,10404,10368,3,Box 4,mid_3aer-mid
2017-07-15 12:22:00,-68.53939819335938,-0.7193102240562439,-67.59624481201172,-48.09638977050781,-29.380687713623047,10.033469200134277,-0.15263105928897858,-75.38304901123047,0.6522672772407532,3.227043628692627,0.7115246537621387,0.43464973085633307,-0.14843236625743936,0.0022579816389675933,2.736081284600787,1.3599241906589874,1.6024523523356276,0.8495559292111368,10345,9872,0,Box 1,mid_3aer-mid
2017-07-15 12:22:00,-62.58462905883789,-0.04195444658398628,-62.54973602294922,-45.086299896240234,-20.571928024291992,3.107424259185791,0.0010725389001891017,-63.88331985473633,0.07637130469083786,0.19878432154655457,0.720807281617764,0.32888912475824766,-0.04967925939792567,-1.714697808596899e-05,2.4831617967575155,1.2305980417777105,1.5228877099699871,0.8080629704218386,10404,10390,1,Box 2,mid_3aer-mid
2017-07-15 12:22:00,-96.55027770996094,0.00038160226540639997,-96.55065155029297,-91.94548797607422,-35.981048583984375,31.383956909179688,-0.00807911716401577,-98.15465545654297,0.5612712502479553,0.49161747097969055,0.9523030885395616,0.3726649928936021,-0.32505175893385296,8.367750068927204e-05,3.5693868226212175,1.2826946851095657,1.5610743192287522,0.821704946019725,10404,10404,2,Box 3,mid_3aer-mid
2017-07-15 12:22:00,-72.6988754272461,0.12007500976324081,-72.81926727294922,-69.91374969482422,-26.050792694091797,23.186492919921875,-0.04120726138353348,-76.05081176757812,0.3663533329963684,0.6984517574310303,0.9600997045985961,0.3577458959331849,-0.3184114846718551,0.0005658841400741355,2.5037939507378457,1.1864831157735296,1.375269824192642,0.862883093615527,10404,10364,3,Box 4,mid_3aer-mid
2017-07-15 12:24:00,-67.90025329589844,-0.7858884334564209,-66.92003631591797,-48.899845123291016,-28.634700775146484,10.709695816040039,-0.0951957255601883,-74.6460189819336,0.6259282231330872,3.105977773666382,0.7307204405768841,0.42789424017049815,-0.1600372100581314,0.0014225293107491266,2.7854485969180662,1.3497723744700014,1.5956887347125994,0.8464495062654094,10366,9908,0,Box 1,mid_3aer-mid
2017-07-15 12:24:00,-63.071800231933594,-0.010224473662674427,-63.08628845214844,-44.66238784790039,-20.91208267211914,2.4775280952453613,0.010655350983142853,-64.35636138916016,0.06110233813524246,0.17317526042461395,0.7079571322840278,0.3314838186923015,-0.03927204973186996,-0.00016890124445931298,2.4733941784874873,1.2361610339616398,1.5317135888790838,0.8069863851484601,10404,10395,1,Box 2,mid_3aer-mid
2017-07-15 12:24:00,-94.66254425048828,0.06523806601762772,-94.72514343261719,-85.32463836669922,-35.83049774169922,26.46525001525879,-0.03525465354323387,-97.06011199951172,0.598229169845581,0.5339452624320984,0.9007602216978897,0.3782575543685461,-0.2793899544468426,0.00037217838040681794,3.2722290374774365,1.282624501742643,1.550679043163923,0.8272723754101287,10404,10401,2,Box 3,mid_3aer-mid
2017-07-15 12:24:00,-64.59236145019531,0.27307966351509094,-64.80683898925781,-53.303009033203125,-25.189838409423828,13.794700622558594,-0.1086936891078949,-68.27754211425781,0.3263450860977173,0.40063270926475525,0.822490452259129,0.38869106344174204,-0.21285871055781255,0.0016771948569415385,2.01670095172416,1.1802757053050532,1.3288104514823322,0.8886433678441337,10404,10371,3,Box 4,mid_3aer-mid
2017-07-15 12:26:00,-65.56229400634766,-1.1299458742141724,-64.45413208007812,-47.87639236450195,-27.132688522338867,10.646222114562988,-0.09126483649015427,-72.02860260009766,0.5944674015045166,2.930833101272583,0.7427979583548705,0.42096126261351813,-0.1651751865645103,0.001415965596121671,2.6326276950451732,1.3155954012598825,1.5440143057088447,0.8525859089807932,10380,9953,0,Box 1,mid_3aer-mid
2017-07-15 12:26:00,-63.603084564208984,-0.29410573840141296,-63.3350944519043,-44.3535270690918,-21.258848190307617,2.2532875537872314,0.02398940920829773,-65.10472869873047,0.061070509254932404,0.25408050417900085,0.7002993150856295,0.3356566857570719,-0.03557723125775267,-0.00037876958494872937,2.455720533829417,1.2402444192783975,1.5336281921330506,0.8085685647581417,10404,10385,1,Box 2,mid_3aer-mid
2017-07-15 12:26:00,-90.76512908935547,0.000928934954572469,-90.76605224609375,-79.44710540771484,-34.3856315612793,23.099266052246094,-0.03257579356431961,-93.90742492675781,0.6013627052307129,0.4872843623161316,0.875295454136811,0.3788380250400227,-0.2544923776431125,0.00035889846627884525,3.0207624945521787,1.2702816147725968,1.5234907315125379,0.8339227405325802,10404,10404,2,Box 3,mid_3aer-mid
2017-07-15 12:26:00,-60.70206069946289,0.09358174353837967,-60.763492584228516,-55.15863037109375,-22.8584041595459,17.23828887939453,0.015252244658768177,-64.14297485351562,0.3041396737098694,0.192508727312088,0.9077593685947798,0.3761864689718733,-0.28369482757596287,-0.0002510099906902208,2.081478668311567,1.1640418585175902,1.308903475621317,0.889265885026992,10404,10383,3,Box 4,mid_3aer-mid
2017-07-15 12:28:00,-63.835426330566406,-1.0338051319122314,-62.87617492675781,-46.205684661865234,-27.09069061279297,10.509005546569824,-0.0887976735830307,-70.15787506103516,0.5717617273330688,2.8932576179504395,0.7348680420166741,0.43085783112136145,-0.1671381358913658,0.0014122627533302567,2.6650177592859396,1.332893184462208,1.5598970639283767,0.8550118007516365,10389,10071,0,Box 1,mid_3aer-mid
2017-07-15 12:28:00,-63.92478942871094,-0.2969385087490082,-63.6314697265625,-44.159149169921875,-21.744199752807617,2.260274648666382,0.011605408973991871,-65.6935806274414,0.05500524118542671,0.31041237711906433,0.6939828672730388,0.34172085320799656,-0.035521335757978605,-0.00018238472305676795,2.465451568568,1.248780055780174,1.5425364066572251,0.8094987822686728,10404,10390,1,Box 2,mid_3aer-mid
2017-07-15 12:28:00,-89.77845764160156,0.0009357471135444939,-89.7793960571289,-76.28964233398438,-34.11568069458008,20.661314010620117,-0.03538132831454277,-93.15660858154297,0.5977901816368103,0.4658956527709961,0.8497456276723848,0.3799945569028147,-0.2301342764508033,0.000394091875603797,2.866416939281932,1.2654877223810552,1.5114801830564695,0.8373869327885384,10404,10404,2,Box 3,mid_3aer-mid
2017-07-15 12:28:00,-61.167537689208984,0.09815941005945206,-61.25273895263672,-56.34485626220703,-22.29267120361328,17.443389892578125,-0.05860085412859917,-64.46904754638672,0.30267632007598877,0.1935664266347885,0.9198748868065362,0.3639457381004879,-0.28477733095591534,0.0009567060488912538,2.041975521664153,1.1516891652370607,1.2952465024759974,0.8893861070802802,10404,10380,3,Box 4,mid_3aer-mid
2017-07-15 12:30:00,-63.27756881713867,-0.9742804169654846,-62.3489875793457,-43.128990173339844,-26.554903030395508,7.4976654052734375,-0.16276118159294128,-69.60919189453125,0.560305655002594,2.9695374965667725,0.691735199624219,0.4259075127119968,-0.12025319872390466,0.0026104863876888484,2.500552517506901,1.3259805264300502,1.5552691730457548,0.8535565273913323,10387,10106,0,Box 1,mid_3aer-mid
2017-07-15 12:30:00,-65.30226135253906,-0.10158570110797882,-65.22532653808594,-43.73925018310547,-23.302581787109375,1.8243882656097412,-0.007887187413871288,-67.4569320678711,0.06121993809938431,0.4133135676383972,0.670586857911555,0.3572627699800763,-0.027970550045245214,0.00012092215361390185,2.451458653314915,1.2697995929968648,1.5616151571636814,0.8131760427910308,10403,10382,1,Box 2,mid_3aer-mid
2017-07-15 12:30:00,-87.46780395507812,0.001421895227394998,-87.46922302246094,-72.26199340820312,-33.02585983276367,17.870424270629883,-0.05179555341601372,-90.97278594970703,0.5759433507919312,0.4361932575702667,0.8261419263277157,0.37757117239282934,-0.20430525618705855,0.0005921574665135598,2.712528198255787,1.2561236588490525,1.4957488602149551,0.8399960790145137,10404,10404,2,Box 3,mid_3aer-mid
2017-07-15 12:30:00,-58.774383544921875,0.2335996776819229,-58.993736267089844,-57.01286697387695,-20.5745849609375,18.558378219604492,0.03533510863780975,-61.980674743652344,0.27532413601875305,0.03959963843226433,0.9664223192080452,0.3487588083436927,-0.3145821638752796,-0.0005989636764583417,2.0169680643529966,1.1349567488384615,1.2737822521449105,0.8908840220828181,10404,10377,3,Box 4,mid_3aer-mid
2017-07-15 12:32:00,-62.637168884277344,-0.38558951020240784,-62.199371337890625,-44.46289825439453,-25.190223693847656,7.576615333557129,-0.12287105619907379,-68.84867095947266,0.5407199263572693,2.826533079147339,0.7148447521246196,0.4049915625150174,-0.12181175351823717,0.001975438878600161,2.514573848842131,1.2984956710097004,1.5372242740522186,0.8454193044637126,10381,10121,0,Box 1,mid_3aer-mid
2017-07-15 12:32:00,-65.97796630859375,-0.07904123514890671,-65.94364166259766,-44.52798080444336,-23.697856903076172,2.235577344894409,0.046617984771728516,-68.31672668457031,0.0773516595363617,0.4632604420185089,0.6752429645064398,0.3593653007595384,-0.033901328476904226,-0.000706936789073985,2.4864641245351846,1.2742795521596766,1.5677577025047131,0.8125455593381179,10400,10377,1,Box 2,mid_3aer-mid
2017-07-15 12:32:00,-84.41165924072266,0.01995239220559597,-84.4923095703125,-69.03500366210938,-31.03491973876953,15.661287307739258,-0.08368013054132462,-87.54425048828125,0.5102513432502747,0.34498730301856995,0.8170565414116512,0.3673105917522894,-0.1853575205193911,0.0009903873554505116,2.572548382221878,1.2366311340381255,1.4703319801184351,0.8413768898551609,10404,10396,2,Box 3,mid_3aer-mid
2017-07-15 12:32:00,-61.02692413330078,0.06397886574268341,-61.169795989990234,-64.14408874511719,-20.46250343322754,23.453340530395508,-0.016544722020626068,-63.27055740356445,0.2583193778991699,-0.04161835089325905,1.0486235659558851,0.33451975255780636,-0.3834137906043753,0.0002704720906838154,2.1684855409270867,1.1314057531108686,1.2789584509339964,0.8846894504218671,10404,10383,3,Box 4,mid_3aer-mid
2017-07-15 12:34:00,-60.89482116699219,-0.014074863865971565,-60.90974426269531,-43.87834930419922,-24.722320556640625,7.697242736816406,-0.006314900238066912,-66.8179931640625,0.5062523484230042,2.545351505279541,0.7203830663350278,0.4058845488381307,-0.12637129153026325,0.00010367635710475942,2.4334166369388064,1.2847029967659904,1.5090681149743193,0.851358393446476,10378,10082,0,Box 1,mid_3aer-mid
2017-07-15 12:34:00,-66.28739166259766,-0.2870713174343109,-66.04753875732422,-45.0260009765625,-23.309959411621094,2.2982709407806396,-0.00984844658523798,-68.68663787841797,0.08520058542490005,0.4857880175113678,0.681721118406126,0.3529269937063106,-0.03479722361024198,0.00014911149780535288,2.4911840311007936,1.266512952827325,1.5625214560675078,0.8106111025608859,10404,10363,1,Box 2,mid_3aer-mid
2017-07-15 12:34:00,-78.32453155517578,-0.007684428244829178,-78.31946563720703,-63.34218215942383,-28.55801010131836,13.63791561126709,-0.05718697980046272,-80.72347259521484,0.4573020040988922,0.26568275690078735,0.8087668031244664,0.3646348955272864,-0.17413187447499223,0.0007301758232394762,2.3600670352999886,1.2135761095180377,1.4246258167031134,0.8520762036022057,10404,10403,2,Box 3,mid_3aer-mid
2017-07-15 12:34:00,-59.583152770996094,0.028047848492860794,-59.61559295654297,-61.63713455200195,-20.25434112548828,22.350061416625977,-0.07416828721761703,-61.39828872680664,0.24502480030059814,0.10025126487016678,1.0339097960107209,0.3397490661968068,-0.3749029711695316,0.0012441089620039425,2.094656167868387,1.1291712277957495,1.2691910535009256,0.8899417885596221,10404,10376,3,Box 4,mid_3aer-mid
2017-07-15 12:36:00,-60.514198303222656,-0.27678409218788147,-60.20082473754883,-43.8995246887207,-24.1945743560791,7.9116034507751465,-0.018328821286559105,-66.19091796875,0.48400524258613586,2.3724963665008545,0.729218021307886,0.4018976999581254,-0.1314201825822334,0.0003044613162219434,2.4060145121153136,1.2737184401771964,1.4938104474901277,0.8527682256296364,10366,10078,0,Box 1,mid_3aer-mid
2017-07-15 12:36:00,-66.74866485595703,-0.011707908473908901,-66.74213409423828,-45.250343322753906,-23.230684280395508,1.7705825567245483,-0.03167497739195824,-69.1209945678711,0.09378839284181595,0.4988064169883728,0.6779878319375849,0.3480662911635641,-0.02652871057079771,0.00047458746964869347,2.5029022647671963,1.2655427678516493,1.569984269555099,0.8062588500033366,10404,10403,1,Box 2,mid_3aer-mid
2017-07-15 12:36:00,-72.12416076660156,-0.015474610961973667,-72.11107635498047,-59.5826530456543,-26.00389289855957,13.509614944458008,-0.034141410142183304,-73.97271728515625,0.40605705976486206,0.2897416055202484,0.8262621924415772,0.3606088795428354,-0.1873445278064891,0.00047345582207655723,2.2911837402069137,1.1983155301790696,1.3971933908992755,0.8577948563422995,10404,10402,2,Box 3,mid_3aer-mid
2017-07-15 12:36:00,-56.66892623901367,0.12128321826457977,-56.788291931152344,-59.734458923339844,-20.359752655029297,23.373815536499023,-0.06788822263479233,-58.34931945800781,0.22995306551456451,0.07852873206138611,1.0518799387963778,0.35852030131840446,-0.4115957018830103,0.001195461768228101,2.0618311314218065,1.1312397184480751,1.2577217999125228,0.8996821542387077,10404,10370,3,Box 4,mid_3aer-mid
2017-07-15 12:38:00,-60.564510345458984,-0.05748917534947395,-60.233707427978516,-47.03486633300781,-23.831743240356445,10.698251724243164,-0.0653429627418518,-66.05482482910156,0.4617680311203003,2.2089078426361084,0.7808729237959341,0.39565466239626207,-0.17761241023898308,0.0010848240467869197,2.5994708391388675,1.2738182782785552,1.5034987062976901,0.8476109201572876,10353,10016,0,Box 1,mid_3aer-mid
2017-07-15 12:38:00,-66.0480728149414,-0.012742297723889351,-66.03578186035156,-45.314876556396484,-21.931686401367188,1.2169427871704102,-0.006156578194350004,-68.2559585571289,0.0754973366856575,0.33201873302459717,0.686217069954807,0.3321182347746814,-0.018428535671342217,9.323094185380645e-05,2.4553443857003554,1.2428082478699232,1.5470310613356577,0.803383227144847,10404,10403,1,Box 2,mid_3aer-mid
2017-07-15 12:38:00,-68.1064224243164,-0.04457835108041763,-68.0648193359375,-57.136016845703125,-24.550899505615234,13.653791427612305,-0.03168793022632599,-69.88595581054688,0.36916738748550415,0.373041570186615,0.839435464064973,0.36069881567062223,-0.20059983494795175,0.0004655552123564721,2.2755984993558918,1.1932201905274316,1.386117087986756,0.8609673686112655,10404,10398,2,Box 3,mid_3aer-mid
2017-07-15 12:38:00,-53.95276641845703,0.15674139559268951,-54.09912109375,-56.29063415527344,-19.404369354248047,21.641002655029297,-0.045125242322683334,-55.67069625854492,0.21132178604602814,0.01562534086406231,1.0405091487454925,0.3586818063704602,-0.40002507657833003,0.0008341214623773241,1.996223209351734,1.1265323791622406,1.2478827524421412,0.9029217555682083,10404,10385,3,Box 4,mid_3aer-mid
2017-07-15 12:40:00,-58.751502990722656,-0.10882970690727234,-58.56132888793945,-45.41100311279297,-22.32549285888672,9.1387300491333,0.03644087165594101,-63.95652389526367,0.44179534912109375,2.017143487930298,0.7754436036660745,0.3812326876650339,-0.15605402276980712,-0.0006222685613012091,2.5780353681762906,1.2621219842678146,1.5024403613768729,0.8398352019713575,10352,9945,0,Box 1,mid_3aer-mid
2017-07-15 12:40:00,-65.47720336914062,-0.019323376938700676,-65.458251953125,-45.22043228149414,-21.661619186401367,1.4199942350387573,0.0038152006454765797,-67.6252212524414,0.06429192423820496,0.21547120809555054,0.690828687625521,0.33092272544609164,-0.021693128582541205,-5.828448907139669e-05,2.4510540850676636,1.2395226474309975,1.541230367353527,0.8042220178677237,10404,10402,1,Box 2,mid_3aer-mid
2017-07-15 12:40:00,-65.88634490966797,-0.08694997429847717,-65.763916015625,-53.881309509277344,-24.024639129638672,12.27586555480957,-0.13383030891418457,-67.537109375,0.31249916553497314,0.40586018562316895,0.819314215436453,0.36531645721525857,-0.1866656840415815,0.0020350113898699174,2.131673228570183,1.1838184515971966,1.3606239805033642,0.8706009614757247,10404,10395,2,Box 3,mid_3aer-mid
2017-07-15 12:40:00,-53.30802917480469,0.09354367107152939,-53.39970779418945,-49.408599853515625,-21.780080795288086,17.852046966552734,-0.06307513266801834,-54.928184509277344,0.2066122144460678,-0.02791527658700943,0.9252597268997175,0.40786891428703703,-0.3343098298450336,0.0011811886582790976,1.711275935731174,1.1257074920316985,1.2135444634675066,0.9278315771743519,10404,10377,3,Box 4,mid_3aer-mid
2017-07-15 12:42:00,-57.58817672729492,-0.3387411832809448,-57.273963928222656,-45.28753662109375,-21.861474990844727,9.98011302947998,-0.10507408529520035,-62.57798767089844,0.4204482436180115,1.885934829711914,0.7907175559587536,0.38170002849772255,-0.17425217147835836,0.001834587021882217,2.5241332020541285,1.2504175213188822,1.4774529354368349,0.8469394896244559,10362,9889,0,Box 1,mid_3aer-mid
2017-07-15 12:42:00,-67.5645751953125,-0.014799514785408974,-67.55012512207031,-46.65541458129883,-22.936044692993164,2.0382869243621826,0.003050871193408966,-69.84381103515625,0.078799769282341,0.1763014942407608,0.6906785007281627,0.3395411010319593,-0.030174437204723417,-4.5164555398588546e-05,2.4891945177477495,1.2512735942719504,1.552904726001738,0.8057472558137966,10404,10402,1,Box 2,mid_3aer-mid
2017-07-15 12:42:00,-61.611568450927734,-0.03341754153370857,-61.57902526855469,-48.3296012878418,-23.149581909179688,9.907846450805664,-0.0076785823330283165,-63.455745697021484,0.21981622278690338,0.35673391819000244,0.7848388111226604,0.37593292211397444,-0.16089642803503246,0.00012469479839760655,1.9907383298726722,1.1792692339458883,1.3396643610611216,0.8803042529672267,10404,10402,2,Box 3,mid_3aer-mid
2017-07-15 12:42:00,-47.8860969543457,0.043505605310201645,-47.932464599609375,-43.83893966674805,-19.160398483276367,15.043991088867188,0.022883426398038864,-49.538631439208984,0.22007901966571808,0.08808212727308273,0.9145981265358435,0.39973735515320397,-0.31385807192493326,-0.00047740976411420055,1.7836724902666508,1.134802587935945,1.2347925606793948,0.918930328693938,10404,10383,3,Box 4,mid_3aer-mid
2017-07-15 12:44:00,-56.72441101074219,-1.7048025131225586,-55.19929504394531,-44.76336669921875,-19.073007583618164,8.61561393737793,0.02146696113049984,-61.58028793334961,0.4168931543827057,1.95566725730896,0.8109409154875313,0.34552995014767995,-0.1560819664743048,-0.0003888991609064807,2.3308218030167347,1.1975539692546304,1.4159985968270403,0.8456166457267654,10334,9784,0,Box 1,mid_3aer-mid
2017-07-15 12:44:00,-70.86934661865234,0.017292020842432976,-70.88643646240234,-49.21501541137695,-24.759572982788086,3.0711755752563477,0.01696953736245632,-73.38394165039062,0.08851341158151627,0.15391214191913605,0.6942796552391479,0.349285024863725,-0.043325289638347635,-0.00023939046452526452,2.56984158976903,1.2679725630717993,1.5732645248452608,0.8058625871693939,10404,10403,1,Box 2,mid_3aer-mid
2017-07-15 12:44:00,-56.485084533691406,-0.0433996319770813,-56.442195892333984,-42.97486877441406,-22.59111213684082,9.143646240234375,-0.019869405776262283,-58.31471252441406,0.16620758175849915,0.3156014382839203,0.761395996926498,0.4002521317629254,-0.1620001597120256,0.00035203102260225605,1.8775512566632089,1.1800791464263571,1.317578181589959,0.8957295594383532,10404,10402,2,Box 3,mid_3aer-mid
2017-07-15 12:44:00,-43.04791259765625,0.08864733576774597,-43.143123626708984,-38.352603912353516,-18.180444717407227,13.414339065551758,-0.024413026869297028,-44.4686393737793,0.2348921000957489,0.1511922925710678,0.888962194375491,0.4213984171731059,-0.3109264729167319,0.0005658613681350788,1.6650001768436025,1.1284412759550735,1.2106636685964027,0.9321856936354924,10404,10373,3,Box 4,mid_3aer-mid
2017-07-15 12:46:00,-55.413883209228516,-1.405783772468567,-54.019622802734375,-46.44357681274414,-17.979034423828125,10.42431640625,-0.021318016573786736,-60.07164764404297,0.4113777279853821,2.0396578311920166,0.8597539781860002,0.3328241676382753,-0.19297278050276093,0.00039463467848541156,2.413316660118439,1.1859270694199568,1.4071570056101876,0.8428959480550753,10323,9710,0,Box 1,mid_3aer-mid
2017-07-15 12:46:00,-73.82926177978516,1.7229511286132038e-05,-73.82927703857422,-52.02487564086914,-26.48021125793457,4.671107769012451,0.004703708458691835,-76.56158447265625,0.10802917927503586,0.18436670303344727,0.7046645593421388,0.35866818927939176,-0.06326903801122744,-6.37106103031082e-05,2.659129445568829,1.282609249982951,1.5882470086862324,0.8075390284151756,10404,10404,1,Box 2,mid_3aer-mid
2017-07-15 12:46:00,-58.19369888305664,-0.016813581809401512,-58.175907135009766,-50.79597854614258,-22.679729461669922,15.349346160888672,-0.049537621438503265,-59.96229934692383,0.1455327719449997,0.40191590785980225,0.8731446114414549,0.3898475572157495,-0.26384368319794205,0.000851514540737619,2.060834081984208,1.1751898607228184,1.317921850954621,0.8919088330675728,10404,10402,2,Box 3,mid_3aer-mid
2017-07-15 12:46:00,-44.831153869628906,0.015056638047099113,-44.86320114135742,-43.817317962646484,-17.702146530151367,16.77652931213379,-0.12025854736566544,-46.334651947021484,0.25252553820610046,0.19340787827968597,0.9766873988133428,0.39458061165236413,-0.3739485718752941,0.0026805614095872232,1.7392789165772007,1.1182900220442558,1.2079126773218734,0.9262725882662172,10404,10389,3,Box 4,mid_3aer-mid
2017-07-15 12:48:00,-55.689857482910156,-1.3017417192459106,-54.32433319091797,-45.76724624633789,-17.21165657043457,8.702856063842773,-0.04828616976737976,-60.315086364746094,0.41024354100227356,2.0449509620666504,0.8424815056747621,0.31683145070139423,-0.1602018061234631,0.0008888497473067691,2.3803772082088375,1.1771246726178677,1.4093614056552621,0.8354732449064076,10320,9658,0,Box 1,mid_3aer-mid
2017-07-15 12:48:00,-76.35646057128906,-0.0012753128539770842,-76.35518646240234,-53.984195709228516,-27.94087028503418,5.57907247543335,-0.009191105142235756,-79.30242919921875,0.12405914068222046,0.26456353068351746,0.7070141708086515,0.3659328265543253,-0.07306737039644641,0.00012037303346963679,2.683849743963671,1.2910921846101826,1.5927405169635012,0.8106559170628961,10404,10404,1,Box 2,mid_3aer-mid
2017-07-15 12:48:00,-58.88589096069336,-0.06952638924121857,-58.82299041748047,-52.77262878417969,-21.35805892944336,15.416007041931152,-0.10830868035554886,-60.17371368408203,0.12110956758260727,0.3662779927253723,0.8971429322972705,0.36309029262797493,-0.2620744892106876,0.001841264285442179,2.0329487372225565,1.1543891184658697,1.3016203559454365,0.8873167674553355,10404,10402,2,Box 3,mid_3aer-mid
2017-07-15 12:48:00,-46.78749465942383,0.030736902728676796,-46.81815719604492,-47.248294830322266,-16.67555809020996,17.102201461791992,0.003499297657981515,-48.23523712158203,0.2643703520298004,0.24876104295253754,1.0091874546362023,0.35617723320448974,-0.36528994551299737,-7.474232769466571e-05,1.8841454010900518,1.1182752330019035,1.232735609414644,0.9071351035458177,10404,10391,3,Box 4,mid_3aer-mid
2017-07-15 12:50:00,-56.49508285522461,-1.4266984462738037,-55.13987350463867,-47.85855484008789,-17.103792190551758,9.91596794128418,-0.09349782019853592,-61.13948059082031,0.40196356177330017,2.0743706226348877,0.8679481816063461,0.3101891295696599,-0.17983295910926625,0.0016956479332602414,2.4927075190870616,1.1772850039297669,1.4201709737432537,0.8294673507207446,10321,9615,0,Box 1,mid_3aer-mid
2017-07-15 12:50:00,-74.62657165527344,-0.00023964060528669506,-74.62633514404297,-53.17320251464844,-27.22196388244629,5.7839674949646,-0.015136403031647205,-77.60684204101562,0.12095180153846741,0.2829212546348572,0.7125259714377153,0.3647769187218913,-0.07750571941505512,0.00020282925544849728,2.6079768614485905,1.278094978351817,1.5658670364626721,0.8162961510528299,10404,10404,1,Box 2,mid_3aer-mid
2017-07-15 12:50:00,-55.732608795166016,0.03901134431362152,-55.77157211303711,-48.70922088623047,-18.197858810424805,11.170506477355957,-0.03500209003686905,-56.840354919433594,0.08172832429409027,0.1949859857559204,0.8733700352872085,0.3262926853596252,-0.20029031795128593,0.0006275973044522765,1.8952102667177417,1.126851437653296,1.2763554981982106,0.8830016540248649,10404,10401,2,Box 3,mid_3aer-mid
2017-07-15 12:50:00,-49.766117095947266,-0.13026383519172668,-49.652061462402344,-48.86602020263672,-16.461654663085938,15.601802825927734,0.07380738854408264,-51.718238830566406,0.33264923095703125,0.44551828503608704,0.9841689525187229,0.3315401621491599,-0.3142226227893586,-0.001486491878524232,1.9832320206830283,1.1222473493317173,1.261011350746995,0.8896514164051862,10404,10384,3,Box 4,mid_3aer-mid
2017-07-15 12:52:00,-59.71326446533203,-1.7601771354675293,-57.96369552612305,-51.708980560302734,-16.405485153198242,10.143669128417969,0.0071053109131753445,-64.61711883544922,0.40575772523880005,2.1818974018096924,0.8920925990786361,0.2830303560352488,-0.17500037302794733,-0.00012258208593760034,2.6220414585026504,1.1652254975155363,1.433593575803217,0.812764559717302,10303,9611,0,Box 1,mid_3aer-mid
2017-07-15 12:52:00,-73.43514251708984,-0.08362385630607605,-73.35741424560547,-52.381187438964844,-26.604707717895508,5.6095452308654785,0.01893698237836361,-76.16719055175781,0.11851522326469421,0.2995552718639374,0.7140544883028972,0.36267233443531055,-0.07646867592050371,-0.00025814681770403025,2.6066510756336876,1.2754558658849353,1.563993332784525,0.815418193236185,10404,10401,1,Box 2,mid_3aer-mid
2017-07-15 12:52:00,-54.100242614746094,0.00764018390327692,-54.10767364501953,-46.7100830078125,-16.8898868560791,9.506241798400879,-0.013947127386927605,-55.32510757446289,0.02470625936985016,0.09812499582767487,0.8632801877029188,0.31215321665833706,-0.1756911705005902,0.00025776613933431447,1.8580424097831683,1.1185202980811824,1.2702490389473318,0.8806062708933667,10404,10400,2,Box 3,mid_3aer-mid
2017-07-15 12:52:00,-49.267948150634766,-0.3333919048309326,-48.94734191894531,-44.95973205566406,-17.57513427734375,13.62344741821289,-0.03592151775956154,-51.32859802246094,0.32898759841918945,0.5505741238594055,0.9185326541504849,0.35906208205578816,-0.2783286171067252,0.0007338809004521218,1.8515000018305765,1.1279468274300586,1.2505000854188455,0.902144590256031,10404,10366,3,Box 4,mid_3aer-mid
2017-07-15 12:54:00,-61.85126876831055,-1.441271424293518,-60.35525894165039,-52.456581115722656,-17.986495971679688,10.157720565795898,-0.06989721208810806,-66.92870330810547,0.3997318148612976,2.0871224403381348,0.8691303157759199,0.2980104354154793,-0.16829884769641307,0.0011580965050138614,2.6743185840953374,1.1837014141943825,1.458300362652969,0.8120540436862721,10308,9618,0,Box 1,mid_3aer-mid
2017-07-15 12:54:00,-74.61891174316406,-0.13669925928115845,-74.48246002197266,-52.36492156982422,-27.09309196472168,4.960927963256836,0.014626634307205677,-77.2895278930664,0.1255936622619629,0.36497217416763306,0.7030503662338817,0.36375133331428755,-0.06660532263344522,-0.0001963769147240585,2.6098670108480375,1.2816726656408446,1.5759010271713356,0.8132225138389014,10404,10399,1,Box 2,mid_3aer-mid
2017-07-15 12:54:00,-54.88711166381836,-0.001684255781583488,-54.88542938232422,-50.927162170410156,-17.126630783081055,13.15354061126709,0.014823265373706818,-56.87242126464844,0.003255750983953476,0.0992259755730629,0.9278812919687642,0.31204330425580334,-0.23965451970278656,-0.00027007652178101527,1.998576198261261,1.1234808474262772,1.2824230517061372,0.8760021670739925,10404,10404,2,Box 3,mid_3aer-mid
2017-07-15 12:54:00,-49.792503356933594,0.08165100961923599,-49.87401580810547,-46.73631286621094,-18.498558044433594,15.361711502075195,-0.0008611216908320785,-51.820404052734375,0.3425293564796448,0.5250895023345947,0.9370873410424446,0.37090574046061736,-0.30801034744281075,1.7265939748767334e-05,1.8974741604224297,1.1351466715232486,1.2558869022448598,0.9038641417980521,10404,10384,3,Box 4,mid_3aer-mid
2017-07-15 12:56:00,-61.35359573364258,-1.8617706298828125,-59.50341033935547,-50.18449020385742,-18.591209411621094,9.194515228271484,0.07777722924947739,-66.3991928100586,0.3995263874530792,2.0395679473876953,0.8433884792841733,0.31243944822291436,-0.15452082213063323,-0.0013071053764543983,2.5164299014971125,1.1864155801867542,1.4401330626336275,0.8234309209359411,10323,9614,0,Box 1,mid_3aer-mid
2017-07-15 12:56:00,-75.60578155517578,-0.0978984534740448,-75.513916015625,-52.17333984375,-27.59498405456543,4.242679595947266,0.011737779714167118,-78.5048828125,0.10696743428707123,0.3310050368309021,0.6909103530457315,0.36542916345148235,-0.056184077841624464,-0.00015543865558934056,2.5759614465781877,1.284324890406473,1.5785554965833302,0.8135499585451655,10404,10400,1,Box 2,mid_3aer-mid
2017-07-15 12:56:00,-59.37137222290039,-0.014691587537527084,-59.36103820800781,-56.45927047729492,-19.946178436279297,17.018482208251953,0.025925172492861748,-62.24802780151367,0.03348423168063164,0.21184220910072327,0.9511165761198588,0.33601464521121377,-0.28669448413960924,-0.00043673719146331,2.078843939057693,1.1379960557597333,1.2923660345973549,0.8804538058029124,10404,10403,2,Box 3,mid_3aer-mid
2017-07-15 12:56:00,-52.92746353149414,0.07118009775876999,-52.99889373779297,-50.710411071777344,-19.83993148803711,17.545385360717773,0.00606446573510766,-55.227561950683594,0.3714030683040619,0.5682123303413391,0.9568202072044875,0.3743461431868856,-0.3310519241154385,-0.00011442627593455379,1.950679403381066,1.1396359375439935,1.262100224660204,0.902943807898422,10401,10386,3,Box 4,mid_3aer-mid
2017-07-15 12:58:00,-64.41661071777344,-1.614404559135437,-62.668819427490234,-50.092491149902344,-20.655065536499023,8.188983917236328,-0.11024879664182663,-69.8804931640625,0.4389931857585907,2.244720697402954,0.799320800029751,0.3295907638893019,-0.13067079273172627,0.001759228812673319,2.7110915733889747,1.228290290342106,1.5157588045330228,0.8109399367338389,10356,9720,0,Box 1,mid_3aer-mid
2017-07-15 12:58:00,-76.180419921875,-0.11926081776618958,-76.07432556152344,-53.68065643310547,-27.94923210144043,5.545955181121826,0.009612994268536568,-79.21931457519531,0.1075911819934845,0.26249241828918457,0.705634394441347,0.36739377144961727,-0.07290180269641633,-0.00012636319454795153,2.6197550562496055,1.284947138720391,1.576091389881853,0.8152276442708571,10404,10397,1,Box 2,mid_3aer-mid
2017-07-15 12:58:00,-64.0269546508789,-0.07756289839744568,-63.958797454833984,-67.48600006103516,-20.721769332885742,24.18855094909668,0.0604245699942112,-67.20539093017578,0.06401162594556808,0.38483086228370667,1.055148105060299,0.32398621500115743,-0.3781895780159569,-0.000944742045499658,2.346828063643538,1.1399312570576572,1.3093002898230064,0.8704199295969238,10404,10396,2,Box 3,mid_3aer-mid
2017-07-15 12:58:00,-52.54047775268555,0.030111178755760193,-52.58246994018555,-53.31760025024414,-19.98126983642578,20.702068328857422,0.014338941313326359,-55.148704528808594,0.3637882471084595,0.5986822843551636,1.0139806515747805,0.3799986881417733,-0.3937066453894044,-0.0002726943271493254,2.0607632072444524,1.1450975232609681,1.2683314726059263,0.9027792222437753,10404,10364,3,Box 4,mid_3aer-mid
2017-07-15 13:00:00,-67.08348083496094,-1.8120261430740356,-65.15306854248047,-53.235069274902344,-21.586538314819336,9.725872993469238,-0.057335663586854935,-72.89122009277344,0.4767714738845825,2.411288022994995,0.8170769240469831,0.3313203545463873,-0.14927729331359169,0.0008800147202213116,2.892214775121389,1.2402615143970737,1.5422786218936528,0.8044814139988423,10351,9727,0,Box 1,mid_3aer-mid
2017-07-15 13:00:00,-76.8597183227539,-0.12640699744224548,-76.73615264892578,-54.114566802978516,-28.39121437072754,5.759745121002197,0.009871971793472767,-79.79437255859375,0.09507561475038528,0.3206925690174103,0.7052029523056901,0.36998476813488107,-0.07505907220035576,-0.00012864824021538435,2.642211847400701,1.2903058661691205,1.5829035983118196,0.8151031019964643,10404,10399,1,Box 2,mid_3aer-mid
2017-07-15 13:00:00,-66.55213165283203,0.01698041521012783,-66.56260681152344,-71.0282974243164,-19.70490837097168,24.207386016845703,-0.03678865730762482,-69.80789184570312,0.07342417538166046,0.3926868140697479,1.0670900537129415,0.29603570549634906,-0.3636784517968061,0.000552692587515502,2.341207497864281,1.1252412114081243,1.3043800982507963,0.8627902898506632,10404,10396,2,Box 3,mid_3aer-mid
2017-07-15 13:00:00,-58.968406677246094,0.051681037992239,-59.02488708496094,-61.9775505065918,-21.327617645263672,24.309593200683594,-0.029304128140211105,-61.88652038574219,0.3933369219303131,0.5236958861351013,1.0500241329759363,0.3613326373128034,-0.4118532410319828,0.0004964707432430493,2.155663303295856,1.1412891005822383,1.2761339820256898,0.8944415602868958,10404,10362,3,Box 4,mid_3aer-mid
