time,DCRE_total,DCRE_CF,DCRE_A,DCRE_A_Nc,DCRE_A_LWP,DCRE_A_re,DCRE_A_cov,DCRE_sfc,DCRE_lw_toa,DCRE_lw_sfc,frac_Nc,frac_LWP,frac_re,frac_cov,R_Nc,R_LWP,R_tau,R_re,n_any_pix,n_both_pix,box,box_label,pair
2017-07-15 09:04:00,-2.0146677494049072,-0.02002193219959736,-1.989843487739563,-4.840602874755859,0.03229750692844391,2.802154541015625,0.016307052224874496,-2.189310312271118,0.003566034371033311,0.12684570252895355,2.432654811260081,-0.01623118107697681,-1.408228487567766,-0.00819514261533838,0.6305844959913096,1.0015394886427051,0.9387715557979289,1.0674143336657527,9758,9737,0,Box 1,ARG_mid2_3aer-ARG_mid2
2017-07-15 09:04:00,-3.2259507179260254,0.001040382427163422,-3.2167398929595947,-6.5826520919799805,0.037233978509902954,3.2753500938415527,0.053327396512031555,-3.3147878646850586,0.017367547377943993,0.1962958723306656,2.046373603387509,-0.01157506777988878,-1.0182204456326824,-0.016578089974937704,0.6608945014839682,1.001172012535271,0.9347626793689812,1.0722425840047076,9499,9475,1,Box 2,ARG_mid2_3aer-ARG_mid2
2017-07-15 09:04:00,-1.5573076009750366,-0.008277046494185925,-1.5716990232467651,-3.2190306186676025,0.018176870420575142,1.638630747795105,-0.009476074017584324,-1.505341649055481,0.010720929130911827,0.03189711645245552,2.048121569217198,-0.011565109573400944,-1.0425856512501879,0.006029191606390816,0.7128348116536382,1.0009561750061329,0.9463980405696665,1.057296939844497,8550,8528,2,Box 3,ARG_mid2_3aer-ARG_mid2
2017-07-15 09:04:00,1.4033383131027222,-0.0008816952467896044,1.4017115831375122,2.729703664779663,-0.01519588753581047,-1.3155564069747925,0.0027603181079030037,1.4421042203903198,-0.004921740386635065,-0.08316517621278763,1.947407512967663,-0.010840951980151916,-0.938535809313522,0.001969248326010975,0.7895735835025779,1.0006578361295853,0.9603663298589256,1.0418713343752453,10062,10061,3,Box 4,ARG_mid2_3aer-ARG_mid2
2017-07-15 09:06:00,2.9154508113861084,0.005246635992079973,2.9354729652404785,5.105957508087158,-0.1832072138786316,-1.9610486030578613,-0.02622896060347557,2.7843823432922363,-0.01874396577477455,0.011596601456403732,1.7393986012529352,-0.06241147413226337,-0.6680519540180408,-0.008935173102631033,0.7409100624533002,1.005394433568226,0.9441526893949123,1.065411165320445,9738,9699,0,Box 1,ARG_mid2_3aer-ARG_mid2
2017-07-15 09:06:00,1.0918962955474854,0.008894708938896656,1.1047308444976807,1.9967429637908936,-0.024228138849139214,-0.8421340584754944,-0.025649866089224815,1.007555603981018,-0.003206582274287939,0.09561570733785629,1.8074473848622405,-0.021931256719299092,-0.7622979227231613,-0.023218205419780147,0.7043520266039184,1.0021285761874787,0.9374088769053097,1.0706465981770306,9483,9462,1,Box 2,ARG_mid2_3aer-ARG_mid2
2017-07-15 09:06:00,0.6331117749214172,-0.007343894336372614,0.6274031400680542,1.153862476348877,-0.012031213380396366,-0.527978777885437,0.013550532050430775,0.74395352602005,0.00416186498478055,-0.09045235067605972,1.8391085207546571,-0.019176209499439465,-0.8415301202830454,0.021597809027827708,0.8169918373586113,1.0010543306111905,0.9640281242452626,1.0375865110883111,8649,8631,2,Box 3,ARG_mid2_3aer-ARG_mid2
2017-07-15 09:06:00,2.994659662246704,0.006063337903469801,3.001343250274658,3.125500202178955,0.061738789081573486,-0.1216021254658699,-0.06429383903741837,3.0748448371887207,-0.0152110131457448,-0.19201458990573883,1.0413672060208075,0.02057038697562614,-0.04051590398071881,-0.021421689015714784,0.8806162962012102,0.9987451402507967,0.9601225479871422,1.0411339361956882,10231,10228,3,Box 4,ARG_mid2_3aer-ARG_mid2
2017-07-15 09:08:00,4.507138252258301,-0.011714756488800049,4.503078937530518,5.92488956451416,-0.08563226461410522,-1.4209092855453491,0.08473166823387146,4.456002712249756,-0.026419932022690773,-0.05677732825279236,1.3157417529581146,-0.019016382343760203,-0.31554175631331044,0.01881638569895605,0.8150364718587735,1.0014790714066746,0.9495052452032747,1.0537099756056778,9693,9646,0,Box 1,ARG_mid2_3aer-ARG_mid2
2017-07-15 09:08:00,3.8722665309906006,0.0020416933111846447,3.869044303894043,5.043102741241455,-0.03454215079545975,-1.1360207796096802,-0.003497097874060273,3.886047601699829,-0.017874902114272118,-0.021328024566173553,1.3034496869418675,-0.008927826742006808,-0.29361799406979316,-0.0009038661300674877,0.7635431251464158,1.000924359720175,0.9333334616961391,1.072485687683393,9459,9418,1,Box 2,ARG_mid2_3aer-ARG_mid2
2017-07-15 09:08:00,1.781738519668579,0.009268166497349739,1.7928346395492554,3.249249219894409,0.03081154078245163,-1.4840751886367798,-0.003151368349790573,1.9044508934020996,5.731142300646752e-05,-0.08089020103216171,1.8123532975901344,0.01718593518245442,-0.8277814751207596,-0.0017577576518291727,0.8416582280667121,0.9991830172697734,0.9687924640705079,1.031426997855376,8597,8571,2,Box 3,ARG_mid2_3aer-ARG_mid2
2017-07-15 09:08:00,2.606980085372925,0.0033302661031484604,2.610405445098877,1.2871760129928589,0.07714767009019852,1.2231744527816772,0.022907355800271034,2.7041735649108887,-0.013763212598860264,-0.18158404529094696,0.4930942686869994,0.029553902568654183,0.4685764272328879,0.008775401511458447,0.9479103264279091,0.9983981455910204,0.964483024641027,1.034835589060273,10221,10217,3,Box 4,ARG_mid2_3aer-ARG_mid2
2017-07-15 09:10:00,4.33171272277832,-0.026634566485881805,4.3407416343688965,4.305933952331543,-0.06654174625873566,-0.04076068848371506,0.142109677195549,4.3098835945129395,-0.026606254279613495,-0.05503256618976593,0.9919812657343506,-0.015329581054034615,-0.009390259450899855,0.03273857477058383,0.9002796371193904,1.000812023411509,0.965316089489789,1.0355738423972385,9629,9587,0,Box 1,ARG_mid2_3aer-ARG_mid2
2017-07-15 09:10:00,6.111808776855469,-0.010738562792539597,6.082608222961426,7.774569511413574,0.17056287825107574,-1.8508549928665161,-0.011669931933283806,6.200911045074463,-0.02832542546093464,-0.10770370811223984,1.2781638495276575,0.028041073823092493,-0.3042863498880131,-0.0019185734627368833,0.7777739275279036,0.9972470038768966,0.9365599220559397,1.0649317665657805,9496,9454,1,Box 2,ARG_mid2_3aer-ARG_mid2
2017-07-15 09:10:00,2.297518730163574,0.0320802666246891,2.3212246894836426,2.450578451156616,0.18199656903743744,-0.3426225781440735,0.031272221356630325,2.4322011470794678,-0.001186094363220036,-0.04583531245589256,1.0557265423650324,0.0784054114477155,-0.1476042491187525,0.013472295306004606,0.9214388976159523,0.9969664008259832,0.9744974909198238,1.0227009222366374,8623,8593,2,Box 3,ARG_mid2_3aer-ARG_mid2
2017-07-15 09:10:00,1.803731083869934,0.004062873777002096,1.8002508878707886,-0.09726337343454361,0.07572730630636215,1.8596546649932861,-0.03786778450012207,1.8789079189300537,-0.008502118289470673,-0.10168429464101791,-0.05402767710093012,0.042064860923262365,1.0329975411028487,-0.021034724925180992,1.0042689555975273,0.9983430499912823,0.9740603464546947,1.0254961361013102,10219,10215,3,Box 4,ARG_mid2_3aer-ARG_mid2
2017-07-15 09:12:00,3.5153846740722656,-0.004585814196616411,3.527329921722412,2.182267427444458,-0.03234406188130379,1.2943909168243408,0.08301577717065811,3.4203970432281494,-0.023644903674721718,-0.017436230555176735,0.6186739908061804,-0.00916955861622919,0.36696054880844514,0.023535019001603708,0.9603718072465474,1.0002996930188175,0.978449877316457,1.0218070099689953,9626,9575,0,Box 1,ARG_mid2_3aer-ARG_mid2
2017-07-15 09:12:00,6.080073833465576,-0.0063818092457950115,6.075743675231934,6.357978343963623,0.1699620634317398,-0.43755674362182617,-0.014640169218182564,6.178236961364746,-0.02997085079550743,-0.1162981241941452,1.0464527244127988,0.027973868574884493,-0.07201698374297437,-0.002409609244708913,0.8441691743614056,0.997738321864373,0.9474692216992071,1.0531931147498494,9476,9444,1,Box 2,ARG_mid2_3aer-ARG_mid2
2017-07-15 09:12:00,1.6015002727508545,0.04026813060045242,1.637191653251648,0.5187630653381348,0.2740088999271393,0.7559085488319397,0.08851102739572525,1.6994447708129883,-0.00018531724344938993,-0.007902235724031925,0.31686155966248764,0.16736519497816987,0.4617105276691514,0.05406271769019105,0.9855025154755955,0.9961506420179426,0.9847546497401585,1.0107326028383115,8665,8635,2,Box 3,ARG_mid2_3aer-ARG_mid2
2017-07-15 09:12:00,0.726055383682251,0.0036050635389983654,0.7283893823623657,-1.0362043380737305,0.03381132706999779,1.7315343618392944,-0.0007519855862483382,0.7579079866409302,-0.0037530423142015934,-0.001643815659917891,-1.4225967025364585,0.04641930056656786,2.3772097971896855,-0.0010323952197945907,1.062556111795686,0.9990105381814968,0.9858830623393809,1.013330322872732,10240,10231,3,Box 4,ARG_mid2_3aer-ARG_mid2
2017-07-15 09:14:00,2.2874367237091064,-0.02715580351650715,2.243650436401367,-0.36469075083732605,-0.00665578618645668,2.729408025741577,-0.11441116034984589,2.1198668479919434,-0.021920450031757355,0.027660368010401726,-0.1625434822229633,-0.0029664987729675603,1.2165032900355657,-0.05099330903963484,1.0067688642584194,1.0000615613420254,0.9862608885038768,1.0147085071275537,9519,9459,0,Box 1,ARG_mid2_3aer-ARG_mid2
2017-07-15 09:14:00,5.064798355102539,0.010638720355927944,5.062424182891846,3.856642007827759,0.38932904601097107,0.7679652571678162,0.048487648367881775,5.1276397705078125,-0.029483243823051453,-0.09991103410720825,0.7618172810841518,0.07690565424244422,0.1516991137474632,0.00957795092594077,0.905019605572152,0.9949753151301053,0.9572727405985568,1.0389507835593104,9455,9413,1,Box 2,ARG_mid2_3aer-ARG_mid2
2017-07-15 09:14:00,0.49436211585998535,0.05034864321351051,0.5233989953994751,0.17446637153625488,0.34893274307250977,0.0,0.0,0.5296981930732727,0.0017777180764824152,0.03897535428404808,0.3333333333333333,0.6666666666666666,0.0,0.0,1.0766583862657657,0.9968091661707035,1.0021961089102898,0.9957813779135232,8717,8678,2,Box 3,ARG_mid2_3aer-ARG_mid2
2017-07-15 09:14:00,-0.44260373711586,0.0006442416924983263,-0.4430709481239319,-0.1476903259754181,-0.2953806519508362,0.0,0.0,-0.4798040986061096,0.001219017431139946,0.10171817988157272,0.3333333333333333,0.6666666666666666,0.0,0.0,1.146854852760657,1.001491127093955,1.0019037198363208,0.998681642988312,10247,10236,3,Box 4,ARG_mid2_3aer-ARG_mid2
2017-07-15 09:16:00,1.4666856527328491,0.028742069378495216,1.4913182258605957,0.49710613489151,0.99421226978302,0.0,0.0,1.261257529258728,-0.02227644994854927,-0.028653766959905624,0.3333333333333333,0.6666666666666666,0.0,0.0,1.10123154442421,0.994375751204475,0.9954009247560363,0.9982250298384572,9518,9454,0,Box 1,ARG_mid2_3aer-ARG_mid2
2017-07-15 09:16:00,3.813493251800537,0.0014070116449147463,3.811666250228882,0.7448516488075256,0.4670342206954956,2.538151502609253,0.0616285465657711,3.8373336791992188,-0.026730164885520935,-0.0862862840294838,0.1954136712034832,0.1225275761046832,0.6658903520557762,0.0161684006360574,0.9857618807674932,0.9955142413714569,0.9758350593921703,1.0197631015325102,9474,9423,1,Box 2,ARG_mid2_3aer-ARG_mid2
2017-07-15 09:16:00,-0.5604667663574219,0.021116776391863823,-0.6096927523612976,-1.6263378858566284,0.04346732795238495,1.023569107055664,-0.050391245633363724,-0.5919933319091797,0.003568563610315323,0.07215441763401031,2.667471289024716,-0.0712938244098364,-1.6788277036507797,0.08265023903590007,1.127850859445976,0.9983934694832225,1.0151482941870562,0.9847180672510335,8774,8728,2,Box 3,ARG_mid2_3aer-ARG_mid2
2017-07-15 09:16:00,-1.8486367464065552,0.012585669755935669,-1.8517677783966064,-5.279185771942139,-0.3140546381473541,3.7331089973449707,0.008363954722881317,-1.9727368354797363,0.006312540266662836,0.21589453518390656,2.8508899780066894,0.16959720874605905,-2.0159704459393577,-0.004516740813390818,1.2218562159105282,1.0059777584078993,1.0237045003580485,0.982579751610502,10247,10230,3,Box 4,ARG_mid2_3aer-ARG_mid2
2017-07-15 09:18:00,0.2676805257797241,0.0443250872194767,0.2967383861541748,0.0989128053188324,0.1978256106376648,0.0,0.0,0.008302762173116207,-0.014331284910440445,0.03423064202070236,0.3333333333333333,0.6666666666666666,0.0,0.0,1.123952796380141,0.9941803373892173,1.0064776645652256,0.9883733909830069,9489,9441,0,Box 1,ARG_mid2_3aer-ARG_mid2
2017-07-15 09:18:00,2.733947277069092,-9.757133375387639e-05,2.7161996364593506,0.9053999185562134,1.8107998371124268,0.0,0.0,2.7178943157196045,-0.023142056539654732,-0.05121023580431938,0.3333333333333333,0.6666666666666666,0.0,0.0,1.0539545941458448,0.9951911407098947,0.9922520589288699,1.002494897658778,9326,9270,1,Box 2,ARG_mid2_3aer-ARG_mid2
2017-07-15 09:18:00,-1.8502391576766968,0.24541980028152466,-1.7081239223480225,-3.0573835372924805,-0.06236603856086731,1.5464516878128052,-0.13482607901096344,-1.9708431959152222,0.007745449896901846,0.1387021839618683,1.7899073517861495,0.036511426250867667,-0.9053510356797023,0.07893225764268519,1.168684111266283,1.0015911075425084,1.029454594518615,0.9751656126161272,8798,8745,2,Box 3,ARG_mid2_3aer-ARG_mid2
2017-07-15 09:18:00,-3.218871593475342,-0.008483684621751308,-3.2314796447753906,-5.967395782470703,-0.5349100828170776,3.3021562099456787,-0.0313299298286438,-3.4275972843170166,0.011657491326332092,0.3271346688270569,1.8466449580793725,0.16553099696954413,-1.0218711829014258,0.009695227852509092,1.2819555443201456,1.0111947365554017,1.0458559782414896,0.967278871500844,10256,10247,3,Box 4,ARG_mid2_3aer-ARG_mid2
2017-07-15 09:20:00,-0.4574185013771057,0.012999259866774082,-0.43705958127975464,-1.5452030897140503,0.06913914531469345,1.0436962842941284,-0.004691853187978268,-0.7332719564437866,-0.008946561254560947,0.049155093729496,3.535452137860949,-0.1581916086322527,-2.387995571496041,0.01073504226734423,1.1692077681888369,0.9965087448865337,1.0148480887595566,0.9820843524201763,9496,9452,0,Box 1,ARG_mid2_3aer-ARG_mid2
2017-07-15 09:20:00,1.3995187282562256,0.03736726567149162,1.3969348669052124,0.4656450152397156,0.9312900304794312,0.0,0.0,1.3308290243148804,-0.01630553975701332,0.026720652356743813,0.3333333333333333,0.6666666666666666,0.0,0.0,1.0802561538207962,0.9941750338333197,1.0056848726202985,0.9893648554396465,9158,9089,1,Box 2,ARG_mid2_3aer-ARG_mid2
2017-07-15 09:20:00,-2.823683023452759,0.024502722546458244,-2.8202481269836426,-4.5580735206604,-0.1874789297580719,1.9045217037200928,0.020782634615898132,-3.009913921356201,0.010625324212014675,0.18007761240005493,1.6161958778875976,0.06647604095065227,-0.6753028385451508,-0.007369080293099017,1.2214957325701101,1.0041231601836014,1.0421280501173655,0.9632385088360138,8792,8756,2,Box 3,ARG_mid2_3aer-ARG_mid2
2017-07-15 09:20:00,-4.510800361633301,0.00605559628456831,-4.502682685852051,-7.302687644958496,-0.9165218472480774,3.7224807739257812,-0.0059542786329984665,-4.799102783203125,0.017104532569646835,0.4379866123199463,1.6218524520039186,0.2035501588108354,-0.826724995368975,0.0013223845542210677,1.3635826615359772,1.019651073925792,1.0658119474789163,0.9567701140313557,10278,10266,3,Box 4,ARG_mid2_3aer-ARG_mid2
2017-07-15 09:22:00,-1.2859821319580078,0.06338314712047577,-1.202959418296814,-3.5671210289001465,0.2697300612926483,2.160010814666748,-0.06557950377464294,-1.5775249004364014,-0.005897278431802988,0.03840555623173714,2.965287955509214,-0.2242220660628664,-1.7955810297079067,0.054515140261559125,1.2123104593382708,0.9927473664943208,1.021878314431172,0.9726396247317566,9487,9437,0,Box 1,ARG_mid2_3aer-ARG_mid2
2017-07-15 09:22:00,0.05041104927659035,0.06329483538866043,0.04326600953936577,0.09914778918027878,0.0015040421858429909,-0.05914534255862236,0.001759502338245511,-0.08076905459165573,-0.009164182469248772,0.12843210995197296,2.291588243734079,0.03476268938068403,-1.367018048162668,0.04066711504790477,1.1378853967389866,1.0009802270335137,1.0189668715365388,0.983099059061426,9143,9047,1,Box 2,ARG_mid2_3aer-ARG_mid2
2017-07-15 09:22:00,-3.806462526321411,0.03267627954483032,-3.811014413833618,-4.711674213409424,-0.46809953451156616,1.4378302097320557,-0.06907068938016891,-4.0740580558776855,0.015502933412790298,0.2593364715576172,1.23633074655037,0.12282807650067484,-0.3772827882066427,0.018123965155597943,1.242023648295568,1.010824706537799,1.0601780906961449,0.9544583645861735,8825,8770,2,Box 3,ARG_mid2_3aer-ARG_mid2
2017-07-15 09:22:00,-5.842711448669434,-0.02661733701825142,-5.861658573150635,-8.413084983825684,-1.314892292022705,3.8506417274475098,0.01567675918340683,-6.22842264175415,0.022954657673835754,0.5372171401977539,1.4352737325213754,0.22432085469030438,-0.6569201294498623,-0.002674457761817406,1.4107191096737675,1.0272546878800637,1.0831949620595807,0.9481535577375801,10274,10244,3,Box 4,ARG_mid2_3aer-ARG_mid2
2017-07-15 09:24:00,-2.0147767066955566,-0.02183658443391323,-2.0075900554656982,-4.891330242156982,0.46652841567993164,2.486755847930908,-0.06954459100961685,-2.3175158500671387,-0.004072444047778845,0.001532415160909295,2.4364184617421416,-0.23238230742047875,-1.238676982742047,0.03464082842038407,1.238834615611491,0.9898383065511774,1.02973486695959,0.9622316941867775,9492,9462,0,Box 1,ARG_mid2_3aer-ARG_mid2
2017-07-15 09:24:00,-1.1202126741409302,0.058706894516944885,-1.1545132398605347,-1.8258781433105469,-0.19106845557689667,0.9185624122619629,-0.05612894520163536,-1.288935661315918,-0.003688771277666092,0.20549193024635315,1.5815134772559345,0.16549697928606968,-0.7956274411734369,0.048616984631432714,1.1991831778542064,1.0095491688758287,1.0390264176671817,0.9734400726179965,9237,9127,1,Box 2,ARG_mid2_3aer-ARG_mid2
2017-07-15 09:24:00,-4.3930206298828125,0.00887202750891447,-4.377196311950684,-4.99243688583374,-0.7895904183387756,1.4774492979049683,-0.07261832058429718,-4.703536510467529,0.018177974969148636,0.3199629485607147,1.140555852948259,0.18038725727125157,-0.3375332574548842,0.01659014723537372,1.2779575943898265,1.0195843897062031,1.074310895100319,0.9501882341894617,8962,8911,2,Box 3,ARG_mid2_3aer-ARG_mid2
2017-07-15 09:24:00,-6.981954574584961,-0.0064591593109071255,-6.980876922607422,-9.247724533081055,-1.5715559720993042,3.869412660598755,-0.031008107587695122,-7.42770528793335,0.029418110847473145,0.5952246785163879,1.3247225806444747,0.22512301958793013,-0.5542874647637165,0.004441864531311679,1.4492426205227658,1.0320295644120283,1.0978604255363973,0.9404270513791896,10287,10255,3,Box 4,ARG_mid2_3aer-ARG_mid2
2017-07-15 09:26:00,-2.8760318756103516,0.0035662581212818623,-2.8756027221679688,-5.874625205993652,0.8125973343849182,2.289062738418579,-0.10263750702142715,-3.1795146465301514,-0.0036758931819349527,-0.03408778831362724,2.042919554809342,-0.2825832847727314,-0.7960287871186198,0.03569251708200927,1.2416383614406905,0.9851427018289918,1.0359450768442344,0.9521597524788667,9487,9461,0,Box 1,ARG_mid2_3aer-ARG_mid2
2017-07-15 09:26:00,-1.9608427286148071,0.07163908332586288,-1.9525519609451294,-2.8740696907043457,-0.332929402589798,1.291766881942749,-0.03732000291347504,-2.147116184234619,0.0022832679096609354,0.2690543234348297,1.4719553894169992,0.17050987725823222,-0.6615787167151084,0.019113450039876967,1.221874896513744,1.0116739014929885,1.0464241162471448,0.967630367217859,9237,9140,1,Box 2,ARG_mid2_3aer-ARG_mid2
2017-07-15 09:26:00,-5.019896984100342,0.007795940153300762,-5.018560886383057,-5.461660861968994,-1.0911297798156738,1.6630871295928955,-0.12885740399360657,-5.391185760498047,0.02216096967458725,0.406186044216156,1.088292239594576,0.21741886401103672,-0.3313872708940932,0.02567616728848049,1.3308037489814606,1.0289582175587524,1.0914778241007725,0.9448413703844675,9153,9095,2,Box 3,ARG_mid2_3aer-ARG_mid2
2017-07-15 09:26:00,-8.022380828857422,-0.005716064479202032,-8.035948753356934,-10.11319637298584,-1.747992992401123,3.9188554286956787,-0.09361577033996582,-8.516798973083496,0.034737180918455124,0.622649073600769,1.2584942528378111,0.21752164593665466,-0.4876655203352242,0.011649621560758383,1.4887254337616518,1.0349869614681275,1.1111504092104212,0.93259968521357,10299,10276,3,Box 4,ARG_mid2_3aer-ARG_mid2
2017-07-15 09:28:00,-3.6523356437683105,0.024520892649888992,-3.5963821411132812,-7.352523326873779,0.8572330474853516,2.9104204177856445,-0.011511936783790588,-3.957852363586426,-0.0008715298608876765,-0.03349173069000244,2.0444223047666115,-0.23835985043118288,-0.8092634315795404,0.0032009772441118356,1.2921448589561542,0.9851698120676244,1.0426745239787076,0.9449752346597461,9504,9468,0,Box 1,ARG_mid2_3aer-ARG_mid2
2017-07-15 09:28:00,-2.7368857860565186,0.025657759979367256,-2.764338254928589,-3.363779306411743,-0.5358841419219971,1.1364758014678955,-0.001150966272689402,-2.9375,0.007248181849718094,0.30730557441711426,1.2168478054956857,0.1938561919687616,-0.4111203597488638,0.0004163622844164938,1.216355695365412,1.0157235161579576,1.0551174435561013,0.9626854456450091,9317,9220,1,Box 2,ARG_mid2_3aer-ARG_mid2
2017-07-15 09:28:00,-5.753379821777344,-0.01983918994665146,-5.785971164703369,-6.490955352783203,-1.221622109413147,2.0816521644592285,-0.15504631400108337,-6.195230007171631,0.026471436023712158,0.5026842951774597,1.1218436728969468,0.2111351794353118,-0.35977579027603046,0.026796937943771915,1.3761938822527575,1.0305047836241288,1.099526920097552,0.939611527819931,9286,9225,2,Box 3,ARG_mid2_3aer-ARG_mid2
2017-07-15 09:28:00,-9.406214714050293,0.0016092263394966722,-9.416808128356934,-11.8999605178833,-2.091071367263794,4.553583145141602,0.020639637485146523,-9.959892272949219,0.04141685739159584,0.6729779243469238,1.2636935248022436,0.22205735265805157,-0.4835590906773545,-0.002191786782940741,1.5528433134341255,1.0394235667476972,1.1230913479522384,0.9252667986461475,10304,10278,3,Box 4,ARG_mid2_3aer-ARG_mid2
2017-07-15 09:30:00,-4.2440900802612305,0.06398405134677887,-4.218935012817383,-8.137395858764648,0.817907989025116,3.1308867931365967,-0.030332589522004128,-4.541990756988525,0.001111497636884451,-0.033004358410835266,1.9287800911444823,-0.19386601981119322,-0.7421037040937473,0.007189632760458142,1.3155812081134661,0.9863103900862759,1.0485424330587252,0.9409696231377618,9548,9480,0,Box 1,ARG_mid2_3aer-ARG_mid2
2017-07-15 09:30:00,-3.321338176727295,0.0103524811565876,-3.3085520267486572,-4.037076950073242,-0.6352941989898682,1.439050555229187,-0.07523157447576523,-3.5335798263549805,0.011043033562600613,0.3286268711090088,1.2201944385087855,0.19201579891892523,-0.4349487578603431,0.02273852043263236,1.2788384294958366,1.0195405892530063,1.069497961249725,0.954746485570805,9458,9364,1,Box 2,ARG_mid2_3aer-ARG_mid2
2017-07-15 09:30:00,-6.334464073181152,-0.014797965995967388,-6.368919372558594,-6.923995018005371,-1.2792607545852661,1.9340460300445557,-0.09970945864915848,-6.811496257781982,0.028209980577230453,0.542435348033905,1.0871538056810393,0.20085994116294367,-0.30366937858799714,0.015655631744014187,1.3667949257487815,1.0292861149079389,1.1005458601167801,0.9366543868574833,9432,9376,2,Box 3,ARG_mid2_3aer-ARG_mid2
2017-07-15 09:30:00,-10.932812690734863,0.00014590566570404917,-10.955781936645508,-13.218228340148926,-2.4382753372192383,4.6792731285095215,0.021448815241456032,-11.556249618530273,0.04672732949256897,0.699629008769989,1.2065071119168407,0.22255605136540832,-0.42710540106508316,-0.0019577622171658704,1.59572226150203,1.0440446385496471,1.1378184402006561,0.9173526545564934,10310,10288,3,Box 4,ARG_mid2_3aer-ARG_mid2
2017-07-15 09:32:00,-3.555201768875122,0.10475409030914307,-3.546609401702881,-6.015686988830566,0.45032018423080444,2.026585102081299,-0.007827534340322018,-3.8068418502807617,-0.0044987136498093605,-0.07493229955434799,1.6961797931188096,-0.12697203128766762,-0.571414809031481,0.0022070472003390407,1.3284629133659025,0.989425674571016,1.0574032399111002,0.935828008578972,9675,9613,0,Box 1,ARG_mid2_3aer-ARG_mid2
2017-07-15 09:32:00,-3.0428590774536133,0.04775725677609444,-3.044652223587036,-3.5840866565704346,-0.543663501739502,1.1144731044769287,-0.03137543424963951,-3.2374629974365234,0.005716965068131685,0.2651875913143158,1.1771743086947866,0.17856340514199454,-0.3660428101146554,0.010305096277874293,1.29425995756204,1.0197557639573118,1.0757725422369064,0.9486425400270645,9628,9532,1,Box 2,ARG_mid2_3aer-ARG_mid2
2017-07-15 09:32:00,-6.131319522857666,-0.01208989042788744,-6.14739465713501,-6.436225891113281,-1.4060618877410889,1.7173911333084106,-0.022498218342661858,-6.634364604949951,0.024731477722525597,0.5437262654304504,1.0469842975396195,0.22872482593357032,-0.2793689208797017,0.0036597974065118444,1.3822720130084816,1.035993599653708,1.1085656592470043,0.9348877497050876,9647,9581,2,Box 3,ARG_mid2_3aer-ARG_mid2
2017-07-15 09:32:00,-11.17775821685791,0.00775831937789917,-11.208291053771973,-12.89064884185791,-2.57639741897583,4.2599592208862305,-0.0012020369758829474,-11.834299087524414,0.040438175201416016,0.6727330088615417,1.150099565864643,0.22986531526892967,-0.38007212648552813,0.00010724535195555385,1.6483500921023093,1.051212115569945,1.1558658681641476,0.9094726945952436,10326,10303,3,Box 4,ARG_mid2_3aer-ARG_mid2
2017-07-15 09:34:00,-4.367664813995361,0.1630474478006363,-4.318045616149902,-6.96768856048584,0.41291680932044983,2.3084800243377686,-0.07175389677286148,-4.624258041381836,-8.068256283877417e-05,-0.03870198130607605,1.6136208708594055,-0.0956258649257315,-0.5346122240317112,0.01661721809803718,1.365800652981821,0.9908053909077609,1.0665165555765657,0.9300054705740481,9784,9721,0,Box 1,ARG_mid2_3aer-ARG_mid2
2017-07-15 09:34:00,-3.676042079925537,0.026822369545698166,-3.6750476360321045,-4.190169811248779,-0.6202371120452881,1.1916162967681885,-0.05625711753964424,-3.8979363441467285,0.008196494542062283,0.2999145984649658,1.140167426375428,0.16876980821349813,-0.3242450944333846,0.015307859844458482,1.3064626604475311,1.0199818702386256,1.0812883078893099,0.9444316162910176,9718,9588,1,Box 2,ARG_mid2_3aer-ARG_mid2
2017-07-15 09:34:00,-6.83901834487915,-0.029060667380690575,-6.883297920227051,-7.249499320983887,-1.658331036567688,2.0958473682403564,-0.07131483405828476,-7.398616790771484,0.02810266613960266,0.6162211298942566,1.053201529383061,0.24092099895714114,-0.30448308977578264,0.010360561435580506,1.4408025448348123,1.0426546211933254,1.1225289964287704,0.9299572384939503,9798,9728,2,Box 3,ARG_mid2_3aer-ARG_mid2
2017-07-15 09:34:00,-12.635765075683594,0.008658288978040218,-12.629217147827148,-13.581345558166504,-3.031808376312256,4.0060930252075195,-0.0221576951444149,-13.372056007385254,0.046723607927560806,0.7383694648742676,1.0753907938394283,0.24006303756577774,-0.31720831032415425,0.0017544789189482546,1.6780475328259106,1.0594778912124263,1.1740360041753577,0.9026777493247083,10349,10339,3,Box 4,ARG_mid2_3aer-ARG_mid2
2017-07-15 09:36:00,-5.019989013671875,0.12611450254917145,-4.99533224105835,-7.626960277557373,0.6441503167152405,2.127882242202759,-0.14040514826774597,-5.262959957122803,0.002128318650647998,-0.03989984467625618,1.5268172531446444,-0.1289504484906991,-0.42597407430737855,0.028107269653433187,1.3522413499168067,0.9873378253136339,1.068099310204242,0.9261009627174123,9809,9752,0,Box 1,ARG_mid2_3aer-ARG_mid2
2017-07-15 09:36:00,-4.230461597442627,0.07185772061347961,-4.229791641235352,-4.619110584259033,-0.8717479705810547,1.3108340501785278,-0.04976644366979599,-4.45728063583374,0.007036104332655668,0.28341010212898254,1.0920422602343127,0.20609714465569356,-0.30990510095176865,0.011765696061762365,1.3473419570690452,1.0285323104291977,1.0952710759757058,0.9400724377062135,9759,9633,1,Box 2,ARG_mid2_3aer-ARG_mid2
2017-07-15 09:36:00,-7.758711338043213,-0.008488791063427925,-7.7784342765808105,-7.3601603507995605,-2.0364882946014404,1.667389988899231,-0.04917573183774948,-8.391716003417969,0.032277174293994904,0.7260750532150269,0.946226429571497,0.261812123621399,-0.2143606130535366,0.00632205986064055,1.429632395365967,1.0506899472576143,1.1341797821513242,0.9271251835646213,9881,9829,2,Box 3,ARG_mid2_3aer-ARG_mid2
2017-07-15 09:36:00,-13.929011344909668,-0.0028160724323242903,-13.928016662597656,-14.532341957092285,-3.502934455871582,4.116384506225586,-0.009124197997152805,-14.717904090881348,0.05378077179193497,0.7645376920700073,1.0433891556287542,0.25150279650828494,-0.29554704891303185,0.0006550967759926807,1.7193418687536757,1.0674962035103195,1.1890266275721828,0.8978918228074112,10378,10361,3,Box 4,ARG_mid2_3aer-ARG_mid2
2017-07-15 09:38:00,-5.306662559509277,0.048628926277160645,-5.329324722290039,-8.397419929504395,0.7558329105377197,2.3261144161224365,-0.013852737843990326,-5.497257709503174,-0.0002598043065518141,-0.09121367335319519,1.5757004911188128,-0.14182527891733546,-0.43647455448435135,0.002599342282873951,1.3821876483948177,0.9855392813067665,1.0708691459874962,0.9204809994299306,9874,9815,0,Box 1,ARG_mid2_3aer-ARG_mid2
2017-07-15 09:38:00,-4.819759845733643,0.04857980087399483,-4.794711112976074,-5.559040546417236,-0.9031535387039185,1.6653313636779785,0.002151795197278261,-5.054545879364014,0.00820961594581604,0.2746400535106659,1.1594109868750124,0.18836454035565198,-0.34732674214109327,-0.0004487850895711354,1.3721145990975538,1.026031310354986,1.0952166882239427,0.9367912685128388,9779,9636,1,Box 2,ARG_mid2_3aer-ARG_mid2
2017-07-15 09:38:00,-8.538095474243164,-0.014242466539144516,-8.56588077545166,-8.05087661743164,-2.3924081325531006,1.8590426445007324,0.018360910937190056,-9.2394437789917,0.035658128559589386,0.8359796404838562,0.9398772128371549,0.2792950476199786,-0.2170287671236934,-0.0021434933334400497,1.4597079090306957,1.0578077284512055,1.1435573530742882,0.9247490831718758,9960,9911,2,Box 3,ARG_mid2_3aer-ARG_mid2
2017-07-15 09:38:00,-15.27110481262207,0.027483824640512466,-15.272266387939453,-15.369402885437012,-4.1793341636657715,4.267611026763916,0.008859640918672085,-16.162208557128906,0.062379658222198486,0.8500474095344543,1.0063602973687658,0.2736551586633194,-0.27943534298760503,-0.000580113044480135,1.770587503232482,1.0807736295405077,1.2083231311175335,0.8943427170209812,10385,10371,3,Box 4,ARG_mid2_3aer-ARG_mid2
2017-07-15 09:40:00,-5.78751277923584,0.0033041699789464474,-5.789927005767822,-8.269556045532227,0.5651086568832397,1.9182475805282593,-0.0037280521355569363,-5.930751323699951,0.0003971586120314896,-0.09767599403858185,1.4282658945111242,-0.09760203602874563,-0.3313077442645756,0.0006438857821970401,1.3987253601799245,0.9886000104758685,1.0814626183805012,0.9141784890283553,9934,9876,0,Box 1,ARG_mid2_3aer-ARG_mid2
2017-07-15 09:40:00,-5.345357418060303,0.0035262915771454573,-5.365809917449951,-5.635450839996338,-1.0297565460205078,1.285239338874817,0.014158043079078197,-5.589674949645996,0.009380579926073551,0.27893131971359253,1.0502516667067634,0.19191074692766186,-0.23952384754086528,-0.002638566093559974,1.3585121273719762,1.028388563371174,1.1021285809220813,0.9328537050005501,9743,9608,1,Box 2,ARG_mid2_3aer-ARG_mid2
2017-07-15 09:40:00,-9.301365852355957,-0.00893938634544611,-9.334209442138672,-8.793370246887207,-2.8068368434906006,2.239382743835449,0.026615509763360023,-10.072005271911621,0.03968477621674538,0.961296796798706,0.9420584161215955,0.30070432457566587,-0.23991134643266168,-0.002851394264599655,1.5132596307621118,1.0683513844536556,1.1578697082969494,0.9223014809935164,9999,9954,2,Box 3,ARG_mid2_3aer-ARG_mid2
2017-07-15 09:40:00,-16.448354721069336,0.0024437031242996454,-16.446401596069336,-15.77426815032959,-4.735110282897949,4.046535491943359,0.016441505402326584,-17.4309139251709,0.06969118118286133,0.9052470326423645,0.9591319094965305,0.2879116194693456,-0.24604382674169947,-0.0009997022241766407,1.7922014321085609,1.0915176154042145,1.2247886834444919,0.89100788836893,10393,10377,3,Box 4,ARG_mid2_3aer-ARG_mid2
2017-07-15 09:42:00,-6.758156776428223,-0.005911859218031168,-6.739350318908691,-8.731627464294434,0.35005688667297363,1.6578601598739624,-0.01563969813287258,-6.887465476989746,0.007197861094027758,-0.04521358013153076,1.2956185852238653,-0.05194222397110125,-0.2459970150621121,0.0023206538093480666,1.4063026401964105,0.993188564818179,1.0916849450485921,0.9099610436369276,9937,9900,0,Box 1,ARG_mid2_3aer-ARG_mid2
2017-07-15 09:42:00,-5.857213973999023,0.03464090824127197,-5.830139636993408,-6.827919006347656,-0.8009845614433289,1.8537251949310303,-0.05496129393577576,-6.1081085205078125,0.00981265027076006,0.24718253314495087,1.1711415906285456,0.13738686024801014,-0.3179555473257163,0.00942709644916051,1.4073143183896937,1.0202436386259641,1.1021366857002302,0.926545166361937,9748,9555,1,Box 2,ARG_mid2_3aer-ARG_mid2
2017-07-15 09:42:00,-10.107977867126465,-0.023790394887328148,-10.114877700805664,-9.293717384338379,-3.1161229610443115,2.2894129753112793,0.00554828904569149,-10.924938201904297,0.04405932128429413,1.0260002613067627,0.9188164846011374,0.30807319307259573,-0.2263411500701672,-0.0005485276035659403,1.5385306784326218,1.074899199666945,1.1691747006500572,0.9192869532614788,10079,10028,2,Box 3,ARG_mid2_3aer-ARG_mid2
2017-07-15 09:42:00,-17.79199981689453,-0.007407861761748791,-17.795351028442383,-16.507347106933594,-5.480006217956543,4.190982818603516,0.0010191607289016247,-18.869487762451172,0.08164246380329132,1.004647135734558,0.9276213424201337,0.3079459458061502,-0.2355100170459178,-5.7271180366108565e-05,1.8391407293679856,1.1064266098607494,1.2447647376484108,0.8888528913445343,10392,10378,3,Box 4,ARG_mid2_3aer-ARG_mid2
2017-07-15 09:44:00,-7.105046272277832,-0.015285134315490723,-7.10076379776001,-8.955598831176758,0.07772409915924072,1.7573370933532715,0.019775010645389557,-7.198465347290039,0.008106724359095097,-0.03819287195801735,1.2612164235420726,-0.010945879349830368,-0.24748563071309976,-0.0027849134791425034,1.430460945720934,0.9984477101698964,1.0992375308016695,0.9080700270186307,9937,9900,0,Box 1,ARG_mid2_3aer-ARG_mid2
2017-07-15 09:44:00,-6.318723201751709,0.07340048253536224,-6.279223918914795,-7.236011505126953,-0.796768844127655,1.8344475030899048,-0.080892413854599,-6.572993278503418,0.009477321989834309,0.20387043058872223,1.15237332177183,0.12688969352968263,-0.29214556390298263,0.01288254860147009,1.4166018905760491,1.0193587873531134,1.1059860731651887,0.9228710443174887,9729,9577,1,Box 2,ARG_mid2_3aer-ARG_mid2
2017-07-15 09:44:00,-10.928740501403809,-0.0291119497269392,-10.926101684570312,-9.591020584106445,-3.5325839519500732,2.2107245922088623,-0.013220978900790215,-11.818262100219727,0.049546342343091965,1.1607314348220825,0.8778081326664445,0.32331607345018953,-0.2023342424551132,0.0012100363384791313,1.5621356980193597,1.0856140190224965,1.184572213218184,0.9166486728384738,10096,10045,2,Box 3,ARG_mid2_3aer-ARG_mid2
2017-07-15 09:44:00,-19.066036224365234,-0.00937078520655632,-19.072254180908203,-17.19291877746582,-6.191277027130127,4.298520088195801,0.013423686847090721,-20.250886917114258,0.09348305314779282,1.097719669342041,0.9014624380415567,0.32462221907203986,-0.2253808237823528,-0.0007038333312437417,1.8775288746414762,1.120108572006517,1.2623041063924973,0.887206925461721,10387,10365,3,Box 4,ARG_mid2_3aer-ARG_mid2
2017-07-15 09:46:00,-7.541741371154785,-0.056505344808101654,-7.547183990478516,-9.578533172607422,-0.09666230529546738,2.1308085918426514,-0.0027968704234808683,-7.619088172912598,0.010380429215729237,-0.024239955469965935,1.2691533168383864,0.012807733852801064,-0.2823316353693513,0.00037058467816386553,1.468271201377544,1.0019398904220058,1.1061407285309084,0.9058317095816494,9944,9890,0,Box 1,ARG_mid2_3aer-ARG_mid2
2017-07-15 09:46:00,-7.027493476867676,0.08323650062084198,-6.970743656158447,-7.304378986358643,-0.9088261127471924,1.2484596967697144,-0.005998541135340929,-7.316258907318115,0.01228144858032465,0.2296702116727829,1.0478621727136717,0.13037722415500827,-0.17909992795158106,0.0008605310829011281,1.3788578410795793,1.0201866942712103,1.1075982631090073,0.9211610820489511,9694,9542,1,Box 2,ARG_mid2_3aer-ARG_mid2
2017-07-15 09:46:00,-11.570980072021484,-0.02487928606569767,-11.554831504821777,-9.865543365478516,-3.8489174842834473,2.1723849773406982,-0.012756177224218845,-12.506160736083984,0.053769614547491074,1.257752776145935,0.8538023746072382,0.33310026632086165,-0.1880066101602987,0.0011039692321988814,1.591895489814155,1.094932161501784,1.1990286011795686,0.9133656933618496,10124,10044,2,Box 3,ARG_mid2_3aer-ARG_mid2
2017-07-15 09:46:00,-20.46572494506836,-0.013746367767453194,-20.4768009185791,-18.00749397277832,-6.891636848449707,4.4354567527771,-0.013130109757184982,-21.76666831970215,0.10689271241426468,1.1028499603271484,0.8794094079566008,0.33655822965489846,-0.21660885636008906,0.0006412187485897725,1.9053527243724515,1.1312917059687673,1.2767989122657588,0.8861763322562544,10377,10355,3,Box 4,ARG_mid2_3aer-ARG_mid2
2017-07-15 09:48:00,-8.014389038085938,-0.030713733285665512,-8.019295692443848,-9.5464506149292,-0.1388809233903885,1.6615086793899536,0.004527371842414141,-8.070036888122559,0.012809507548809052,-0.014111225493252277,1.1904350810104716,0.017318345664755007,-0.20718886687329097,-0.0005645598019356213,1.4489154871716106,1.0027009355498315,1.1094139243394063,0.9037584058061192,9878,9841,0,Box 1,ARG_mid2_3aer-ARG_mid2
2017-07-15 09:48:00,-7.6301164627075195,0.004790133330971003,-7.6034698486328125,-8.011430740356445,-0.8144173622131348,1.280447244644165,-0.058068856596946716,-7.935600757598877,0.014868435449898243,0.21620871126651764,1.0536545985235188,0.10711128338477441,-0.16840303476820193,0.00763715285990868,1.3827672233912258,1.016609254634948,1.1079681246821649,0.9182625110989326,9684,9531,1,Box 2,ARG_mid2_3aer-ARG_mid2
2017-07-15 09:48:00,-12.274253845214844,0.05147918313741684,-12.24317455291748,-9.81993579864502,-4.177399158477783,1.813244342803955,-0.05908583477139473,-13.25362777709961,0.05741121619939804,1.3451976776123047,0.8020741991520868,0.3412022231049209,-0.14810244422199317,0.004826021964985522,1.5800794895133654,1.102196409981217,1.2093967847460068,0.9121970456412574,10160,10089,2,Box 3,ARG_mid2_3aer-ARG_mid2
2017-07-15 09:48:00,-21.67010498046875,-0.006251806393265724,-21.678586959838867,-18.567293167114258,-7.54706335067749,4.435331344604492,0.00043926533544436097,-23.069726943969727,0.11436408758163452,1.11851966381073,0.8564808261894246,0.3481344708135718,-0.20459503436614102,-2.0262636855339355e-05,1.9119479828976202,1.1407905269522816,1.286908081799719,0.8864539063887944,10379,10360,3,Box 4,ARG_mid2_3aer-ARG_mid2
2017-07-15 09:50:00,-8.378715515136719,-0.05240599066019058,-8.3636474609375,-9.589820861816406,-0.34362855553627014,1.5739914178848267,-0.004190607462078333,-8.405065536499023,0.01671571284532547,-0.012640807777643204,1.1466073503987102,0.04108597065381854,-0.1881943712523351,0.0005010501998063688,1.4638032873145723,1.0068501555445248,1.117140842665984,0.9013241674421598,9930,9883,0,Box 1,ARG_mid2_3aer-ARG_mid2
2017-07-15 09:50:00,-8.21400260925293,0.034082360565662384,-8.16880989074707,-8.46257209777832,-0.6401634216308594,1.039253830909729,-0.10532830655574799,-8.533649444580078,0.018718300387263298,0.21862098574638367,1.035961431405253,0.07836677647456973,-0.12722216678194623,0.012893958902123512,1.3774182776088617,1.0121850459123702,1.1085266670325358,0.9143042248863,9664,9513,1,Box 2,ARG_mid2_3aer-ARG_mid2
2017-07-15 09:50:00,-12.98651123046875,0.028927529230713844,-12.98128604888916,-10.662473678588867,-4.666703224182129,2.332362651824951,0.015527714043855667,-14.035533905029297,0.06086421385407448,1.436398983001709,0.821372684278518,0.3594946424341624,-0.17967116529766658,-0.0011961614150137745,1.639843389477724,1.1143121362104549,1.2222839567819148,0.9114450217698233,10166,10096,2,Box 3,ARG_mid2_3aer-ARG_mid2
2017-07-15 09:50:00,-22.881942749023438,-0.006517712492495775,-22.890396118164062,-19.488344192504883,-8.145406723022461,4.751139163970947,-0.007781243417412043,-24.382352828979492,0.12337657064199448,1.121260166168213,0.8513765543528488,0.3558438790150562,-0.2075603682307677,0.00033993486286273966,1.9503643383393725,1.1498172523651928,1.2989335374047632,0.8852796940670058,10387,10365,3,Box 4,ARG_mid2_3aer-ARG_mid2
2017-07-15 09:52:00,-8.650668144226074,-0.0539860874414444,-8.669282913208008,-9.728436470031738,-0.3702307343482971,1.435790777206421,-0.006406380794942379,-8.669126510620117,0.016071699559688568,-0.027214210480451584,1.1221731674907003,0.04270604392643785,-0.16561818621791127,0.0007389748007731456,1.4568524920436514,1.007185620959134,1.118256428287971,0.9007494060893233,9958,9922,0,Box 1,ARG_mid2_3aer-ARG_mid2
2017-07-15 09:52:00,-8.757220268249512,0.02534301020205021,-8.743342399597168,-9.312638282775879,-1.0778388977050781,1.7155336141586304,-0.06839984655380249,-9.10257625579834,0.022804034873843193,0.22335639595985413,1.0651118202764567,0.12327536721971788,-0.19621026413676906,0.007823076640594506,1.4433027891241712,1.0214614128683,1.121687551503122,0.9114654622907535,9669,9524,1,Box 2,ARG_mid2_3aer-ARG_mid2
2017-07-15 09:52:00,-13.780004501342773,-0.04550301656126976,-13.846287727355957,-11.028647422790527,-5.109004497528076,2.313828706741333,-0.022464947775006294,-14.89189624786377,0.06440893560647964,1.5231736898422241,0.796505669931238,0.36898010602799164,-0.16710822855386556,0.0016224525946359758,1.649244354294839,1.1228674259884135,1.23291349113381,0.9110525168911977,10189,10109,2,Box 3,ARG_mid2_3aer-ARG_mid2
2017-07-15 09:52:00,-24.19356346130371,-0.015821291133761406,-24.18815803527832,-20.59381675720215,-8.759323120117188,5.179910659790039,-0.014929826371371746,-25.778526306152344,0.13223272562026978,1.077368140220642,0.851400770512109,0.36213269183493146,-0.2141506993871738,0.0006172370401332783,1.9840409773501042,1.1568571232640765,1.3076591155796597,0.8848243876940731,10394,10374,3,Box 4,ARG_mid2_3aer-ARG_mid2
2017-07-15 09:54:00,-9.201171875,-0.07246390730142593,-9.237173080444336,-10.08428955078125,-0.5435641407966614,1.4036625623703003,-0.012983354739844799,-9.231037139892578,0.022625276818871498,-0.0026955329813063145,1.0917071788160364,0.05884528607369994,-0.15195801969131534,0.001405554801579001,1.465845781563582,1.0103602502358122,1.1238596969823962,0.8991568004884034,9987,9947,0,Box 1,ARG_mid2_3aer-ARG_mid2
2017-07-15 09:54:00,-9.422743797302246,0.08978839963674545,-9.35903263092041,-10.180347442626953,-1.2531827688217163,2.1048977375030518,-0.030403079465031624,-9.804532051086426,0.02773149125277996,0.2458469569683075,1.0877561040987773,0.13390084919513634,-0.22490548098692476,0.003248527693011094,1.4759507274433412,1.0242505908939188,1.1267059580037857,0.9094188261987153,9640,9492,1,Box 2,ARG_mid2_3aer-ARG_mid2
2017-07-15 09:54:00,-14.426806449890137,0.002999603748321533,-14.463081359863281,-11.635993003845215,-5.393331050872803,2.5707106590270996,-0.00446700444445014,-15.588056564331055,0.06655747443437576,1.5660163164138794,0.8045307521115773,0.37290332648169644,-0.1777429342280617,0.0003088556347879412,1.6886907041607908,1.1291072825360278,1.2424490997015236,0.9088364179072145,10209,10133,2,Box 3,ARG_mid2_3aer-ARG_mid2
2017-07-15 09:54:00,-25.37938690185547,-0.023918392136693,-25.363643646240234,-21.317914962768555,-9.288183212280273,5.301706314086914,-0.059252917766571045,-27.026987075805664,0.14343389868736267,1.0385504961013794,0.8404910036281237,0.3662006325130535,-0.20902777164961983,0.0023361355084426383,1.993233949598533,1.162140239611231,1.314628030216193,0.8845720051696614,10394,10382,3,Box 4,ARG_mid2_3aer-ARG_mid2
2017-07-15 09:56:00,-9.736139297485352,-0.05357900261878967,-9.75665283203125,-10.906530380249023,-0.6398606896400452,1.7788296937942505,0.010907242074608803,-9.792155265808105,0.028832117095589638,0.042963530868291855,1.11785559863853,0.06558197972913599,-0.18231964987781268,-0.0011179284898532038,1.4930634270955374,1.011827276040611,1.1269597137693483,0.8977180582890025,9992,9944,0,Box 1,ARG_mid2_3aer-ARG_mid2
2017-07-15 09:56:00,-9.589832305908203,0.0284177977591753,-9.59774112701416,-10.641778945922852,-1.0993233919143677,2.123028516769409,0.020331285893917084,-9.969486236572266,0.026898348703980446,0.19876791536808014,1.1087793911197255,0.11453978605984916,-0.22120083622308045,-0.002118340956494158,1.4717712281217796,1.0201620635825226,1.1232022921676572,0.9080385808269308,9657,9498,1,Box 2,ARG_mid2_3aer-ARG_mid2
2017-07-15 09:56:00,-14.896627426147461,0.006620833650231361,-14.969321250915527,-11.9940824508667,-5.630190372467041,2.6934070587158203,-0.038455843925476074,-16.09539222717285,0.06758356094360352,1.5703659057617188,0.8012441993908683,0.37611529522550946,-0.17992847164627443,0.002568977029896641,1.7051071056121254,1.133427498923134,1.2485710093332618,0.9082976316708847,10285,10205,2,Box 3,ARG_mid2_3aer-ARG_mid2
2017-07-15 09:56:00,-26.592845916748047,-0.011366394348442554,-26.5794734954834,-22.57847785949707,-9.749397277832031,5.787970542907715,-0.039568934589624405,-28.343576431274414,0.15141497552394867,0.9885523915290833,0.8494705017376983,0.36680170483834784,-0.21776090920846988,0.0014887026324237052,2.0111328354456868,1.1628211450389772,1.3154385010080112,0.8843407391762111,10398,10394,3,Box 4,ARG_mid2_3aer-ARG_mid2
2017-07-15 09:58:00,-10.129732131958008,-0.02727106213569641,-10.145140647888184,-11.643759727478027,-0.6578690409660339,2.131045341491699,0.025442836806178093,-10.207137107849121,0.029525086283683777,0.03631163388490677,1.1477179258350043,0.06484573697969381,-0.21005577865915387,-0.00250788415554426,1.5194271840257205,1.0118879662857352,1.1291861609361948,0.8958484660631749,10083,10044,0,Box 1,ARG_mid2_3aer-ARG_mid2
2017-07-15 09:58:00,-10.019526481628418,0.038615498691797256,-10.028373718261719,-10.506856918334961,-1.2726597785949707,1.7857692241668701,-0.034626420587301254,-10.431921005249023,0.030602576211094856,0.23279060423374176,1.0477129176885276,0.12690590192622697,-0.17807166454290874,0.003452844928154175,1.4664037966554688,1.0234552664118173,1.1295205214864785,0.9064782217609628,9651,9478,1,Box 2,ARG_mid2_3aer-ARG_mid2
2017-07-15 09:58:00,-15.743194580078125,-0.032815128564834595,-15.789116859436035,-12.157776832580566,-6.265964984893799,2.6027348041534424,0.03188902139663696,-17.014022827148438,0.07108845561742783,1.6428253650665283,0.7700099062262721,0.3968533821919257,-0.16484360479301366,-0.0020196836251840933,1.7183054858524356,1.1496982827171491,1.2640776289959186,0.9090851978229979,10316,10238,2,Box 3,ARG_mid2_3aer-ARG_mid2
2017-07-15 09:58:00,-27.87665557861328,-9.295666131947655e-06,-27.876646041870117,-23.82217788696289,-10.246186256408691,6.188292026519775,0.0034277907107025385,-29.754474639892578,0.15986144542694092,0.9235832095146179,0.8545568793140785,0.3675544901365825,-0.2219884066366089,-0.00012296281405210774,2.0246386257206375,1.1638091041692589,1.3167267579665554,0.8838354066552844,10404,10404,3,Box 4,ARG_mid2_3aer-ARG_mid2
2017-07-15 10:00:00,-10.622076988220215,-0.015383074060082436,-10.62566089630127,-11.805904388427734,-0.6113904714584351,1.8056697845458984,-0.014035469852387905,-10.728719711303711,0.029841886833310127,0.004730660002678633,1.1110748634464152,0.05753905160047644,-0.16993481822424397,0.0013209031773523672,1.4979177993462536,1.0105178366384742,1.1288808658484113,0.8952934655803763,10161,10111,0,Box 1,ARG_mid2_3aer-ARG_mid2
2017-07-15 10:00:00,-10.37747859954834,0.014984545297920704,-10.363617897033691,-10.982608795166016,-1.3405112028121948,1.9502215385437012,0.009282153099775314,-10.791419982910156,0.032850511372089386,0.23713120818138123,1.059727461867652,0.12934781605688483,-0.18817962986850176,-0.0008956480560350644,1.4950386531562092,1.024846517700306,1.1348442715465332,0.9029700722671187,9719,9541,1,Box 2,ARG_mid2_3aer-ARG_mid2
2017-07-15 10:00:00,-16.58866310119629,-0.11220738291740417,-16.592693328857422,-12.889983177185059,-6.576704025268555,2.896127462387085,-0.022134928032755852,-17.901870727539062,0.07384456694126129,1.6131155490875244,0.776846905359422,0.39636140529415215,-0.1745423271621791,0.0013340165086049294,1.7299870832395623,1.1500769415797287,1.2651459057116157,0.9093321352716628,10346,10254,2,Box 3,ARG_mid2_3aer-ARG_mid2
2017-07-15 10:00:00,-29.522628784179688,-0.0014236440183594823,-29.52120590209961,-25.450868606567383,-10.790699005126953,6.719283103942871,0.001078356639482081,-31.553632736206055,0.1729835569858551,0.8525867462158203,0.8621215753328855,0.3655236656141092,-0.2276087127424866,-3.652820450808503e-05,2.04703620611654,1.1640074107146268,1.3191510517871134,0.8823823715261057,10404,10404,3,Box 4,ARG_mid2_3aer-ARG_mid2
2017-07-15 10:02:00,-10.83690071105957,0.01566247083246708,-10.808189392089844,-12.054447174072266,-0.49572333693504333,1.7667280435562134,-0.024747926741838455,-10.968889236450195,0.027122939005494118,-0.03393356129527092,1.1153067224783553,0.04586552859077968,-0.16346198959461156,0.0022897385254765923,1.504703576414896,1.0084368776199681,1.1298870291117615,0.8927608403769796,10199,10131,0,Box 1,ARG_mid2_3aer-ARG_mid2
2017-07-15 10:02:00,-10.772393226623535,-0.017055781558156013,-10.778999328613281,-11.251893997192383,-1.4172406196594238,1.8992741107940674,-0.00913868099451065,-11.214544296264648,0.0363759882748127,0.2709271013736725,1.0438718684725488,0.13148166767822975,-0.17620135889564306,0.000847822744864557,1.5037385365187683,1.026024986437882,1.139135472033505,0.9008044589745521,9751,9546,1,Box 2,ARG_mid2_3aer-ARG_mid2
2017-07-15 10:02:00,-17.17254066467285,-0.1077234297990799,-17.173486709594727,-13.083319664001465,-6.776402950286865,2.6523830890655518,0.03385268151760101,-18.51042366027832,0.07390808314085007,1.5190163850784302,0.7618324731457488,0.39458515738639777,-0.15444641270462914,-0.0019712178275173853,1.7103808139700991,1.1491171292045506,1.264700771827959,0.9081874050817141,10359,10260,2,Box 3,ARG_mid2_3aer-ARG_mid2
2017-07-15 10:02:00,-30.797727584838867,6.243116513360292e-05,-30.79778480529785,-26.2976131439209,-11.119842529296875,6.616456031799316,0.0032095368951559067,-32.972625732421875,0.1873241513967514,0.7431390285491943,0.8538798747050077,0.3610597797931562,-0.21483544128089294,-0.00010421321727094313,2.0531546379042167,1.1642684831718817,1.3242244350591783,0.8791820929327923,10404,10404,3,Box 4,ARG_mid2_3aer-ARG_mid2
2017-07-15 10:04:00,-11.31351375579834,0.030102312564849854,-11.312498092651367,-12.498652458190918,-0.4846999943256378,1.6730166673660278,-0.0021629647817462683,-11.443129539489746,0.027004912495613098,-0.07056327909231186,1.104853375898669,0.04284641358357511,-0.1478909908066325,0.0001912013243884625,1.5003840789819447,1.0078979952419294,1.1302125617045016,0.8917982498619172,10230,10187,0,Box 1,ARG_mid2_3aer-ARG_mid2
2017-07-15 10:04:00,-11.10641098022461,-0.0328129418194294,-11.095595359802246,-11.702592849731445,-1.9075695276260376,2.4669108390808105,0.04765627160668373,-11.578641891479492,0.03673989325761795,0.28477343916893005,1.0547061913852203,0.17192132507329827,-0.22233245427418658,-0.004295062184331955,1.5733742441025613,1.037629246846393,1.1540046032551874,0.8986022008160923,9785,9589,1,Box 2,ARG_mid2_3aer-ARG_mid2
2017-07-15 10:04:00,-17.722890853881836,-0.07033117115497589,-17.68297004699707,-13.870849609375,-7.15968656539917,3.285953998565674,0.0616128072142601,-19.09217643737793,0.07412910461425781,1.4743423461914062,0.7844185431475857,0.4048916552463832,-0.18582589636522823,-0.0034843020287407267,1.7631464850192686,1.1576121579036216,1.2725023156638868,0.9089496691704193,10348,10232,2,Box 3,ARG_mid2_3aer-ARG_mid2
2017-07-15 10:04:00,-32.18797302246094,-0.0010641025146469474,-32.18690872192383,-26.97477912902832,-11.513312339782715,6.2958502769470215,0.005334699060767889,-34.51231002807617,0.19918106496334076,0.6533917188644409,0.8380668648163454,0.35770172647855897,-0.1956028500170391,-0.00016574127786528337,2.059432762378652,1.166692778620656,1.3328774144004807,0.8752772045145998,10404,10404,3,Box 4,ARG_mid2_3aer-ARG_mid2
2017-07-15 10:06:00,-11.954426765441895,0.013074582442641258,-11.955111503601074,-12.914630889892578,-0.9236538410186768,1.864930272102356,0.01824316941201687,-12.137991905212402,0.031054725870490074,-0.06280703097581863,1.0802601814801005,0.0772601577090903,-0.15599436685819193,-0.0015259723309988538,1.5289613527475894,1.0152991318143745,1.1399841026600115,0.8904476534759144,10282,10239,0,Box 1,ARG_mid2_3aer-ARG_mid2
2017-07-15 10:06:00,-11.615246772766113,-0.10750377178192139,-11.566983222961426,-11.615123748779297,-1.7993297576904297,1.7881370782852173,0.05933406576514244,-12.118781089782715,0.0392720028758049,0.29402631521224976,1.0041619809110391,0.15555738729743673,-0.15458976200664465,-0.005129606201831227,1.528419707413763,1.033405470846268,1.1512235475994512,0.8970101703357201,9766,9566,1,Box 2,ARG_mid2_3aer-ARG_mid2
2017-07-15 10:06:00,-18.428470611572266,-0.08458307385444641,-18.353771209716797,-14.935273170471191,-7.163254737854004,3.7618257999420166,-0.017066961154341698,-19.84069061279297,0.07759562879800797,1.4568597078323364,0.8137442464893067,0.3902878983558996,-0.20496203342460054,0.0009298885793942724,1.7910977509052746,1.1500070913248113,1.2696529599286661,0.9059660105846057,10329,10225,2,Box 3,ARG_mid2_3aer-ARG_mid2
2017-07-15 10:06:00,-33.37992477416992,-0.0009985476499423385,-33.37893295288086,-27.662918090820312,-11.899984359741211,6.176008224487305,0.0079656345769763,-35.85685729980469,0.20867487788200378,0.6091463565826416,0.8287539449967559,0.3565118528884627,-0.18502715528433247,-0.00023864260088615752,2.0679316609564533,1.1691450312571792,1.3394049129030206,0.8728230646782836,10404,10404,3,Box 4,ARG_mid2_3aer-ARG_mid2
2017-07-15 10:08:00,-12.72333812713623,0.02046937122941017,-12.710714340209961,-13.541725158691406,-1.2757753133773804,2.0823166370391846,0.02446608617901802,-12.959090232849121,0.038193512707948685,-0.013342104852199554,1.065378487760188,0.10037007984018118,-0.16382372817451124,-0.0019248394258578883,1.563864599513103,1.021287041201232,1.150166231326347,0.8877082463074657,10294,10237,0,Box 1,ARG_mid2_3aer-ARG_mid2
2017-07-15 10:08:00,-12.138018608093262,-0.048851631581783295,-12.07896614074707,-12.198751449584961,-1.887334942817688,2.036266326904297,-0.029146773740649223,-12.674589157104492,0.04394567757844925,0.3066955804824829,1.0099168217013388,0.1562496929407015,-0.16857953365183068,0.002413019009790379,1.5449051410136179,1.0342201879508865,1.1543804660239134,0.8962197103066857,9722,9536,1,Box 2,ARG_mid2_3aer-ARG_mid2
2017-07-15 10:08:00,-18.944974899291992,-0.09898258745670319,-18.865184783935547,-15.38199234008789,-7.142111301422119,3.6393039226531982,0.019613027572631836,-20.36456871032715,0.07799085229635239,1.3662292957305908,0.8153639394220478,0.37858684189752323,-0.19291114004778084,-0.0010396412717901538,1.7804325050174918,1.1433035484513308,1.265956222837875,0.9028932053952622,10344,10255,2,Box 3,ARG_mid2_3aer-ARG_mid2
2017-07-15 10:08:00,-34.260684967041016,-0.0009996374137699604,-34.259681701660156,-28.164836883544922,-12.159268379211426,6.067022800445557,-0.002601099433377385,-36.820091247558594,0.21504706144332886,0.5605160593986511,0.8220985798186721,0.354914792294336,-0.17708929515793645,7.592304492839985e-05,2.0659565272277756,1.169557961678343,1.3420572510560491,0.871485985623621,10404,10404,3,Box 4,ARG_mid2_3aer-ARG_mid2
2017-07-15 10:10:00,-13.392829895019531,-0.03715459629893303,-13.3778076171875,-13.876660346984863,-1.545870304107666,2.094374179840088,-0.04965244233608246,-13.659693717956543,0.045486338436603546,0.00787299033254385,1.0372894649105957,0.11555482519536993,-0.1565558429079798,0.003711552802014184,1.5793064131747077,1.0257810055011667,1.1581831624193413,0.8861640318316106,10312,10245,0,Box 1,ARG_mid2_3aer-ARG_mid2
2017-07-15 10:10:00,-12.742630004882812,-0.0371425487101078,-12.706677436828613,-12.777010917663574,-2.262338161468506,2.302057981491089,0.03061387687921524,-13.326886177062988,0.048379115760326385,0.33040183782577515,1.0055351807450728,0.1780432293632332,-0.1811691353683966,-0.002409274739909345,1.5727646488706502,1.0409046552226406,1.1619668030880286,0.8954888045129599,9702,9520,1,Box 2,ARG_mid2_3aer-ARG_mid2
2017-07-15 10:10:00,-19.36736488342285,-0.06683634966611862,-19.27406883239746,-15.837569236755371,-7.217048645019531,3.7241382598876953,0.056409671902656555,-20.8184757232666,0.07804633677005768,1.30755615234375,0.8217034397835039,0.37444341679424953,-0.19322014334119056,-0.002926713236562878,1.80188563159678,1.1435795568430298,1.2698097349551594,0.8999618868348707,10350,10260,2,Box 3,ARG_mid2_3aer-ARG_mid2
2017-07-15 10:10:00,-35.02191925048828,-0.0010106628760695457,-35.020904541015625,-28.51881217956543,-12.419222831726074,5.91979455947876,-0.0026701525785028934,-37.6507453918457,0.21660426259040833,0.5156602263450623,0.8143367012432324,0.35462307347050925,-0.16903601923871725,7.624452497556611e-05,2.0652706248035444,1.1710683903264851,1.3456430326112794,0.8702864498376626,10404,10404,3,Box 4,ARG_mid2_3aer-ARG_mid2
2017-07-15 10:12:00,-14.034773826599121,-0.03186672180891037,-14.013749122619629,-14.490226745605469,-1.68276047706604,2.218966245651245,-0.05972534418106079,-14.360623359680176,0.05135444924235344,0.0020855406764894724,1.0340009263366796,0.12007924650513288,-0.1583420835632852,0.004261910721472695,1.5993828620606352,1.0276437120503226,1.1634524316928936,0.8838410171671577,10301,10231,0,Box 1,ARG_mid2_3aer-ARG_mid2
2017-07-15 10:12:00,-13.330594062805176,-0.05025718733668327,-13.282541275024414,-12.766739845275879,-2.885836601257324,2.3847765922546387,-0.014741933904588223,-13.954275131225586,0.054598044604063034,0.34908995032310486,0.9611669179521,0.21726539890864718,-0.17954218977564748,0.001109872914900334,1.6074387888841455,1.055109810322049,1.1789287635686942,0.8951368569695292,9743,9544,1,Box 2,ARG_mid2_3aer-ARG_mid2
2017-07-15 10:12:00,-19.93391227722168,-0.07603046298027039,-19.88203239440918,-16.36817169189453,-7.150518894195557,3.6313421726226807,0.005317804869264364,-21.38587188720703,0.07806876301765442,1.201096534729004,0.8232645941988839,0.35964731558419566,-0.18264444192136267,-0.000267467861716858,1.783532053462361,1.134714676894462,1.2639842424445318,0.8976722497792009,10330,10239,2,Box 3,ARG_mid2_3aer-ARG_mid2
2017-07-15 10:12:00,-35.68571472167969,0.00031220843084156513,-35.68602752685547,-28.7381649017334,-12.792994499206543,5.8384690284729,0.00666320975869894,-38.42963790893555,0.22189590334892273,0.49043452739715576,0.8053058333800788,0.3584874893567313,-0.16360660510006073,-0.0001867176367493506,2.067803353013462,1.1755079336258452,1.3508154845785731,0.8701720901023998,10404,10404,3,Box 4,ARG_mid2_3aer-ARG_mid2
2017-07-15 10:14:00,-14.385923385620117,-0.024008581414818764,-14.378201484680176,-14.82192325592041,-1.6489205360412598,2.216397523880005,-0.12375490367412567,-14.714548110961914,0.05269397422671318,-0.05393423140048981,1.0308607417842932,0.11468198841728408,-0.15414985052152852,0.008607120319951228,1.603857638971617,1.0266259135083264,1.1650411495044712,0.8823521830361256,10338,10264,0,Box 1,ARG_mid2_3aer-ARG_mid2
2017-07-15 10:14:00,-13.782958984375,-0.13697825372219086,-13.751090049743652,-14.114750862121582,-2.9689953327178955,3.295058488845825,0.037600044161081314,-14.449507713317871,0.06036156043410301,0.384774386882782,1.0264461304894135,0.21590984375784833,-0.23962164239467426,-0.002734331852587535,1.6745270464150386,1.0557170135545597,1.1822460729156234,0.8925670142325582,9693,9497,1,Box 2,ARG_mid2_3aer-ARG_mid2
2017-07-15 10:14:00,-20.45916175842285,-0.08628175407648087,-20.433603286743164,-17.01643943786621,-7.256869792938232,3.8348963260650635,0.0048081581480801105,-21.918140411376953,0.08147099614143372,1.1087987422943115,0.8327673699714733,0.35514390989425576,-0.18767597342482298,-0.00023530644090605235,1.811641056658173,1.135086675591263,1.268524962688531,0.8947582281456335,10332,10232,2,Box 3,ARG_mid2_3aer-ARG_mid2
2017-07-15 10:14:00,-36.510353088378906,-0.0001673613878665492,-36.51018142700195,-29.11768913269043,-13.255860328674316,5.864012241363525,-0.0006492219399660826,-39.407989501953125,0.2260391116142273,0.46648281812667847,0.7975223245357711,0.36307295441269155,-0.16061306088867608,1.778194021342938e-05,2.0788384870796426,1.1812562801775401,1.3578028621029525,0.8699810097088923,10404,10404,3,Box 4,ARG_mid2_3aer-ARG_mid2
2017-07-15 10:16:00,-15.216782569885254,0.07885703444480896,-15.24138355255127,-15.278972625732422,-2.0270841121673584,2.0935401916503906,-0.028864888474345207,-15.618729591369629,0.06216784939169884,-0.04259936511516571,1.0024663766180069,0.1329987061042711,-0.1373589323525481,0.0018938496302701169,1.607463604077553,1.0319877128391923,1.1709670085950104,0.8815758418544424,10331,10261,0,Box 1,ARG_mid2_3aer-ARG_mid2
2017-07-15 10:16:00,-14.262247085571289,-0.1897919923067093,-14.27807331085205,-14.589579582214355,-3.1233158111572266,3.3086538314819336,0.1261688470840454,-14.964173316955566,0.06746745854616165,0.39946845173835754,1.0218171437360173,0.21874909801712145,-0.23172969588857675,-0.008836545864561979,1.6902725145863948,1.057792099984973,1.1867607769233068,0.8899795372693396,9685,9483,1,Box 2,ARG_mid2_3aer-ARG_mid2
2017-07-15 10:16:00,-21.28650665283203,-0.058280542492866516,-21.272390365600586,-17.856252670288086,-7.458292007446289,4.029787063598633,0.012367704883217812,-22.78200912475586,0.08972204476594925,1.051889181137085,0.839409805937214,0.35060899331907597,-0.18943740223046937,-0.0005813970258206347,1.8192670012194656,1.1331240035208094,1.2682533629159611,0.8933289601352866,10336,10218,2,Box 3,ARG_mid2_3aer-ARG_mid2
2017-07-15 10:16:00,-37.48518371582031,-0.0005759824416600168,-37.4846076965332,-29.252107620239258,-13.83540153503418,5.606325626373291,-0.0034175319597125053,-40.58074951171875,0.2340260148048401,0.4439496397972107,0.7803766900625915,0.3690955568812044,-0.14956341855356942,9.117160977356598e-05,2.0720517253216673,1.1880211027737881,1.3650503175301865,0.8703377408911986,10404,10404,3,Box 4,ARG_mid2_3aer-ARG_mid2
2017-07-15 10:18:00,-15.877869606018066,0.0809357613325119,-15.898475646972656,-15.969414710998535,-2.0293562412261963,2.100527286529541,-0.00023182005679700524,-16.33896827697754,0.06761910021305084,-0.04613059014081955,1.0044620049358193,0.12764471206602926,-0.13212129827790503,1.4581276056496728e-05,1.6049414099094823,1.0305157630209103,1.1699900410772204,0.880792216933828,10318,10249,0,Box 1,ARG_mid2_3aer-ARG_mid2
2017-07-15 10:18:00,-14.655921936035156,-0.1190563514828682,-14.592292785644531,-13.844171524047852,-2.9757907390594482,2.281114339828491,-0.05344592407345772,-15.398502349853516,0.07106661796569824,0.39854562282562256,0.9487316918635381,0.20392893549059615,-0.1563232409219365,0.003662613567802231,1.6280022550018862,1.0537740907150557,1.1867635356482404,0.8884964355375967,9670,9461,1,Box 2,ARG_mid2_3aer-ARG_mid2
2017-07-15 10:18:00,-22.143550872802734,-0.043239712715148926,-22.1511173248291,-19.205053329467773,-7.852940082550049,4.881242275238037,0.025633269920945168,-23.72140884399414,0.09696812927722931,1.0438182353973389,0.8670015132541501,0.3545166876571389,-0.22036100110928308,-0.0011571998020059038,1.8724953446630717,1.136832250134708,1.2727313564371643,0.8929732308423546,10322,10211,2,Box 3,ARG_mid2_3aer-ARG_mid2
2017-07-15 10:18:00,-38.65488815307617,-0.0009533381089568138,-38.6539306640625,-29.650056838989258,-14.464181900024414,5.462746620178223,-0.0024432558566331863,-41.97749710083008,0.24198798835277557,0.43070629239082336,0.7670643775845644,0.37419686707706007,-0.14132445312511527,6.320846349083808e-05,2.071000850143283,1.1943210360009389,1.3721399524967999,0.8704250009863594,10404,10404,3,Box 4,ARG_mid2_3aer-ARG_mid2
2017-07-15 10:20:00,-16.050029754638672,0.051760051399469376,-16.061826705932617,-16.675783157348633,-1.8767458200454712,2.4587342739105225,0.03196636214852333,-16.515735626220703,0.06863833218812943,-0.07100122421979904,1.0382244511140852,0.11684510887900919,-0.1530793532006282,-0.001990206792466198,1.619222958532872,1.0274909868661135,1.1673475973943204,0.8799218150260846,10363,10302,0,Box 1,ARG_mid2_3aer-ARG_mid2
2017-07-15 10:20:00,-15.04971981048584,-0.0823073536157608,-15.023419380187988,-13.940163612365723,-2.970641851425171,1.9129321575164795,-0.025546789169311523,-15.827432632446289,0.07471559941768646,0.40432730317115784,0.9278954890940837,0.19773405405950154,-0.1273300075303252,0.0017004643767399574,1.6208345171723246,1.0528041843511813,1.1894485296323103,0.8853807416245421,9616,9439,1,Box 2,ARG_mid2_3aer-ARG_mid2
2017-07-15 10:20:00,-23.0709171295166,-0.10049838572740555,-23.035066604614258,-19.95417594909668,-7.614500999450684,4.477881908416748,0.055728692561388016,-24.694774627685547,0.10191655158996582,0.9716083407402039,0.8662521526690524,0.33056128650774375,-0.19439414104642863,-0.0024192981303675365,1.8266223484594686,1.1218182577363216,1.260904794134376,0.8891942127463851,10309,10207,2,Box 3,ARG_mid2_3aer-ARG_mid2
2017-07-15 10:20:00,-39.669044494628906,-0.0004857335879933089,-39.66856384277344,-30.21537971496582,-14.992033004760742,5.545228481292725,-0.0063765826635062695,-43.23859786987305,0.24632641673088074,0.4171714782714844,0.7616958963745046,0.3779323530864661,-0.13978899596438568,0.000160746503414938,2.0802706181526,1.1992814447310844,1.3778933110525056,0.8704180748506221,10404,10404,3,Box 4,ARG_mid2_3aer-ARG_mid2
2017-07-15 10:22:00,-16.58475112915039,0.0216058436781168,-16.589214324951172,-16.83553695678711,-2.2939400672912598,2.524862289428711,0.015400033444166183,-17.06866455078125,0.07752382755279541,-0.05343442037701607,1.014848344761574,0.13827899944721456,-0.15219902823073578,-0.0009283159780527073,1.6289492669086294,1.0338006947914131,1.1738223457992643,0.8805820610328616,10383,10357,0,Box 1,ARG_mid2_3aer-ARG_mid2
2017-07-15 10:22:00,-15.35184097290039,-0.07447119802236557,-15.339614868164062,-14.647902488708496,-3.3388442993164062,2.6157166957855225,0.03141498193144798,-16.171180725097656,0.07769253849983215,0.4243760108947754,0.9549067692303448,0.21766156609755571,-0.17052037094271089,-0.0020479643851896157,1.692312583878519,1.061793215822088,1.2015910394455205,0.8833237881746457,9666,9478,1,Box 2,ARG_mid2_3aer-ARG_mid2
2017-07-15 10:22:00,-23.544254302978516,-0.11729902774095535,-23.48091697692871,-20.487314224243164,-7.622214317321777,4.605449676513672,0.023163609206676483,-25.17517852783203,0.10524244606494904,0.8887365460395813,0.8725091536778181,0.32461319474107686,-0.1961358619154809,-0.000986486503414069,1.8640493222675063,1.122822852749163,1.2686023896706957,0.8848787969013944,10341,10247,2,Box 3,ARG_mid2_3aer-ARG_mid2
2017-07-15 10:22:00,-40.67533874511719,-0.0012270414736121893,-40.67411422729492,-30.655073165893555,-15.442720413208008,5.430160045623779,-0.006482114549726248,-44.43986892700195,0.24685831367969513,0.42291754484176636,0.7536752315030821,0.379669476479482,-0.13350407505194828,0.00015936706938413092,2.0887273984907404,1.2038473000007204,1.385084900022898,0.8691956717692566,10404,10404,3,Box 4,ARG_mid2_3aer-ARG_mid2
2017-07-15 10:24:00,-17.092803955078125,0.020670881494879723,-17.102008819580078,-17.241432189941406,-2.675217866897583,2.810070037841797,0.004571022931486368,-17.641632080078125,0.08712498098611832,-0.04423339664936066,1.0081524500401107,0.1564271155802365,-0.16431228572964388,-0.00026727989070329805,1.6482208010657873,1.0395282324818205,1.1796508821129121,0.8811779350274761,10394,10377,0,Box 1,ARG_mid2_3aer-ARG_mid2
2017-07-15 10:24:00,-16.043922424316406,-0.08128377050161362,-16.014463424682617,-15.636231422424316,-3.5837347507476807,3.180527448654175,0.024977318942546844,-16.936418533325195,0.08504541218280792,0.49433642625808716,0.9763819812069792,0.22378114710197117,-0.1986034556073615,-0.0015596727015888268,1.7580559536075553,1.0667927206481973,1.212420551432584,0.8796224042803085,9656,9492,1,Box 2,ARG_mid2_3aer-ARG_mid2
2017-07-15 10:24:00,-24.04974937438965,-0.1001485139131546,-24.008098602294922,-20.572961807250977,-7.717026233673096,4.274522304534912,0.007365463767200708,-25.70547103881836,0.10891564190387726,0.854857861995697,0.8569175554899238,0.3214342768523693,-0.1780450415648308,-0.00030679077746226247,1.850962195062733,1.1224089281850547,1.2706187980766357,0.8832912443689014,10348,10260,2,Box 3,ARG_mid2_3aer-ARG_mid2
2017-07-15 10:24:00,-41.87382125854492,-0.0013811405515298247,-41.872440338134766,-30.79443359375,-16.117616653442383,5.039679050445557,-7.11867687641643e-05,-45.851356506347656,0.2544676661491394,0.43854382634162903,0.7354343773890685,0.38492182228241517,-0.12035789975766908,1.700086185441041e-06,2.085166561594009,1.212043346010824,1.3952420237908838,0.8686980550014608,10404,10404,3,Box 4,ARG_mid2_3aer-ARG_mid2
2017-07-15 10:26:00,-18.015098571777344,0.037795763462781906,-18.034860610961914,-17.497365951538086,-3.351901054382324,2.8166446685791016,-0.0022392566315829754,-18.684890747070312,0.10093982517719269,0.016071071848273277,0.9701968576909252,0.18585674675445324,-0.1561777671163392,0.0001241626709607424,1.66716882915394,1.0501754754038535,1.1919723061806082,0.8810593739170112,10404,10398,0,Box 1,ARG_mid2_3aer-ARG_mid2
2017-07-15 10:26:00,-16.729841232299805,-0.10698317736387253,-16.6738224029541,-15.277175903320312,-3.8619396686553955,2.3600378036499023,0.10525231808423996,-17.684507369995117,0.09019439667463303,0.5090992450714111,0.9162369951732836,0.2316169083507203,-0.14154147549706783,-0.006312428026936073,1.7043769322650808,1.0697170344709124,1.2140740557216256,0.8800187825496736,9641,9502,1,Box 2,ARG_mid2_3aer-ARG_mid2
2017-07-15 10:26:00,-24.679767608642578,-0.03899448364973068,-24.67794418334961,-21.296236038208008,-8.023994445800781,4.692663669586182,-0.05037852004170418,-26.367568969726562,0.1153854951262474,0.8054194450378418,0.8629663549054637,0.32514839115446864,-0.1901561849810808,0.0020414389211484696,1.8814050489301246,1.1264442695317232,1.276505796599389,0.8828834132431715,10341,10266,2,Box 3,ARG_mid2_3aer-ARG_mid2
2017-07-15 10:26:00,-42.93769454956055,-0.000414954440202564,-42.93728256225586,-31.156042098999023,-16.68674659729004,4.907996654510498,-0.0024842831771820784,-47.088741302490234,0.2614925801753998,0.4546647369861603,0.7256175567921282,0.3886307565765442,-0.11430617178666909,5.7858417996617395e-05,2.096024109946877,1.2191796527760925,1.4048910294095496,0.8678279013700357,10404,10404,3,Box 4,ARG_mid2_3aer-ARG_mid2
2017-07-15 10:28:00,-18.96098518371582,-0.0025605277623981237,-18.96675682067871,-18.38088035583496,-3.7730181217193604,3.154153347015381,0.03298969566822052,-19.750244140625,0.11179289221763611,0.11085649579763412,0.9691104254246772,0.19892796984139924,-0.16629905221322408,-0.001739343052852338,1.6950851377471687,1.0556572004976494,1.1990361231758353,0.8801435906918444,10404,10395,0,Box 1,ARG_mid2_3aer-ARG_mid2
2017-07-15 10:28:00,-17.438371658325195,-0.12568658590316772,-17.37179183959961,-16.092315673828125,-4.328820705413818,3.0005946159362793,0.04874998331069946,-18.469802856445312,0.09211044013500214,0.5399826169013977,0.9263474780962714,0.24918677924258478,-0.1727279844275129,-0.002806272911343277,1.7652332641355981,1.0794307620007468,1.2268976218469942,0.8793003490136662,9655,9485,1,Box 2,ARG_mid2_3aer-ARG_mid2
2017-07-15 10:28:00,-25.541919708251953,-0.011969741433858871,-25.551700592041016,-22.275310516357422,-8.248472213745117,4.964356422424316,0.007726564072072506,-27.264883041381836,0.12375292181968689,0.7331079244613647,0.8717741524564174,0.3228149889166946,-0.19428675196501535,-0.0003023894080966538,1.9128198691746325,1.1275906693110662,1.2814494246606378,0.8798678220563688,10327,10248,2,Box 3,ARG_mid2_3aer-ARG_mid2
2017-07-15 10:28:00,-44.100730895996094,0.0008404033142141998,-44.10084915161133,-31.58003807067871,-17.391721725463867,4.86962366104126,0.0012861849972978234,-48.461387634277344,0.26701539754867554,0.48152849078178406,0.7160868563157362,0.39436248144901254,-0.11042017313536998,-2.9164629378769513e-05,2.1024142726850337,1.2270535423487934,1.4132632609792586,0.8682325492132216,10404,10403,3,Box 4,ARG_mid2_3aer-ARG_mid2
2017-07-15 10:30:00,-19.619422912597656,0.0009271645685657859,-19.60875701904297,-18.669187545776367,-4.006592273712158,3.064587354660034,0.0024369354359805584,-20.451433181762695,0.11288484185934067,0.1590532511472702,0.9520842830862598,0.2043266855218611,-0.15628669070385334,-0.0001242779042675557,1.6911943086512145,1.0580015153923898,1.201967194973215,0.8802048275111808,10404,10394,0,Box 1,ARG_mid2_3aer-ARG_mid2
2017-07-15 10:30:00,-18.11031723022461,-0.12784390151500702,-18.04994773864746,-16.21199607849121,-4.570746421813965,2.812603235244751,-0.07980863749980927,-19.208621978759766,0.09991247206926346,0.5807090997695923,0.8981741008427904,0.2532276837034763,-0.15582332829883205,0.004421543752565371,1.7620598563427972,1.0831311591083452,1.2339682837581616,0.8785788755468602,9669,9508,1,Box 2,ARG_mid2_3aer-ARG_mid2
2017-07-15 10:30:00,-26.53595542907715,-0.07957161962985992,-26.536828994750977,-23.146821975708008,-8.330159187316895,4.934779644012451,0.005373000167310238,-28.35846519470215,0.13048763573169708,0.6545453071594238,0.8722527487985636,0.3139093756968154,-0.18595965114336802,-0.00020247335201098449,1.9093958222191154,1.1234271430390887,1.280398098909713,0.8773606606206087,10302,10191,2,Box 3,ARG_mid2_3aer-ARG_mid2
2017-07-15 10:30:00,-45.114349365234375,-0.0006541211041621864,-45.11369323730469,-31.95354461669922,-17.99860954284668,4.837342739105225,0.001122915418818593,-49.703346252441406,0.2700415849685669,0.4907184839248657,0.7082893517912745,0.39896113914118986,-0.1072256001429345,-2.4890789529857793e-05,2.1020077944843774,1.232723853187806,1.4185261429645677,0.8690098041847911,10404,10404,3,Box 4,ARG_mid2_3aer-ARG_mid2
2017-07-15 10:32:00,-19.942951202392578,-0.0051726470701396465,-19.93050765991211,-18.789831161499023,-4.089932918548584,2.9621403217315674,-0.012883787974715233,-20.79085350036621,0.10563533753156662,0.1389073133468628,0.9427673060521473,0.20520967728529907,-0.14862341890511258,0.0006464355676661926,1.6944424752692104,1.0590728468815624,1.2049715600455124,0.879025316130432,10403,10386,0,Box 1,ARG_mid2_3aer-ARG_mid2
2017-07-15 10:32:00,-18.75183868408203,-0.09493886679410934,-18.668928146362305,-16.824934005737305,-4.804958820343018,2.911923885345459,0.04904443770647049,-19.940982818603516,0.10515231639146805,0.6018804311752319,0.9012267427888032,0.2573773519252364,-0.15597703212690514,-0.0026270625871344933,1.770789298108248,1.085016745851029,1.2353458206688526,0.8778225973028582,9707,9527,1,Box 2,ARG_mid2_3aer-ARG_mid2
2017-07-15 10:32:00,-27.76590919494629,-0.01647232659161091,-27.802993774414062,-23.754268646240234,-8.889284133911133,4.794284820556641,0.046272099018096924,-29.719223022460938,0.1388244330883026,0.607313334941864,0.8543780202417874,0.3197239854397321,-0.1724377209750087,-0.0016642847065108102,1.9264000457434567,1.130521139727466,1.2914960696097422,0.8749852022878186,10250,10126,2,Box 3,ARG_mid2_3aer-ARG_mid2
2017-07-15 10:32:00,-45.914398193359375,-0.0008271290571428835,-45.91357421875,-32.84280776977539,-18.3999080657959,5.330838680267334,-0.0016930439742282033,-50.706321716308594,0.2684940993785858,0.48661506175994873,0.7153181181679994,0.4007509616923496,-0.1161059544481,3.6874587751020704e-05,2.130141083313502,1.2359303972993023,1.422446842695915,0.8688876236029414,10404,10404,3,Box 4,ARG_mid2_3aer-ARG_mid2
2017-07-15 10:34:00,-20.592931747436523,0.006928650662302971,-20.5969295501709,-19.610244750976562,-4.019721031188965,3.0516905784606934,-0.018652578815817833,-21.474002838134766,0.10172117501497269,0.09746203571557999,0.9520956353864977,0.1951611813376174,-0.1481624167636997,0.0009056000395846475,1.7045575666901687,1.0561800393152458,1.2052811881272467,0.8764416563928792,10401,10380,0,Box 1,ARG_mid2_3aer-ARG_mid2
2017-07-15 10:34:00,-19.576919555664062,-0.07293649762868881,-19.513328552246094,-16.941749572753906,-5.231705188751221,2.676478624343872,-0.01635207235813141,-20.870656967163086,0.11110296100378036,0.6263341903686523,0.868214254868864,0.2681093143960817,-0.13716156434352678,0.0008379950785810109,1.7600242453874513,1.0912110410819524,1.2424013902088424,0.8784677328095531,9740,9577,1,Box 2,ARG_mid2_3aer-ARG_mid2
2017-07-15 10:34:00,-29.14946174621582,-0.14438974857330322,-29.073434829711914,-23.256175994873047,-9.771137237548828,3.955941677093506,-0.002062933286651969,-31.297800064086914,0.15328089892864227,0.6844126582145691,0.7999115180721547,0.3360847496152788,-0.1360672236415249,7.095595409145616e-05,1.9138139782836137,1.1460944868463538,1.3106031584063602,0.8744954384923873,10225,10037,2,Box 3,ARG_mid2_3aer-ARG_mid2
2017-07-15 10:34:00,-46.847198486328125,0.00021865761664230376,-46.847415924072266,-33.66250228881836,-18.785324096679688,5.599982738494873,0.0004249612393323332,-51.77837371826172,0.27263447642326355,0.4723973870277405,0.7185561508375468,0.4009895590192893,-0.11953663867984583,-9.071176990213536e-06,2.1487322876619253,1.2379041159932498,1.4259264482306444,0.8681374366501233,10404,10404,3,Box 4,ARG_mid2_3aer-ARG_mid2
2017-07-15 10:36:00,-21.274137496948242,0.051926933228969574,-21.315778732299805,-20.19347381591797,-4.583911418914795,3.463803291320801,-0.0021954544354230165,-22.257343292236328,0.1022135466337204,0.07281753420829773,0.9473487085243071,0.21504779964753937,-0.1624995048603065,0.00010299668846006083,1.7417359494483124,1.0650045112623214,1.2156032104315604,0.8761295780058914,10393,10354,0,Box 1,ARG_mid2_3aer-ARG_mid2
2017-07-15 10:36:00,-20.706361770629883,-0.11210864037275314,-20.641754150390625,-17.517337799072266,-5.783843517303467,2.7128961086273193,-0.05346939340233803,-22.139493942260742,0.11858552694320679,0.6588737964630127,0.8486361103300841,0.280201136185594,-0.1314275975716372,0.0025903510559590615,1.7712399367220055,1.0989751968110555,1.251757387507675,0.8784566585792168,9774,9621,1,Box 2,ARG_mid2_3aer-ARG_mid2
2017-07-15 10:36:00,-30.3297119140625,-0.11480867862701416,-30.26283073425293,-24.418834686279297,-10.702750205993652,4.887631893157959,-0.028877779841423035,-32.61940002441406,0.16478167474269867,0.7516429424285889,0.8068919718060511,0.35365989110097185,-0.161506095578048,0.0009542326710250404,1.9945809517582782,1.1633551936889603,1.3300594401151544,0.874902152286851,10224,10046,2,Box 3,ARG_mid2_3aer-ARG_mid2
2017-07-15 10:36:00,-47.98624801635742,-0.001055462402291596,-47.985191345214844,-34.359619140625,-19.35035514831543,5.722282886505127,0.0024956013076007366,-53.09880828857422,0.2786913216114044,0.456185907125473,0.7160462610118665,0.40325674402246553,-0.11925099729916734,-5.2007735164713575e-05,2.1623539895044184,1.2425405989339136,1.431907210273617,0.8677359751858367,10404,10404,3,Box 4,ARG_mid2_3aer-ARG_mid2
2017-07-15 10:38:00,-22.45395851135254,0.030354540795087814,-22.46210479736328,-20.928359985351562,-5.366359233856201,3.780874013900757,0.0517413429915905,-23.591567993164062,0.10877417773008347,0.0800795629620552,0.9317186024572011,0.23890722337751139,-0.1683223313104349,-0.002303494524277555,1.7758093679204188,1.0764021625912428,1.2280738587068494,0.8760815748061407,10391,10326,0,Box 1,ARG_mid2_3aer-ARG_mid2
2017-07-15 10:38:00,-21.998899459838867,-0.19447124004364014,-21.87234115600586,-18.156139373779297,-6.647410869598389,2.789461374282837,0.14174894988536835,-23.58897590637207,0.130228653550148,0.7390122413635254,0.8300958996379184,0.3039185808814702,-0.12753374076943827,-0.006480739749950365,1.796018664247692,1.1131526799286457,1.2650889735205568,0.8785608482606316,9785,9622,1,Box 2,ARG_mid2_3aer-ARG_mid2
2017-07-15 10:38:00,-31.628459930419922,-0.06942381709814072,-31.57111930847168,-24.712675094604492,-11.194073677062988,4.422670841217041,-0.08704180270433426,-34.073822021484375,0.17573845386505127,0.832624614238739,0.782762070752387,0.35456688951930504,-0.14008596730886197,0.002757007037169912,1.999098627131747,1.1698610350345486,1.3430988819515473,0.8717249636017373,10189,10001,2,Box 3,ARG_mid2_3aer-ARG_mid2
2017-07-15 10:38:00,-49.18732833862305,-0.0005839193472638726,-49.18674850463867,-34.774539947509766,-20.04635238647461,5.63029670715332,0.003848529886454344,-54.52808380126953,0.28924909234046936,0.46134087443351746,0.7069899981035155,0.4075560050724775,-0.11446775994089338,-7.824323509962594e-05,2.1709063558134307,1.250348694118965,1.4411870313390454,0.8675577238139764,10404,10404,3,Box 4,ARG_mid2_3aer-ARG_mid2
2017-07-15 10:40:00,-23.84638786315918,-0.014928893186151981,-23.85120964050293,-21.418119430541992,-5.936032772064209,3.4892375469207764,0.013704556040465832,-25.172286987304688,0.11663515120744705,0.13035836815834045,0.8979888213911738,0.2488776379552834,-0.14629187400021365,-0.0005745853462434947,1.780461794943388,1.0832222404610752,1.2387899984153823,0.8743120073503232,10376,10324,0,Box 1,ARG_mid2_3aer-ARG_mid2
2017-07-15 10:40:00,-22.958951950073242,-0.12600122392177582,-22.826536178588867,-18.707252502441406,-6.967848777770996,2.8101863861083984,0.03838031366467476,-24.66428565979004,0.13604378700256348,0.7400391101837158,0.819539733233255,0.3052521754559211,-0.12311051835915766,-0.001681390330018448,1.8114313673199804,1.1169980730800297,1.2733443067267027,0.876859715196047,9803,9634,1,Box 2,ARG_mid2_3aer-ARG_mid2
2017-07-15 10:40:00,-32.94709396362305,-0.14005590975284576,-32.89182662963867,-24.715251922607422,-12.404557228088379,4.2548089027404785,-0.026827272027730942,-35.561641693115234,0.1848393678665161,0.8887702226638794,0.7514101362058274,0.3771318668316194,-0.12935762417136712,0.0008156211339202801,2.049661652993473,1.1973371549603902,1.3748820671144844,0.8710915166355394,10151,9959,2,Box 3,ARG_mid2_3aer-ARG_mid2
2017-07-15 10:40:00,-50.69445037841797,-0.0002375971816945821,-50.694210052490234,-35.264610290527344,-20.980289459228516,5.547902584075928,0.0027834735810756683,-56.36269760131836,0.2999826967716217,0.4703264534473419,0.6956338264959886,0.4138596628660152,-0.10943858223911566,-5.4907122888150917e-05,2.182444363061318,1.261319910259848,1.4534983993765542,0.8677642929471602,10404,10404,3,Box 4,ARG_mid2_3aer-ARG_mid2
2017-07-15 10:42:00,-24.98676872253418,0.060089126229286194,-25.02631187438965,-21.812753677368164,-6.62862491607666,3.404390573501587,0.010679983533918858,-26.449710845947266,0.12134497612714767,0.1620015799999237,0.8715929360442581,0.2648662761161991,-0.13603246189779933,-0.0004267502626579267,1.791177607478845,1.092604153737173,1.2497142798409764,0.8741999975106304,10373,10332,0,Box 1,ARG_mid2_3aer-ARG_mid2
2017-07-15 10:42:00,-23.60573387145996,-0.18702448904514313,-23.455259323120117,-18.59253692626953,-7.20432710647583,2.261073350906372,0.08052900433540344,-25.424972534179688,0.1409580111503601,0.748494565486908,0.7926808363273964,0.3071518849083306,-0.09639941817463991,-0.0034333030610870924,1.7855066250261857,1.1188629375673584,1.276054441086281,0.8760808829108773,9911,9727,1,Box 2,ARG_mid2_3aer-ARG_mid2
2017-07-15 10:42:00,-34.648380279541016,-0.25375691056251526,-34.47386932373047,-24.912561416625977,-13.311776161193848,3.727321147918701,0.02314755506813526,-37.504947662353516,0.20287497341632843,1.0481020212173462,0.7226505758495471,0.3861410687540347,-0.10812019240223839,-0.0006714522013433755,2.0332875656872025,1.2087638580625661,1.3872709294372514,0.871133521818516,10081,9822,2,Box 3,ARG_mid2_3aer-ARG_mid2
2017-07-15 10:42:00,-51.778221130371094,-0.0009972280822694302,-51.777225494384766,-35.294185638427734,-21.660541534423828,5.184072971343994,-0.00656449468806386,-57.66395568847656,0.31059151887893677,0.4948582053184509,0.6816547147571955,0.4183411636694046,-0.10012266189243674,0.0001267834658366107,2.1755689684687405,1.2693653055915257,1.4624303630767892,0.868025247752537,10404,10404,3,Box 4,ARG_mid2_3aer-ARG_mid2
2017-07-15 10:44:00,-26.139684677124023,-0.02474256232380867,-26.13706398010254,-22.73439598083496,-7.163268566131592,3.7548770904541016,0.005724017508327961,-27.74797248840332,0.12849341332912445,0.216334268450737,0.8698144852246408,0.27406551923333494,-0.14366100446017283,-0.00021899999780289336,1.8252581078312813,1.0994353196952895,1.2593475517040331,0.8729756913309328,10393,10350,0,Box 1,ARG_mid2_3aer-ARG_mid2
2017-07-15 10:44:00,-24.744524002075195,-0.2593980133533478,-24.577091217041016,-19.442134857177734,-7.305117607116699,2.2049572467803955,-0.03479716181755066,-26.708606719970703,0.14657457172870636,0.7361264228820801,0.7910673345651874,0.29723278831566363,-0.08971595998373036,0.0014158371028793193,1.7801464229652257,1.1144296693763072,1.2750726720375456,0.8743134274322695,9933,9759,1,Box 2,ARG_mid2_3aer-ARG_mid2
2017-07-15 10:44:00,-36.22838592529297,-0.3144596219062805,-36.016361236572266,-25.791337966918945,-13.899457931518555,3.641810417175293,0.032625436782836914,-39.26592254638672,0.22015295922756195,1.0814272165298462,0.7161006030094507,0.38592069163022624,-0.10111544421771175,-0.000905850421965157,2.056694397055578,1.2144696642616841,1.3988640122400315,0.8679188543842459,10025,9779,2,Box 3,ARG_mid2_3aer-ARG_mid2
2017-07-15 10:44:00,-52.692848205566406,-0.0036299715284258127,-52.69049072265625,-35.73548126220703,-22.288551330566406,5.307153224945068,0.026386793702840805,-58.832275390625,0.31645891070365906,0.5030685663223267,0.6782149858738659,0.42300896750919453,-0.10072316490263634,-0.0005007884804240498,2.1875973333044696,1.2764987777152077,1.4692283232613643,0.8686552223438139,10401,10397,3,Box 4,ARG_mid2_3aer-ARG_mid2
2017-07-15 10:46:00,-27.588834762573242,-0.11606308817863464,-27.507522583007812,-23.34995460510254,-7.633233547210693,3.538968563079834,-0.06330282986164093,-29.417001724243164,0.13475535809993744,0.29451873898506165,0.8488570621471775,0.27749621014858433,-0.12865456409692808,0.0023012918011662553,1.8260721761904826,1.103432705453453,1.2667594140881115,0.8715414382617217,10390,10338,0,Box 1,ARG_mid2_3aer-ARG_mid2
2017-07-15 10:46:00,-26.120887756347656,-0.2590115964412689,-25.917034149169922,-20.443222045898438,-8.161173820495605,2.620971441268921,0.06639010459184647,-28.256103515625,0.15491411089897156,0.7709468603134155,0.7887948200639181,0.31489612350983803,-0.10112930374353736,-0.002561639830218773,1.8359613926477418,1.128934401973598,1.2927213890157014,0.8727264478787834,9983,9794,1,Box 2,ARG_mid2_3aer-ARG_mid2
2017-07-15 10:46:00,-37.733402252197266,-0.296081006526947,-37.44771194458008,-26.29802703857422,-15.010342597961426,3.825699806213379,0.03496353328227997,-41.010040283203125,0.2342439442873001,1.1908745765686035,0.7022600340204564,0.40083474657171914,-0.10216111780239832,-0.0009336627897772592,2.1163237835780633,1.23856154737205,1.4273817832365467,0.8674274361414395,10004,9766,2,Box 3,ARG_mid2_3aer-ARG_mid2
2017-07-15 10:46:00,-53.70966720581055,-0.0038856258615851402,-53.703983306884766,-36.145057678222656,-22.922557830810547,5.36621618270874,-0.0025783090386539698,-60.146907806396484,0.3153730630874634,0.5077080130577087,0.673042500901429,0.4268316139735869,-0.0999221245181176,4.800964310169853e-05,2.1888301359144178,1.281971074849327,1.4739901772704234,0.8697445704948927,10396,10392,3,Box 4,ARG_mid2_3aer-ARG_mid2
2017-07-15 10:48:00,-29.04949188232422,-0.06729785352945328,-28.986352920532227,-24.158052444458008,-8.633756637573242,3.7793095111846924,0.026146816089749336,-31.09942626953125,0.1381485015153885,0.3194253146648407,0.8334285077285182,0.2978559081739127,-0.13038237703442046,-0.0009020388680104352,1.856402402992845,1.116888615439715,1.2807270321693105,0.8718792820743336,10387,10348,0,Box 1,ARG_mid2_3aer-ARG_mid2
2017-07-15 10:48:00,-27.702539443969727,-0.34909069538116455,-27.475967407226562,-21.313222885131836,-9.095778465270996,2.922053098678589,0.010982109233736992,-30.03337860107422,0.16877381503582,0.8657545447349548,0.7757042230724202,0.3310449134233381,-0.1063494377483659,-0.00039969874739233247,1.8881208768404856,1.1452497207936194,1.314058530584825,0.8714411715613676,10042,9858,1,Box 2,ARG_mid2_3aer-ARG_mid2
2017-07-15 10:48:00,-39.29495620727539,-0.28783148527145386,-39.06293869018555,-27.441640853881836,-15.81106948852539,4.2453436851501465,-0.055573541671037674,-42.74229431152344,0.24535596370697021,1.2171980142593384,0.7024980953345655,0.40475881763462723,-0.10867957979197718,0.001422666822784413,2.180196372344646,1.251744312076303,1.4474887542252175,0.8652247424011275,9963,9732,2,Box 3,ARG_mid2_3aer-ARG_mid2
2017-07-15 10:48:00,-55.1374397277832,0.0009943540208041668,-55.136051177978516,-37.02571105957031,-23.69094467163086,5.575110912322998,0.005494397133588791,-61.888729095458984,0.31731978058815,0.5225390195846558,0.6715335689328208,0.4296816120588674,-0.10111552937041941,-9.965162126877869e-05,2.2071029058849074,1.288242608676764,1.481376236846966,0.8695914850785502,10394,10391,3,Box 4,ARG_mid2_3aer-ARG_mid2
2017-07-15 10:50:00,-30.34287452697754,-0.06389876455068588,-30.2725887298584,-24.451637268066406,-9.266694068908691,3.4461417198181152,-0.00040309413452632725,-32.60346603393555,0.14820514619350433,0.3724042773246765,0.8077153224435994,0.30610839144723845,-0.11383702937456451,1.3315483726614175e-05,1.8481804329295748,1.1234285659713505,1.2884923384895635,0.8718968084770015,10392,10365,0,Box 1,ARG_mid2_3aer-ARG_mid2
2017-07-15 10:50:00,-28.97180938720703,-0.3259722888469696,-28.719196319580078,-22.20396614074707,-9.775798797607422,3.268017053604126,-0.007448527961969376,-31.461408615112305,0.17647673189640045,0.9027817249298096,0.7731402734279511,0.34039243835691113,-0.11379206886888797,0.00025935708402573254,1.9140957573651365,1.1536403289264487,1.3230199994016156,0.8720382798420954,10079,9867,1,Box 2,ARG_mid2_3aer-ARG_mid2
2017-07-15 10:50:00,-40.60446548461914,-0.32232317328453064,-40.36704635620117,-27.907825469970703,-16.678552627563477,4.297024250030518,-0.07769366353750229,-44.24261474609375,0.24992553889751434,1.25838303565979,0.6913516587973135,0.4131724660942556,-0.10644880505300773,0.0019246801614385828,2.2107412532093886,1.2675149510276238,1.4659461745297402,0.8652762637770417,9934,9706,2,Box 3,ARG_mid2_3aer-ARG_mid2
2017-07-15 10:50:00,-56.38872528076172,0.0035433785524219275,-56.39231872558594,-37.68928527832031,-24.35418128967285,5.6428351402282715,0.008322414942085743,-63.412757873535156,0.3179541230201721,0.5302269458770752,0.6683408758430986,0.43187060505685126,-0.1000639002529703,-0.00014758064697961704,2.214456212775256,1.2928641360954434,1.48662385582075,0.8696137082002701,10390,10388,3,Box 4,ARG_mid2_3aer-ARG_mid2
2017-07-15 10:52:00,-30.968503952026367,-0.03382584825158119,-30.93602180480957,-24.735227584838867,-9.83675765991211,3.6314027309417725,0.004559876397252083,-33.363685607910156,0.15073427557945251,0.4640226364135742,0.7995606467520716,0.3179710263385909,-0.11738427609110855,-0.00014739699955398922,1.8803518961359216,1.1337831776276182,1.3011551761235987,0.8713328014393527,10397,10374,0,Box 1,ARG_mid2_3aer-ARG_mid2
2017-07-15 10:52:00,-30.090248107910156,-0.29534807801246643,-29.81192398071289,-23.254724502563477,-10.423696517944336,3.849433183670044,0.017059560865163803,-32.720027923583984,0.18252089619636536,0.908722460269928,0.7800476425329658,0.34964852945932673,-0.1291239325490408,-0.0005722394432516875,1.9639227267878647,1.1633088572392234,1.3343175092808446,0.8716942304797107,10101,9907,1,Box 2,ARG_mid2_3aer-ARG_mid2
2017-07-15 10:52:00,-41.79358673095703,-0.4354136288166046,-41.46628952026367,-27.92162322998047,-17.166446685791016,3.7481167316436768,-0.1263369470834732,-45.63300323486328,0.2569430470466614,1.30696702003479,0.6733571789515488,0.4139855691503235,-0.09038948644452456,0.0030467383426523026,2.191618631127967,1.2727777271349952,1.4746520622033794,0.8641257707849069,9908,9671,2,Box 3,ARG_mid2_3aer-ARG_mid2
2017-07-15 10:52:00,-57.51560592651367,-0.0009711534949019551,-57.51262283325195,-38.33430862426758,-25.114004135131836,5.907034397125244,0.02864822745323181,-64.80225372314453,0.32195958495140076,0.5388356447219849,0.6665372027446749,0.4366693890852872,-0.10270847119303533,-0.0004981206369267244,2.224885880367532,1.2994694888728089,1.4917209853303834,0.8709474864313254,10392,10391,3,Box 4,ARG_mid2_3aer-ARG_mid2
2017-07-15 10:54:00,-31.654754638671875,-0.03253202512860298,-31.58771324157715,-24.608530044555664,-10.42011833190918,3.419464588165283,0.02147250436246395,-34.15936279296875,0.1572444587945938,0.5579723119735718,0.779053919190618,0.3298788670901565,-0.1082530122839568,-0.0006797739968176647,1.8865861071699697,1.1438408370958661,1.312059696764137,0.8716292996061761,10390,10364,0,Box 1,ARG_mid2_3aer-ARG_mid2
2017-07-15 10:54:00,-31.266080856323242,-0.27881863713264465,-31.042707443237305,-23.367145538330078,-11.043320655822754,3.242774248123169,0.1249832883477211,-34.03611755371094,0.18778133392333984,0.890496015548706,0.7527418842585548,0.3557459894230177,-0.10446170163081021,-0.004026172050762319,1.9381008179545798,1.169249164908594,1.3404715305114474,0.8712386085502646,10154,9960,1,Box 2,ARG_mid2_3aer-ARG_mid2
2017-07-15 10:54:00,-43.726871490478516,-0.5172563195228577,-43.321720123291016,-28.885515213012695,-17.871347427368164,3.6085124015808105,-0.17337587475776672,-47.796817779541016,0.26498252153396606,1.292079210281372,0.6667674039092252,0.4125262359494305,-0.08329569441822637,0.0040020545595707,2.2134554126068884,1.2786360117427022,1.4876793058507045,0.8608510265211827,9837,9593,2,Box 3,ARG_mid2_3aer-ARG_mid2
2017-07-15 10:54:00,-58.396820068359375,-0.0017823808593675494,-58.39503479003906,-38.71051025390625,-25.651756286621094,5.966911315917969,0.0003183572262059897,-65.91291046142578,0.32067814469337463,0.5701978802680969,0.6629075308465971,0.43927974522533625,-0.10218182428655904,-5.451785374352425e-06,2.2234233687723934,1.3031013190194123,1.4944968658509716,0.8719312126996647,10397,10394,3,Box 4,ARG_mid2_3aer-ARG_mid2
2017-07-15 10:56:00,-32.85858917236328,-0.1276683211326599,-32.6865119934082,-25.14370346069336,-10.882417678833008,3.340383768081665,-0.0007741805748082697,-35.537513732910156,0.15850670635700226,0.6118779182434082,0.7692378590718003,0.3329330101311135,-0.10219455421835838,2.3685015444585567e-05,1.8997597817277632,1.1489778063390375,1.320590956750797,0.8700539466957186,10379,10323,0,Box 1,ARG_mid2_3aer-ARG_mid2
2017-07-15 10:56:00,-32.384925842285156,-0.23413421213626862,-32.183013916015625,-24.00749397277832,-11.504619598388672,3.202565908432007,0.12653447687625885,-35.285179138183594,0.1988087147474289,0.9486955404281616,0.7459678623848367,0.35747490574796603,-0.09951105205050151,-0.003931716082301223,1.9524273686436617,1.1738784417899844,1.348473608110342,0.8695011730460277,10180,9989,1,Box 2,ARG_mid2_3aer-ARG_mid2
2017-07-15 10:56:00,-45.721256256103516,-0.27698978781700134,-45.495941162109375,-29.197708129882812,-19.363981246948242,3.0888588428497314,-0.023105040192604065,-50.07016372680664,0.27332398295402527,1.2983829975128174,0.6417652284602264,0.4256199982925911,-0.06789307518360901,0.0005078484307914632,2.1968843982305333,1.2982060086978238,1.5049945053657376,0.8627776005022952,9808,9585,2,Box 3,ARG_mid2_3aer-ARG_mid2
2017-07-15 10:56:00,-59.094017028808594,-0.004808986559510231,-59.08934783935547,-39.4996223449707,-26.084266662597656,6.494863033294678,-0.00032613016082905233,-66.83773803710938,0.3221650719642639,0.6350558996200562,0.6684727683949762,0.44143767640356835,-0.10991596406959447,5.519271049969632e-06,2.252739343517452,1.3075533518070437,1.4992670242027966,0.8721303499055245,10403,10400,3,Box 4,ARG_mid2_3aer-ARG_mid2
2017-07-15 10:58:00,-34.13956069946289,-0.08292651176452637,-34.02018737792969,-25.71961784362793,-11.363679885864258,3.0617902278900146,0.0013250743504613638,-37.02561950683594,0.15547257661819458,0.5816218852996826,0.7560106131631511,0.33402756593556027,-0.08999922945142219,-3.894964728917705e-05,1.897157850919377,1.1519592503580196,1.3262300226090749,0.8685873209233895,10366,10315,0,Box 1,ARG_mid2_3aer-ARG_mid2
2017-07-15 10:58:00,-33.817718505859375,-0.2792530953884125,-33.57193374633789,-24.431095123291016,-11.902166366577148,2.718911647796631,0.042415205389261246,-36.914276123046875,0.2053873986005783,0.9393783807754517,0.7277237676176772,0.3545272816984238,-0.08098763683635975,-0.0012634124797412521,1.948494992313634,1.1764319731743622,1.3573646895192415,0.8663684361862506,10181,9964,1,Box 2,ARG_mid2_3aer-ARG_mid2
2017-07-15 10:58:00,-47.50664520263672,-0.31523236632347107,-47.24486541748047,-30.582338333129883,-20.112552642822266,3.6254687309265137,-0.1754460632801056,-52.16597366333008,0.2858622670173645,1.3056213855743408,0.6473155371183563,0.42570875344207715,-0.07673783794653458,0.003713547386101107,2.2536939633860382,1.3062946251127514,1.5195754460288278,0.8609812758078657,9807,9596,2,Box 3,ARG_mid2_3aer-ARG_mid2
2017-07-15 10:58:00,-60.04240417480469,-0.003685934003442526,-60.03912353515625,-39.75729751586914,-26.751922607421875,6.46994161605835,0.00015686010010540485,-68.0687026977539,0.32418009638786316,0.7123515605926514,0.6621898255899044,0.4455748914487841,-0.1077621044070499,-2.6126316385460813e-06,2.2609603122329442,1.315826041744098,1.5078012422351517,0.8726777728781412,10403,10401,3,Box 4,ARG_mid2_3aer-ARG_mid2
2017-07-15 11:00:00,-35.27375411987305,-0.10768794268369675,-35.19628143310547,-26.402328491210938,-11.927953720092773,3.1533384323120117,-0.019338781014084816,-38.35931396484375,0.16493836045265198,0.5576472878456116,0.7501453686909313,0.3388981208998119,-0.08959294481902103,0.0005494552282778176,1.9075810924054508,1.1570651936045835,1.3324010240606161,0.8685430571291786,10362,10307,0,Box 1,ARG_mid2_3aer-ARG_mid2
2017-07-15 11:00:00,-35.20329284667969,-0.2830294370651245,-34.961273193359375,-24.32990264892578,-12.31054973602295,1.771718978881836,-0.09253955632448196,-38.46942138671875,0.20795674622058868,0.9281616806983948,0.6959101082247869,0.35211959186848996,-0.0506766161233905,0.002646916030113605,1.9072218320488565,1.1774414093931638,1.3624140499709063,0.8649394319291507,10182,9973,1,Box 2,ARG_mid2_3aer-ARG_mid2
2017-07-15 11:00:00,-48.64726257324219,-0.30698031187057495,-48.40322494506836,-31.652666091918945,-20.37127113342285,3.6866652965545654,-0.06595321744680405,-53.48569869995117,0.2930622696876526,1.2363015413284302,0.6539371563056599,0.42086597039680174,-0.07616570592234734,0.0013625792198857511,2.295151249254018,1.3064923686644236,1.5272756350362775,0.8559335622665168,9842,9611,2,Box 3,ARG_mid2_3aer-ARG_mid2
2017-07-15 11:00:00,-61.46349334716797,-0.002268117154017091,-61.46122360229492,-40.164039611816406,-27.512269973754883,6.211801528930664,0.0032908141147345304,-69.7713851928711,0.32881829142570496,0.7641002535820007,0.6534859485009042,0.4476362200205904,-0.10106862558963865,-5.354293185598491e-05,2.2582335312386634,1.3217988930103681,1.5151378915163107,0.8723757052775553,10404,10403,3,Box 4,ARG_mid2_3aer-ARG_mid2
2017-07-15 11:02:00,-36.343692779541016,-0.1030285432934761,-36.22560119628906,-27.448421478271484,-12.330792427062988,3.5339767932891846,0.019633838906884193,-39.574424743652344,0.17934957146644592,0.5325812697410583,0.7577077883306936,0.34038886072849756,-0.09755466116421951,-0.0005419878949716739,1.9367710637222348,1.1600662922653096,1.3374958290629184,0.8672052980698381,10356,10291,0,Box 1,ARG_mid2_3aer-ARG_mid2
2017-07-15 11:02:00,-36.69263458251953,-0.34710803627967834,-36.38322830200195,-26.10647964477539,-13.314205169677734,2.9991188049316406,0.038340069353580475,-40.15260314941406,0.21408897638320923,0.9235532283782959,0.7175416066702572,0.36594353437168337,-0.08243135677986906,-0.001053784262071547,2.014520535389443,1.1955375304655091,1.3845310500046064,0.8632003578018714,10210,9987,1,Box 2,ARG_mid2_3aer-ARG_mid2
2017-07-15 11:02:00,-49.6306266784668,-0.3110416829586029,-49.41200637817383,-31.081871032714844,-20.87908172607422,2.578011989593506,-0.029068537056446075,-54.58465576171875,0.29550790786743164,1.2198776006698608,0.6290347744656527,0.42255073564709306,-0.052173799027534364,0.0005882889147886053,2.2397881493035885,1.3110667928177067,1.5331300811102742,0.8553719151227626,9870,9628,2,Box 3,ARG_mid2_3aer-ARG_mid2
2017-07-15 11:02:00,-62.67488479614258,-0.0003111440746579319,-62.6745719909668,-40.38355255126953,-27.96808624267578,5.6830291748046875,-0.0059608398005366325,-71.1957015991211,0.33938679099082947,0.7572600841522217,0.6443371071542753,0.44624298452326316,-0.09067519946553317,9.510778799472208e-05,2.2434704819412596,1.3228693100838838,1.5189405208305247,0.8709504324715652,10404,10404,3,Box 4,ARG_mid2_3aer-ARG_mid2
2017-07-15 11:04:00,-37.52504348754883,-0.13455748558044434,-37.37014389038086,-27.831857681274414,-13.217775344848633,3.717940092086792,-0.03845302388072014,-40.92623519897461,0.19776563346385956,0.6007202863693237,0.7447618118933315,0.35369879013504235,-0.09948957927953013,0.0010289772511563183,1.9714342103472724,1.174892987462685,1.3549891679009791,0.8673577178467328,10374,10286,0,Box 1,ARG_mid2_3aer-ARG_mid2
2017-07-15 11:04:00,-37.95790100097656,-0.35778507590293884,-37.63186264038086,-26.687042236328125,-13.768346786499023,2.877903461456299,-0.05437599495053291,-41.55955505371094,0.22219881415367126,0.9260752201080322,0.709160844627,0.36586938726230717,-0.07647517751640336,0.0014449456270961697,2.0389894531120385,1.2017565476987435,1.397774592477145,0.8601803233095549,10248,10026,1,Box 2,ARG_mid2_3aer-ARG_mid2
2017-07-15 11:04:00,-50.82996368408203,-0.3877405822277069,-50.50773239135742,-32.16220474243164,-21.185821533203125,2.9150524139404297,-0.07475809007883072,-55.95905303955078,0.3022390305995941,1.2309544086456299,0.6367778635639847,0.41945698050834124,-0.05771497543180713,0.0014801313594812043,2.2642719935232845,1.3088772232560515,1.5338893766368682,0.8538466330970422,9903,9640,2,Box 3,ARG_mid2_3aer-ARG_mid2
2017-07-15 11:04:00,-63.28196334838867,-0.00012995446741115302,-63.281837463378906,-41.482643127441406,-28.109699249267578,6.319714546203613,-0.009217620827257633,-71.9156723022461,0.3476717174053192,0.728515625,0.6555220312524279,0.4441984826806374,-0.09986617372314599,0.00014565979008068775,2.2641536357076633,1.3190056381859188,1.515199619150033,0.8705687761438546,10404,10404,3,Box 4,ARG_mid2_3aer-ARG_mid2
2017-07-15 11:06:00,-38.624446868896484,-0.2226635217666626,-38.409690856933594,-28.488384246826172,-13.45757007598877,3.4364426136016846,0.09982147067785263,-42.20909881591797,0.20582333207130432,0.623522937297821,0.7416978254166929,0.35036915981101213,-0.08946812363542642,-0.0025988615922786507,1.947597906253516,1.170517736678375,1.3492939668218933,0.8668287187350483,10373,10256,0,Box 1,ARG_mid2_3aer-ARG_mid2
2017-07-15 11:06:00,-39.43997573852539,-0.2707670032978058,-39.1667594909668,-26.821109771728516,-15.066272735595703,2.828272581100464,-0.10765396803617477,-43.25216293334961,0.23987127840518951,1.0462077856063843,0.6847925532121822,0.3846698790094049,-0.07221103745244743,0.0027486052308602765,2.0517711364989486,1.2236758738447409,1.4188404529071028,0.8632775373780611,10251,10075,1,Box 2,ARG_mid2_3aer-ARG_mid2
2017-07-15 11:06:00,-52.048187255859375,-0.38280922174453735,-51.73758316040039,-33.473228454589844,-21.85116958618164,3.581336736679077,0.005480140447616577,-57.405269622802734,0.30493009090423584,1.242726445198059,0.6469809357824788,0.4223461712121934,-0.069221185147022,-0.00010592184765026436,2.323764140941931,1.3168134060832648,1.544070399271313,0.8527802975900337,9940,9690,2,Box 3,ARG_mid2_3aer-ARG_mid2
2017-07-15 11:06:00,-63.72037887573242,-0.00023696638527326286,-63.72013854980469,-42.05180358886719,-28.086145401000977,6.432897090911865,-0.015084880404174328,-72.35275268554688,0.35543307662010193,0.6899380087852478,0.6599452693539734,0.4407734634855913,-0.1009554693407799,0.00023673650121522338,2.2560986890118313,1.3122085681453273,1.508267884696795,0.8700949294382997,10404,10404,3,Box 4,ARG_mid2_3aer-ARG_mid2
2017-07-15 11:08:00,-39.934715270996094,-0.2145736962556839,-39.71956253051758,-28.76422691345215,-14.466729164123535,3.504305124282837,0.007088082376867533,-43.78022003173828,0.20389272272586823,0.5722460150718689,0.7241828683371697,0.3642217652469861,-0.0882261804018036,-0.000178453182352184,1.9855931298893812,1.1882579202835226,1.371246650504234,0.8665041943751619,10361,10241,0,Box 1,ARG_mid2_3aer-ARG_mid2
2017-07-15 11:08:00,-40.90445327758789,-0.4151144027709961,-40.485435485839844,-28.44304084777832,-15.540719985961914,3.47678542137146,0.021538307890295982,-44.945255279541016,0.24873819947242737,1.1086605787277222,0.7025499613313826,0.38385947282606014,-0.08587743279788382,-0.0005320013595589146,2.1039880490578,1.225327674347491,1.4232191841818453,0.860793368031012,10266,10077,1,Box 2,ARG_mid2_3aer-ARG_mid2
2017-07-15 11:08:00,-53.2332763671875,-0.29685357213020325,-52.98656463623047,-33.180580139160156,-22.51445960998535,2.7141313552856445,-0.005655577871948481,-58.779029846191406,0.3092741072177887,1.2089825868606567,0.6262074347388594,0.4249088398202495,-0.051223010626002,0.0001067360668930567,2.2761337829066015,1.3218649167854735,1.5493094081243552,0.8532360818950706,9987,9742,2,Box 3,ARG_mid2_3aer-ARG_mid2
2017-07-15 11:08:00,-64.04815673828125,-0.0002632156538311392,-64.04790496826172,-42.723873138427734,-28.025156021118164,6.713961601257324,-0.012826097197830677,-72.6708984375,0.3566285967826843,0.6564055681228638,0.6670613355091767,0.4375655939007195,-0.1048271873040588,0.00020025789416264206,2.2614695069582402,1.3068720937137601,1.5034553330182696,0.8693166909611383,10404,10404,3,Box 4,ARG_mid2_3aer-ARG_mid2
2017-07-15 11:10:00,-41.384944915771484,-0.24977482855319977,-41.160152435302734,-29.69139862060547,-15.0445556640625,3.548084259033203,0.02771889418363571,-45.46696472167969,0.2074626237154007,0.651740312576294,0.7213627113891079,0.3655126567090611,-0.08620192796193361,-0.0006734401362353676,2.0059118489278527,1.1928623254271817,1.3794145192605902,0.8645725712563772,10362,10255,0,Box 1,ARG_mid2_3aer-ARG_mid2
2017-07-15 11:10:00,-42.62487030029297,-0.3667486906051636,-42.277000427246094,-29.2513484954834,-16.225357055664062,3.1390380859375,0.06066285818815231,-46.916114807128906,0.2598358690738678,1.1234065294265747,0.6918973854007497,0.3837868118991635,-0.07424930704166793,-0.001434890258245336,2.1034265493888444,1.2290282856351054,1.4307894983816578,0.8585446773979637,10247,10076,1,Box 2,ARG_mid2_3aer-ARG_mid2
2017-07-15 11:10:00,-54.37763595581055,-0.2671162784099579,-54.13168716430664,-33.61003875732422,-23.031230926513672,2.6081528663635254,-0.09857340902090073,-60.10008239746094,0.3234323263168335,1.163540005683899,0.6208939494547914,0.42546668401331633,-0.048181626180825304,0.0018209927127176007,2.2736289645046237,1.3250149963072089,1.5542060676243585,0.8532198078635297,10056,9796,2,Box 3,ARG_mid2_3aer-ARG_mid2
2017-07-15 11:10:00,-64.56039428710938,-0.001579933799803257,-64.5588150024414,-43.26846694946289,-28.109678268432617,6.826566696166992,-0.007235248107463121,-73.25800323486328,0.3511058986186981,0.6449132561683655,0.6702177887863114,0.43541196211340355,-0.10574182310901659,0.00011207220930159467,2.2697185468367747,1.3050583459671854,1.503290633491217,0.8681740858366039,10404,10404,3,Box 4,ARG_mid2_3aer-ARG_mid2
2017-07-15 11:12:00,-42.58725357055664,-0.37297698855400085,-42.240604400634766,-30.56175422668457,-15.623406410217285,3.8568649291992188,0.08769207447767258,-46.88573455810547,0.2062368541955948,0.6858002543449402,0.7235160287441169,0.36986703071403226,-0.09130704576950092,-0.002076013688648251,2.0314862184847287,1.1986114633437843,1.3861617029737414,0.8641121733317526,10352,10232,0,Box 1,ARG_mid2_3aer-ARG_mid2
2017-07-15 11:12:00,-43.9212646484375,-0.41026630997657776,-43.5281867980957,-30.02385902404785,-16.627296447753906,3.0954229831695557,0.027548067271709442,-48.4417610168457,0.26537927985191345,1.1444065570831299,0.6897567169851029,0.38198922752558584,-0.07111306572801433,-0.000632878782674387,2.1256038299086044,1.232197491203957,1.439659611730182,0.8556976510639751,10216,10046,1,Box 2,ARG_mid2_3aer-ARG_mid2
2017-07-15 11:12:00,-55.57499313354492,-0.2760674059391022,-55.294986724853516,-34.358890533447266,-22.916898727416992,2.1347203254699707,-0.1539226472377777,-61.452144622802734,0.33504319190979004,1.0864853858947754,0.6213743416703281,0.41444802809839554,-0.038606033425025985,0.0027836636563023237,2.2652431120679326,1.3134946796872697,1.5505996036133944,0.8481231865622109,10075,9790,2,Box 3,ARG_mid2_3aer-ARG_mid2
2017-07-15 11:12:00,-65.25072479248047,-0.002708137035369873,-65.24801635742188,-43.98753356933594,-28.161176681518555,6.919629096984863,-0.01893613487482071,-74.05059814453125,0.34229180216789246,0.6399558186531067,0.6741589410798994,0.4316020154787715,-0.10605117436489969,0.00029021780622884297,2.2765218268768423,1.3012602284655248,1.5019332668183447,0.8664924575205748,10404,10404,3,Box 4,ARG_mid2_3aer-ARG_mid2
2017-07-15 11:14:00,-43.92852783203125,-0.33384206891059875,-43.60765075683594,-30.510601043701172,-16.49349594116211,3.395416498184204,0.0010311638470739126,-48.4665412902832,0.21483245491981506,0.8199819922447205,0.6996616510954489,0.37822485931268096,-0.07786286401136426,-2.3646396765567013e-05,2.0453845745465933,1.2133881802467785,1.4062406550682907,0.8628525950732394,10374,10234,0,Box 1,ARG_mid2_3aer-ARG_mid2
2017-07-15 11:14:00,-46.268123626708984,-0.38814234733581543,-45.894203186035156,-30.38932228088379,-17.621639251708984,2.0734219551086426,0.0433364063501358,-51.18217086791992,0.280540406703949,1.1126525402069092,0.6621603726581353,0.38396219433769735,-0.04517829935185806,-0.0009442676439746084,2.092587780514984,1.2387289177354004,1.4502171596289313,0.8538681230318365,10207,10011,1,Box 2,ARG_mid2_3aer-ARG_mid2
2017-07-15 11:14:00,-56.37902069091797,-0.3100646436214447,-56.10097122192383,-34.993446350097656,-22.76325798034668,1.8777767419815063,-0.22203762829303741,-62.36064147949219,0.33182284235954285,0.9451239705085754,0.6237583768140481,0.40575517944056544,-0.03347137810473093,0.0039578218501173795,2.2278258739451644,1.2976228173246027,1.534284803362254,0.8471850294985903,10102,9850,2,Box 3,ARG_mid2_3aer-ARG_mid2
2017-07-15 11:14:00,-66.05799102783203,-0.002710596425458789,-66.05528259277344,-44.78422927856445,-28.00013542175293,6.746251583099365,-0.01716695912182331,-74.9286117553711,0.3302258551120758,0.6139855980873108,0.6779810512795499,0.4238894432133328,-0.1021303822475046,0.0002598877546219486,2.2836758328776114,1.2945334615998012,1.5008065603963658,0.8626495218151932,10404,10404,3,Box 4,ARG_mid2_3aer-ARG_mid2
2017-07-15 11:16:00,-45.00237274169922,-0.1976594775915146,-44.7720832824707,-29.846466064453125,-17.27670669555664,2.3726165294647217,-0.021527117118239403,-49.75693893432617,0.23109464347362518,0.9172466397285461,0.6666311711696442,0.38588122093895344,-0.05299320771979124,0.0004808156111935913,2.0062720009853656,1.2232622464322425,1.416455570454296,0.863752497966408,10388,10255,0,Box 1,ARG_mid2_3aer-ARG_mid2
2017-07-15 11:16:00,-48.37022018432617,-0.2346019148826599,-48.124122619628906,-31.950435638427734,-19.1013126373291,2.888880491256714,0.03874872624874115,-53.62928771972656,0.29475006461143494,1.0925551652908325,0.6639173162965466,0.3969176479193787,-0.06002978121171477,-0.0008051830042105565,2.1641020077919517,1.2595678056972994,1.473442097557233,0.8545804213845362,10219,10031,1,Box 2,ARG_mid2_3aer-ARG_mid2
2017-07-15 11:16:00,-57.35361862182617,-0.13964758813381195,-57.22587203979492,-35.51311111450195,-23.685884475708008,2.1126365661621094,-0.1395079493522644,-63.49241638183594,0.3312080204486847,0.8686970472335815,0.6205780045174378,0.4139016542696887,-0.036917506370864064,0.0024378475837375096,2.2492560248181817,1.3103828450061747,1.5455815964958968,0.8487254756046152,10131,9924,2,Box 3,ARG_mid2_3aer-ARG_mid2
2017-07-15 11:16:00,-66.63441467285156,-2.7709656933438964e-05,-66.63439178466797,-44.814598083496094,-27.945714950561523,6.135790824890137,-0.009868723340332508,-75.55624389648438,0.32240408658981323,0.5708907842636108,0.672544555776067,0.4193887939153003,-0.09208145225110631,0.0001481025597390162,2.2698669601760146,1.2912141641912946,1.501220615436298,0.8601612892569551,10404,10404,3,Box 4,ARG_mid2_3aer-ARG_mid2
2017-07-15 11:18:00,-45.89083480834961,-0.17809821665287018,-45.64299774169922,-30.61498260498047,-17.567169189453125,2.521986722946167,0.017170751467347145,-50.79931640625,0.2404419481754303,0.9021707773208618,0.6707487545402654,0.38488207456758144,-0.05525463222846113,-0.0003761968793857054,2.0175482124807176,1.2230816382378529,1.4173738041110795,0.8628077878296458,10376,10234,0,Box 1,ARG_mid2_3aer-ARG_mid2
2017-07-15 11:18:00,-50.02749252319336,-0.28861352801322937,-49.73649978637695,-32.048709869384766,-20.156658172607422,2.3882386684417725,0.08063099533319473,-55.57938766479492,0.30443060398101807,1.0928174257278442,0.6443700817819928,0.4052689100757486,-0.04801782841787153,-0.001621163439869927,2.1538951408137454,1.2728839593839714,1.4872275432420266,0.8553265276970906,10221,10010,1,Box 2,ARG_mid2_3aer-ARG_mid2
2017-07-15 11:18:00,-58.23343276977539,-0.11848291009664536,-58.11903381347656,-35.37727355957031,-24.076047897338867,1.3582221269607544,-0.023936357349157333,-64.53558349609375,0.3206941783428192,0.8231083750724792,0.6087037329841581,0.41425407509774914,-0.023369658589139933,0.00041185050723265004,2.2146461572304776,1.3106859661401074,1.5455844062756325,0.8481717432261895,10204,9989,2,Box 3,ARG_mid2_3aer-ARG_mid2
2017-07-15 11:18:00,-67.36951446533203,8.257895387941971e-06,-67.3695297241211,-45.29826736450195,-28.05171012878418,5.988306999206543,-0.007847758941352367,-76.32714080810547,0.3313995897769928,0.5565534830093384,0.6723851859112473,0.41638579645361196,-0.08888747062953521,0.00011648826467595963,2.2746792070206245,1.289776307937184,1.5029422969858819,0.8582082791974176,10404,10404,3,Box 4,ARG_mid2_3aer-ARG_mid2
2017-07-15 11:20:00,-46.47881317138672,-0.19409485161304474,-46.26137161254883,-31.752504348754883,-17.88570213317871,3.3469555377960205,0.02988017350435257,-51.53959655761719,0.2553902566432953,0.8845674991607666,0.6863718903747933,0.386622831393062,-0.07234882272880427,-0.0006458990390510455,2.0690846942115457,1.22725990053672,1.4234960129375496,0.8619483379892844,10370,10241,0,Box 1,ARG_mid2_3aer-ARG_mid2
2017-07-15 11:20:00,-52.26664733886719,-0.38798847794532776,-51.88529586791992,-33.45749282836914,-21.447546005249023,2.9866740703582764,0.03306882455945015,-58.179630279541016,0.3119558095932007,1.0977379083633423,0.6448357432206152,0.4133646200827111,-0.05756301843808525,-0.0006373448652410366,2.1940773023867313,1.2864053358168768,1.5010753968724975,0.8567673280909164,10222,10002,1,Box 2,ARG_mid2_3aer-ARG_mid2
2017-07-15 11:20:00,-59.10138702392578,-0.18113462626934052,-58.931854248046875,-36.804805755615234,-24.112979888916016,1.9629645347595215,0.02297096885740757,-65.60537719726562,0.3155026137828827,0.7979229688644409,0.6245316142163851,0.4091672331211031,-0.033309058696797234,-0.0003897886406910023,2.236369510893791,1.3016769924894274,1.536607848297373,0.8469688956246619,10283,10085,2,Box 3,ARG_mid2_3aer-ARG_mid2
2017-07-15 11:20:00,-67.96488952636719,1.2276322195248213e-05,-67.96489715576172,-45.79909896850586,-28.05650520324707,5.900932788848877,-0.010230517946183681,-76.90813446044922,0.3365781605243683,0.5343087315559387,0.6738639712465706,0.41280874581438,-0.086823243536926,0.0001505264759754099,2.273935257727728,1.286118677194706,1.5013561833352582,0.856690347576261,10404,10404,3,Box 4,ARG_mid2_3aer-ARG_mid2
2017-07-15 11:22:00,-47.013755798339844,-0.3690911531448364,-46.64606857299805,-32.12447738647461,-17.8515682220459,3.2208011150360107,0.10917612165212631,-52.18928909301758,0.2686217427253723,0.9028920531272888,0.6886856792954245,0.38270248758104325,-0.06904764543212792,-0.0023405214443397854,2.070705599673504,1.2241466618032146,1.422347224468804,0.8599430878508969,10373,10231,0,Box 1,ARG_mid2_3aer-ARG_mid2
2017-07-15 11:22:00,-54.66967010498047,-0.46666035056114197,-54.237281799316406,-33.65351867675781,-22.92427635192871,2.326009750366211,0.014492957852780819,-60.963069915771484,0.3277587890625,1.2053437232971191,0.6204866694092155,0.422666347254869,-0.04288580275620947,-0.0002672139078750274,2.184384123934568,1.304887146823615,1.5215697384384492,0.8574965475261538,10222,9999,1,Box 2,ARG_mid2_3aer-ARG_mid2
2017-07-15 11:22:00,-60.2522087097168,-0.10022693872451782,-60.15342330932617,-38.66480255126953,-25.219966888427734,3.6802127361297607,0.05113194137811661,-66.9340591430664,0.31888270378112793,0.7808178067207336,0.6427697411583962,0.41926072316797564,-0.06118043887948961,-0.0008500254468822716,2.3223793438571367,1.3162669669447822,1.5479927440473915,0.8499898766066676,10295,10152,2,Box 3,ARG_mid2_3aer-ARG_mid2
2017-07-15 11:22:00,-68.58428192138672,4.4184165744809434e-05,-68.5843276977539,-46.105674743652344,-28.041366577148438,5.573884963989258,-0.011174091137945652,-77.60201263427734,0.33169710636138916,0.523898184299469,0.6722479511842405,0.40885965840418687,-0.08127053444237026,0.0001629248539428696,2.27108642739846,1.2833060658689148,1.5018896701402606,0.8545175674844221,10404,10404,3,Box 4,ARG_mid2_3aer-ARG_mid2
2017-07-15 11:24:00,-47.53972244262695,-0.30927780270576477,-47.21110916137695,-32.16935729980469,-18.480018615722656,3.5129315853118896,-0.07466262578964233,-52.811763763427734,0.2725101113319397,0.9054291248321533,0.6813938109726215,0.39143371958324125,-0.07440899369318416,0.0015814631373213817,2.1100534537075943,1.2392155793491577,1.4409277611634184,0.8605092495437476,10375,10204,0,Box 1,ARG_mid2_3aer-ARG_mid2
2017-07-15 11:24:00,-56.61491394042969,-0.679542064666748,-55.96564865112305,-35.28078842163086,-23.7319393157959,3.0936341285705566,-0.046555690467357635,-63.2200927734375,0.3346264660358429,1.2306811809539795,0.6304007618713316,0.4240447495731228,-0.055277373410075874,0.0008318619656213985,2.252029818622945,1.3139567916580002,1.5361321172823572,0.8556725449325729,10238,9973,1,Box 2,ARG_mid2_3aer-ARG_mid2
2017-07-15 11:24:00,-61.4417724609375,-0.0670473724603653,-61.37847900390625,-38.83724594116211,-25.525012969970703,2.888977289199829,0.09479977935552597,-68.2233657836914,0.32572993636131287,0.7312302589416504,0.6327501961511783,0.41586256260561766,-0.04706824699004076,-0.001544511766755234,2.2949740979220676,1.3138840363174071,1.549023623501159,0.847628299747907,10310,10202,2,Box 3,ARG_mid2_3aer-ARG_mid2
2017-07-15 11:24:00,-69.1715087890625,-2.1878657207707874e-05,-69.17147827148438,-46.82500457763672,-28.035724639892578,5.700076103210449,-0.010827554389834404,-78.18612670898438,0.33215612173080444,0.5422435998916626,0.6769409346771994,0.40530754506451394,-0.08240501179617851,0.00015653205446516938,2.286996249181267,1.2810091103929704,1.5028178722639047,0.8524591145952637,10404,10404,3,Box 4,ARG_mid2_3aer-ARG_mid2
2017-07-15 11:26:00,-48.329952239990234,-0.43086007237434387,-47.92338562011719,-31.85352325439453,-19.12764549255371,2.9758400917053223,0.08194613456726074,-53.77169418334961,0.2804964482784271,0.9766958355903625,0.664676039202043,0.39912968536211474,-0.06209578401498633,-0.001709940549171396,2.069535750420934,1.2440529964357807,1.4401557671274916,0.8632936430531463,10351,10130,0,Box 1,ARG_mid2_3aer-ARG_mid2
2017-07-15 11:26:00,-58.007606506347656,-0.7016023397445679,-57.33108901977539,-35.88859176635742,-24.645671844482422,3.1682088375091553,0.034966856241226196,-64.84619140625,0.3426430821418762,1.2828826904296875,0.625988329316836,0.4298832021672923,-0.055261620598621324,-0.0006099108855069993,2.2798972047449877,1.32707378826601,1.5509105917719006,0.8554449530201743,10248,9946,1,Box 2,ARG_mid2_3aer-ARG_mid2
2017-07-15 11:26:00,-63.283905029296875,-0.04414220154285431,-63.242244720458984,-39.87224578857422,-26.403602600097656,3.0822319984436035,-0.048626672476530075,-70.29698944091797,0.3347073197364807,0.6952352523803711,0.6304685616796797,0.41749945943271954,-0.0487369165652244,0.0007688954528251718,2.3344240642963903,1.3240526157557988,1.5655225357851068,0.8460491482830346,10314,10248,2,Box 3,ARG_mid2_3aer-ARG_mid2
2017-07-15 11:26:00,-69.48953247070312,-2.250212816079511e-07,-69.48953247070312,-46.50794219970703,-28.123035430908203,5.150080680847168,-0.008637207560241222,-78.5127182006836,0.33321309089660645,0.5566607117652893,0.6692797918635313,0.4047089543787928,-0.07411304134525074,0.00012429510292669144,2.2647240234551425,1.2803764248737843,1.502500362699049,0.8522069284704606,10404,10404,3,Box 4,ARG_mid2_3aer-ARG_mid2
2017-07-15 11:28:00,-48.72270965576172,-0.4161336123943329,-48.32147216796875,-32.585479736328125,-19.214040756225586,3.4377410411834717,0.04031093791127205,-54.255393981933594,0.28002673387527466,1.0112026929855347,0.6743478765062876,0.39762949335663295,-0.07114314563079153,-0.0008342242321289911,2.107245267551955,1.2457742932496911,1.4454860113358758,0.8615728089710604,10338,10074,0,Box 1,ARG_mid2_3aer-ARG_mid2
2017-07-15 11:28:00,-59.91220474243164,-0.763522207736969,-59.179264068603516,-36.285404205322266,-25.682077407836914,2.7923166751861572,-0.004103401675820351,-66.9970474243164,0.35919663310050964,1.3703317642211914,0.6131438711887596,0.43397083277123355,-0.04718404246601222,6.93385060190968e-05,2.2890987926633217,1.3405457581145401,1.568665182050932,0.8546040437273505,10274,9994,1,Box 2,ARG_mid2_3aer-ARG_mid2
2017-07-15 11:28:00,-65.45787811279297,-0.004180466290563345,-65.44657897949219,-40.900508880615234,-27.836462020874023,3.2608869075775146,0.029520338401198387,-72.77349853515625,0.33737292885780334,0.6835610270500183,0.6249451336009776,0.42533110791762746,-0.04982518139609151,-0.00045106012251353717,2.368418218289425,1.340992129244634,1.5839033465672112,0.8464619933072445,10337,10272,2,Box 3,ARG_mid2_3aer-ARG_mid2
2017-07-15 11:28:00,-69.7578125,-0.0001561037206556648,-69.75765991210938,-46.058135986328125,-28.397674560546875,4.698781490325928,-0.0006275475025177002,-78.8285903930664,0.3251553177833557,0.5497193932533264,0.6602592030379606,0.40709045406944766,-0.06735865321664562,8.996109237366379e-06,2.248801586630972,1.283807103226094,1.505508870075695,0.8527427861210398,10404,10404,3,Box 4,ARG_mid2_3aer-ARG_mid2
2017-07-15 11:30:00,-48.83977127075195,-0.35889849066734314,-48.500858306884766,-32.740840911865234,-19.054157257080078,3.225602149963379,0.06853263080120087,-54.390037536621094,0.26951247453689575,0.9819119572639465,0.6750568294919554,0.39286226898034865,-0.06650607972307332,-0.0014130187492307766,2.08350279279501,1.2381240696791005,1.4368648659651972,0.8612432066914685,10324,10017,0,Box 1,ARG_mid2_3aer-ARG_mid2
2017-07-15 11:30:00,-61.811668395996094,-0.7013450860977173,-61.126712799072266,-37.37631607055664,-27.160442352294922,3.39272141456604,0.017318086698651314,-69.2206039428711,0.3703342080116272,1.5318669080734253,0.6114562822309986,0.4443301174437944,-0.05550308516509678,-0.00028331450969620864,2.349576811851168,1.363937558117502,1.5931026391935916,0.8560387670555182,10280,10043,1,Box 2,ARG_mid2_3aer-ARG_mid2
2017-07-15 11:30:00,-67.36732482910156,-0.011973155662417412,-67.35460662841797,-40.9622802734375,-28.941057205200195,2.5553390979766846,-0.00660857604816556,-74.99808502197266,0.33187130093574524,0.6961650848388672,0.6081585645575928,0.4296819130386308,-0.03793859377200739,9.811617578383419e-05,2.351593774844717,1.3526617032357697,1.597881870805458,0.8465731613252006,10357,10293,2,Box 3,ARG_mid2_3aer-ARG_mid2
2017-07-15 11:30:00,-70.24344635009766,-0.00010640422260621563,-70.24333953857422,-45.777896881103516,-28.971656799316406,4.5090742111206055,-0.002857751678675413,-79.44918823242188,0.3165571093559265,0.5336673855781555,0.6517044416425188,0.4124470764319229,-0.06419220166856401,4.0683594122264966e-05,2.241270642937747,1.2909500563806156,1.5110212829147511,0.8543703195116044,10404,10404,3,Box 4,ARG_mid2_3aer-ARG_mid2
2017-07-15 11:32:00,-48.65341567993164,-0.49300503730773926,-48.19346618652344,-33.04161071777344,-18.318105697631836,3.2195487022399902,-0.053296394646167755,-54.16478729248047,0.25970545411109924,0.9704798460006714,0.6856035792677321,0.38009519754546084,-0.06680466089137849,0.0011058840781855706,2.08689571817167,1.2262098738057263,1.430006272496846,0.8578249076784746,10305,10001,0,Box 1,ARG_mid2_3aer-ARG_mid2
2017-07-15 11:32:00,-63.633522033691406,-0.6254901885986328,-63.0253791809082,-37.89918899536133,-28.191280364990234,3.00226092338562,0.06283625960350037,-71.26779174804688,0.37676623463630676,1.5739161968231201,0.6013322520568767,0.4473004959801786,-0.04763574864833636,-0.0009969993887189443,2.3529821073616652,1.374719530172662,1.6069315985411532,0.8550890254316762,10282,10102,1,Box 2,ARG_mid2_3aer-ARG_mid2
2017-07-15 11:32:00,-68.36494445800781,-0.03734910488128662,-68.33072662353516,-41.22004318237305,-29.013900756835938,1.9099385738372803,-0.0067175570875406265,-76.1393051147461,0.32865506410598755,0.6901736855506897,0.6032431730076755,0.4246099083120393,-0.027951390796932707,9.830947721789496e-05,2.33726889535911,1.3482271196253355,1.598589288366288,0.8434244554773739,10381,10341,2,Box 3,ARG_mid2_3aer-ARG_mid2
2017-07-15 11:32:00,-71.06034088134766,0.0,-71.06034088134766,-45.56831741333008,-29.659637451171875,4.171442031860352,-0.0038130430039018393,-80.42166900634766,0.3129886984825134,0.5111883878707886,0.6412623944874074,0.41738677317835327,-0.05870282690476142,5.3659239000747316e-05,2.2333215979858814,1.2988626203563114,1.5184051405645653,0.8554315941394355,10404,10404,3,Box 4,ARG_mid2_3aer-ARG_mid2
2017-07-15 11:34:00,-49.2797966003418,-0.5142147541046143,-48.78514099121094,-33.64193344116211,-18.809404373168945,3.6787333488464355,-0.012537207454442978,-54.941009521484375,0.2780771255493164,1.119648814201355,0.6895938530070317,0.38555599486551323,-0.075406836118948,0.00025698824640307816,2.1450421777004776,1.237809656562204,1.446132984863895,0.8560257050401979,10332,9996,0,Box 1,ARG_mid2_3aer-ARG_mid2
2017-07-15 11:34:00,-65.81110382080078,-0.5457617044448853,-65.26771545410156,-38.822105407714844,-29.360578536987305,2.9330053329467773,-0.018038826063275337,-73.68286895751953,0.39245784282684326,1.6284055709838867,0.5948133158652313,0.44984837440640457,-0.04493807234659721,0.0002763820749612997,2.3734263843757892,1.3865818978708675,1.623157072315987,0.8543643486419488,10290,10117,1,Box 2,ARG_mid2_3aer-ARG_mid2
2017-07-15 11:34:00,-69.534912109375,-0.06532344967126846,-69.47268676757812,-42.273555755615234,-29.40792465209961,2.1855838298797607,0.023201290518045425,-77.41077423095703,0.3230067789554596,0.6592796444892883,0.608491635406827,0.42330194119083653,-0.03145961384599657,-0.00033396275166700656,2.3763906993919863,1.3513102988460497,1.6066778000298714,0.840925498259192,10394,10337,2,Box 3,ARG_mid2_3aer-ARG_mid2
2017-07-15 11:34:00,-72.11174774169922,1.7294116332777776e-05,-72.11177062988281,-46.015655517578125,-30.40968894958496,4.317673206329346,-0.004101752303540707,-81.65509796142578,0.30844226479530334,0.48143550753593445,0.6381157180230712,0.4217021342680622,-0.05987473277508695,5.688048395355305e-05,2.246634416370089,1.30664021894579,1.5262667341481895,0.8561227309784586,10404,10404,3,Box 4,ARG_mid2_3aer-ARG_mid2
2017-07-15 11:36:00,-49.819175720214844,-0.23952387273311615,-49.572540283203125,-33.847755432128906,-18.65308380126953,3.026733160018921,-0.0984375923871994,-55.57142639160156,0.2821643352508545,1.0836461782455444,0.6827923678436452,0.3762785505089071,-0.06105664672279305,0.0019857283702408093,2.1337504886904983,1.2322349485670914,1.4477216778683468,0.8517801627538344,10347,10036,0,Box 1,ARG_mid2_3aer-ARG_mid2
2017-07-15 11:36:00,-67.58233642578125,-0.37990838289260864,-67.2031478881836,-39.4112434387207,-29.836740493774414,2.0152053833007812,0.0296273622661829,-75.67633056640625,0.3946463465690613,1.4875288009643555,0.5864493420619512,0.44397828891320484,-0.029986768307471594,-0.00044086266768445653,2.355997420519332,1.3831829678652954,1.6275761749957127,0.8496597550470893,10342,10180,1,Box 2,ARG_mid2_3aer-ARG_mid2
2017-07-15 11:36:00,-70.85968780517578,-0.02570927143096924,-70.8296890258789,-42.79499816894531,-29.850765228271484,1.813881754875183,0.0021889880299568176,-78.79478454589844,0.3192758858203888,0.6191006898880005,0.6041957173703878,0.42144424636032113,-0.025609058782043958,-3.090494866496776e-05,2.3776039058894556,1.352646062091659,1.6125577108373237,0.8388078631578098,10398,10353,2,Box 3,ARG_mid2_3aer-ARG_mid2
2017-07-15 11:36:00,-73.6248779296875,2.9348086172831245e-05,-73.62490844726562,-46.38974380493164,-31.33989906311035,4.100886821746826,0.0038487480487674475,-83.43634796142578,0.29563766717910767,0.4618821442127228,0.6300822049616946,0.42566978587359694,-0.05569971575584534,-5.2275079446245654e-05,2.2524129477316173,1.315590265048334,1.5366038183881994,0.8561482840770992,10404,10404,3,Box 4,ARG_mid2_3aer-ARG_mid2
2017-07-15 11:38:00,-50.66927719116211,-0.15437044203281403,-50.482051849365234,-34.92128372192383,-18.717927932739258,3.190272092819214,-0.033110953867435455,-56.55520248413086,0.285981148481369,0.9983704686164856,0.6917564371916084,0.37078383959425476,-0.06319617239753204,0.0006558956116688858,2.1412441747279467,1.226363203332087,1.443233237525828,0.8499377076285333,10340,10067,0,Box 1,ARG_mid2_3aer-ARG_mid2
2017-07-15 11:38:00,-68.7663345336914,-0.47266268730163574,-68.29878234863281,-41.090091705322266,-29.713973999023438,2.4613523483276367,0.04392635449767113,-77.0772705078125,0.3984794318675995,1.4155546426773071,0.6016226047384595,0.4350585550153836,-0.03603800990697312,-0.0006431498468700003,2.4248475391569637,1.3774972195277644,1.6335678625653451,0.8429784470154063,10390,10217,1,Box 2,ARG_mid2_3aer-ARG_mid2
2017-07-15 11:38:00,-72.1934585571289,-0.023803533986210823,-72.17036437988281,-43.26628875732422,-30.238201141357422,1.3700159788131714,-0.035892438143491745,-80.23429870605469,0.3184002637863159,0.5948925614356995,0.5995021576173037,0.418983595368153,-0.018983082334983258,0.00049732934952652,2.355383266806057,1.3490072850527983,1.6101729654563899,0.8380012146994309,10395,10372,2,Box 3,ARG_mid2_3aer-ARG_mid2
2017-07-15 11:38:00,-75.40824890136719,3.6375102354213595e-05,-75.40828704833984,-47.06818389892578,-32.3618049621582,4.026355743408203,-0.004654649179428816,-85.57964324951172,0.2868855893611908,0.46341466903686523,0.6241778657720621,0.4291544821296224,-0.053394073866109254,6.172596442469147e-05,2.265396363829226,1.3246159458966644,1.5476035622859639,0.8559373248239616,10404,10404,3,Box 4,ARG_mid2_3aer-ARG_mid2
2017-07-15 11:40:00,-51.32957077026367,-0.18716317415237427,-51.134544372558594,-36.58143615722656,-19.42241096496582,4.835049629211426,0.03424818068742752,-57.39524841308594,0.2970210611820221,1.028300404548645,0.715395687723283,0.37982951347496013,-0.09455543513281173,-0.0006697660654313986,2.2617218555666705,1.241916253367527,1.4626766323995033,0.8488547377371617,10347,10090,0,Box 1,ARG_mid2_3aer-ARG_mid2
2017-07-15 11:40:00,-69.76667022705078,-0.4181903898715973,-69.34854888916016,-42.055206298828125,-30.205358505249023,2.8749325275421143,0.03708970919251442,-78.20731353759766,0.39958062767982483,1.370448112487793,0.6064324253156351,0.4355586849649624,-0.04145627987162385,-0.0005348304089736952,2.4611522623911806,1.381859631034398,1.6405681131170067,0.8420825700361335,10398,10273,1,Box 2,ARG_mid2_3aer-ARG_mid2
2017-07-15 11:40:00,-73.57430267333984,0.008592607453465462,-73.57926177978516,-44.242374420166016,-30.525495529174805,1.2010656595230103,-0.01246240921318531,-81.74925994873047,0.3131258487701416,0.5312070846557617,0.6012886142591823,0.41486543943451476,-0.016323427645150653,0.0001693739514535518,2.3552907504381158,1.343841436524932,1.6078607951123125,0.8358618723814261,10404,10389,2,Box 3,ARG_mid2_3aer-ARG_mid2
2017-07-15 11:40:00,-76.25491333007812,0.0,-76.25491333007812,-47.10952377319336,-32.917640686035156,3.7727720737457275,-0.0005133867380209267,-86.5630874633789,0.2830422520637512,0.44468924403190613,0.617790106957569,0.43167895882144014,-0.049475798287340535,6.732508331420972e-06,2.2528909436575555,1.3281222740814602,1.5499712087855213,0.8568715245101767,10404,10404,3,Box 4,ARG_mid2_3aer-ARG_mid2
2017-07-15 11:42:00,-51.44689178466797,-0.26319825649261475,-51.185115814208984,-35.8074951171875,-19.461294174194336,3.9211790561676025,0.16249769926071167,-57.60659408569336,0.3101407289505005,1.1119515895843506,0.699568541154407,0.3802139552495824,-0.07660779017843612,-0.0031747062255533115,2.2290005674144098,1.243364765864156,1.4651058031362247,0.8476234874854692,10356,10134,0,Box 1,ARG_mid2_3aer-ARG_mid2
2017-07-15 11:42:00,-70.65606689453125,-0.19190627336502075,-70.4637680053711,-42.56538391113281,-30.162073135375977,2.357090711593628,-0.0933968797326088,-79.18170928955078,0.39225250482559204,1.1624475717544556,0.6040747967357215,0.4280508449492881,-0.03345110135808067,0.001325459673071086,2.433284506413083,1.3703428625545484,1.6334443556319895,0.8394742106541243,10402,10344,1,Box 2,ARG_mid2_3aer-ARG_mid2
2017-07-15 11:42:00,-74.77405548095703,0.01145953219383955,-74.78195190429688,-44.91244888305664,-31.255830764770508,1.3585833311080933,0.027749406173825264,-83.08293914794922,0.3093700408935547,0.46464547514915466,0.600578759001861,0.41795957545138074,-0.018167263578610714,-0.0003710708746309972,2.355440547349983,1.3473105570699935,1.6088203514827437,0.8373047065576308,10402,10389,2,Box 3,ARG_mid2_3aer-ARG_mid2
2017-07-15 11:42:00,-77.40938568115234,-0.018070578575134277,-77.39151000976562,-47.79656982421875,-33.76554870605469,4.170090675354004,0.0005201813182793558,-87.9163818359375,0.298571914434433,0.44927841424942017,0.6175944755254391,0.43629529779110415,-0.0538830518904179,-6.7214261253653595e-06,2.2739329535981394,1.336661809319169,1.5579842573612128,0.8579405211875573,10404,10403,3,Box 4,ARG_mid2_3aer-ARG_mid2
2017-07-15 11:44:00,-52.84028625488281,-0.34908878803253174,-52.46089553833008,-35.75419616699219,-20.958663940429688,4.229368209838867,0.02259397879242897,-59.33350372314453,0.33711564540863037,1.2717758417129517,0.6815399168655134,0.3995102095146259,-0.08061944412614552,-0.000430682253993786,2.246461143711149,1.267716496083458,1.4856416762082456,0.8531669575442222,10358,10080,0,Box 1,ARG_mid2_3aer-ARG_mid2
2017-07-15 11:44:00,-71.01325225830078,-0.16206291317939758,-70.84718322753906,-43.18928527832031,-30.124282836914062,2.369173288345337,0.0972127914428711,-79.6036376953125,0.38613876700401306,1.0390043258666992,0.6096118839188791,0.4252008745105441,-0.033440610688856134,-0.001372147740567084,2.449040711598555,1.3666624662955567,1.6319297336982457,0.8368891821220321,10403,10338,1,Box 2,ARG_mid2_3aer-ARG_mid2
2017-07-15 11:44:00,-75.68084716796875,0.0001420109620084986,-75.68038940429688,-44.71908187866211,-31.78363037109375,0.8318107724189758,-0.009485195390880108,-84.05753326416016,0.3102197051048279,0.4235406219959259,0.5908939813537936,0.4199717880735456,-0.010991101699787974,0.0001253322724487846,2.332249723430844,1.3511269520264053,1.6123827893335247,0.838019271372412,10401,10391,2,Box 3,ARG_mid2_3aer-ARG_mid2
2017-07-15 11:44:00,-78.16197204589844,0.0,-78.16197204589844,-47.8924674987793,-34.593021392822266,4.336956977844238,-0.013444378040730953,-88.86331176757812,0.31249547004699707,0.47008466720581055,0.6127335834716338,0.4425811992582401,-0.055486789357585914,0.00017200662771207909,2.26642726815764,1.3437942188811138,1.5606645462737478,0.86110568079781,10404,10404,3,Box 4,ARG_mid2_3aer-ARG_mid2
2017-07-15 11:46:00,-53.81718826293945,-0.41110488772392273,-53.395362854003906,-36.76839065551758,-21.724294662475586,5.017858028411865,0.07946056872606277,-60.520381927490234,0.3554072976112366,1.4108695983886719,0.6886063833733798,0.406857309127826,-0.09397553773688529,-0.0014881547643204457,2.3350658777974296,1.2847044516778638,1.5075869577808407,0.8516390083157465,10368,10067,0,Box 1,ARG_mid2_3aer-ARG_mid2
2017-07-15 11:46:00,-71.05215454101562,-0.22747685015201569,-70.8350830078125,-43.482154846191406,-29.478702545166016,2.1635780334472656,-0.037801593542099,-79.67144775390625,0.37726202607154846,0.9578307867050171,0.6138505935621147,0.4161596288931318,-0.030543878871464047,0.0005336564162175643,2.4544856081790964,1.3557722361275064,1.6283826339787768,0.8328049140256534,10403,10291,1,Box 2,ARG_mid2_3aer-ARG_mid2
2017-07-15 11:46:00,-76.26436614990234,-0.017733432352542877,-76.24690246582031,-44.77261734008789,-32.18838119506836,0.74862140417099,-0.03452164679765701,-84.67743682861328,0.3022439777851105,0.4232666492462158,0.5872057484328254,0.4221598759992513,-0.009818385765893781,0.0004527613338171123,2.336696532106308,1.3567494232961241,1.6189776887893867,0.8382113130495285,10402,10389,2,Box 3,ARG_mid2_3aer-ARG_mid2
2017-07-15 11:46:00,-78.65718841552734,0.0,-78.65718841552734,-47.10032653808594,-35.26150894165039,3.7156355381011963,-0.010984591208398342,-89.5489501953125,0.3154887557029724,0.42199987173080444,0.5988051759759033,0.4482935260809244,-0.04723835350584214,0.00013965144901444126,2.2231627047028453,1.3485884692919072,1.5600784263244645,0.8644900200670381,10404,10404,3,Box 4,ARG_mid2_3aer-ARG_mid2
2017-07-15 11:48:00,-55.32044982910156,-0.34646695852279663,-54.99305725097656,-35.94916915893555,-23.545957565307617,4.521299362182617,-0.019228536635637283,-62.3822021484375,0.38529568910598755,1.6246896982192993,0.6537037520011062,0.4281624086324227,-0.08221581450922749,0.00034965387569857453,2.3172041628417155,1.316806695359666,1.5349730769868402,0.8579981164372668,10362,10074,0,Box 1,ARG_mid2_3aer-ARG_mid2
2017-07-15 11:48:00,-70.6720962524414,-0.32676225900650024,-70.34700012207031,-43.34247970581055,-28.265850067138672,1.2699333429336548,-0.00860839243978262,-79.22891235351562,0.3632901608943939,0.8195984363555908,0.6161240028542697,0.40180604008145965,-0.01805241335241588,0.00012237041668651874,2.4175531537864687,1.333550846924093,1.6121773288589334,0.8272221431102577,10394,10280,1,Box 2,ARG_mid2_3aer-ARG_mid2
2017-07-15 11:48:00,-76.65644073486328,-0.021738294512033463,-76.63323211669922,-44.74736022949219,-32.716800689697266,0.8466002941131592,-0.015668626874685287,-85.1565170288086,0.30089128017425537,0.48224368691444397,0.5839158901191582,0.4269270774166368,-0.01104743010600626,0.00020446257021120365,2.335779427436666,1.363604768749147,1.6230146175782552,0.8402510873135315,10404,10396,2,Box 3,ARG_mid2_3aer-ARG_mid2
2017-07-15 11:48:00,-78.44529724121094,0.0,-78.44529724121094,-46.89945983886719,-35.55360794067383,4.019866466522217,-0.012099448591470718,-89.45576477050781,0.31082287430763245,0.4042383134365082,0.5978619189075087,0.45322804452411525,-0.05124420401560271,0.00015424058397873336,2.214440505797724,1.3516651836618547,1.557755552338356,0.8677597672154993,10404,10404,3,Box 4,ARG_mid2_3aer-ARG_mid2
2017-07-15 11:50:00,-56.62144088745117,-0.32840996980667114,-56.28112030029297,-36.609710693359375,-24.300668716430664,4.628810882568359,0.0004465517995413393,-63.90976333618164,0.3906722962856293,1.592442274093628,0.6504794097325945,0.43177299827943033,-0.08224447370268108,-7.934309343801682e-06,2.357481373170695,1.3292639279899263,1.5518807448129939,0.856547320061883,10347,10014,0,Box 1,ARG_mid2_3aer-ARG_mid2
2017-07-15 11:50:00,-70.22020721435547,-0.07666151225566864,-70.12372589111328,-43.38810348510742,-27.865737915039062,1.1180378198623657,0.012074227444827557,-78.64688110351562,0.33424025774002075,0.6269550323486328,0.6187363896617561,0.39737958303371423,-0.015943788063152196,-0.00017218463231818623,2.4385148626605955,1.331418041956246,1.6164303469202201,0.8236098503646366,10392,10287,1,Box 2,ARG_mid2_3aer-ARG_mid2
2017-07-15 11:50:00,-76.96791076660156,-0.04018055647611618,-76.93191528320312,-45.77781295776367,-32.96268844604492,1.8742154836654663,-0.06562741100788116,-85.51492309570312,0.2977036237716675,0.5038138628005981,0.5950432299866785,0.42846571253225507,-0.024362000833098158,0.0008530583141646182,2.374791086601391,1.3653250684918414,1.623375978748881,0.8413882614378493,10404,10394,2,Box 3,ARG_mid2_3aer-ARG_mid2
2017-07-15 11:50:00,-78.568359375,0.0,-78.568359375,-47.80033493041992,-35.93690490722656,5.17611026763916,-0.00723475543782115,-89.7234115600586,0.3058170676231384,0.4206443130970001,0.6083916132734611,0.45739664820899706,-0.06588034377660046,9.208229414225944e-05,2.237021699840034,1.3534533086827594,1.5544678843813104,0.8707212940438207,10404,10404,3,Box 4,ARG_mid2_3aer-ARG_mid2
2017-07-15 11:52:00,-58.95619583129883,-0.6388390064239502,-58.293766021728516,-37.17581558227539,-25.407032012939453,4.252131938934326,0.03694732114672661,-66.75120544433594,0.41810348629951477,1.6536370515823364,0.6377322956641094,0.435844679012493,-0.072943162140801,-0.0006338125358014007,2.3402457990603267,1.337155702964952,1.5595796723676743,0.8571406348466095,10343,9968,0,Box 1,ARG_mid2_3aer-ARG_mid2
2017-07-15 11:52:00,-70.49410247802734,0.029097964987158775,-70.51140594482422,-44.39007568359375,-27.73014259338379,1.5926698446273804,0.01614420674741268,-78.90716552734375,0.3178233206272125,0.5527614951133728,0.6295446104689737,0.39327175837959527,-0.0225874100298255,-0.00022895881874347018,2.464130526949957,1.3253625013919115,1.6120532291941359,0.8220681449407514,10402,10286,1,Box 2,ARG_mid2_3aer-ARG_mid2
2017-07-15 11:52:00,-77.07300567626953,-0.007534652017056942,-77.06547546386719,-45.77445983886719,-32.85026931762695,1.5882457494735718,-0.028988948091864586,-85.6221923828125,0.28871941566467285,0.4662097990512848,0.5939685090081521,0.4262643781722077,-0.020609047194775618,0.00037616001441580227,2.3367302376173487,1.3560224075592777,1.6101340005700777,0.8423307560111998,10404,10403,2,Box 3,ARG_mid2_3aer-ARG_mid2
2017-07-15 11:52:00,-79.49078369140625,0.0,-79.49078369140625,-48.52931594848633,-36.5057373046875,5.556651592254639,-0.012384936213493347,-90.9198989868164,0.3088986575603485,0.44310078024864197,0.6105024003397764,0.45924489048479217,-0.06990309424447559,0.0001558034199069941,2.2498128702753157,1.3565926686343448,1.5569381808794005,0.8713809339767739,10404,10404,3,Box 4,ARG_mid2_3aer-ARG_mid2
2017-07-15 11:54:00,-61.24421691894531,-0.8715789318084717,-60.37797164916992,-38.131568908691406,-26.661279678344727,4.4268059730529785,-0.01192557904869318,-69.4754409790039,0.43981480598449707,1.7213468551635742,0.6315477769739428,0.4415729378068828,-0.07331823017475614,0.0001975153939305363,2.3481402423633955,1.34773210887325,1.5691684315604713,0.8589594471972877,10344,10011,0,Box 1,ARG_mid2_3aer-ARG_mid2
2017-07-15 11:54:00,-71.72917175292969,0.07983342558145523,-71.7907485961914,-45.399024963378906,-27.76275634765625,1.3331267833709717,0.0379137359559536,-80.20124816894531,0.3185913562774658,0.4261208474636078,0.6323799506583666,0.3867177827852079,-0.01856961887321367,-0.000528114570360845,2.448144885829198,1.3148987455784704,1.6030964344535932,0.8200199544941704,10384,10295,1,Box 2,ARG_mid2_3aer-ARG_mid2
2017-07-15 11:54:00,-76.92291259765625,-0.00012953417899552733,-76.92278289794922,-45.61800003051758,-32.7767448425293,1.48687744140625,-0.014919483102858067,-85.4511947631836,0.2826727032661438,0.3733929991722107,0.5930362463206886,0.4260992810263727,-0.019329481361151382,0.0001939540140900725,2.3067382256797964,1.350230710865812,1.5996825143524298,0.8441385951208811,10404,10404,2,Box 3,ARG_mid2_3aer-ARG_mid2
2017-07-15 11:54:00,-79.9794692993164,-1.5990766769391485e-05,-79.97946166992188,-48.22538375854492,-36.75483703613281,5.0169782638549805,-0.01622116006910801,-91.50884246826172,0.3204490840435028,0.4345460534095764,0.6029720689699396,0.45955344734139714,-0.06272833287413238,0.00020281656279563798,2.225711685439325,1.3564732043911472,1.5562766057497157,0.8716926587811226,10404,10404,3,Box 4,ARG_mid2_3aer-ARG_mid2
2017-07-15 11:56:00,-63.46726989746094,-0.7708467841148376,-62.66330337524414,-38.656494140625,-28.710338592529297,4.676423072814941,0.027109025046229362,-72.14599609375,0.4697459042072296,2.0429177284240723,0.616892118340231,0.45816827857828263,-0.07462778284516143,-0.00043261407335225266,2.4156866606090084,1.3875316685421684,1.610546634763246,0.8613507968416522,10358,9999,0,Box 1,ARG_mid2_3aer-ARG_mid2
2017-07-15 11:56:00,-74.22521209716797,-0.059001632034778595,-74.16145324707031,-46.54573059082031,-28.798385620117188,1.1779950857162476,0.004678512457758188,-82.98187255859375,0.35083091259002686,0.49350759387016296,0.627627044186245,0.38832023967525864,-0.015884198353008746,-6.308550849493458e-05,2.4687864076672663,1.322565184431641,1.6160261264794842,0.818381038032356,10389,10335,1,Box 2,ARG_mid2_3aer-ARG_mid2
2017-07-15 11:56:00,-76.86967468261719,-1.0279217349307146e-05,-76.8696517944336,-46.25067138671875,-32.86502456665039,2.2625977993011475,-0.016564123332500458,-85.42874908447266,0.2836957573890686,0.3052157759666443,0.6016765284856601,0.42754219404001303,-0.029434205763362434,0.00021548323768928734,2.31186495300275,1.3468309749033067,1.5908819257364142,0.8466786286517366,10404,10404,2,Box 3,ARG_mid2_3aer-ARG_mid2
2017-07-15 11:56:00,-79.84683990478516,0.0,-79.84683990478516,-47.97727966308594,-36.79682922363281,4.942337989807129,-0.015063284896314144,-91.44746398925781,0.31509897112846375,0.4158824384212494,0.6008663722751652,0.46084270589729537,-0.06189773041790709,0.00018865224544657028,2.2089167222860593,1.3551473931249083,1.5521548444439177,0.8731472883499782,10404,10404,3,Box 4,ARG_mid2_3aer-ARG_mid2
2017-07-15 11:58:00,-64.45037078857422,-0.767845869064331,-63.68721389770508,-38.11823654174805,-28.88077163696289,3.251157283782959,0.06064346432685852,-73.26605987548828,0.4665374755859375,2.1380178928375244,0.5985226328359184,0.4534784004408286,-0.051048825461037034,-0.00095220781571001,2.3213614540885996,1.3757986072645825,1.598423932670797,0.8603376619711992,10329,9975,0,Box 1,ARG_mid2_3aer-ARG_mid2
2017-07-15 11:58:00,-76.34231567382812,0.006893477868288755,-76.34586334228516,-47.15325927734375,-30.41754150390625,1.2311259508132935,-0.006187471095472574,-85.44331359863281,0.3617956042289734,0.5826945304870605,0.617626903544633,0.3984176909202738,-0.016125639740473506,8.104527556670321e-05,2.5003104808810677,1.343905156942393,1.6398245741962434,0.8195748791856166,10393,10347,1,Box 2,ARG_mid2_3aer-ARG_mid2
2017-07-15 11:58:00,-77.78943634033203,-5.05218340549618e-05,-77.78939819335938,-46.84933853149414,-33.39495086669922,2.468662738800049,-0.013769987970590591,-86.5290298461914,0.29392027854919434,0.28824445605278015,0.6022586976016397,0.4292994923485228,-0.03173520621017854,0.00017701626001596915,2.318866019307129,1.349544229887738,1.5928315619742728,0.8473309254738767,10404,10404,2,Box 3,ARG_mid2_3aer-ARG_mid2
2017-07-15 11:58:00,-79.81949615478516,0.014098971150815487,-79.83206939697266,-48.828765869140625,-36.69826889038086,5.722434997558594,-0.027467811480164528,-91.4717025756836,0.3131890892982483,0.40104940533638,0.6116434924623121,0.4596933469663913,-0.07168090933386086,0.00034406990515746527,2.2149673442984135,1.3482920927347826,1.5424752662164574,0.8742397295284943,10404,10403,3,Box 4,ARG_mid2_3aer-ARG_mid2
2017-07-15 12:00:00,-64.83963012695312,-1.1361699104309082,-63.71316146850586,-39.85467529296875,-28.522449493408203,4.743929386138916,-0.07997193932533264,-73.78681182861328,0.4637506306171417,2.1992523670196533,0.625532786303474,0.44766962374379193,-0.07445759710106305,0.0012551870537971382,2.4521639217689954,1.3784555155060743,1.612808400665775,0.8552055955405699,10319,9956,0,Box 1,ARG_mid2_3aer-ARG_mid2
2017-07-15 12:00:00,-78.07315063476562,-0.020457744598388672,-78.04573822021484,-48.47956466674805,-31.350921630859375,1.7451993227005005,0.03955332189798355,-87.41604614257812,0.36598896980285645,0.5754823088645935,0.6211686667498796,0.4016993673832888,-0.02236123741651457,-0.0005067967166538338,2.5456038604688587,1.3527235842775291,1.651036401004249,0.8191096739047686,10396,10353,1,Box 2,ARG_mid2_3aer-ARG_mid2
2017-07-15 12:00:00,-78.6437759399414,1.2959093510289676e-05,-78.64379119873047,-47.62847900390625,-33.783870697021484,2.807304859161377,-0.03874324634671211,-87.49715423583984,0.30998605489730835,0.2727208137512207,0.6056228692308266,0.42958094561471816,-0.035696457002717466,0.0004926421571726652,2.3395147092184594,1.3518058180981436,1.596488956933343,0.8469318795683862,10404,10404,2,Box 3,ARG_mid2_3aer-ARG_mid2
2017-07-15 12:00:00,-79.50936889648438,0.0,-79.50936889648438,-48.74641036987305,-36.308349609375,5.566151142120361,-0.020759595558047295,-91.15755462646484,0.3116161823272705,0.3479364216327667,0.6130901473918768,0.4566549769476584,-0.07000622052660369,0.00026109618706846027,2.1950948540947612,1.3401835679178584,1.5333667779153075,0.8741112518232389,10404,10404,3,Box 4,ARG_mid2_3aer-ARG_mid2
2017-07-15 12:02:00,-65.82595825195312,-1.3130909204483032,-64.55583953857422,-40.13316345214844,-29.33331298828125,4.870148181915283,0.04048549011349678,-74.9772720336914,0.4876454472541809,2.446275472640991,0.6216813308799326,0.45438666210395706,-0.07544085394721395,-0.0006271390366757168,2.490157312596211,1.3957286948067724,1.6309814751267078,0.855497498275463,10284,9893,0,Box 1,ARG_mid2_3aer-ARG_mid2
2017-07-15 12:02:00,-79.9921646118164,-0.036265742033720016,-79.95087432861328,-49.394840240478516,-32.30747604370117,1.776865005493164,-0.025418875738978386,-89.60209655761719,0.37923920154571533,0.5940930843353271,0.6178149565474709,0.40409157346566577,-0.022224461192353707,0.00031793117921706873,2.59021478626892,1.3651311544012015,1.671127095513963,0.8170258525777112,10404,10369,1,Box 2,ARG_mid2_3aer-ARG_mid2
2017-07-15 12:02:00,-79.36599731445312,0.0,-79.36599731445312,-47.88395309448242,-34.01130676269531,2.550379514694214,-0.02111634612083435,-88.29464721679688,0.3270131051540375,0.2616952657699585,0.6033308562256664,0.428537492415885,-0.032134411515358216,0.00026606287380680216,2.322382527625023,1.348834983641946,1.5928474170598093,0.8469122931382246,10404,10404,2,Box 3,ARG_mid2_3aer-ARG_mid2
2017-07-15 12:02:00,-78.38140106201172,0.0,-78.38140106201172,-48.1910285949707,-35.605979919433594,5.435670852661133,-0.02005850337445736,-89.8399658203125,0.318011611700058,0.3351244032382965,0.6148273910582909,0.45426569277412926,-0.06934899280351237,0.00025590897109223354,2.1722396743405077,1.3318713366355979,1.5228498588579154,0.8746855032113596,10404,10404,3,Box 4,ARG_mid2_3aer-ARG_mid2
2017-07-15 12:04:00,-66.30943298339844,-1.4463977813720703,-64.86431884765625,-39.6490478515625,-29.714563369750977,4.468914985656738,0.030385931953787804,-75.52531433105469,0.49446722865104675,2.569950580596924,0.6112613866104748,0.4581034217167053,-0.0688963545625007,-0.0004684537646794107,2.5100252044440152,1.4117807929960005,1.651781626996024,0.8545009252181345,10272,9824,0,Box 1,ARG_mid2_3aer-ARG_mid2
2017-07-15 12:04:00,-82.6417465209961,-0.03520433232188225,-82.59248352050781,-50.5252799987793,-33.515464782714844,1.4426990747451782,0.00555504160001874,-92.6425552368164,0.406868577003479,0.6796755194664001,0.6117418128452727,0.40579312479211416,-0.017467679202848817,-6.725843453807626e-05,2.611624499184819,1.374918289207513,1.6872187807905743,0.8148735266755003,10404,10363,1,Box 2,ARG_mid2_3aer-ARG_mid2
2017-07-15 12:04:00,-80.29058837890625,0.0,-80.29058837890625,-48.59801483154297,-34.40779495239258,2.7299933433532715,-0.014771176502108574,-89.3620834350586,0.3506796956062317,0.21669983863830566,0.6052766555131638,0.42854078567581166,-0.03400141265209134,0.0001839714631158909,2.332677088286226,1.349652706379505,1.5943442018016216,0.8465979500120836,10404,10404,2,Box 3,ARG_mid2_3aer-ARG_mid2
2017-07-15 12:04:00,-77.78789520263672,-2.802128619805444e-05,-77.78787231445312,-47.328006744384766,-35.405174255371094,4.971072673797607,-0.02576119266450405,-89.31206512451172,0.32453715801239014,0.3480820059776306,0.6084240104524644,0.45515031732506694,-0.06390550013053142,0.0003311723530000643,2.134101283934548,1.3278215707161558,1.514833534742879,0.8766667613082643,10404,10404,3,Box 4,ARG_mid2_3aer-ARG_mid2
2017-07-15 12:06:00,-67.07196807861328,-1.560373067855835,-65.56082916259766,-39.09578323364258,-30.711383819580078,4.246616840362549,-0.0002774640161078423,-76.48381042480469,0.5086268186569214,2.802396059036255,0.5963283698316076,0.46844108416502406,-0.06477368615812787,4.23216149617045e-06,2.5562360130372905,1.4457522199991746,1.6898151801263643,0.8555701516773386,10279,9803,0,Box 1,ARG_mid2_3aer-ARG_mid2
2017-07-15 12:06:00,-85.90272521972656,-0.03842652216553688,-85.86668395996094,-51.99814987182617,-35.06746292114258,1.2113111019134521,-0.01238397415727377,-96.41522979736328,0.43834593892097473,0.6768000721931458,0.6055683897265198,0.40839426902044124,-0.014106882019160173,0.00014422327219910762,2.6271909698523097,1.385007793470325,1.7017977180207855,0.8139122453730685,10402,10365,1,Box 2,ARG_mid2_3aer-ARG_mid2
2017-07-15 12:06:00,-81.10826110839844,-5.606027116300538e-05,-81.10821533203125,-49.19913101196289,-34.94483947753906,3.0453224182128906,-0.009563000872731209,-90.3292007446289,0.36786502599716187,0.16895632445812225,0.6065862952836564,0.4308422151754738,-0.03754641468848503,0.00011790422935488432,2.3397275134056024,1.3523969166046477,1.5953829363332128,0.8477409220682571,10404,10404,2,Box 3,ARG_mid2_3aer-ARG_mid2
2017-07-15 12:06:00,-76.6854476928711,-0.01743208058178425,-76.6714859008789,-46.93404769897461,-35.097450256347656,5.37846040725708,-0.01844695582985878,-88.08290100097656,0.3208562135696411,0.3530212342739105,0.6121447371677863,0.4577640977511975,-0.07014943228882362,0.00024059736983986224,2.111441141739704,1.3223934227759229,1.5022566558108517,0.8803574987355351,10404,10399,3,Box 4,ARG_mid2_3aer-ARG_mid2
2017-07-15 12:08:00,-67.33036804199219,-1.4889543056488037,-65.81757354736328,-38.4922981262207,-31.459497451782227,4.240580081939697,-0.10635402798652649,-76.85025787353516,0.5136974453926086,2.9878270626068115,0.584833171078709,0.47798023243662446,-0.0644292945682285,0.001615891052895016,2.5874341930632925,1.4747474765199788,1.7191757554645422,0.8585738082650237,10282,9767,0,Box 1,ARG_mid2_3aer-ARG_mid2
2017-07-15 12:08:00,-89.20870971679688,-0.08708544820547104,-89.11544036865234,-53.22385787963867,-37.020973205566406,1.1394771337509155,-0.010085475631058216,-100.27808380126953,0.46760258078575134,0.7141017913818359,0.5972462001233736,0.4154271551453966,-0.012786528415718148,0.00011317314694797749,2.6606381257590224,1.4054128142141498,1.7266004879890702,0.8140271564067797,10403,10351,1,Box 2,ARG_mid2_3aer-ARG_mid2
2017-07-15 12:08:00,-81.91292572021484,-5.603849422186613e-05,-81.91287231445312,-49.36045455932617,-35.67705535888672,3.13226318359375,-0.007618641015142202,-91.36864471435547,0.38803961873054504,0.15919022262096405,0.6025971130732236,0.4355488421173311,-0.03823896428262259,9.300909206789998e-05,2.3337031391150083,1.3583420124214312,1.5980433127628586,0.850040313462631,10404,10404,2,Box 3,ARG_mid2_3aer-ARG_mid2
2017-07-15 12:08:00,-75.65876770019531,-0.01211722195148468,-75.64807891845703,-46.90945053100586,-34.821231842041016,6.114696502685547,-0.03209767863154411,-86.90813446044922,0.31764519214630127,0.3397562503814697,0.6201009566652281,0.46030557062409877,-0.08083082989563763,0.00042430260631072525,2.099676199423073,1.3169462148065587,1.4899509682826368,0.8840351614968148,10404,10403,3,Box 4,ARG_mid2_3aer-ARG_mid2
2017-07-15 12:10:00,-67.44387817382812,-1.4122343063354492,-65.95086669921875,-37.40406036376953,-31.858339309692383,3.2695767879486084,0.04195287451148033,-77.01988220214844,0.5066210031509399,3.1155991554260254,0.5671503700012214,0.4830617041610578,-0.049575950970567544,-0.0006361231917116419,2.507305736896648,1.4791403058093289,1.7164357186442163,0.8614549601955522,10284,9724,0,Box 1,ARG_mid2_3aer-ARG_mid2
2017-07-15 12:10:00,-93.3076400756836,-0.07608790695667267,-93.23432922363281,-54.59576416015625,-39.99441909790039,1.372473120689392,-0.01661938987672329,-105.07685089111328,0.5045125484466553,0.78310227394104,0.5855757775700592,0.42896665244056237,-0.014720683970147856,0.0001782539595263019,2.7176863000125997,1.4422399231653722,1.766703850512302,0.8164278587123083,10403,10357,1,Box 2,ARG_mid2_3aer-ARG_mid2
2017-07-15 12:10:00,-83.58285522460938,0.0,-83.58285522460938,-49.60976791381836,-36.937381744384766,2.9741992950439453,-0.009900343604385853,-93.47578430175781,0.4157264828681946,0.17432929575443268,0.5935399987842058,0.4419253977831493,-0.03558384602680832,0.00011844945945317653,2.3409295370583107,1.3725104518076148,1.61231272994366,0.8513163015803632,10404,10404,2,Box 3,ARG_mid2_3aer-ARG_mid2
2017-07-15 12:10:00,-75.08842468261719,0.0,-75.08842468261719,-47.47170639038086,-34.543357849121094,6.944387435913086,-0.01774517260491848,-86.29215240478516,0.3178238272666931,0.321090430021286,0.6322107251763691,0.4600357474907778,-0.09248279634332536,0.0002363236761784432,2.10906250108982,1.311939462313312,1.4820958105841084,0.885274384425521,10404,10404,3,Box 4,ARG_mid2_3aer-ARG_mid2
2017-07-15 12:12:00,-67.74686431884766,-1.1319793462753296,-66.589599609375,-39.69475173950195,-32.10856246948242,5.288749694824219,-0.07503387331962585,-77.36125946044922,0.49282822012901306,3.050278425216675,0.5961103986669214,0.4821858480453028,-0.07942305742138452,0.0011268107091603335,2.6681783132028274,1.4872356543428962,1.7311354464635096,0.8596413419289686,10298,9780,0,Box 1,ARG_mid2_3aer-ARG_mid2
2017-07-15 12:12:00,-96.19703674316406,-0.12732340395450592,-96.06389617919922,-55.24814987182617,-41.529701232910156,0.7250115275382996,-0.011073097586631775,-108.48344421386719,0.5279583930969238,0.808584451675415,0.5751186946525315,0.43231321716183313,-0.0075471798576522645,0.00011526804328761998,2.7125724987401747,1.4550739350786728,1.7831329161172598,0.8160754208116117,10404,10367,1,Box 2,ARG_mid2_3aer-ARG_mid2
2017-07-15 12:12:00,-84.90086364746094,-3.1470481189899147e-05,-84.90084075927734,-50.16264343261719,-37.89023208618164,3.1763007640838623,-0.024254346266388893,-95.22631072998047,0.4451065957546234,0.20526771247386932,0.5908380939703229,0.4462881236319701,-0.03741189614108283,0.0002856785387897673,2.343408767109834,1.3793736156596286,1.6168037337207115,0.8532655666537651,10404,10404,2,Box 3,ARG_mid2_3aer-ARG_mid2
2017-07-15 12:12:00,-75.34610748291016,5.443840564112179e-05,-75.3461685180664,-48.13835144042969,-34.57695007324219,7.390811920166016,-0.02167104370892048,-86.66276550292969,0.3190006911754608,0.3480939567089081,0.6388958833025477,0.45890792186269913,-0.09809142489990841,0.00028761973466162605,2.108333886562357,1.3071939981655192,1.4757405296892263,0.8858876573298127,10404,10404,3,Box 4,ARG_mid2_3aer-ARG_mid2
2017-07-15 12:14:00,-68.55363464355469,-0.8931631445884705,-67.69612121582031,-39.183860778808594,-33.21015930175781,4.601311683654785,0.09659083932638168,-78.424560546875,0.5014030337333679,3.1783885955810547,0.5788199024995675,0.490577023714261,-0.06797009640417552,-0.0014268298096529602,2.6686748692341586,1.5158379951029683,1.7599365464741934,0.8606082327855996,10305,9952,0,Box 1,ARG_mid2_3aer-ARG_mid2
2017-07-15 12:14:00,-98.47096252441406,-0.21952688694000244,-98.25116729736328,-56.00336456298828,-42.32939147949219,0.07903999090194702,0.0025690547190606594,-111.1859359741211,0.5390318036079407,0.7226535081863403,0.5700021546845015,0.4308284619361913,-0.0008044687874903522,-2.6147833202484457e-05,2.6888624373313803,1.453254974693876,1.7832356947441115,0.8149416250072297,10404,10383,1,Box 2,ARG_mid2_3aer-ARG_mid2
2017-07-15 12:14:00,-85.8459701538086,0.0,-85.8459701538086,-50.835662841796875,-38.320579528808594,3.3304686546325684,-0.020199354737997055,-96.37175750732422,0.4640566408634186,0.21639178693294525,0.5921729577090833,0.44638760563217184,-0.03879586096203824,0.00023529762078311478,2.347765599159449,1.3794379109102048,1.6167431669310004,0.8533166429224217,10404,10404,2,Box 3,ARG_mid2_3aer-ARG_mid2
2017-07-15 12:14:00,-74.80012512207031,0.008000172674655914,-74.80812072753906,-49.27674865722656,-34.044498443603516,8.509115219116211,0.004013377241790295,-85.9801025390625,0.3149038553237915,0.3511265814304352,0.6587085955002305,0.4550909286799027,-0.11374587522523211,-5.364895490111987e-05,2.129316089112514,1.2983382563289294,1.4658949723841663,0.8856784698695955,10404,10404,3,Box 4,ARG_mid2_3aer-ARG_mid2
2017-07-15 12:16:00,-69.9576644897461,-1.4546866416931152,-68.58074188232422,-39.531375885009766,-33.8004150390625,4.736724853515625,0.0143240662291646,-80.16526794433594,0.5326377749443054,3.514836311340332,0.5764209390045795,0.49285578532554786,-0.06906786009349125,-0.0002088642366360749,2.697382810229535,1.5283889611646355,1.7750310376311575,0.8609459565863234,10298,9890,0,Box 1,ARG_mid2_3aer-ARG_mid2
2017-07-15 12:16:00,-101.39358520507812,-0.08664217591285706,-101.30833435058594,-56.776065826416016,-44.26284408569336,-0.26824328303337097,-0.001183478394523263,-114.5777359008789,0.5577301979064941,0.7249898910522461,0.5604283896210788,0.43691213727068845,0.0026477911648982336,1.1681943334545825e-05,2.740011799746897,1.4812785836895435,1.821242381038669,0.8133398241498347,10404,10396,1,Box 2,ARG_mid2_3aer-ARG_mid2
2017-07-15 12:16:00,-85.91575622558594,3.3331562008243054e-05,-85.9157943725586,-50.909000396728516,-38.503421783447266,3.52165150642395,-0.025023775175213814,-96.58250427246094,0.48192426562309265,0.24963265657424927,0.5925453406394344,0.4481529749779932,-0.04098957494349263,0.0002912593260649826,2.3338629699670768,1.3778155782968722,1.6108640770160019,0.8554458070778509,10404,10404,2,Box 3,ARG_mid2_3aer-ARG_mid2
2017-07-15 12:16:00,-74.95581817626953,0.0,-74.95581817626953,-49.10123062133789,-33.96885681152344,8.12855339050293,-0.014291026629507542,-86.15386199951172,0.32877835631370544,0.4140855073928833,0.6550689093748577,0.4531850223815544,-0.10844459108605568,0.00019065932964355825,2.112437241123058,1.2952237278774603,1.4630763743643216,0.8853384056542704,10404,10404,3,Box 4,ARG_mid2_3aer-ARG_mid2
2017-07-15 12:18:00,-71.2784652709961,-1.318748116493225,-69.9527816772461,-39.213043212890625,-34.87493133544922,4.152181625366211,-0.016985712572932243,-81.7540054321289,0.553360104560852,3.655905246734619,0.5605645263944975,0.49854958269700045,-0.059356925950491364,0.00024281685899341793,2.7035284097822783,1.5562283706138154,1.806520231937717,0.8615745550000312,10268,9805,0,Box 1,ARG_mid2_3aer-ARG_mid2
2017-07-15 12:18:00,-104.4383773803711,-0.07167831808328629,-104.36981964111328,-57.853614807128906,-46.12217712402344,-0.3389767110347748,-0.05505121871829033,-118.11032104492188,0.5890800952911377,0.8240675330162048,0.5543136391335073,0.4419110556238233,0.003247842212743709,0.0005274630299256823,2.7994040284570123,1.5073193359545405,1.8571215472873235,0.8119078580226059,10404,10397,1,Box 2,ARG_mid2_3aer-ARG_mid2
2017-07-15 12:18:00,-85.9464111328125,-0.023103531450033188,-85.92508697509766,-51.26174545288086,-38.736812591552734,4.104752540588379,-0.03127466142177582,-96.79474639892578,0.4915195107460022,0.2621913254261017,0.5965865389491224,0.45082077812394655,-0.04777129304289207,0.0003639759698231271,2.3443654776147884,1.3797740298095476,1.609703242293586,0.8573090298134542,10404,10401,2,Box 3,ARG_mid2_3aer-ARG_mid2
2017-07-15 12:18:00,-74.14840698242188,0.0,-74.14840698242188,-48.83476638793945,-33.918697357177734,8.599628448486328,0.005420603323727846,-85.18203735351562,0.3416652977466583,0.4303430914878845,0.6586083864324279,0.4574433254891249,-0.1159786071451001,-7.310477645273983e-05,2.10657993530198,1.2953055252907744,1.4580368840061186,0.8883656045412671,10404,10404,3,Box 4,ARG_mid2_3aer-ARG_mid2
2017-07-15 12:20:00,-70.91905975341797,-1.1875789165496826,-69.7826156616211,-39.79436111450195,-34.095848083496094,4.1087870597839355,-0.0012006794568151236,-81.2936782836914,0.5583544373512268,3.609274387359619,0.5702617378513372,0.4886008600005634,-0.05887980384786257,1.7205995962006615e-05,2.686497111087448,1.5270866172871809,1.7818493733298921,0.8570319231509823,10255,9795,0,Box 1,ARG_mid2_3aer-ARG_mid2
2017-07-15 12:20:00,-107.65818786621094,-0.10241533815860748,-107.5548324584961,-58.71416091918945,-47.85475158691406,-0.982406497001648,-0.0035190628841519356,-121.8343276977539,0.6200119853019714,0.9155513048171997,0.5458997327534248,0.4449335432611871,0.009134005202969519,3.271878241851815e-05,2.8179201001261287,1.5253037748210372,1.882487852452912,0.8102763284553646,10404,10397,1,Box 2,ARG_mid2_3aer-ARG_mid2
2017-07-15 12:20:00,-85.95215606689453,3.4569187846500427e-05,-85.95218658447266,-51.80125427246094,-39.04083251953125,4.910294532775879,-0.020391594618558884,-97.04805755615234,0.5110608339309692,0.2842155396938324,0.6026752584490188,0.4542157112314905,-0.05712821315173999,0.0002372434712306637,2.349246747342527,1.3796791681452945,1.6038240368498762,0.8603398926593427,10404,10404,2,Box 3,ARG_mid2_3aer-ARG_mid2
2017-07-15 12:20:00,-74.48163604736328,0.008825598284602165,-74.48213195800781,-48.68144226074219,-34.38850784301758,8.572104454040527,0.015711216256022453,-85.68492126464844,0.36225220561027527,0.4873148202896118,0.653598929556086,0.4617014218587617,-0.1150894119995755,-0.00021093941527218496,2.101195574795867,1.2998551141690144,1.4603496711764095,0.8900274465531826,10404,10403,3,Box 4,ARG_mid2_3aer-ARG_mid2
2017-07-15 12:22:00,-70.36930084228516,-1.1808123588562012,-69.21031188964844,-40.78512954711914,-33.40365982055664,5.017305850982666,-0.038822852075099945,-80.6232681274414,0.5659642815589905,3.5883350372314453,0.5892926994067577,0.48263997374416334,-0.07249361342394847,0.0005609402730274715,2.738480636867048,1.5106492747993747,1.7679797500987169,0.8547225855360725,10273,9784,0,Box 1,ARG_mid2_3aer-ARG_mid2
2017-07-15 12:22:00,-110.31695556640625,-0.2584439218044281,-110.07550811767578,-60.10785675048828,-48.97861862182617,-0.9625063538551331,-0.026532374322414398,-124.90430450439453,0.6489940285682678,0.9674755334854126,0.5460601864891579,0.4449547203617667,0.00874405520623604,0.000241037942839379,2.846978031581288,1.531533287434144,1.8939617555117794,0.8087645230040188,10404,10390,1,Box 2,ARG_mid2_3aer-ARG_mid2
2017-07-15 12:22:00,-86.78927612304688,-0.04842999204993248,-86.74502563476562,-51.86493682861328,-39.69801330566406,4.839352130889893,-0.021424461156129837,-98.17037963867188,0.5443107485771179,0.2969048321247101,0.5979010527612546,0.4576402059898698,-0.05578824077128677,0.0002469820201623507,2.336759625877033,1.3837915393808022,1.6051088270754064,0.8622177194075827,10404,10402,2,Box 3,ARG_mid2_3aer-ARG_mid2
2017-07-15 12:22:00,-74.95487976074219,-0.039220020174980164,-74.9192886352539,-50.168880462646484,-34.09066390991211,9.353472709655762,-0.013209454715251923,-86.28567504882812,0.37843140959739685,0.5120027661323547,0.6696390879970171,0.4550319381404005,-0.12484734197312436,0.000176315835706764,2.1381539779034116,1.2945944581805273,1.4597786026067407,0.8869021679645914,10404,10401,3,Box 4,ARG_mid2_3aer-ARG_mid2
2017-07-15 12:24:00,-69.98470306396484,-1.4542474746704102,-68.55154418945312,-39.964027404785156,-32.1231689453125,3.6559698581695557,-0.12031833082437515,-80.09051513671875,0.5751238465309143,3.5331735610961914,0.5829777773690824,0.46859876204967704,-0.05333169073852397,0.0017551513197645238,2.6210762585024807,1.4729479948141333,1.734910508588998,0.849826566339902,10280,9754,0,Box 1,ARG_mid2_3aer-ARG_mid2
2017-07-15 12:24:00,-113.4244613647461,-0.019833428785204887,-113.37846374511719,-61.35248565673828,-50.99690628051758,-0.973231852054596,-0.05583185702562332,-128.4872589111328,0.6824142336845398,0.8684970140457153,0.5411300311088365,0.4497936086685892,0.008583922240729411,0.0004924379818448867,2.8622041000574865,1.5481300442617414,1.9112840475695663,0.810253170742702,10404,10398,1,Box 2,ARG_mid2_3aer-ARG_mid2
2017-07-15 12:24:00,-87.30635070800781,-0.09829766303300858,-87.21304321289062,-53.073265075683594,-40.24094009399414,6.126883029937744,-0.025721823796629906,-98.9625473022461,0.5795402526855469,0.3224267065525055,0.6085473123260301,0.46140967143678885,-0.07025191473004147,0.0002949309672225231,2.348040592911597,1.3820929914966174,1.596081018462055,0.8660485105952378,10404,10398,2,Box 3,ARG_mid2_3aer-ARG_mid2
2017-07-15 12:24:00,-74.81266021728516,-0.08911574631929398,-74.72734069824219,-50.21660614013672,-33.563568115234375,9.084344863891602,-0.031514592468738556,-86.12510681152344,0.38729041814804077,0.5116469264030457,0.6719977023795605,0.44914711675964364,-0.12156654682105097,0.0004217276818468674,2.102358634158042,1.2818722213725988,1.445683972160446,0.8868269398029293,10404,10397,3,Box 4,ARG_mid2_3aer-ARG_mid2
2017-07-15 12:26:00,-69.40603637695312,-1.41837739944458,-67.98240661621094,-40.88340759277344,-31.169706344604492,4.164695739746094,-0.09398651123046875,-79.41535186767578,0.5700604319572449,3.388441324234009,0.6013821734009686,0.4584966995075787,-0.06126138532903125,0.0013825124204839834,2.6591855539097407,1.4518281656719356,1.7196066994348396,0.8449121838544441,10293,9788,0,Box 1,ARG_mid2_3aer-ARG_mid2
2017-07-15 12:26:00,-115.74220275878906,0.0,-115.74220275878906,-62.09950637817383,-52.50425338745117,-1.1151294708251953,-0.02332528680562973,-131.12969970703125,0.696024477481842,0.787764847278595,0.5365328910114915,0.45363098438044874,0.009634596679573029,0.0002015279284867423,2.8415750454110142,1.5550305319453843,1.9133040294187016,0.8128524549815116,10404,10404,1,Box 2,ARG_mid2_3aer-ARG_mid2
2017-07-15 12:26:00,-87.78826904296875,5.83455985179171e-05,-87.788330078125,-54.031707763671875,-40.68074035644531,6.962111949920654,-0.03799697011709213,-99.64823913574219,0.5917137265205383,0.3074496388435364,0.6154771109097152,0.4633957376821087,-0.07930567347362419,0.00043282488180027,2.3471800327768095,1.3787740546600433,1.5873857261887332,0.868755349733544,10404,10404,2,Box 3,ARG_mid2_3aer-ARG_mid2
2017-07-15 12:26:00,-74.32080841064453,-0.016164278611540794,-74.30500030517578,-50.51852798461914,-32.86555480957031,9.108663558959961,-0.02957608923316002,-85.4835433959961,0.40797746181488037,0.45644500851631165,0.6798805973086023,0.44230616192439137,-0.1225847955325925,0.00039803629959883624,2.09893631517941,1.272742773523782,1.438369601621532,0.8849790338409289,10404,10403,3,Box 4,ARG_mid2_3aer-ARG_mid2
2017-07-15 12:28:00,-69.8616943359375,-1.6344672441482544,-68.26231384277344,-40.71134567260742,-31.86513328552246,4.310728549957275,0.003432410303503275,-79.94401550292969,0.5834670662879944,3.399160385131836,0.5963955959552566,0.4668041529388323,-0.06314946623721188,-5.028265687703759e-05,2.672545030311271,1.4691935572582768,1.7322637151493374,0.8481116102146078,10284,9784,0,Box 1,ARG_mid2_3aer-ARG_mid2
2017-07-15 12:28:00,-117.43582916259766,-0.0006525787175633013,-117.43791198730469,-62.7481803894043,-53.53682327270508,-1.1455750465393066,-0.007307834457606077,-133.1240692138672,0.702887237071991,0.7388283610343933,0.5343095352497157,0.4558735074740763,0.00975473005898538,6.222721722263548e-05,2.850539400614724,1.5634073138843754,1.9222502477776622,0.8133545012484368,10404,10395,1,Box 2,ARG_mid2_3aer-ARG_mid2
2017-07-15 12:28:00,-87.03142547607422,0.0,-87.03142547607422,-54.20306396484375,-40.3814582824707,7.5899152755737305,-0.036810167133808136,-98.94129943847656,0.585439145565033,0.2782531976699829,0.6227988239247001,0.4639871265079029,-0.08720890303907736,0.0004229526064743472,2.3250873992185404,1.3693019350894549,1.5708149035295365,0.8718808930855239,10404,10404,2,Box 3,ARG_mid2_3aer-ARG_mid2
2017-07-15 12:28:00,-72.86512756347656,0.0,-72.86512756347656,-50.97307586669922,-31.202880859375,9.355023384094238,-0.044183533638715744,-83.67784118652344,0.4183500409126282,0.43213608860969543,0.6995538792023965,0.4282279600174013,-0.12838821345138335,0.0006063742315854936,2.0978157865653038,1.2545386153327545,1.4233780381088976,0.8815698779019251,10404,10404,3,Box 4,ARG_mid2_3aer-ARG_mid2
2017-07-15 12:30:00,-70.20482635498047,-1.6819562911987305,-68.57585144042969,-40.97404479980469,-32.46274948120117,4.76470947265625,0.0962304100394249,-80.35816192626953,0.5953221321105957,3.4508259296417236,0.5974995823444399,0.4733845480701661,-0.06948086076822105,-0.001403269646384958,2.7380863108441007,1.4903539446557013,1.7540549804312369,0.8489923185531907,10278,9759,0,Box 1,ARG_mid2_3aer-ARG_mid2
2017-07-15 12:30:00,-119.5787582397461,-0.08525996655225754,-119.49705505371094,-63.779850006103516,-54.598411560058594,-1.097424864768982,-0.021362895146012306,-135.71710205078125,0.7225589156150818,0.7707715630531311,0.5337357626642252,0.4569017656883841,0.009183698227781733,0.00017877341960900218,2.9036785766349817,1.5781648393632022,1.9459186357505311,0.8111092867595391,10404,10393,1,Box 2,ARG_mid2_3aer-ARG_mid2
2017-07-15 12:30:00,-86.1480712890625,-0.00013860440230928361,-86.14793395996094,-54.525367736816406,-39.74889373779297,8.179431915283203,-0.053103066980838776,-97.98553466796875,0.5755504965782166,0.2901979386806488,0.6329271919359113,0.46140274678678844,-0.09494635591434121,0.0006164171916414746,2.3117646383157973,1.357241435982142,1.554791603107358,0.8731785801455991,10404,10404,2,Box 3,ARG_mid2_3aer-ARG_mid2
2017-07-15 12:30:00,-71.85065460205078,-0.02648221142590046,-71.82695007324219,-50.92885971069336,-30.032854080200195,9.177845001220703,-0.04308990389108658,-82.35965728759766,0.4215335547924042,0.3916114866733551,0.7090493503910769,0.4181278742153568,-0.1277771372575744,0.0005999126511407327,2.0949826792980293,1.2436563314968845,1.4157647856740638,0.8786175235246386,10404,10402,3,Box 4,ARG_mid2_3aer-ARG_mid2
2017-07-15 12:32:00,-71.51615142822266,-1.658690094947815,-69.873046875,-43.355995178222656,-33.20116424560547,6.66267728805542,0.02143627032637596,-82.01437377929688,0.6211727857589722,3.584043025970459,0.6204966971238163,0.47516412957344245,-0.09535403787184243,-0.00030678882541629315,2.8791520751375295,1.4991596580683555,1.7648947111900506,0.8492848847118537,10299,9746,0,Box 1,ARG_mid2_3aer-ARG_mid2
2017-07-15 12:32:00,-121.68743896484375,-0.1788601279258728,-121.51202392578125,-64.05686950683594,-55.99698257446289,-1.415953516960144,-0.04221886396408081,-138.3399200439453,0.7589741945266724,0.9152410626411438,0.5271648565099328,0.46083491075856553,0.011652786733693837,0.00034744599780779997,2.9164662664385417,1.5965532851435582,1.96759278815871,0.8116154809813045,10404,10380,1,Box 2,ARG_mid2_3aer-ARG_mid2
2017-07-15 12:32:00,-85.07514190673828,-9.111950930673629e-05,-85.07505798339844,-55.07304763793945,-38.66263198852539,8.713057518005371,-0.052436310797929764,-96.73001861572266,0.5614831447601318,0.2756439447402954,0.6473465739681412,0.45445319093997494,-0.10241611834059529,0.0006163534324791359,2.312797481546463,1.3421985658575095,1.5399359434650453,0.8718257306384151,10404,10404,2,Box 3,ARG_mid2_3aer-ARG_mid2
2017-07-15 12:32:00,-71.88018798828125,-0.03620261326432228,-71.83666229248047,-50.4417610168457,-29.800981521606445,8.42629623413086,-0.02020883932709694,-82.3183822631836,0.4239456057548523,0.4081220328807831,0.7021730108520826,0.41484366837459635,-0.11729799577624848,0.00028131654956951857,2.095244799290586,1.2442072222377003,1.420677644765943,0.8758708461626955,10404,10400,3,Box 4,ARG_mid2_3aer-ARG_mid2
2017-07-15 12:34:00,-72.51986694335938,-1.6476589441299438,-70.85421752929688,-41.98522186279297,-34.25886154174805,5.372955322265625,0.016911905258893967,-83.25267791748047,0.6432881355285645,3.599997043609619,0.5925578255216055,0.4835119902033706,-0.07583112976936157,-0.0002386859556145482,2.7487327544306757,1.5106381096681731,1.7661457234834808,0.8552142739465336,10300,9758,0,Box 1,ARG_mid2_3aer-ARG_mid2
2017-07-15 12:34:00,-123.16354370117188,-0.08295410871505737,-123.07986450195312,-64.6882553100586,-57.02830123901367,-1.2889753580093384,-0.0743432268500328,-140.24343872070312,0.7682054042816162,0.9304287433624268,0.5255794869570879,0.46334381448163486,0.010472674373904282,0.0006040241873729608,2.9295941869087057,1.6060741601144533,1.9772378108327588,0.8126162723894615,10404,10385,1,Box 2,ARG_mid2_3aer-ARG_mid2
2017-07-15 12:34:00,-84.06290435791016,-2.8757343898178078e-05,-84.0628662109375,-55.83438491821289,-37.42668533325195,9.243339538574219,-0.04513990134000778,-95.55183410644531,0.5467240214347839,0.27139225602149963,0.664197928994181,0.44522255157999063,-0.10995745838937368,0.0005369778152020943,2.3054592144278674,1.3230646732905058,1.520732694457142,0.8702137656710653,10404,10404,2,Box 3,ARG_mid2_3aer-ARG_mid2
2017-07-15 12:34:00,-72.85952758789062,-0.019408052787184715,-72.84011840820312,-51.19058609008789,-30.151630401611328,8.530223846435547,-0.028130292892456055,-83.39694213867188,0.42488667368888855,0.41671454906463623,0.7027800414566228,0.4139426204890249,-0.11710885423150857,0.00038619228586089793,2.1052478932210383,1.2451279876440302,1.423458850447954,0.8748393289600063,10404,10403,3,Box 4,ARG_mid2_3aer-ARG_mid2
2017-07-15 12:36:00,-74.00894165039062,-1.7140132188796997,-72.328857421875,-42.81806564331055,-35.95665740966797,6.357522010803223,0.08834933489561081,-85.0450210571289,0.6712955236434937,3.637420654296875,0.5919914572448548,0.49712748980914856,-0.08789745198007085,-0.0012214950739325159,2.8453847198671927,1.5512559915780277,1.801829569275871,0.8603148298004172,10279,9732,0,Box 1,ARG_mid2_3aer-ARG_mid2
2017-07-15 12:36:00,-124.2851333618164,-0.0424499437212944,-124.24073791503906,-64.87028503417969,-57.64064407348633,-1.6486393213272095,-0.08116818964481354,-141.73365783691406,0.7683704495429993,0.825863242149353,0.522133778889957,0.463943189545764,0.01326971770332515,0.0006533138609537813,2.9045658829934515,1.605964553600304,1.975303500763191,0.813383322944372,10404,10391,1,Box 2,ARG_mid2_3aer-ARG_mid2
2017-07-15 12:36:00,-83.85211181640625,-5.0761649617925286e-05,-83.85206604003906,-57.120567321777344,-36.76145553588867,10.070650100708008,-0.04069415107369423,-95.37803649902344,0.5193518996238708,0.2670850455760956,0.6812064144636368,0.43840848271480726,-0.12010020608338168,0.00048530890493758694,2.322068601430574,1.3113973515957558,1.5101944975526387,0.8685369613272239,10404,10404,2,Box 3,ARG_mid2_3aer-ARG_mid2
2017-07-15 12:36:00,-74.39533996582031,0.05041895806789398,-74.4074935913086,-52.8582878112793,-30.545333862304688,9.022958755493164,-0.026834508404135704,-85.19992065429688,0.4125296473503113,0.35893625020980835,0.7103892475597023,0.41051421059352927,-0.12126410068203022,0.00036064252879861036,2.135672938583347,1.2451293977376454,1.42766520813544,0.872255819948161,10404,10399,3,Box 4,ARG_mid2_3aer-ARG_mid2
2017-07-15 12:38:00,-76.00838470458984,-2.06744384765625,-73.95249938964844,-42.13553237915039,-36.659969329833984,4.781537055969238,0.06146937608718872,-87.45260620117188,0.6887985467910767,3.741716146469116,0.5697648787396464,0.49572318771697205,-0.06465686563080467,-0.0008312008258138104,2.7428062784808676,1.5510491215085167,1.8045138170509734,0.8591168825900318,10282,9670,0,Box 1,ARG_mid2_3aer-ARG_mid2
2017-07-15 12:38:00,-125.80459594726562,-0.011391290463507175,-125.79209899902344,-65.26778411865234,-59.21239471435547,-1.3019596338272095,-0.009962424635887146,-143.72877502441406,0.7730086445808411,0.7696068286895752,0.5188543987570678,0.47071631255778235,0.010350091141949116,7.919754320069063e-05,2.9277898970915706,1.6278999817475988,1.9939963546757653,0.8164453045456637,10404,10399,1,Box 2,ARG_mid2_3aer-ARG_mid2
2017-07-15 12:38:00,-83.83390045166016,-1.6991276652333909e-06,-83.83390045166016,-58.323524475097656,-35.9897346496582,10.512615203857422,-0.03325362503528595,-95.38859558105469,0.4935366213321686,0.2802596092224121,0.6957033890945797,0.42929809375533234,-0.12539814367896093,0.00039666082904885047,2.3423844525656676,1.3003270371962898,1.5035394819059777,0.8649838729701581,10404,10404,2,Box 3,ARG_mid2_3aer-ARG_mid2
2017-07-15 12:38:00,-75.35148620605469,0.040078502148389816,-75.35206604003906,-53.61726760864258,-31.016027450561523,9.299250602722168,-0.018017878755927086,-86.36394500732422,0.4150892198085785,0.31792426109313965,0.7115567498734799,0.41161482838052577,-0.1234106941699423,0.00023911591593658854,2.1545253326027978,1.248582060845948,1.4327179500324814,0.8715528538914273,10404,10396,3,Box 4,ARG_mid2_3aer-ARG_mid2
2017-07-15 12:40:00,-77.02188873291016,-2.0119967460632324,-74.84652709960938,-43.648292541503906,-37.32874298095703,6.0545334815979,0.07597046345472336,-88.65093231201172,0.6983478665351868,3.8012406826019287,0.5831705447279918,0.4987371064118167,-0.0808926346158723,-0.0010150165239361658,2.8889877226849894,1.574050546189533,1.8338201859185668,0.8578169313811291,10297,9588,0,Box 1,ARG_mid2_3aer-ARG_mid2
2017-07-15 12:40:00,-126.71812438964844,-0.06618762761354446,-126.654052734375,-65.84080505371094,-60.10819625854492,-0.6351965665817261,-0.06984198838472366,-145.03335571289062,0.7848879098892212,0.8162764310836792,0.5198476454797903,0.4745857058902635,0.0050152095614383945,0.0005514390685077636,2.922136356316807,1.6314602760877406,1.9889022442147164,0.8205928585356423,10404,10399,1,Box 2,ARG_mid2_3aer-ARG_mid2
2017-07-15 12:40:00,-83.22471618652344,5.5086176871554926e-05,-83.22477722167969,-58.98222351074219,-34.79261779785156,10.581131935119629,-0.031062696129083633,-94.7464599609375,0.46975791454315186,0.30210790038108826,0.708709942961461,0.4180560556635971,-0.12713923726193435,0.00037323863687629966,2.3391058894369072,1.2848373533404112,1.491345417537958,0.8616575468109007,10404,10404,2,Box 3,ARG_mid2_3aer-ARG_mid2
2017-07-15 12:40:00,-76.70402526855469,0.004145575221627951,-76.70181274414062,-53.97319030761719,-32.14129638671875,9.412343978881836,0.0003148688701912761,-88.05451965332031,0.42694446444511414,0.4379303753376007,0.703675427089636,0.41904213254549705,-0.12271345453259529,-4.105102537801941e-06,2.1849865095873073,1.262035850766285,1.4480980847115132,0.8715113609362991,10404,10402,3,Box 4,ARG_mid2_3aer-ARG_mid2
2017-07-15 12:42:00,-78.53233337402344,-1.8970638513565063,-76.60781860351562,-43.19647216796875,-38.86434555053711,5.367384433746338,0.08560589700937271,-90.40455627441406,0.7162071466445923,3.907003879547119,0.5638650301717297,0.5073155530213457,-0.07006312690940088,-0.001117456283674531,2.8435533103389545,1.6001917564239894,1.8548286286793854,0.8621213901459968,10318,9589,0,Box 1,ARG_mid2_3aer-ARG_mid2
2017-07-15 12:42:00,-127.30878448486328,0.004612905904650688,-127.31145477294922,-66.4301528930664,-60.009010314941406,-0.8052786588668823,-0.06701347976922989,-145.83871459960938,0.7856508493423462,0.7001660466194153,0.5217924116643083,0.4713559490817195,0.006325264947680917,0.0005263743062912246,2.883684448819501,1.6134094267062575,1.9670957109183962,0.8204908851331081,10404,10403,1,Box 2,ARG_mid2_3aer-ARG_mid2
2017-07-15 12:42:00,-83.49588012695312,-1.9190872990293428e-05,-83.49585723876953,-59.308265686035156,-34.765968322753906,10.588838577270508,-0.010463263839483261,-95.18328857421875,0.45487889647483826,0.31265953183174133,0.7103138349224083,0.41637958497330685,-0.12681873466648538,0.00012531477077024067,2.341121399046424,1.2831472421317924,1.4906024729442717,0.8608676385269467,10404,10404,2,Box 3,ARG_mid2_3aer-ARG_mid2
2017-07-15 12:42:00,-77.94113159179688,0.021932663396000862,-77.96251678466797,-54.65715026855469,-32.97627258300781,9.685428619384766,-0.014513283036649227,-89.62196350097656,0.4408625364303589,0.5738386511802673,0.7010696301467844,0.42297607457517494,-0.12423186193666357,0.0001861572147042606,2.204323351708704,1.2692701855349644,1.4561798918341462,0.8717047908090011,10404,10403,3,Box 4,ARG_mid2_3aer-ARG_mid2
2017-07-15 12:44:00,-80.24152374267578,-2.201091766357422,-78.10140228271484,-42.14366912841797,-39.15572738647461,3.191453695297241,0.0065360781736671925,-92.45753479003906,0.7479141354560852,4.019780158996582,0.5396018959214426,0.5013447371640001,-0.04086294600960568,-8.368707583698148e-05,2.679144519103924,1.580614098959006,1.8381885858068523,0.8598321116542037,10291,9572,0,Box 1,ARG_mid2_3aer-ARG_mid2
2017-07-15 12:44:00,-126.55990600585938,0.006721711251884699,-126.56649017333984,-66.34843444824219,-59.46242904663086,-0.7151813507080078,-0.040442463010549545,-145.03941345214844,0.7847120761871338,0.5207465291023254,0.5242180167589611,0.4698118104538011,0.005650637424331447,0.00031953536290637956,2.8698124065024513,1.603863805013502,1.954943825481042,0.8205900216940873,10404,10403,1,Box 2,ARG_mid2_3aer-ARG_mid2
2017-07-15 12:44:00,-84.14500427246094,-0.07597404718399048,-84.07825469970703,-59.718162536621094,-35.078365325927734,10.722349166870117,-0.004074889235198498,-95.91573333740234,0.45441877841949463,0.34095117449760437,0.7102688037443459,0.41721093641751866,-0.12752820559174105,4.8465429876520805e-05,2.3497254050280825,1.2851904078308165,1.4932087160776273,0.8607071248090722,10404,10401,2,Box 3,ARG_mid2_3aer-ARG_mid2
2017-07-15 12:44:00,-79.10580444335938,0.0027668795082718134,-79.11276245117188,-54.72004318237305,-33.523826599121094,9.138025283813477,-0.006916680373251438,-91.12572479248047,0.45149749517440796,0.5902268290519714,0.6916715037014252,0.4237474018456542,-0.11550633367330101,8.742812622167251e-05,2.196578664066,1.2725776909006299,1.461154306412858,0.8709688486934513,10404,10403,3,Box 4,ARG_mid2_3aer-ARG_mid2
2017-07-15 12:46:00,-80.7563247680664,-2.425987958908081,-78.39141082763672,-44.73285675048828,-39.51854705810547,5.7158355712890625,0.1441469043493271,-93.11287689208984,0.7693639993667603,4.064173698425293,0.5706345840472845,0.5041182639895795,-0.0729140384071979,-0.0018388096296660938,2.844522613524233,1.5868788569473797,1.8416509057264587,0.8606940428621702,10289,9512,0,Box 1,ARG_mid2_3aer-ARG_mid2
2017-07-15 12:46:00,-125.68376159667969,0.0,-125.68377685546875,-67.05224609375,-59.12221908569336,0.5398694276809692,-0.0491785891354084,-144.20408630371094,0.7848789691925049,0.5127938985824585,0.5334996626768103,0.47040450819704027,-0.00429545918736697,0.0003912883135164377,2.8925161275510387,1.5972068010917955,1.9418133637850135,0.8227472462866311,10404,10404,1,Box 2,ARG_mid2_3aer-ARG_mid2
2017-07-15 12:46:00,-84.39656829833984,-0.06097230315208435,-84.33489227294922,-59.55691909790039,-35.309173583984375,10.496488571166992,0.034717123955488205,-96.33647155761719,0.43695515394210815,0.34734952449798584,0.7061954990875188,0.41867814210902166,-0.12446198325795443,-0.0004116579385859964,2.336811717823709,1.2860916936340694,1.492777651773949,0.8614006242460827,10404,10400,2,Box 3,ARG_mid2_3aer-ARG_mid2
2017-07-15 12:46:00,-80.5169906616211,-0.026551268994808197,-80.4932632446289,-54.466251373291016,-34.96915817260742,8.91849136352539,0.023652782663702965,-92.97733306884766,0.4579808712005615,0.6016367077827454,0.6766560056823508,0.43443583173294625,-0.1107979894348277,-0.00029384798046939997,2.2194840708400645,1.2916733647938206,1.4810516047050843,0.8720319386062595,10404,10402,3,Box 4,ARG_mid2_3aer-ARG_mid2
2017-07-15 12:48:00,-82.4111557006836,-2.2237329483032227,-80.25132751464844,-44.83479309082031,-40.95909881591797,5.556962490081787,-0.014400593005120754,-95.14300537109375,0.7945937514305115,4.100879669189453,0.5586797396316192,0.5103853071357819,-0.06924449043339019,0.00017944366598908468,2.850818738759194,1.613690113620722,1.8683370489726374,0.863800842476792,10294,9489,0,Box 1,ARG_mid2_3aer-ARG_mid2
2017-07-15 12:48:00,-124.55909729003906,-1.141576467489358e-05,-124.55907440185547,-67.05646514892578,-58.23020553588867,0.7791404724121094,-0.051556020975112915,-142.9727783203125,0.7793267965316772,0.4750533103942871,0.5383506383602489,0.4674906424714214,-0.006255189020499787,0.00041390818882949473,2.879883916741559,1.5829057211523936,1.925012572585921,0.8225062521643925,10404,10404,1,Box 2,ARG_mid2_3aer-ARG_mid2
2017-07-15 12:48:00,-84.58291625976562,-0.006604020483791828,-84.5744400024414,-60.03485870361328,-35.52137756347656,10.983596801757812,-0.0018071535741910338,-96.53934478759766,0.41856932640075684,0.34758856892585754,0.7098462808035756,0.42000132045628324,-0.12986896886857086,2.1367608712019592e-05,2.348838186953136,1.2873986315108772,1.493300257620589,0.8621237796187315,10404,10402,2,Box 3,ARG_mid2_3aer-ARG_mid2
2017-07-15 12:48:00,-81.66011047363281,-0.07766414433717728,-81.5961685180664,-53.95903778076172,-36.14354705810547,8.531648635864258,-0.025231484323740005,-94.54446411132812,0.4585298001766205,0.7271585464477539,0.6612937733418812,0.44295642492868526,-0.10455942212651097,0.0003092238559444932,2.2113088613792704,1.3044540378502734,1.4918488039615998,0.8744957251743791,10404,10399,3,Box 4,ARG_mid2_3aer-ARG_mid2
2017-07-15 12:50:00,-83.7493667602539,-2.3885345458984375,-81.31037902832031,-44.513797760009766,-41.354854583740234,4.5280585289001465,0.030219189822673798,-96.75901794433594,0.805483341217041,4.112712383270264,0.5474553682852286,0.5086048596100444,-0.055688575568207666,-0.00037165232706531937,2.827436012638869,1.6206144562054154,1.8829681511987895,0.8604677310085661,10300,9405,0,Box 1,ARG_mid2_3aer-ARG_mid2
2017-07-15 12:50:00,-123.8482437133789,0.0002622631727717817,-123.8485107421875,-66.52544403076172,-57.833038330078125,0.5407590270042419,-0.030771512538194656,-142.24122619628906,0.7574394941329956,0.4749050438404083,0.5371518328829414,0.466966000849411,-0.004366294645540938,0.000248460913188522,2.8705278441174817,1.5814722257592457,1.9239393673110876,0.8221305721385819,10404,10404,1,Box 2,ARG_mid2_3aer-ARG_mid2
2017-07-15 12:50:00,-85.27318572998047,-0.099512480199337,-85.18231201171875,-60.91409683227539,-35.688270568847656,11.427804946899414,-0.007756347302347422,-97.2613754272461,0.4213406443595886,0.3542739152908325,0.7151026025390465,0.4189633805588762,-0.13415703894839928,9.105585047661235e-05,2.3535497621615913,1.284968277407967,1.4902967379344148,0.8622544270541441,10404,10400,2,Box 3,ARG_mid2_3aer-ARG_mid2
2017-07-15 12:50:00,-82.86060333251953,-0.13613715767860413,-82.72777557373047,-54.552005767822266,-36.8293571472168,8.680769920349121,-0.02717428468167782,-96.0995864868164,0.45516353845596313,0.7510126829147339,0.6594159092793784,0.4451873568338157,-0.10493174452076662,0.00032847840757246893,2.20675076503353,1.3062852039382455,1.491992196155185,0.8756459325691983,10404,10394,3,Box 4,ARG_mid2_3aer-ARG_mid2
2017-07-15 12:52:00,-84.82138061523438,-2.6587138175964355,-82.16993713378906,-46.023338317871094,-42.760169982910156,6.6080732345581055,0.005500424653291702,-98.05313110351562,0.8066115379333496,4.279692649841309,0.5600994481696295,0.5203870823387899,-0.08041959088511703,-6.693962330243941e-05,3.0337211475918484,1.6745619801358433,1.935705725100624,0.8650529492946031,10300,9392,0,Box 1,ARG_mid2_3aer-ARG_mid2
2017-07-15 12:52:00,-123.28453063964844,-0.020087214186787605,-123.2657241821289,-66.52406311035156,-57.548988342285156,0.8326942920684814,-0.02536344900727272,-141.7239532470703,0.7296140193939209,0.5567120313644409,0.5396801337916504,0.46686938239514153,-0.006755278555771874,0.00020576236897998108,2.877405606730511,1.5795652087361765,1.920887517178883,0.8224205605911872,10404,10403,1,Box 2,ARG_mid2_3aer-ARG_mid2
2017-07-15 12:52:00,-84.71481323242188,-0.15686938166618347,-84.55793762207031,-60.949371337890625,-34.992942810058594,11.414140701293945,-0.029768234118819237,-96.54656219482422,0.4160853624343872,0.36018818616867065,0.7208000559667694,0.41383390903953954,-0.1349860103442801,0.0003520453379711186,2.325194390078666,1.2740834566550419,1.4773001979592548,0.8625589410535618,10404,10398,2,Box 3,ARG_mid2_3aer-ARG_mid2
2017-07-15 12:52:00,-82.47962951660156,1.988712028833106e-05,-82.47964477539062,-54.095359802246094,-36.83397674560547,8.491323471069336,-0.04163828492164612,-95.78959655761719,0.4390811026096344,0.6824924349784851,0.6558630934978568,0.4465825928766986,-0.1029505174168787,0.0005048310423233365,2.17321328983303,1.3024704734480017,1.4836368154707893,0.8780652231898916,10404,10404,3,Box 4,ARG_mid2_3aer-ARG_mid2
2017-07-15 12:54:00,-84.13180541992188,-3.0564804077148438,-81.09705352783203,-45.64894104003906,-41.89301681518555,6.5395612716674805,-0.09466426074504852,-97.20548248291016,0.8094264268875122,4.492156028747559,0.5628926641841556,0.516578740088206,-0.08063870015152362,0.0011672958791619642,3.0105334833019812,1.658176343151893,1.920625573184804,0.8640101992529261,10288,9347,0,Box 1,ARG_mid2_3aer-ARG_mid2
2017-07-15 12:54:00,-124.02301788330078,-0.02022208459675312,-124.00279998779297,-67.09577941894531,-57.82435989379883,0.9474682807922363,-0.030124211683869362,-142.63560485839844,0.7379429340362549,0.6187614798545837,0.5410828251076506,0.4663149439098957,-0.007640700696864868,0.00024293167931857193,2.8979005885456357,1.5816702377755414,1.926042636801581,0.8213328630311619,10404,10403,1,Box 2,ARG_mid2_3aer-ARG_mid2
2017-07-15 12:54:00,-84.8444595336914,-0.02378670498728752,-84.82066345214844,-60.80949783325195,-35.19384002685547,11.19012451171875,-0.007456386927515268,-96.75296020507812,0.413926362991333,0.33806300163269043,0.716918430852276,0.41492051534247204,-0.13192685384990002,8.790765515195864e-05,2.3273155433149855,1.2769084484163518,1.4810524433420924,0.8621926532357221,10404,10403,2,Box 3,ARG_mid2_3aer-ARG_mid2
2017-07-15 12:54:00,-81.44601440429688,-0.009675100445747375,-81.43771362304688,-51.85797119140625,-36.2990837097168,6.74957799911499,-0.030237305909395218,-94.69541931152344,0.43691185116767883,0.6564325094223022,0.6367807977767747,0.4457281582300518,-0.08288024966173986,0.00037129365491340993,2.1109310005881055,1.2988566591651185,1.4786018562895282,0.8785632702056814,10404,10403,3,Box 4,ARG_mid2_3aer-ARG_mid2
2017-07-15 12:56:00,-83.14994812011719,-2.7896568775177,-80.35504150390625,-44.12007522583008,-41.292423248291016,4.943802833557129,0.11365902423858643,-95.9947280883789,0.7778508067131042,4.475061893463135,0.5490642457159044,0.5138747048553055,-0.06152449005283402,-0.0014144605183758832,2.8398848862283272,1.6297625747229625,1.8844990790016007,0.864050562553423,10195,9287,0,Box 1,ARG_mid2_3aer-ARG_mid2
2017-07-15 12:56:00,-124.19408416748047,-0.027587752789258957,-124.16636657714844,-67.23605346679688,-58.004241943359375,1.0978410243988037,-0.02389252558350563,-142.83856201171875,0.7561397552490234,0.6475769281387329,0.5414998223619815,0.46714944941303704,-0.008841695287808404,0.0001924235127898962,2.9016415331777226,1.5832895303351073,1.9266000767321296,0.8219086806542952,10404,10400,1,Box 2,ARG_mid2_3aer-ARG_mid2
2017-07-15 12:56:00,-86.00203704833984,9.02738520380808e-06,-86.00204467773438,-60.72548294067383,-35.99918746948242,10.72189998626709,0.0007342462777160108,-98.20897674560547,0.4301663935184479,0.3353373110294342,0.7060935507281977,0.4185852927749,-0.12467030595766891,-8.53754542874674e-06,2.323226656915795,1.2838459764147194,1.4887606175853356,0.8623559754576107,10404,10404,2,Box 3,ARG_mid2_3aer-ARG_mid2
2017-07-15 12:56:00,-79.39743041992188,-3.432951416471042e-05,-79.39739227294922,-50.762290954589844,-35.415157318115234,6.795069694519043,-0.015028323046863079,-92.34223937988281,0.4331624507904053,0.6655733585357666,0.6393443880902544,0.4460493525253649,-0.08558302041837137,0.00018927980275210143,2.0906510286052393,1.293376305918867,1.4688733896646518,0.8805867454905207,10404,10404,3,Box 4,ARG_mid2_3aer-ARG_mid2
2017-07-15 12:58:00,-82.66793823242188,-2.6389894485473633,-79.97164916992188,-45.363407135009766,-40.61233901977539,5.963283538818359,0.04081498831510544,-95.38643646240234,0.7444978952407837,4.44368839263916,0.5672436125744439,0.5078342201927524,-0.07456746459966528,-0.0005103681675309862,2.9110993634261044,1.6133454290395344,1.8736871543419746,0.8607778990242053,10111,9140,0,Box 1,ARG_mid2_3aer-ARG_mid2
2017-07-15 12:58:00,-124.563232421875,-0.03127056360244751,-124.53231048583984,-67.54653930664062,-58.30459976196289,1.331965684890747,-0.013133717700839043,-143.3202667236328,0.7722734212875366,0.6738072037696838,0.5424017528337297,0.4681885265211179,-0.010695743697725796,0.00010546434287816465,2.9086801813515835,1.5853522275114451,1.9273680119574959,0.822604676127719,10404,10401,1,Box 2,ARG_mid2_3aer-ARG_mid2
2017-07-15 12:58:00,-86.56343841552734,-0.0001791921240510419,-86.56324768066406,-61.96672439575195,-36.383487701416016,11.801924705505371,-0.014961505308747292,-99.05132293701172,0.44504591822624207,0.3561963140964508,0.7158549061859388,0.4203110114240418,-0.1363387565999905,0.00017283899000986036,2.3423071060284584,1.2838591002077444,1.4863542409953878,0.8638230463335584,10404,10404,2,Box 3,ARG_mid2_3aer-ARG_mid2
2017-07-15 12:58:00,-78.60102081298828,-0.058617278933525085,-78.55142211914062,-50.36833953857422,-35.35553741455078,7.186176776885986,-0.013719988986849785,-91.59822845458984,0.43345099687576294,0.6891754865646362,0.6412149337981491,0.45009413144518984,-0.09148372776596346,0.00017466252262453297,2.0948816613385857,1.2963350932366002,1.4687694695007707,0.8826586915254567,10404,10399,3,Box 4,ARG_mid2_3aer-ARG_mid2
2017-07-15 13:00:00,-82.14629364013672,-2.4977638721466064,-79.63716888427734,-44.26033401489258,-40.88369369506836,5.533203125,-0.02634451724588871,-94.69164276123047,0.7330101132392883,4.334677219390869,0.555774815601055,0.5133745355216701,-0.0694801579632272,0.0003308068405020598,2.894691002049547,1.633778581009159,1.8916991208817056,0.8638388275085853,10112,9127,0,Box 1,ARG_mid2_3aer-ARG_mid2
2017-07-15 13:00:00,-123.9765853881836,-0.0002251354744657874,-123.97635650634766,-66.79979705810547,-57.773963928222656,0.6501951217651367,-0.05279667675495148,-142.64891052246094,0.7709857821464539,0.5972918272018433,0.538810717398176,0.4660079306935679,-0.005244508964218394,0.00042586087247452244,2.8493655961238393,1.5727216209273445,1.9112977181872626,0.823082414093117,10404,10404,1,Box 2,ARG_mid2_3aer-ARG_mid2
2017-07-15 13:00:00,-86.5129165649414,0.03096855990588665,-86.53392028808594,-62.4237174987793,-36.52641677856445,12.434195518493652,-0.017977934330701828,-99.1661376953125,0.44649574160575867,0.35112324357032776,0.7213786382680686,0.42210518574746486,-0.14369157994864448,0.0002077559331110368,2.339264138278057,1.2822742730489083,1.4809605050704273,0.8659102560854698,10404,10402,2,Box 3,ARG_mid2_3aer-ARG_mid2
2017-07-15 13:00:00,-78.37117004394531,-0.13331595063209534,-78.24736785888672,-50.06895065307617,-35.424827575683594,7.244513988494873,0.0018911126535385847,-91.40516662597656,0.44495102763175964,0.7215941548347473,0.6398802643474939,0.45272865154279973,-0.09258474750373709,-2.4168386556541743e-05,2.0916501611698872,1.2983038582673,1.4687660114582832,0.8839337142998991,10404,10392,3,Box 4,ARG_mid2_3aer-ARG_mid2
