time,DCRE_total,DCRE_CF,DCRE_A,DCRE_A_Nc,DCRE_A_LWP,DCRE_A_re,DCRE_A_cov,DCRE_sfc,DCRE_lw_toa,DCRE_lw_sfc,frac_Nc,frac_LWP,frac_re,frac_cov,R_Nc,R_LWP,R_tau,R_re,n_any_pix,n_both_pix,box,box_label,pair
2017-07-15 09:04:00,0.408438116312027,0.0024484116584062576,0.4044072926044464,0.13480244576931,0.26960489153862,0.0,0.0,0.41876864433288574,-0.004211795516312122,-0.04351042956113815,0.3333333333333333,0.6666666666666666,0.0,0.0,0.9641629289464579,1.0008174063559954,0.9993386437317252,1.0012155215541132,10152,10144,0,Box 1,ARG_mid_3aer-ARG_mid
2017-07-15 09:04:00,0.28335708379745483,-0.009061633609235287,0.27449584007263184,0.09149859845638275,0.1829971969127655,0.0,0.0,0.29704728722572327,-0.002567221410572529,-0.03382624313235283,0.3333333333333333,0.6666666666666666,0.0,0.0,1.0046986992625218,1.0002976674859037,0.998036244715038,1.001884117906633,9942,9935,1,Box 2,ARG_mid_3aer-ARG_mid
2017-07-15 09:04:00,0.47446510195732117,-0.00020647956989705563,0.4753698408603668,0.15845660865306854,0.3169132173061371,0.0,0.0,0.5246732234954834,-0.0014978990657255054,-0.06474432349205017,0.3333333333333333,0.6666666666666666,0.0,0.0,0.9860699782809306,0.9997381642176395,0.9968565923356316,1.002781036136914,9524,9503,2,Box 3,ARG_mid_3aer-ARG_mid
2017-07-15 09:04:00,1.0071173906326294,0.012491440400481224,1.019150972366333,0.33971697092056274,0.6794339418411255,0.0,0.0,1.0746698379516602,-0.0030037635006010532,-0.06731246411800385,0.3333333333333333,0.6666666666666666,0.0,0.0,0.9664851784989367,0.9998467102626286,0.9956809944629189,1.004184562964744,10168,10165,3,Box 4,ARG_mid_3aer-ARG_mid
2017-07-15 09:06:00,0.49024173617362976,5.8116835134569556e-05,0.49118393659591675,0.1637279987335205,0.327455997467041,0.0,0.0,0.4773957133293152,-0.004180923104286194,-0.011225425638258457,0.3333333333333333,0.6666666666666666,0.0,0.0,1.0575933044512418,1.0022008704977412,1.007434979413861,0.995254217221804,10365,10358,0,Box 1,ARG_mid_3aer-ARG_mid
2017-07-15 09:06:00,1.1377384662628174,0.0007219811668619514,1.137589693069458,0.3791965842247009,0.7583931684494019,0.0,0.0,1.163701057434082,-0.006161200813949108,-0.03816600143909454,0.3333333333333333,0.6666666666666666,0.0,0.0,1.0454928024168146,1.0005387836519002,1.003680000766863,0.996920097275929,10148,10139,1,Box 2,ARG_mid_3aer-ARG_mid
2017-07-15 09:06:00,1.3534294366836548,-0.0004073749005328864,1.3482751846313477,0.4494251310825348,0.8988502621650696,0.0,0.0,1.4283126592636108,-0.006271430291235447,-0.09815975278615952,0.3333333333333333,0.6666666666666666,0.0,0.0,1.0657787073152911,1.0011404606056475,1.0078155263532498,0.9941316523082973,9679,9667,2,Box 3,ARG_mid_3aer-ARG_mid
2017-07-15 09:06:00,0.9548571109771729,0.0002244452916784212,0.9549639821052551,0.3183213174343109,0.6366426348686218,0.0,0.0,1.009200930595398,-0.006169899366796017,-0.06738792359828949,0.3333333333333333,0.6666666666666666,0.0,0.0,1.0427519829898533,0.9998892209724525,0.9994498209621115,0.9999260248738099,10384,10383,3,Box 4,ARG_mid_3aer-ARG_mid
2017-07-15 09:08:00,0.10384807735681534,0.0026289820671081543,0.10733850300312042,0.03577948361635208,0.07155896723270416,0.0,0.0,0.08941932767629623,-0.0014353919541463256,0.0007396405562758446,0.3333333333333333,0.6666666666666666,0.0,0.0,1.0835946916289227,0.9997496352605805,1.0086238932161906,0.9912880913304751,10366,10360,0,Box 1,ARG_mid_3aer-ARG_mid
2017-07-15 09:08:00,0.6186480522155762,0.008296080864965916,0.626188337802887,0.20872944593429565,0.4174588918685913,0.0,0.0,0.6671520471572876,-0.003800147445872426,-0.02314598299562931,0.3333333333333333,0.6666666666666666,0.0,0.0,1.054897285056205,1.0000654458150042,1.0072538704073446,0.9928495268101647,10179,10170,1,Box 2,ARG_mid_3aer-ARG_mid
2017-07-15 09:08:00,0.4560184180736542,-0.007062563672661781,0.45603495836257935,1.0012803077697754,0.037833321839571,-0.545950710773468,-0.03712804242968559,0.5064623951911926,-0.0018355116480961442,-0.0007043841760605574,2.1956219589792187,0.08296143866061959,-1.1971684920688643,-0.08141490557097408,1.1199467652408945,1.002142452428452,1.0173467731476498,0.9836766425020453,9771,9756,2,Box 3,ARG_mid_3aer-ARG_mid
2017-07-15 09:08:00,0.3668232560157776,-0.00019425431673880666,0.3670174479484558,0.1223391517996788,0.2446783035993576,0.0,0.0,0.39578479528427124,-0.004821351263672113,-0.048892032355070114,0.3333333333333333,0.6666666666666666,0.0,0.0,1.104142391486891,0.9993586494711664,1.004290109463083,0.9951000101681888,10388,10388,3,Box 4,ARG_mid_3aer-ARG_mid
2017-07-15 09:10:00,-0.6745302081108093,-6.176882743602619e-05,-0.6746442914009094,-1.4051580429077148,-0.04058891534805298,0.7741469740867615,-0.0030445631127804518,-0.6395309567451477,0.0042462036944925785,0.02696974202990532,2.082812930129319,0.0601634257244466,-1.1474891977452255,0.004512841891459951,1.1116260238431366,1.0015295641644715,1.0170802711242524,0.9847857068078807,10365,10364,0,Box 1,ARG_mid_3aer-ARG_mid
2017-07-15 09:10:00,0.23316778242588043,-0.002562750829383731,0.23188741505146027,0.5207390785217285,0.007192243821918964,-0.28810614347457886,-0.007937801070511341,0.289096862077713,-0.0018361255060881376,-0.02354256622493267,2.24565497123784,0.03101611030087473,-1.242439810239643,-0.034231271299071775,1.0870939117678275,1.0005768562734008,1.0124726352855715,0.9878315257460658,10225,10217,1,Box 2,ARG_mid_3aer-ARG_mid
2017-07-15 09:10:00,-0.4593278169631958,-0.003710902761667967,-0.4620216190814972,-0.7357544898986816,-0.015438766218721867,0.29177865386009216,-0.0026069902814924717,-0.4357042908668518,0.0008202409953810275,0.02072567492723465,1.592467750858108,0.033415679357240345,-0.6315260030197211,0.0056425728043727474,1.1418778825192069,1.0013929590284643,1.0281604039266041,0.9741183250562898,9784,9774,2,Box 3,ARG_mid_3aer-ARG_mid
2017-07-15 09:10:00,-0.5204201340675354,-6.318531086435542e-05,-0.5203568935394287,-0.17345233261585236,-0.3469046652317047,0.0,0.0,-0.5130215883255005,-0.00046786083839833736,-0.012380797415971756,0.3333333333333333,0.6666666666666666,0.0,0.0,1.147124265700489,0.9993466490042636,1.0097511117245301,0.989711662322242,10394,10394,3,Box 4,ARG_mid_3aer-ARG_mid
2017-07-15 09:12:00,-1.1630055904388428,-0.008080895990133286,-1.1711461544036865,-1.7994060516357422,-0.09816130250692368,0.7225870490074158,0.003833846189081669,-1.1720173358917236,0.008580719120800495,0.06205074489116669,1.5364484922174628,0.08381643267684116,-0.6169913403022423,-0.003273584592061618,1.1355001993916245,1.0034720678101305,1.0279521427947442,0.9760974938351483,10375,10372,0,Box 1,ARG_mid_3aer-ARG_mid
2017-07-15 09:12:00,-0.8077677488327026,0.010416720062494278,-0.7983719706535339,-1.5441519021987915,0.011562710627913475,0.7348411679267883,-0.0006237334455363452,-0.7783493399620056,0.0035283772740513086,0.013465347699820995,1.9341261925277704,-0.014482861722508093,-0.9204245875035189,0.0007812566982565716,1.1286407373085665,0.9995470222255314,1.0210749382744184,0.97893236955202,10300,10289,1,Box 2,ARG_mid_3aer-ARG_mid
2017-07-15 09:12:00,-1.5014610290527344,-8.465514838462695e-05,-1.5020376443862915,-2.5142295360565186,-0.045957475900650024,1.047867774963379,0.010281594470143318,-1.53053617477417,0.0038051006849855185,0.05565250664949417,1.673879140478536,0.03059675262901395,-0.6976307957268817,-0.006845097380668297,1.1998108912870509,1.0016662695619918,1.0369418036590303,0.9657413479868299,9804,9793,2,Box 3,ARG_mid_3aer-ARG_mid
2017-07-15 09:12:00,-1.350832223892212,-1.3400158422882669e-05,-1.3508188724517822,-4.403261661529541,0.0006594592705368996,3.0473029613494873,0.004480691626667976,-1.373929500579834,0.0033776925411075354,0.026322893798351288,3.259698092895435,-0.0004881921929943898,-2.25589288126504,-0.0033170194374010364,1.1860670551410595,0.9999872218275102,1.017602895425334,0.982632171692708,10398,10398,3,Box 4,ARG_mid_3aer-ARG_mid
2017-07-15 09:14:00,-2.003351926803589,-0.010234363377094269,-2.008988618850708,-2.8650660514831543,-0.15389502048492432,1.0025817155838013,0.007390872109681368,-2.044283151626587,0.01414938922971487,0.09822920709848404,1.4261236327399287,0.07660323108555188,-0.4990479619650157,-0.003678901860464878,1.173038262198414,1.004295524969196,1.0380077608593663,0.9673894047382501,10368,10363,0,Box 1,ARG_mid_3aer-ARG_mid
2017-07-15 09:14:00,-1.8540860414505005,0.0032643103040754795,-1.8508886098861694,-3.5248656272888184,-0.028043415397405624,1.7651664018630981,-0.06314573436975479,-1.8580025434494019,0.008973398245871067,0.042407047003507614,1.904418144138913,0.015151325708885784,-0.9536859141718151,0.03411644432401639,1.1841843143911754,1.0006727137707232,1.0300319532966817,0.972477988982899,10344,10339,1,Box 2,ARG_mid_3aer-ARG_mid
2017-07-15 09:14:00,-2.512019157409668,-0.003119480097666383,-2.514859199523926,-4.241983413696289,-0.1132289320230484,1.8337204456329346,0.006633182056248188,-2.585891008377075,0.0069959755055606365,0.08186133950948715,1.6867678517626226,0.04502396242723411,-0.729154218468996,-0.0026375957208607526,1.2420644397038791,1.0028973149987666,1.0437691169808665,0.9607335449651019,9790,9780,2,Box 3,ARG_mid_3aer-ARG_mid
2017-07-15 09:14:00,-2.2702150344848633,-3.160997948725708e-05,-2.270183563232422,-5.318626880645752,-0.07639831304550171,3.1221866607666016,0.00265508727170527,-2.3256278038024902,0.006638579536229372,0.07726725935935974,2.3428179997269436,0.033652922878592645,-1.3753013751230683,-0.001169547482468003,1.2206124866987524,1.0014328062382885,1.0287697521971164,0.9733952465634349,10400,10400,3,Box 4,ARG_mid_3aer-ARG_mid
2017-07-15 09:16:00,-3.1196577548980713,0.0022952251601964235,-3.1205852031707764,-4.3148603439331055,-0.2217017263174057,1.3984580039978027,0.017518771812319756,-3.1749703884124756,0.01887747086584568,0.12720993161201477,1.3827086858544306,0.07104491603017499,-0.4481396644520586,-0.0056139374325470115,1.2118364224193354,1.004948293235474,1.0474084463012683,0.959212246435816,10356,10352,0,Box 1,ARG_mid_3aer-ARG_mid
2017-07-15 09:16:00,-2.5182831287384033,0.0014329497935250401,-2.516455888748169,-3.9251480102539062,-0.11378146708011627,1.5141408443450928,0.008332526311278343,-2.5537760257720947,0.012609296478331089,0.06299629807472229,1.5597919955886423,0.04521496297985382,-0.6016957436992924,-0.003311214869203827,1.1873225042187674,1.0024917143973548,1.0373745938668577,0.9662564769459756,10352,10349,1,Box 2,ARG_mid_3aer-ARG_mid
2017-07-15 09:16:00,-3.477633237838745,-0.0032241977751255035,-3.479741334915161,-5.243468284606934,-0.1358409970998764,1.9394670724868774,-0.03989918902516365,-3.5800163745880127,0.01120816357433796,0.10517477244138718,1.5068557688531847,0.03903767034441292,-0.5573595753742876,0.0114661361766899,1.2544771133101187,1.0029410858082681,1.0514316812299072,0.9544300585997693,9822,9817,2,Box 3,ARG_mid_3aer-ARG_mid
2017-07-15 09:16:00,-3.1773416996002197,-0.00017594009113963693,-3.1771655082702637,-6.075339317321777,-0.22261355817317963,3.121065616607666,-0.00027878538821823895,-3.2691028118133545,0.01156684011220932,0.1362575739622116,1.9121883051661646,0.07006671138973208,-0.9823427631173463,8.774656144960868e-05,1.2585990586964428,1.0042227253318778,1.0409081451333035,0.9647597273209538,10401,10401,3,Box 4,ARG_mid_3aer-ARG_mid
2017-07-15 09:18:00,-3.926161766052246,0.006916648708283901,-3.9236507415771484,-4.528530597686768,-0.3054683804512024,0.9174339175224304,-0.007086207624524832,-3.998924970626831,0.024863669648766518,0.14282910525798798,1.154162369281591,0.07785309540360438,-0.23382148878909975,0.0018060241039043745,1.224526046474077,1.0068549425260394,1.0602444873347983,0.9497444560861926,10346,10337,0,Box 1,ARG_mid_3aer-ARG_mid
2017-07-15 09:18:00,-3.2193763256073,0.007381414994597435,-3.2114529609680176,-4.520236015319824,-0.1797858029603958,1.5093629360198975,-0.020794780924916267,-3.276547908782959,0.015027985908091068,0.08080610632896423,1.4075358622298924,0.05598269383162714,-0.4699937490903042,0.0064751930287847426,1.199093388376175,1.0036172838162658,1.043936321342732,0.9616455840007019,10342,10333,1,Box 2,ARG_mid_3aer-ARG_mid
2017-07-15 09:18:00,-4.328092575073242,-0.0016026771627366543,-4.330552577972412,-5.759461402893066,-0.29606300592422485,1.72951078414917,-0.004539175424724817,-4.444206237792969,0.014800206758081913,0.11677758395671844,1.3299598474761014,0.06836609214862967,-0.3993741141589912,0.001048174534260149,1.275350445216515,1.0062709230167861,1.0628558511022552,0.9468219240591963,9876,9866,2,Box 3,ARG_mid_3aer-ARG_mid
2017-07-15 09:18:00,-4.013674736022949,-0.0015014138771221042,-4.014524936676025,-7.20274019241333,-0.3688899278640747,3.5511832237243652,0.005922527052462101,-4.138482570648193,0.013925112783908844,0.18451066315174103,1.7941701971227508,0.09188881658666609,-0.8845837390279931,-0.0014752746814237216,1.3100776856317833,1.006940240412614,1.0514587903628994,0.9575893145103483,10399,10398,3,Box 4,ARG_mid_3aer-ARG_mid
2017-07-15 09:20:00,-4.79996919631958,-0.011643954552710056,-4.803101539611816,-5.217538356781006,-0.4605063498020172,0.8287752866744995,0.04616804048418999,-4.898181915283203,0.0330224484205246,0.1710989624261856,1.0862852904543991,0.09587686767333267,-0.17255002775561987,-0.009612130372111949,1.2421891727427234,1.009616785828604,1.0688138874511635,0.9440101498200263,10365,10353,0,Box 1,ARG_mid_3aer-ARG_mid
2017-07-15 09:20:00,-4.060965538024902,-0.009054419584572315,-4.0625319480896,-5.274771690368652,-0.33689436316490173,1.5833275318145752,-0.0341939739882946,-4.148985862731934,0.019726509228348732,0.12064317613840103,1.2983949903515248,0.08292719875977042,-0.38973910089877706,0.008416911787481829,1.216304982358444,1.0062729294843986,1.0515567627446862,0.9573413837152266,10337,10327,1,Box 2,ARG_mid_3aer-ARG_mid
2017-07-15 09:20:00,-4.878486633300781,0.0019838823936879635,-4.875635623931885,-6.767575740814209,-0.36312466859817505,2.285979747772217,-0.03091440722346306,-5.020851135253906,0.017391983419656754,0.13328909873962402,1.3880397457352875,0.07447739846590114,-0.46885773448325224,0.006340590282063574,1.3254751174845765,1.007588071193166,1.070008298390906,0.942067894265278,9953,9942,2,Box 3,ARG_mid_3aer-ARG_mid
2017-07-15 09:20:00,-4.841269016265869,-0.002021100837737322,-4.842260360717773,-8.029266357421875,-0.5162815451622009,3.7051193714141846,-0.0018314309418201447,-5.010537624359131,0.016652194783091545,0.2282862812280655,1.658165062156015,0.10661995587056354,-0.7651632362273758,0.00037821820079741997,1.3430069019846524,1.0095264760791642,1.0610772015454017,0.9514379453187012,10396,10394,3,Box 4,ARG_mid_3aer-ARG_mid
2017-07-15 09:22:00,-5.515737056732178,-0.0004760610463563353,-5.515260696411133,-5.640024185180664,-0.6291198134422302,0.7519513368606567,0.0019319207640364766,-5.638071537017822,0.038976382464170456,0.18501734733581543,1.0226214986496462,0.11406891885781072,-0.13634013109438606,-0.000350286413070916,1.2668833234342438,1.0132810213425794,1.080159752763732,0.9380590696691588,10384,10383,0,Box 1,ARG_mid_3aer-ARG_mid
2017-07-15 09:22:00,-4.695545673370361,-0.014824075624346733,-4.703939914703369,-5.829349040985107,-0.4848838448524475,1.6028494834899902,0.007443619892001152,-4.810295104980469,0.0238980483263731,0.14555467665195465,1.2392482117667407,0.10308036104207315,-0.34074615054049995,-0.0015824222683138989,1.2423765827371824,1.009066948607183,1.0601132621092957,0.9517603225266217,10336,10326,1,Box 2,ARG_mid_3aer-ARG_mid
2017-07-15 09:22:00,-5.506022930145264,0.0070868488401174545,-5.500227451324463,-7.575526237487793,-0.4405166804790497,2.5071585178375244,0.008656752295792103,-5.680702209472656,0.01882161572575569,0.14631851017475128,1.377311404736787,0.08009062729657382,-0.45582814217439194,-0.00157388985896878,1.3546982884672176,1.0088656180131357,1.0762376966468215,0.9372919819786748,10031,10019,2,Box 3,ARG_mid_3aer-ARG_mid
2017-07-15 09:22:00,-5.6783552169799805,-0.0005692676641047001,-5.680080890655518,-8.800683975219727,-0.681641161441803,3.791637420654297,0.010607190430164337,-5.851027965545654,0.019180431962013245,0.25171738862991333,1.5493942217058922,0.12000554061281245,-0.6675323257811664,-0.0018674365375382918,1.3716942507727061,1.0123146205338271,1.0703584540912645,0.9456515127861119,10393,10392,3,Box 4,ARG_mid_3aer-ARG_mid
2017-07-15 09:24:00,-6.02656888961792,0.0014816460898146033,-6.02451229095459,-6.1096954345703125,-0.7741365432739258,0.8596483469009399,-0.00032818986801430583,-6.168480396270752,0.04362085089087486,0.19041121006011963,1.0141395068808003,0.1284978045269045,-0.14269178716921704,5.447576151218492e-05,1.281060325924623,1.0158155779804232,1.0848172994519547,0.9363973856271718,10385,10380,0,Box 1,ARG_mid_3aer-ARG_mid
2017-07-15 09:24:00,-5.385690689086914,-0.0056577748619019985,-5.387042045593262,-6.137360572814941,-0.6295406818389893,1.3921726942062378,-0.01231382880359888,-5.526860237121582,0.02764461189508438,0.17173409461975098,1.1392820228141753,0.1168620315281667,-0.25842987812298046,0.0022858237806384074,1.2522713918568718,1.0116044179591506,1.0680333248382696,0.9473081057258279,10337,10322,1,Box 2,ARG_mid_3aer-ARG_mid
2017-07-15 09:24:00,-5.9660210609436035,0.0010358045110478997,-5.948983669281006,-8.034722328186035,-0.5070324540138245,2.6001832485198975,-0.00741200428456068,-6.148906230926514,0.020292600616812706,0.14652486145496368,1.3506042444858426,0.08523010610542117,-0.437080278470781,0.0012459278795172724,1.379491314422791,1.0102026291362025,1.082637527509773,0.93318635708562,10088,10076,2,Box 3,ARG_mid_3aer-ARG_mid
2017-07-15 09:24:00,-6.4297380447387695,0.00047227003960870206,-6.430211067199707,-9.328588485717773,-0.875297486782074,3.7646725177764893,0.0090022599324584,-6.628276348114014,0.02026636339724064,0.2651335597038269,1.4507437780415136,0.13612269032912688,-0.5854664738158847,-0.0013999945547557013,1.3974837324081646,1.0158250385442713,1.0799307763956587,0.9405377711982854,10389,10387,3,Box 4,ARG_mid_3aer-ARG_mid
2017-07-15 09:26:00,-6.606322288513184,-0.0006853329250589013,-6.605413436889648,-6.268712997436523,-0.9756066203117371,0.642871081829071,-0.003964947536587715,-6.7741289138793945,0.045206718146800995,0.1990903615951538,0.949026575798151,0.14769806215964143,-0.09732489523961652,0.0006002572818241125,1.2883721134982222,1.0199125275495113,1.093076585985114,0.933115782083018,10387,10383,0,Box 1,ARG_mid_3aer-ARG_mid
2017-07-15 09:26:00,-5.919225692749023,0.009990719147026539,-5.907068252563477,-6.234135627746582,-0.8016370534896851,1.128345251083374,0.0003584008081816137,-6.089118480682373,0.030274847522377968,0.19592522084712982,1.0553686711525103,0.13570808922870575,-0.19101608717511134,-6.0673206104727706e-05,1.2574021102983675,1.014835403022996,1.0750247501746968,0.9440070551186684,10349,10340,1,Box 2,ARG_mid_3aer-ARG_mid
2017-07-15 09:26:00,-6.628995418548584,0.05389508232474327,-6.581814289093018,-8.53591251373291,-0.5929479598999023,2.5385901927948,0.008455133996903896,-6.8277788162231445,0.02387126162648201,0.15869060158729553,1.2968934522387836,0.09008883226109274,-0.3856976639830036,-0.001284620516872781,1.3896157019617448,1.0114935033029924,1.0882468925970088,0.929369639991942,10150,10135,2,Box 3,ARG_mid_3aer-ARG_mid
2017-07-15 09:26:00,-7.346678256988525,-3.400398782105185e-05,-7.346644401550293,-9.868170738220215,-1.1060563325881958,3.6304800510406494,-0.002897706115618348,-7.590363502502441,0.023223374038934708,0.28977450728416443,1.3432214862420033,0.1505525940753781,-0.4941685061451893,0.00039442582780785385,1.423849189849417,1.0200004643798446,1.0916503692941117,0.9343978373520221,10395,10394,3,Box 4,ARG_mid_3aer-ARG_mid
2017-07-15 09:28:00,-7.199923992156982,-0.00235390174202621,-7.201016902923584,-6.736921787261963,-1.1561084985733032,0.719230592250824,-0.02721678838133812,-7.401183128356934,0.04765784367918968,0.22513346374034882,0.9355514833319638,0.16054797336449364,-0.09987903269754031,0.0037795760010828627,1.3106557328988628,1.0234838294125175,1.1011861481219751,0.9297762779009691,10377,10367,0,Box 1,ARG_mid_3aer-ARG_mid
2017-07-15 09:28:00,-6.461679935455322,0.008421693928539753,-6.451798915863037,-6.52177619934082,-1.0179928541183472,1.0920593738555908,-0.004089367110282183,-6.653936862945557,0.03361804783344269,0.23052215576171875,1.0108461417127934,0.15778436103582483,-0.1692643364264868,0.0006338336778685671,1.271647389586706,1.0189323973254307,1.0824693909327214,0.9413509390413157,10345,10337,1,Box 2,ARG_mid_3aer-ARG_mid
2017-07-15 09:28:00,-7.14295768737793,0.03909580782055855,-7.110332012176514,-9.075483322143555,-0.758834958076477,2.683044910430908,0.04094136878848076,-7.3443498611450195,0.025723407045006752,0.16630175709724426,1.2763797105635564,0.10672285793583541,-0.3773445576799925,-0.005758010819399306,1.416311291493982,1.0146575037392775,1.095155783675901,0.9260112602937781,10188,10175,2,Box 3,ARG_mid_3aer-ARG_mid
2017-07-15 09:28:00,-8.345401763916016,-8.813131717033684e-05,-8.345314979553223,-10.532970428466797,-1.3763983249664307,3.56317400932312,0.0008799746865406632,-8.636868476867676,0.02662051096558571,0.3002808392047882,1.2621417904491263,0.16493067085533633,-0.42696701595264913,-0.00010544535181350456,1.4483311927327382,1.024497077863971,1.1027712193732806,0.9290109243841675,10398,10397,3,Box 4,ARG_mid_3aer-ARG_mid
2017-07-15 09:30:00,-7.650259494781494,0.006533973850309849,-7.6377854347229,-6.919815540313721,-1.4236284494400024,0.7350842952728271,-0.029426032677292824,-7.907236099243164,0.048308100551366806,0.26898840069770813,0.9059976081650037,0.18639282262273366,-0.09624312230421235,0.0038526915164749514,1.3343277688865172,1.0301139376544726,1.111952939549596,0.9267794870661197,10356,10347,0,Box 1,ARG_mid_3aer-ARG_mid
2017-07-15 09:30:00,-7.01645565032959,0.007635721005499363,-7.017160892486572,-6.899169921875,-1.1977136135101318,1.0476049184799194,0.032117512077093124,-7.242557048797607,0.037471264600753784,0.2714300751686096,0.9831853373030026,0.17068350258880982,-0.14929184454961023,-0.004576995342202211,1.2767246567807669,1.021431806625276,1.0863520338993191,0.9398837875873903,10336,10325,1,Box 2,ARG_mid_3aer-ARG_mid
2017-07-15 09:30:00,-8.237919807434082,-0.0017479885136708617,-8.24678897857666,-10.240639686584473,-0.9023640155792236,2.948911666870117,-0.05269729718565941,-8.473642349243164,0.030468428507447243,0.20805948972702026,1.2417729853813555,0.10942006161793505,-0.3575830856863863,0.006390038687095756,1.455064958637781,1.016661251840959,1.1059183651990534,0.9198830012878777,10204,10182,2,Box 3,ARG_mid_3aer-ARG_mid
2017-07-15 09:30:00,-9.238486289978027,9.704104741103947e-05,-9.238582611083984,-11.316336631774902,-1.606563925743103,3.6915388107299805,-0.007219488266855478,-9.593375205993652,0.029554421082139015,0.29213666915893555,1.2248997942363455,0.17389723325049772,-0.39957847728246043,0.0007814497956171729,1.4847631987565242,1.028454210438522,1.113559075800305,0.923651633605369,10401,10400,3,Box 4,ARG_mid_3aer-ARG_mid
2017-07-15 09:32:00,-6.964354038238525,-0.003898978466168046,-6.957850933074951,-6.356091499328613,-1.329505205154419,0.7175790667533875,0.010166903957724571,-7.211054801940918,0.03958667814731598,0.23723189532756805,0.9135136367624184,0.19107985428825888,-0.10313227785493492,-0.001461213195742328,1.3603714195257548,1.0327104809384144,1.118846432055688,0.922862160665022,10340,10322,0,Box 1,ARG_mid_3aer-ARG_mid
2017-07-15 09:32:00,-6.537210464477539,-0.027204997837543488,-6.520845890045166,-6.37225866317749,-1.1526165008544922,0.9817227125167847,0.022306684404611588,-6.7415924072265625,0.03198282793164253,0.2453414350748062,0.9772135390327188,0.17675873143954074,-0.15055144348263821,-0.0034208269896213173,1.2888452449984065,1.0232142445826626,1.0904107826150569,0.9380972238584658,10336,10312,1,Box 2,ARG_mid_3aer-ARG_mid
2017-07-15 09:32:00,-7.847559928894043,0.01981722190976143,-7.83523416519165,-9.437036514282227,-0.9564532041549683,2.505479097366333,0.05277581140398979,-8.065794944763184,0.023336997255682945,0.1565919667482376,1.2044356751002192,0.12207079884849836,-0.3197707705797101,-0.006735703369007473,1.4763410295696835,1.0199376480563853,1.1138410652480366,0.9150293194092818,10199,10181,2,Box 3,ARG_mid_3aer-ARG_mid
2017-07-15 09:32:00,-8.936577796936035,0.002306930022314191,-8.938885688781738,-10.649872779846191,-1.717648983001709,3.4194462299346924,0.00919058732688427,-9.32044506072998,0.020258067175745964,0.22337691485881805,1.1914095209573343,0.19215470153743627,-0.38253606445160243,-0.0010281580431681925,1.53156135828939,1.0349742919557239,1.1266707599389758,0.9185002597176485,10399,10399,3,Box 4,ARG_mid_3aer-ARG_mid
2017-07-15 09:34:00,-7.2966108322143555,-0.0191783644258976,-7.26978874206543,-6.692951202392578,-1.3592455387115479,0.783051609992981,-0.0006432162481360137,-7.5774455070495605,0.03907734155654907,0.22819067537784576,0.9206528121583175,0.18697181967691878,-0.10771310981865534,8.847798341904412e-05,1.379092009820875,1.0331769912148026,1.1234180530555251,0.9196822383042981,10350,10317,0,Box 1,ARG_mid_3aer-ARG_mid
2017-07-15 09:34:00,-7.1548686027526855,-0.010346897877752781,-7.1309027671813965,-6.384677886962891,-1.4370613098144531,0.6953452825546265,-0.004508759826421738,-7.38719367980957,0.03663475811481476,0.32316675782203674,0.8953533875180675,0.2015258593202152,-0.09751153136735194,0.0006322845290692714,1.31222937316126,1.0310525466847433,1.106455990158358,0.9319109909668714,10337,10285,1,Box 2,ARG_mid_3aer-ARG_mid
2017-07-15 09:34:00,-9.072595596313477,-0.013981420546770096,-9.056024551391602,-10.763697624206543,-1.1783419847488403,2.9013845920562744,-0.01536947675049305,-9.324620246887207,0.029469763860106468,0.20463936030864716,1.1885676111276122,0.13011692004534453,-0.32038168623550983,0.0016971550625530796,1.5175208120972536,1.0230921265682906,1.124084980960991,0.9103361963991049,10246,10216,2,Box 3,ARG_mid_3aer-ARG_mid
2017-07-15 09:34:00,-10.158931732177734,0.02041931264102459,-10.157379150390625,-11.5900297164917,-2.1101536750793457,3.5308570861816406,0.0119466008618474,-10.62700080871582,0.026187920942902565,0.22419050335884094,1.141045262578039,0.20774586087648425,-0.34761497352797144,-0.001176149926551795,1.5596624073533327,1.0412911602449186,1.1386493259535146,0.9143571496020814,10400,10391,3,Box 4,ARG_mid_3aer-ARG_mid
2017-07-15 09:36:00,-7.771515846252441,-0.012742378748953342,-7.7570672035217285,-6.891242504119873,-1.4540950059890747,0.5980198383331299,-0.009749827906489372,-8.075961112976074,0.039037950336933136,0.20691490173339844,0.8883824216080882,0.18745422903117678,-0.07709354678521214,0.0012568961459471367,1.3915231617334944,1.0354727841964289,1.1319821831094692,0.9148855496365258,10338,10310,0,Box 1,ARG_mid_3aer-ARG_mid
2017-07-15 09:36:00,-7.705160140991211,0.020282797515392303,-7.694888591766357,-6.828249931335449,-1.5940890312194824,0.6949792504310608,0.03247113898396492,-7.955755233764648,0.039483435451984406,0.35692596435546875,0.8873747703523854,0.20716206030597067,-0.0903169987997757,-0.0042198318585804084,1.3343623658127453,1.034243724793282,1.114442912976172,0.9276122849371325,10306,10236,1,Box 2,ARG_mid_3aer-ARG_mid
2017-07-15 09:36:00,-9.751445770263672,-0.011770487762987614,-9.732576370239258,-11.314249038696289,-1.1814297437667847,2.752326011657715,0.010774883441627026,-10.009760856628418,0.03067418746650219,0.1755262166261673,1.162513122825437,0.12138920334972265,-0.2827952314753802,-0.0011070946997794873,1.534264638659363,1.0226000745578332,1.130587388869205,0.9043627598349082,10285,10257,2,Box 3,ARG_mid_3aer-ARG_mid
2017-07-15 09:36:00,-11.266057014465332,0.06629171222448349,-11.275359153747559,-12.526703834533691,-2.464359760284424,3.699735641479492,0.015968143939971924,-11.812795639038086,0.033696964383125305,0.2215573638677597,1.1109804226050175,0.21856148022515043,-0.3281257047289501,-0.001416198101217847,1.5839358704558657,1.0462778608457075,1.14796415365375,0.9112422304617684,10393,10382,3,Box 4,ARG_mid_3aer-ARG_mid
2017-07-15 09:38:00,-8.304377555847168,-0.032063085585832596,-8.276780128479004,-7.438138008117676,-1.5307756662368774,0.6806753277778625,0.011456782929599285,-8.659257888793945,0.039361096918582916,0.20202988386154175,0.8986751392092655,0.18494821221026272,-0.08223914365922703,-0.00138420776030114,1.4104597300277057,1.0360227383591234,1.1360575375871824,0.9117846451315733,10348,10303,0,Box 1,ARG_mid_3aer-ARG_mid
2017-07-15 09:38:00,-8.273971557617188,0.017438100650906563,-8.271629333496094,-7.340656757354736,-1.566710352897644,0.6058111786842346,0.029925981536507607,-8.55363655090332,0.04035531356930733,0.34375226497650146,0.8874498404387722,0.18940770259341172,-0.07323963654834649,-0.0036179064838374048,1.346247244039389,1.0322371942204212,1.1181506712016203,0.9227917545556193,10285,10201,1,Box 2,ARG_mid_3aer-ARG_mid
2017-07-15 09:38:00,-10.563095092773438,0.03347025066614151,-10.578635215759277,-12.307418823242188,-1.3426544666290283,3.060715436935425,0.010722591541707516,-10.835037231445312,0.03175060451030731,0.15599650144577026,1.1634222061158879,0.12692132563670722,-0.2893299235719456,-0.0010136081806494945,1.5672895630289143,1.0248132151289648,1.1373978859114964,0.9008980089449975,10339,10292,2,Box 3,ARG_mid_3aer-ARG_mid
2017-07-15 09:38:00,-12.01573657989502,0.06425102055072784,-12.061933517456055,-13.198356628417969,-2.7731728553771973,3.8859550952911377,0.02364017814397812,-12.6307954788208,0.03655809536576271,0.23186589777469635,1.0942156225461444,0.2299111366314659,-0.32216685962753494,-0.001959899550075306,1.6098033648390506,1.0512912231663394,1.1560847337692963,0.9090963601457854,10393,10371,3,Box 4,ARG_mid_3aer-ARG_mid
2017-07-15 09:40:00,-8.723773956298828,-0.006981790065765381,-8.700417518615723,-7.713398456573486,-1.5300475358963013,0.535706102848053,0.0073221479542553425,-9.136663436889648,0.036698754876852036,0.1781148612499237,0.886554928346922,0.1758591131751161,-0.06157245568039637,-0.0008415858416416858,1.4153144883792623,1.0350510555383714,1.1395116877641294,0.9082287697815957,10353,10322,0,Box 1,ARG_mid_3aer-ARG_mid
2017-07-15 09:40:00,-8.803223609924316,-0.045334625989198685,-8.80132007598877,-7.894408226013184,-1.6129475831985474,0.6650537848472595,0.0409807451069355,-9.11352252960205,0.03914463147521019,0.32146090269088745,0.8969571581391573,0.18326200003136664,-0.07556295400871951,-0.004656204161804456,1.3637105957410265,1.0321977298070042,1.1221899832714917,0.9193129806717643,10267,10149,1,Box 2,ARG_mid_3aer-ARG_mid
2017-07-15 09:40:00,-11.891119956970215,0.002810894977301359,-11.926044464111328,-13.431524276733398,-1.8956698179244995,3.3694257736206055,0.03172348439693451,-12.219128608703613,0.03787823021411896,0.22411850094795227,1.1262346033752342,0.15895210167666282,-0.2825266876709035,-0.002660017380993529,1.6098659266007205,1.0341718753381353,1.151340702102675,0.8978960507806939,10351,10311,2,Box 3,ARG_mid_3aer-ARG_mid
2017-07-15 09:40:00,-12.86911392211914,0.06366338580846786,-12.921809196472168,-13.791033744812012,-3.145442485809326,3.9951884746551514,0.019479703158140182,-13.531740188598633,0.0417429655790329,0.25291988253593445,1.0672681395006953,0.24342124226087333,-0.30918187580283274,-0.001507505958735944,1.6403708916601014,1.0580638183482274,1.1671630701788045,0.9063149095933745,10398,10373,3,Box 4,ARG_mid_3aer-ARG_mid
2017-07-15 09:42:00,-9.256482124328613,-0.00294013530947268,-9.247371673583984,-8.380471229553223,-1.525769829750061,0.6632463932037354,-0.004377303645014763,-9.713337898254395,0.03530373424291611,0.17927344143390656,0.9062543635776936,0.16499497638534424,-0.07172269647100238,0.0004733565079645119,1.4452421625925298,1.0340930004091737,1.145060547724179,0.9031481438425543,10371,10359,0,Box 1,ARG_mid_3aer-ARG_mid
2017-07-15 09:42:00,-9.294695854187012,-0.08301229029893875,-9.298807144165039,-8.189811706542969,-1.8606739044189453,0.7563167214393616,-0.004638669081032276,-9.638100624084473,0.04127274081110954,0.3545428216457367,0.8807378509029276,0.20009811554986406,-0.08133481203105815,0.0004988455782665296,1.390653711589205,1.038171803013203,1.1329328576634377,0.9164148037418174,10269,10182,1,Box 2,ARG_mid_3aer-ARG_mid
2017-07-15 09:42:00,-13.502557754516602,-0.09106136113405228,-13.497041702270508,-15.179165840148926,-2.2490346431732178,3.9114134311676025,0.01974530704319477,-13.903534889221191,0.04810185730457306,0.29380303621292114,1.1246290975397608,0.16663167610589882,-0.289797837757794,-0.001462935887865613,1.6479489398184501,1.037700037616245,1.159580302357282,0.8946989652051855,10353,10297,2,Box 3,ARG_mid_3aer-ARG_mid
2017-07-15 09:42:00,-14.029317855834961,0.013621539808809757,-14.062226295471191,-14.85837173461914,-3.604640483856201,4.360174179077148,0.04061080142855644,-14.761180877685547,0.04861084371805191,0.26231497526168823,1.0566158537422405,0.25633495957875635,-0.310062877829037,-0.00288793549195987,1.6755322309400582,1.0646080066262062,1.1768308879593277,0.9042144680060688,10399,10382,3,Box 4,ARG_mid_3aer-ARG_mid
2017-07-15 09:44:00,-9.830373764038086,-0.009143027476966381,-9.831149101257324,-9.027024269104004,-1.6156154870986938,0.8178113698959351,-0.006319636944681406,-10.320377349853516,0.03559325262904167,0.19246648252010345,0.9182065312753671,0.16433639263937094,-0.08318574170085385,0.0006428177861158013,1.4630554014361532,1.0346389108742655,1.1481378782163438,0.9012252014822661,10389,10378,0,Box 1,ARG_mid_3aer-ARG_mid
2017-07-15 09:44:00,-9.891592979431152,-0.17380666732788086,-9.82103443145752,-8.558266639709473,-1.8970131874084473,0.589760422706604,0.044485632330179214,-10.269501686096191,0.04625298082828522,0.4191037118434906,0.8714221771005395,0.19315819899436468,-0.060050748341042445,-0.0045296277538617175,1.3984462635000878,1.0378672750072235,1.1368728902104444,0.9123837753858566,10265,10140,1,Box 2,ARG_mid_3aer-ARG_mid
2017-07-15 09:44:00,-14.537725448608398,-0.0912737175822258,-14.496644020080566,-15.917346954345703,-2.441342353820801,3.8046836853027344,0.057363659143447876,-14.9724702835083,0.053112756460905075,0.28851598501205444,1.09800236811937,0.16840742463826758,-0.26245276170972703,-0.003957031047910564,1.6739430625502842,1.0402991584202732,1.1692935599892673,0.8891313303451571,10345,10293,2,Box 3,ARG_mid_3aer-ARG_mid
2017-07-15 09:44:00,-15.240693092346191,-0.061039138585329056,-15.224104881286621,-15.465230941772461,-4.162386417388916,4.400022983551025,0.0034901821054518223,-16.03862762451172,0.06074700877070427,0.32722148299217224,1.015838501027911,0.2734076035139897,-0.28901685084985884,-0.00022925369204179757,1.7032687559014206,1.074296911784201,1.1909468276337474,0.90201665555706,10391,10376,3,Box 4,ARG_mid_3aer-ARG_mid
2017-07-15 09:46:00,-10.476378440856934,-0.004394336603581905,-10.466164588928223,-9.888327598571777,-1.7501057386398315,1.1601916551589966,0.012077396735548973,-10.982168197631836,0.04015312343835831,0.19778241217136383,0.9447900286227793,0.16721558018400526,-0.11085166204874633,-0.0011539467580382046,1.5055535589290046,1.0368715590338453,1.155296264343754,0.8973445888009376,10399,10388,0,Box 1,ARG_mid_3aer-ARG_mid
2017-07-15 09:46:00,-10.463862419128418,-0.11801909655332565,-10.4201078414917,-9.227351188659668,-1.8591233491897583,0.6223510503768921,0.04401518777012825,-10.885875701904297,0.048632778227329254,0.42787712812423706,0.8855331341408748,0.17841690026923773,-0.05972597180275599,-0.004224062607356499,1.423753886246803,1.0362320169355634,1.1422367747037756,0.9066859853643032,10251,10146,1,Box 2,ARG_mid_3aer-ARG_mid
2017-07-15 09:46:00,-15.145963668823242,-0.1505916267633438,-15.046854019165039,-16.760608673095703,-2.5675642490386963,4.280317783355713,0.0010011097183451056,-15.597987174987793,0.05369342863559723,0.2883211672306061,1.113894587227472,0.1706379454379356,-0.2844659998378006,-6.653282760693546e-05,1.713743869461003,1.042123364276876,1.1749202641056467,0.8869641790045681,10340,10290,2,Box 3,ARG_mid_3aer-ARG_mid
2017-07-15 09:46:00,-16.638418197631836,-0.02237354964017868,-16.633726119995117,-16.77669334411621,-4.639001369476318,4.767036437988281,0.014929290860891342,-17.52156639099121,0.0726034939289093,0.3741600215435028,1.0085948411168426,0.27889128011352093,-0.28658858992639996,-0.0008975313039635835,1.7227071417482827,1.0780973223014727,1.1969229241909403,0.9005787923783346,10392,10383,3,Box 4,ARG_mid_3aer-ARG_mid
2017-07-15 09:48:00,-11.146166801452637,-0.021703390404582024,-11.148258209228516,-10.318672180175781,-1.7713217735290527,0.9318242073059082,0.009912299923598766,-11.671825408935547,0.04254133626818657,0.1783076822757721,0.9255861260957955,0.15888774141229559,-0.08358473303430272,-0.0008891344737883555,1.506442765896564,1.0357950498811308,1.1590080909100775,0.8935737081688501,10390,10376,0,Box 1,ARG_mid_3aer-ARG_mid
2017-07-15 09:48:00,-10.94433879852295,-0.07003860175609589,-10.936418533325195,-9.933637619018555,-1.839281439781189,0.760347843170166,0.07615238428115845,-11.40268325805664,0.04606376588344574,0.3531290590763092,0.9083080731333133,0.16817951091284994,-0.06952439146204349,-0.006963192584119746,1.4643840913896762,1.0359435331669267,1.1502507287752102,0.8997466878204976,10240,10145,1,Box 2,ARG_mid_3aer-ARG_mid
2017-07-15 09:48:00,-15.90025520324707,-0.14633357524871826,-15.841278076171875,-17.08396339416504,-2.7641940116882324,3.990764856338501,0.01611504703760147,-16.375751495361328,0.0567309632897377,0.2683506906032562,1.0784460639022377,0.17449312010205942,-0.25192190212751664,-0.001017281876780518,1.709351258996337,1.0443260528959661,1.1802256875759471,0.8847036946601038,10321,10276,2,Box 3,ARG_mid_3aer-ARG_mid
2017-07-15 09:48:00,-17.590816497802734,0.00032287108479067683,-17.591140747070312,-17.581674575805664,-4.8984375,4.914798736572266,-0.025825779885053635,-18.50811767578125,0.07896995544433594,0.33295705914497375,0.9994619819553289,0.2784605098909166,-0.2793906046070161,0.0014681127607706346,1.7369576570460603,1.0799505941495977,1.2021890574626333,0.8985629884234057,10404,10403,3,Box 4,ARG_mid_3aer-ARG_mid
2017-07-15 09:50:00,-11.509564399719238,0.014484965242445469,-11.480975151062012,-10.380736351013184,-1.825251817703247,0.6787485480308533,0.04626550152897835,-12.063019752502441,0.041168928146362305,0.14015762507915497,0.9041686242108802,0.15898054913715565,-0.059119419870675746,-0.004029753477360079,1.5007912189350903,1.036337596703525,1.1614559080342233,0.891736578536835,10391,10371,0,Box 1,ARG_mid_3aer-ARG_mid
2017-07-15 09:50:00,-11.563458442687988,-0.047868724912405014,-11.576468467712402,-10.098470687866211,-2.1759705543518066,0.6991661190986633,-0.0011934335343539715,-12.07522964477539,0.04622141644358635,0.324594646692276,0.8723274033187697,0.18796496705100457,-0.06039546170165399,0.00010309133187973857,1.4736228943377658,1.0426572002994354,1.1596948165606558,0.8990926843464133,10236,10137,1,Box 2,ARG_mid_3aer-ARG_mid
2017-07-15 09:50:00,-16.685062408447266,-0.06497294455766678,-16.618547439575195,-17.103870391845703,-3.459993362426758,3.919347047805786,0.025966841727495193,-17.23491859436035,0.058837439864873886,0.27097809314727783,1.0292035241016395,0.2082006997229896,-0.23584170218646994,-0.0015625216381591756,1.7301081447969762,1.057012880774197,1.1942795168575866,0.8848177293391567,10310,10253,2,Box 3,ARG_mid_3aer-ARG_mid
2017-07-15 09:50:00,-18.31920051574707,0.008250391110777855,-18.32744789123535,-18.158994674682617,-5.183952331542969,4.990165710449219,0.02533031441271305,-19.279647827148438,0.08247312158346176,0.28266313672065735,0.990808523961076,0.28285182894076655,-0.2722782557515192,-0.001382097150323336,1.760341928271933,1.0840666932619925,1.20955361727985,0.8960178898811847,10404,10404,3,Box 4,ARG_mid_3aer-ARG_mid
2017-07-15 09:52:00,-11.990042686462402,0.009169231168925762,-11.9700288772583,-10.728241920471191,-2.0110814571380615,0.7684088349342346,0.0008871833560988307,-12.5634126663208,0.04545404762029648,0.14391487836837769,0.8962587573556537,0.16800975476969177,-0.06419439506469383,-7.411706065167667e-05,1.5255039832070272,1.0403777005730734,1.170076971278559,0.8891428637521743,10376,10363,0,Box 1,ARG_mid_3aer-ARG_mid
2017-07-15 09:52:00,-12.428044319152832,-0.04299144446849823,-12.440360069274902,-10.71042537689209,-2.476757049560547,0.7126779556274414,0.03414435312151909,-13.037642478942871,0.05011489987373352,0.340114563703537,0.8609417604573486,0.19909045259933347,-0.057287569522074554,-0.002744643534607523,1.490019662852784,1.0471890459074105,1.1669580702853994,0.8969862713643594,10185,10089,1,Box 2,ARG_mid_3aer-ARG_mid
2017-07-15 09:52:00,-17.585372924804688,0.08452896028757095,-17.636560440063477,-17.033353805541992,-4.223600387573242,3.574420213699341,0.04597432166337967,-18.2081356048584,0.060986973345279694,0.2782413363456726,0.9657979490459798,0.23947984464991803,-0.20267103103736356,-0.002606762658534295,1.7371607962438147,1.070866760389686,1.20997903463205,0.8845895626357528,10333,10287,2,Box 3,ARG_mid_3aer-ARG_mid
2017-07-15 09:52:00,-19.387271881103516,0.010727478191256523,-19.389118194580078,-18.83641242980957,-5.56744384765625,5.006009578704834,0.008725177496671677,-20.396820068359375,0.09013105928897858,0.2738158106803894,0.9714938801586955,0.2871426827853377,-0.25818655910171007,-0.0004500038423231878,1.7796999891342618,1.0889232590775144,1.2187020400251745,0.8934311328057879,10404,10401,3,Box 4,ARG_mid_3aer-ARG_mid
2017-07-15 09:54:00,-13.027511596679688,-0.022474465891718864,-13.023578643798828,-11.343889236450195,-2.436903953552246,0.7536957859992981,0.0035194936208426952,-13.643157005310059,0.05814455822110176,0.19262322783470154,0.8710270993991306,0.18711477707024157,-0.057871636339421606,-0.00027024012995055524,1.5477435955603285,1.0480346738615454,1.1819413056512174,0.8866661374687941,10374,10361,0,Box 1,ARG_mid_3aer-ARG_mid
2017-07-15 09:54:00,-13.195493698120117,-0.08482641726732254,-13.17258071899414,-11.332067489624023,-2.73590087890625,0.8865347504615784,0.008850635960698128,-13.884284973144531,0.05489952489733696,0.36953797936439514,0.8602767925780372,0.20769662478331627,-0.06730151908038938,-0.0006718982809641311,1.5173581441731587,1.0516229367740078,1.1753483522359145,0.8946358601555133,10186,10091,1,Box 2,ARG_mid_3aer-ARG_mid
2017-07-15 09:54:00,-18.619022369384766,-0.016907593235373497,-18.599828720092773,-17.4864559173584,-4.527235984802246,3.4206302165985107,-0.006767641752958298,-19.331605911254883,0.06665857136249542,0.33047565817832947,0.9401406710123906,0.243402002170282,-0.18390652823507977,0.0003638550524071582,1.7211544784500215,1.072819916351533,1.2123040282745772,0.8850049536920476,10337,10295,2,Box 3,ARG_mid_3aer-ARG_mid
2017-07-15 09:54:00,-20.479312896728516,0.004124469123780727,-20.483440399169922,-19.637601852416992,-6.017045974731445,5.15388298034668,0.01732438988983631,-21.57758331298828,0.09362862259149551,0.27773672342300415,0.9587062054997497,0.2937517429117317,-0.25161217294656607,-0.0008457754649153215,1.8052768830165724,1.0947200445309635,1.2279987589255474,0.8913118917739878,10404,10404,3,Box 4,ARG_mid_3aer-ARG_mid
2017-07-15 09:56:00,-13.751721382141113,-0.04634156823158264,-13.743935585021973,-12.008086204528809,-2.7003235816955566,0.9758073687553406,-0.011333522386848927,-14.370235443115234,0.06058482453227043,0.1897929608821869,0.8737006785919997,0.1964738221056307,-0.07099912055351326,0.0008246198558828355,1.5798797932809796,1.0527683849327718,1.1906355061531133,0.884334348012912,10383,10357,0,Box 1,ARG_mid_3aer-ARG_mid
2017-07-15 09:56:00,-13.882923126220703,-0.11162075400352478,-13.831883430480957,-11.770548820495605,-2.985612392425537,0.9377276301383972,-0.013449159450829029,-14.647293090820312,0.05757994204759598,0.3879723846912384,0.8509722742134264,0.21585004517208764,-0.06779464979232548,0.0009723304068114808,1.5353368446416262,1.0558819899353646,1.1828716361550347,0.892788697656253,10257,10179,1,Box 2,ARG_mid_3aer-ARG_mid
2017-07-15 09:56:00,-19.081026077270508,-0.02798653021454811,-19.05055809020996,-17.995468139648438,-4.62991189956665,3.5592966079711914,0.015525167807936668,-19.812013626098633,0.06738496571779251,0.3172084093093872,0.9446163034529637,0.24303286198266869,-0.18683421983774876,-0.0008149455978835873,1.7117096946701589,1.0715901032038695,1.2088491478208467,0.8863177696958123,10333,10272,2,Box 3,ARG_mid_3aer-ARG_mid
2017-07-15 09:56:00,-21.735546112060547,-0.0015380141558125615,-21.7340087890625,-20.517353057861328,-6.550626754760742,5.330120086669922,0.003853707341477275,-22.920040130615234,0.10413273423910141,0.2839681804180145,0.944020802779391,0.30139982468503496,-0.24524331513986147,-0.00017731232456452695,1.8273444424432101,1.1010220626207605,1.2372249653856537,0.8898789925234285,10404,10404,3,Box 4,ARG_mid_3aer-ARG_mid
2017-07-15 09:58:00,-14.560384750366211,-0.01954539865255356,-14.572898864746094,-12.982016563415527,-2.880239963531494,1.273114800453186,0.016241194680333138,-15.175117492675781,0.06057290360331535,0.1575358361005783,0.890832720588337,0.1976435617669922,-0.08736180310667375,-0.0011144792486553895,1.6156654383635274,1.0546608477141992,1.1966338984726956,0.8811800096606814,10393,10369,0,Box 1,ARG_mid_3aer-ARG_mid
2017-07-15 09:58:00,-14.723335266113281,-0.1568366438150406,-14.594381332397461,-12.475756645202637,-3.3340542316436768,1.165278673171997,0.050151191651821136,-15.59766674041748,0.06252889335155487,0.42418643832206726,0.854832860615621,0.22844780865264042,-0.07984433362714706,-0.0034363356411143825,1.5568858885365306,1.0609370279751,1.1884162085389023,0.8922024746831424,10301,10213,1,Box 2,ARG_mid_3aer-ARG_mid
2017-07-15 09:58:00,-19.246822357177734,0.0801764726638794,-19.27676773071289,-18.324871063232422,-4.473290920257568,3.4740548133850098,0.04733568802475929,-19.946582794189453,0.06363274902105331,0.1994141787290573,0.9506192989886677,0.23205603661891172,-0.18021975373193821,-0.0024555818756412107,1.7070831686847363,1.067450853807637,1.2062568156275104,0.8845209560486622,10345,10287,2,Box 3,ARG_mid_3aer-ARG_mid
2017-07-15 09:58:00,-23.001928329467773,-0.0024194165598601103,-22.999507904052734,-21.16620635986328,-7.130023002624512,5.277325630187988,0.019397065043449402,-24.31521224975586,0.11524467915296555,0.30492475628852844,0.9202895890854844,0.31000763928244973,-0.22945385965277895,-0.0008433687151551961,1.8440318385359176,1.1085702349960642,1.24813799357258,0.888013208011037,10404,10404,3,Box 4,ARG_mid_3aer-ARG_mid
2017-07-15 10:00:00,-15.726075172424316,-0.015092085115611553,-15.731589317321777,-14.01093578338623,-3.36116886138916,1.6204206943511963,0.020094526931643486,-16.385009765625,0.06875698268413544,0.16951240599155426,0.8906243005789096,0.2136572939130041,-0.1030042582983642,-0.0012773361935495137,1.6592878187004014,1.0626229265479377,1.2086761428778818,0.8789498458253694,10392,10377,0,Box 1,ARG_mid_3aer-ARG_mid
2017-07-15 10:00:00,-15.421180725097656,-0.197506383061409,-15.256210327148438,-13.143331527709961,-3.4437787532806396,1.3527394533157349,-0.021838972344994545,-16.389850616455078,0.06504898518323898,0.44539427757263184,0.861507003267947,0.22572963930252132,-0.08866812340511811,0.001431480834649737,1.5620495731409803,1.0601704248003465,1.1883494837234883,0.8923573066782258,10310,10215,1,Box 2,ARG_mid_3aer-ARG_mid
2017-07-15 10:00:00,-19.647523880004883,0.04234585538506508,-19.682153701782227,-18.647151947021484,-4.563605785369873,3.4992032051086426,0.029400590807199478,-20.356290817260742,0.0592687651515007,0.12385953962802887,0.9474141921032017,0.23186516155954182,-0.17778558472313,-0.0014937689396134768,1.723312862798113,1.0688659845248067,1.2110473923374414,0.8823439129375261,10363,10320,2,Box 3,ARG_mid_3aer-ARG_mid
2017-07-15 10:00:00,-24.406721115112305,-0.00017656041018199176,-24.406545639038086,-21.835643768310547,-7.797555923461914,5.207088470458984,0.0195649154484272,-25.85140609741211,0.13659249246120453,0.33203837275505066,0.8946633913351935,0.3194862750657137,-0.2133480405944107,-0.0008016258064964532,1.8607479568301997,1.1172568095674016,1.2603178326117177,0.8863237393540239,10404,10404,3,Box 4,ARG_mid_3aer-ARG_mid
2017-07-15 10:02:00,-16.58266830444336,-0.015206578187644482,-16.578540802001953,-14.305021286010742,-3.849853277206421,1.5669697523117065,0.009365079924464226,-17.293054580688477,0.07185596227645874,0.16140048205852509,0.8628637837245235,0.23221906255627497,-0.09451795452866908,-0.00056489175212944,1.6706651823906469,1.071501213386329,1.2192830103152845,0.8786977313586137,10394,10376,0,Box 1,ARG_mid_3aer-ARG_mid
2017-07-15 10:02:00,-16.01105499267578,-0.2158053070306778,-15.853926658630371,-13.312494277954102,-3.9121897220611572,1.3531438112258911,0.017614789307117462,-17.06631851196289,0.06564491242170334,0.42842236161231995,0.8396970661479086,0.24676471287357338,-0.08535071088621213,-0.0011110681352698715,1.5733783704461406,1.068862958333668,1.1971169549358813,0.8926858069819239,10318,10218,1,Box 2,ARG_mid_3aer-ARG_mid
2017-07-15 10:02:00,-20.55632781982422,-0.0028951496351510286,-20.59723472595215,-18.877079010009766,-5.063214302062988,3.3394598960876465,0.0035980839747935534,-21.340194702148438,0.0663180872797966,0.1855495274066925,0.9164860482173327,0.2458200920649242,-0.16213145258797557,-0.00017468769428133357,1.745867614213287,1.0775964788030847,1.2246767018171953,0.8798716636030629,10379,10342,2,Box 3,ARG_mid_3aer-ARG_mid
2017-07-15 10:02:00,-25.56349754333496,-0.0015437338734045625,-25.565866470336914,-22.48946189880371,-8.270423889160156,5.190303325653076,0.0037114133592694998,-27.163270950317383,0.15137997269630432,0.3452499508857727,0.8796673333646231,0.32349473715339344,-0.20301689988110094,-0.0001451706369156036,1.869879820558526,1.1219649536903182,1.2676479822805662,0.8850456449718256,10403,10402,3,Box 4,ARG_mid_3aer-ARG_mid
2017-07-15 10:04:00,-17.605628967285156,-0.00646057166159153,-17.59096908569336,-15.005780220031738,-4.302755832672119,1.7065266370773315,0.011038298718631268,-18.410676956176758,0.07645334303379059,0.17957982420921326,0.8530387461937416,0.24460026484995748,-0.09701151299650063,-0.0006274980471984992,1.6900518906629447,1.0781371720273045,1.2275924140986179,0.8781403689166118,10397,10389,0,Box 1,ARG_mid_3aer-ARG_mid
2017-07-15 10:04:00,-16.753772735595703,-0.10453920066356659,-16.67945098876953,-13.68704891204834,-4.423563480377197,1.4288469552993774,0.0023147338069975376,-17.868202209472656,0.06936752051115036,0.3988906741142273,0.8205934775733171,0.265210417769334,-0.08566511775326723,-0.00013877758938392326,1.5978532510867842,1.0786756933710964,1.2097029352690196,0.891662873543445,10350,10273,1,Box 2,ARG_mid_3aer-ARG_mid
2017-07-15 10:04:00,-21.859281539916992,0.007916450500488281,-21.82711410522461,-19.42558479309082,-5.567040920257568,3.1610167026519775,0.004498640075325966,-22.77791404724121,0.0772641971707344,0.23521091043949127,0.8899750718524846,0.25505168734744305,-0.14482065591225493,-0.00020610328767270425,1.7606565201958977,1.0844338921210228,1.235991689923065,0.8773412856220673,10396,10362,2,Box 3,ARG_mid_3aer-ARG_mid
2017-07-15 10:04:00,-26.621042251586914,-0.018308553844690323,-26.602737426757812,-23.093721389770508,-8.688846588134766,5.201991081237793,-0.022157199680805206,-28.3467960357666,0.1574457585811615,0.31592652201652527,0.8680957669252017,0.3266148043593652,-0.19554346307290216,0.0008328917883352327,1.8772298764238446,1.1257824926435236,1.2735788507814032,0.8841300000935916,10401,10401,3,Box 4,ARG_mid_3aer-ARG_mid
2017-07-15 10:06:00,-18.863290786743164,-0.021817117929458618,-18.859867095947266,-15.771071434020996,-5.1349101066589355,2.0411508083343506,0.004962285980582237,-19.796993255615234,0.08769367635250092,0.22346602380275726,0.8362238379239084,0.27226647330456943,-0.1082271977162937,-0.0002631135121841516,1.7231450306561933,1.0926273382277079,1.2422299140552984,0.8795191371754651,10393,10380,0,Box 1,ARG_mid_3aer-ARG_mid
2017-07-15 10:06:00,-17.797718048095703,-0.06429459899663925,-17.763568878173828,-14.086679458618164,-5.1265411376953125,1.460947871208191,-0.011296013370156288,-19.058156967163086,0.07862652838230133,0.40376007556915283,0.7930095607864721,0.2885985826585157,-0.0822440524093173,0.0006359089643295096,1.6102054529112386,1.0905484720134315,1.2216882671741216,0.8927705783528638,10377,10323,1,Box 2,ARG_mid_3aer-ARG_mid
2017-07-15 10:06:00,-22.83919334411621,-0.05322597920894623,-22.805932998657227,-19.598949432373047,-5.948892593383789,2.729407548904419,0.012503151781857014,-23.87825584411621,0.08325474709272385,0.2447698414325714,0.8593794808660076,0.26084847306994446,-0.11967971278004651,-0.0005482411559055295,1.7628482599424042,1.0898505684564648,1.2459512529421275,0.8746082029834442,10397,10371,2,Box 3,ARG_mid_3aer-ARG_mid
2017-07-15 10:06:00,-27.558116912841797,-0.0029628684278577566,-27.555152893066406,-23.730976104736328,-9.203232765197754,5.382125377655029,-0.0030707144178450108,-29.416606903076172,0.16760173439979553,0.31407710909843445,0.861217280976573,0.33399317124504196,-0.1953218910630305,0.00011143884141551208,1.883735873581,1.1306507440319191,1.2777510130161545,0.8848998085982078,10404,10404,3,Box 4,ARG_mid_3aer-ARG_mid
2017-07-15 10:08:00,-20.246246337890625,-0.022996732965111732,-20.243812561035156,-16.4517879486084,-5.902430534362793,2.1172945499420166,-0.006889563985168934,-21.320627212524414,0.11003828793764114,0.280713826417923,0.8126822636856815,0.29156711942854546,-0.10458971248065575,0.00034032936642876266,1.7436851381543081,1.1048820371029378,1.2561502944201401,0.8796461683088719,10397,10380,0,Box 1,ARG_mid_3aer-ARG_mid
2017-07-15 10:08:00,-19.067373275756836,-0.06445436179637909,-19.020954132080078,-14.421988487243652,-5.989936828613281,1.3242652416229248,0.06670630723237991,-20.510486602783203,0.09116949141025543,0.4339584708213806,0.7582158562311713,0.31491252532610925,-0.06962139126657096,-0.003506990290709555,1.6103447197090661,1.1040028048006008,1.2330123723560447,0.8947129439724817,10357,10294,1,Box 2,ARG_mid_3aer-ARG_mid
2017-07-15 10:08:00,-23.473011016845703,-0.05195266753435135,-23.414209365844727,-20.024938583374023,-5.921903133392334,2.550222873687744,-0.01758955605328083,-24.610557556152344,0.08580701053142548,0.2297593355178833,0.8552473320309905,0.25291919385621764,-0.10891776014492745,0.0007512342577193493,1.7577265300578944,1.0869743133141592,1.2458620830565539,0.8726117025016543,10396,10368,2,Box 3,ARG_mid_3aer-ARG_mid
2017-07-15 10:08:00,-28.54491424560547,0.004985008388757706,-28.546268463134766,-24.558216094970703,-9.77046012878418,5.78743839263916,-0.005028429441154003,-30.525999069213867,0.17977944016456604,0.32721155881881714,0.8602951843002218,0.3422675244785983,-0.20273885892973276,0.0001761501509126573,1.907529359291464,1.1370841098627273,1.2843177328397686,0.8853994629749007,10404,10403,3,Box 4,ARG_mid_3aer-ARG_mid
2017-07-15 10:10:00,-21.718151092529297,-0.008971702307462692,-21.70474624633789,-17.71024513244629,-6.469369411468506,2.4734668731689453,0.0014009809819981456,-22.94432258605957,0.12050230801105499,0.25070783495903015,0.8159618548354186,0.2980624099768238,-0.11395971759137098,-6.454722087144427e-05,1.7958076790128823,1.1128566863254357,1.2701913850021687,0.8761195515559467,10394,10385,0,Box 1,ARG_mid_3aer-ARG_mid
2017-07-15 10:10:00,-20.261568069458008,-0.06492708623409271,-20.234609603881836,-15.242124557495117,-6.706336975097656,1.7138793468475342,-2.460634641465731e-05,-21.852827072143555,0.10375529527664185,0.5291814208030701,0.753270139590887,0.3314290402200118,-0.08470039586335881,1.2160524600624e-06,1.646150187115547,1.1158912420445861,1.2467833114096192,0.8950164243763808,10355,10291,1,Box 2,ARG_mid_3aer-ARG_mid
2017-07-15 10:10:00,-23.99587631225586,-0.025767838582396507,-23.96552276611328,-20.653087615966797,-6.2512288093566895,2.930051326751709,0.008741220459342003,-25.21205711364746,0.08870677649974823,0.1405342072248459,0.8617832654753211,0.2608425793216418,-0.12226110336776573,-0.00036474142919719343,1.7754528069085442,1.0907623975157583,1.2486234583748925,0.8735011786927115,10399,10382,2,Box 3,ARG_mid_3aer-ARG_mid
2017-07-15 10:10:00,-29.837772369384766,-0.0036995713599026203,-29.834075927734375,-25.455764770507812,-10.542340278625488,6.159798622131348,0.004229994490742683,-31.9683780670166,0.19178231060504913,0.35682982206344604,0.8532446247536334,0.3533657259467978,-0.2064685667132869,-0.00014178398714431717,1.9471512590051818,1.147959329772196,1.2973540348872301,0.8848139584910708,10404,10404,3,Box 4,ARG_mid_3aer-ARG_mid
2017-07-15 10:12:00,-23.154037475585938,-0.010141400620341301,-23.145029067993164,-18.81902503967285,-6.8811869621276855,2.5429913997650146,0.012190236710011959,-24.47161102294922,0.12600253522396088,0.23534908890724182,0.8130913851671653,0.2973073348748744,-0.10987203089941991,-0.0005266891426197462,1.8204715900970494,1.1157533456233006,1.2783932784572112,0.8726649641186611,10392,10380,0,Box 1,ARG_mid_3aer-ARG_mid
2017-07-15 10:12:00,-21.7774600982666,-0.040407583117485046,-21.758848190307617,-15.831526756286621,-7.533770561218262,1.597892165184021,0.008556322194635868,-23.52737808227539,0.1162264347076416,0.5850439667701721,0.7275902792316707,0.3462393824918702,-0.07343642762554549,-0.0003932340979954513,1.6586443929785546,1.1279429868731496,1.260887376902112,0.8944812925868162,10358,10304,1,Box 2,ARG_mid_3aer-ARG_mid
2017-07-15 10:12:00,-25.094728469848633,-0.08065668493509293,-24.990739822387695,-21.170679092407227,-7.001393795013428,3.196101427078247,-0.014767792075872421,-26.46500015258789,0.09824345260858536,0.08081065118312836,0.8471409400632619,0.28015956585941865,-0.12789143661796332,0.0005909306952827653,1.7945406835472362,1.1015207610788138,1.2587098844327818,0.8752378557339686,10393,10378,2,Box 3,ARG_mid_3aer-ARG_mid
2017-07-15 10:12:00,-31.241451263427734,-0.0017990664346143603,-31.239652633666992,-26.494680404663086,-11.19875431060791,6.474662780761719,-0.020881440490484238,-33.46616744995117,0.19858448207378387,0.3679172694683075,0.8481105955594734,0.3584788163023761,-0.20725783923833052,0.0006684273764809845,1.9567529938976453,1.1524261959028301,1.3019147376862192,0.8853340521167775,10404,10404,3,Box 4,ARG_mid_3aer-ARG_mid
2017-07-15 10:14:00,-24.47838020324707,-0.006735248025506735,-24.46906280517578,-19.470951080322266,-7.48513126373291,2.49855637550354,-0.011537076905369759,-25.929746627807617,0.1314239501953125,0.22336655855178833,0.795737476995021,0.3059018664418341,-0.10211083996002213,0.0004714965231670809,1.844626892850644,1.1248925118980024,1.2923755094473512,0.8705121271421522,10391,10376,0,Box 1,ARG_mid_3aer-ARG_mid
2017-07-15 10:14:00,-22.93445587158203,-0.1860710084438324,-22.844968795776367,-17.000350952148438,-7.694677352905273,1.8489128351211548,0.0011418687645345926,-24.82553482055664,0.12376372516155243,0.61147540807724,0.7441615433970544,0.3368214777858178,-0.0809330378070198,-4.9983375852408196e-05,1.6901021581468416,1.1261048793818675,1.2649966432484676,0.8901933884383118,10342,10273,1,Box 2,ARG_mid_3aer-ARG_mid
2017-07-15 10:14:00,-26.509355545043945,-0.028055941686034203,-26.478174209594727,-21.850461959838867,-7.8616509437561035,3.2812860012054443,-0.047349974513053894,-28.051237106323242,0.11754957586526871,0.1303553283214569,0.8252253321515403,0.2969105811975304,-0.12392417776916473,0.0017882644200940823,1.820766106156391,1.1138298619748306,1.2738681622995764,0.8747468034602723,10388,10355,2,Box 3,ARG_mid_3aer-ARG_mid
2017-07-15 10:14:00,-32.56151580810547,-0.0015980127500370145,-32.55189514160156,-27.31928253173828,-11.585540771484375,6.350863933563232,0.0020678406581282616,-34.928436279296875,0.20390641689300537,0.31901928782463074,0.8392533276857316,0.3559098943168165,-0.19509969756014814,-6.352444239995925e-05,1.9687885626505748,1.1544678879129884,1.3087284177940808,0.8821143796107951,10404,10401,3,Box 4,ARG_mid_3aer-ARG_mid
2017-07-15 10:16:00,-26.52985954284668,-0.015404237434267998,-26.522878646850586,-20.596328735351562,-8.620473861694336,2.665203809738159,0.028717203065752983,-28.227542877197266,0.14583301544189453,0.2673691511154175,0.7765494250756025,0.3250202805678364,-0.10048697231872016,-0.0010827333247187682,1.8963349243540257,1.1432991189567894,1.3161180665912218,0.8684320710552745,10385,10371,0,Box 1,ARG_mid_3aer-ARG_mid
2017-07-15 10:16:00,-23.927066802978516,-0.17129278182983398,-23.800382614135742,-17.055320739746094,-8.238790512084961,1.4903031587600708,0.0034246903378516436,-25.95441246032715,0.12990957498550415,0.6087287664413452,0.7165985695319382,0.3461620939720223,-0.06261677127087265,-0.0001438922330878889,1.6860639736555116,1.1344809400419562,1.2750665160318582,0.8897114453980417,10342,10281,1,Box 2,ARG_mid_3aer-ARG_mid
2017-07-15 10:16:00,-27.77227210998535,-0.06664343923330307,-27.70033073425293,-22.333751678466797,-8.544187545776367,3.226830005645752,-0.049220819026231766,-29.486202239990234,0.13657651841640472,0.16988129913806915,0.8062630370782073,0.30845072096209225,-0.11649066169883096,0.0017769036585313647,1.8453874522560116,1.1243417569130343,1.2882750124568685,0.873142708522201,10366,10327,2,Box 3,ARG_mid_3aer-ARG_mid
2017-07-15 10:16:00,-33.91947937011719,-0.005457974039018154,-33.91402053833008,-28.03122329711914,-12.007237434387207,6.117130279541016,0.007309022359549999,-36.40758514404297,0.21166938543319702,0.29798927903175354,0.8265378463518154,0.35404936523603103,-0.18037169536424025,-0.0002155162236061603,1.990771079543326,1.158892711999391,1.3200546341733592,0.8778601524399392,10404,10404,3,Box 4,ARG_mid_3aer-ARG_mid
2017-07-15 10:18:00,-28.54582405090332,-0.043794602155685425,-28.524965286254883,-21.529033660888672,-9.714096069335938,2.672866106033325,0.04529672861099243,-30.499160766601562,0.16459327936172485,0.3112448751926422,0.7547435264976987,0.3405471332555133,-0.09370269184352907,-0.001587967909682922,1.9132039033321033,1.1576215935637308,1.3318035826487886,0.8688180468755797,10391,10369,0,Box 1,ARG_mid_3aer-ARG_mid
2017-07-15 10:18:00,-25.071990966796875,-0.1881089061498642,-24.955163955688477,-18.241689682006836,-8.710257530212402,1.9267269372940063,0.07006028294563293,-27.25790023803711,0.13681276142597198,0.6150270104408264,0.7309786939341218,0.3490362941565654,-0.07720754166561014,-0.0028074464250771036,1.7138068953772716,1.1372539001516675,1.2784650972565423,0.8889330135988145,10333,10267,1,Box 2,ARG_mid_3aer-ARG_mid
2017-07-15 10:18:00,-29.10403823852539,-0.05680983513593674,-29.022506713867188,-22.097885131835938,-9.31131362915039,2.49511456489563,-0.10842244327068329,-31.01885986328125,0.15149155259132385,0.22146396338939667,0.7614050911102492,0.32083081543748254,-0.08597171237962951,0.00373580583189774,1.8290809877459138,1.1356594641552054,1.3025733804388437,0.8727197505161804,10379,10333,2,Box 3,ARG_mid_3aer-ARG_mid
2017-07-15 10:18:00,-35.4168815612793,-0.009918085299432278,-35.40696334838867,-28.942873001098633,-12.668066024780273,6.201678276062012,0.002295444253832102,-38.0633544921875,0.21907126903533936,0.30138301849365234,0.8174344468526085,0.3577845727227829,-0.1751541892754545,-6.483029993686884e-05,2.02070437237263,1.166428364179434,1.3322259601472042,0.8755321601698681,10404,10404,3,Box 4,ARG_mid_3aer-ARG_mid
2017-07-15 10:20:00,-30.876527786254883,-0.033327240496873856,-30.848257064819336,-22.773027420043945,-11.16456413269043,3.0734474658966064,0.015887849032878876,-33.14384460449219,0.18941619992256165,0.35302019119262695,0.7382273926352336,0.3619188006165516,-0.09963116094192208,-0.0005150323098631199,1.9632371153574115,1.179819328143501,1.3560839977861818,0.8698828798282416,10394,10379,0,Box 1,ARG_mid_3aer-ARG_mid
2017-07-15 10:20:00,-26.29424285888672,-0.037289027124643326,-26.273622512817383,-18.578718185424805,-9.685981750488281,1.9705185890197754,0.020559106022119522,-28.677698135375977,0.14181126654148102,0.6370364427566528,0.7071243359705356,0.36865804572452276,-0.07499988177743275,-0.0007824999176256064,1.7377572018856904,1.1549387415959,1.2975650423835492,0.8899001693632078,10340,10285,1,Box 2,ARG_mid_3aer-ARG_mid
2017-07-15 10:20:00,-30.639537811279297,-0.052639804780483246,-30.57772445678711,-23.402620315551758,-10.15621280670166,3.052089214324951,-0.07098279148340225,-32.7576904296875,0.1565760225057602,0.26374000310897827,0.7653486045277943,0.3321441471401384,-0.0998141406494368,0.0023213889815041078,1.8908782240239324,1.148240585661291,1.3197621291866557,0.8705965636516086,10372,10340,2,Box 3,ARG_mid_3aer-ARG_mid
2017-07-15 10:20:00,-37.032588958740234,-0.00045413937186822295,-37.032135009765625,-30.06768035888672,-13.371148109436035,6.415900707244873,-0.009207746013998985,-39.87165832519531,0.2277102917432785,0.3382633626461029,0.8119347902717216,0.3610687939518857,-0.17325222624787093,0.0002486420242636955,2.054060309110346,1.1735721941652117,1.3438192091831263,0.8733752431961063,10404,10404,3,Box 4,ARG_mid_3aer-ARG_mid
2017-07-15 10:22:00,-33.11382293701172,-0.06230155751109123,-33.08183288574219,-23.715091705322266,-12.621478080749512,3.2446062564849854,0.010133587755262852,-35.75679016113281,0.21137459576129913,0.44479647278785706,0.7168615371205844,0.381522983030144,-0.09807820132229711,-0.00030631882843129565,1.99612064762743,1.2019368367083703,1.3790620481408773,0.8714752980851129,10399,10381,0,Box 1,ARG_mid_3aer-ARG_mid
2017-07-15 10:22:00,-27.310726165771484,-0.09839402884244919,-27.26571273803711,-19.632118225097656,-10.164334297180176,2.4476583003997803,0.08308297395706177,-29.86195945739746,0.146054208278656,0.6362908482551575,0.720029544959212,0.3727881704979289,-0.08977055583412785,-0.0030471596230130515,1.7776442114142328,1.1605860531793812,1.3051612240424142,0.8885067625079242,10362,10314,1,Box 2,ARG_mid_3aer-ARG_mid
2017-07-15 10:22:00,-32.206199645996094,-0.006425941828638315,-32.159664154052734,-23.791229248046875,-10.87885856628418,2.5791962146759033,-0.0687716007232666,-34.538272857666016,0.16166119277477264,0.3069836497306824,0.7397847700878748,0.3382765156944734,-0.08019972860772209,0.0021384428253738708,1.9078992534752919,1.1591612909581908,1.3378674600954616,0.8669640839734069,10388,10364,2,Box 3,ARG_mid_3aer-ARG_mid
2017-07-15 10:22:00,-38.6529655456543,-0.008936064317822456,-38.6440315246582,-31.069135665893555,-14.165781021118164,6.6026740074157715,-0.011790450662374496,-41.63777160644531,0.2510140836238861,0.35707828402519226,0.8039827117166614,0.366570992666538,-0.1708588084367512,0.0003051040535518579,2.083894762077768,1.1822102760401116,1.3558346635388725,0.872023791225441,10404,10404,3,Box 4,ARG_mid_3aer-ARG_mid
2017-07-15 10:24:00,-34.63759231567383,-0.10353168845176697,-34.5557746887207,-24.524311065673828,-13.570563316345215,3.5199637413024902,0.019130265340209007,-37.57538986206055,0.2237738072872162,0.5784204602241516,0.709702104643239,0.3927147329771328,-0.10186323229124222,-0.0005536053291295695,2.040629960744059,1.2181597918784137,1.3979456046312893,0.8712312475226037,10402,10370,0,Box 1,ARG_mid_3aer-ARG_mid
2017-07-15 10:24:00,-28.526533126831055,-0.09180691838264465,-28.50478172302246,-19.26486587524414,-10.954265594482422,1.7169826030731201,-0.0026349276304244995,-31.262351989746094,0.15751118957996368,0.6408527493476868,0.6758467467461687,0.3842957123342521,-0.060234897164013076,9.243808359225836e-05,1.759642849883325,1.174291381664601,1.3214339308618455,0.8886722288552713,10367,10314,1,Box 2,ARG_mid_3aer-ARG_mid
2017-07-15 10:24:00,-34.324466705322266,0.05280529707670212,-34.35744857788086,-24.675323486328125,-12.072847366333008,2.4038333892822266,-0.013112303800880909,-36.89870834350586,0.17438511550426483,0.3911904990673065,0.7181942550701207,0.351389524663006,-0.06996542344772308,0.0003816437145963969,1.9285415245048285,1.1742936739448153,1.3563834211016697,0.8658542069708187,10383,10346,2,Box 3,ARG_mid_3aer-ARG_mid
2017-07-15 10:24:00,-40.176918029785156,-0.030276989564299583,-40.16583251953125,-31.425609588623047,-14.893811225891113,6.188378810882568,-0.03479144722223282,-43.33028030395508,0.26206642389297485,0.4118887782096863,0.7823965620726194,0.37080796988536474,-0.15407072701365687,0.0008661950556727027,2.0810526699645906,1.1896612740753394,1.366475244618888,0.8708412928771965,10397,10392,3,Box 4,ARG_mid_3aer-ARG_mid
2017-07-15 10:26:00,-35.983943939208984,-0.1121271476149559,-35.9031867980957,-25.575321197509766,-14.063411712646484,3.6988062858581543,0.03674134612083435,-39.13492965698242,0.24182908236980438,0.6089687347412109,0.7123413112333679,0.39170371821312483,-0.10302168442355514,-0.0010233450229375496,2.0769978992104003,1.222576937023897,1.4078007110433,0.8681264926466296,10400,10372,0,Box 1,ARG_mid_3aer-ARG_mid
2017-07-15 10:26:00,-29.78492546081543,-0.09932080656290054,-29.76524543762207,-19.821523666381836,-11.763315200805664,1.8420740365982056,-0.022479383274912834,-32.70917510986328,0.17207218706607819,0.679972767829895,0.6659284604096543,0.3952030604652258,-0.06188674337679149,0.0007552225019114359,1.7823033577302292,1.1870636206351217,1.3354570460448514,0.8890761297282906,10364,10303,1,Box 2,ARG_mid_3aer-ARG_mid
2017-07-15 10:26:00,-35.67012023925781,0.02898998185992241,-35.654483795166016,-25.28306770324707,-12.722057342529297,2.3070714473724365,0.043568722903728485,-38.442543029785156,0.1738165020942688,0.39815783500671387,0.709113224101389,0.3568150906088157,-0.06470634423641813,-0.0012219704737865822,1.9367612513002341,1.1809355080417798,1.3644136351995022,0.8651974486610772,10383,10323,2,Box 3,ARG_mid_3aer-ARG_mid
2017-07-15 10:26:00,-40.86076736450195,0.004991159774363041,-40.862327575683594,-31.70061492919922,-15.183639526367188,6.025110244750977,-0.00318562681786716,-44.14257049560547,0.25970780849456787,0.4011349380016327,0.7757907000281291,0.37158035115153154,-0.1474490111650465,7.795998538584481e-05,2.0852592807220773,1.1924331000532102,1.3713023933178101,0.8695838788110786,10403,10393,3,Box 4,ARG_mid_3aer-ARG_mid
2017-07-15 10:28:00,-37.150630950927734,-0.08732989430427551,-37.06352615356445,-26.43054962158203,-14.326931953430176,3.7237298488616943,-0.02977120503783226,-40.47357940673828,0.2482176423072815,0.5023382306098938,0.7131148797736184,0.3865507201142428,-0.10046884793213161,0.0008032480442703854,2.0760848367914067,1.2189415041444485,1.406989269421317,0.8665850525823324,10399,10370,0,Box 1,ARG_mid_3aer-ARG_mid
2017-07-15 10:28:00,-30.744253158569336,-0.06557304412126541,-30.72092056274414,-20.65823745727539,-12.240830421447754,2.160402774810791,0.01774233765900135,-33.81809616088867,0.1832689493894577,0.6950676441192627,0.6724484939488158,0.39845253649218926,-0.0703234977801714,-0.0005775326608336434,1.813008843627684,1.1927684058461743,1.3430404030970278,0.8879593271990988,10348,10302,1,Box 2,ARG_mid_3aer-ARG_mid
2017-07-15 10:28:00,-36.99224090576172,0.024891933426260948,-36.961788177490234,-26.47157096862793,-13.345547676086426,2.8465895652770996,0.008743004873394966,-39.92668533325195,0.18469031155109406,0.4060181975364685,0.7161875436588658,0.36106339170218105,-0.0770143936371216,-0.00023654172392527373,1.998343561801118,1.190668577423784,1.3801940159601975,0.8626162807714695,10380,10321,2,Box 3,ARG_mid_3aer-ARG_mid
2017-07-15 10:28:00,-41.880855560302734,-0.008280294947326183,-41.87828063964844,-31.942182540893555,-15.637691497802734,5.683085918426514,0.018508391454815865,-45.292240142822266,0.2557108402252197,0.3778938949108124,0.7627386587133167,0.3734081764649827,-0.13570487829589112,-0.0004419568824082787,2.095826225776855,1.1985653836167873,1.3817810156372863,0.8672822154027959,10403,10398,3,Box 4,ARG_mid_3aer-ARG_mid
2017-07-15 10:30:00,-38.33055877685547,0.007776546757668257,-38.287227630615234,-27.111371994018555,-14.973054885864258,3.8093416690826416,-0.01213850174099207,-41.81196212768555,0.24917176365852356,0.4578953683376312,0.708104924640813,0.3910718346621011,-0.09949379718288907,0.0003170378799749879,2.0962573724118614,1.2267713714752628,1.4168270572030195,0.8659538824583672,10399,10369,0,Box 1,ARG_mid_3aer-ARG_mid
2017-07-15 10:30:00,-31.43478775024414,-0.03542834520339966,-31.43039321899414,-21.18630027770996,-12.471238136291504,2.22377347946167,0.003376880194991827,-34.616065979003906,0.1873936951160431,0.652539849281311,0.6740706034649625,0.3967891678487124,-0.07075233134430502,-0.000107439969369863,1.8391680252816787,1.196421493828105,1.3516287282542632,0.8851415614102697,10360,10304,1,Box 2,ARG_mid_3aer-ARG_mid
2017-07-15 10:30:00,-38.439205169677734,0.03943175822496414,-38.401458740234375,-27.32976531982422,-13.754351615905762,2.63765811920166,0.04499862343072891,-41.54759216308594,0.20117314159870148,0.3924921452999115,0.7116855834704501,0.3581726171010152,-0.0686864061100183,-0.0011717944614469955,2.003706909864083,1.1911120056758466,1.3847474461039955,0.8598374801071621,10380,10305,2,Box 3,ARG_mid_3aer-ARG_mid
2017-07-15 10:30:00,-43.534912109375,-0.025918113067746162,-43.51915740966797,-32.71828842163086,-16.486478805541992,5.710575580596924,-0.024966776371002197,-47.105098724365234,0.2713768482208252,0.40676775574684143,0.7518134439285724,0.3788326593350192,-0.13121979950150714,0.000573696237915533,2.1184376030751197,1.2081985760575982,1.3949105342541124,0.8663131190491459,10399,10393,3,Box 4,ARG_mid_3aer-ARG_mid
2017-07-15 10:32:00,-39.456573486328125,-0.0605628602206707,-39.37457275390625,-28.26249122619629,-15.208138465881348,4.092820167541504,0.0032336455769836903,-43.11988830566406,0.258802592754364,0.43582120537757874,0.7177852889267187,0.3862426077753867,-0.10394577146713944,-8.212523496593793e-05,2.132306577845739,1.2259634830325266,1.4213955651889503,0.8624819927977836,10400,10348,0,Box 1,ARG_mid_3aer-ARG_mid
2017-07-15 10:32:00,-32.43067932128906,-0.12297234684228897,-32.37474060058594,-21.894210815429688,-12.65908145904541,2.1358985900878906,0.04265495017170906,-35.723243713378906,0.1925554871559143,0.5995564460754395,0.6762745566332387,0.3910172223273107,-0.06597424103078016,-0.001317537929769172,1.8514226424887974,1.1949092572843165,1.3547293761533639,0.8816752645205667,10353,10281,1,Box 2,ARG_mid_3aer-ARG_mid
2017-07-15 10:32:00,-39.898773193359375,-0.10296428948640823,-39.818599700927734,-28.298885345458984,-14.367683410644531,2.883721113204956,-0.03575601056218147,-43.198760986328125,0.2176889032125473,0.39189547300338745,0.7106950822646606,0.3608283977762064,-0.07242145266620718,0.0008979726253401793,2.0325049282879393,1.1972798309057457,1.394679249195859,0.8587189783867453,10377,10297,2,Box 3,ARG_mid_3aer-ARG_mid
2017-07-15 10:32:00,-44.96696090698242,-0.020624345168471336,-44.942405700683594,-33.519691467285156,-17.256956100463867,5.8352155685424805,-0.0009727657889015973,-48.705623626708984,0.28090086579322815,0.4255079925060272,0.7458366308400913,0.38397935606164346,-0.1298376316212448,2.164471950999447e-05,2.1271760732502645,1.2144554400965126,1.40121146681205,0.8667244997089092,10400,10394,3,Box 4,ARG_mid_3aer-ARG_mid
2017-07-15 10:34:00,-41.229461669921875,-0.07111629098653793,-41.13642501831055,-29.08879280090332,-16.331430435180664,4.250082492828369,0.033716484904289246,-45.156158447265625,0.2836318910121918,0.5356630682945251,0.7071298337385784,0.3970065700604148,-0.1033167776685813,-0.0008196261304118935,2.1707186101880023,1.243054856627358,1.44102412846354,0.8623607685602439,10395,10351,0,Box 1,ARG_mid_3aer-ARG_mid
2017-07-15 10:34:00,-33.53577423095703,-0.12245345860719681,-33.42567443847656,-22.429018020629883,-13.418511390686035,2.347775936126709,0.0740828588604927,-36.99153518676758,0.2012273520231247,0.6419757008552551,0.6710117202019394,0.40144334294725514,-0.07023871697272811,-0.0022163461764664744,1.8918286797263077,1.2101088943272436,1.3726014253161587,0.8809984846107595,10337,10255,1,Box 2,ARG_mid_3aer-ARG_mid
2017-07-15 10:34:00,-41.48225021362305,-0.03788277506828308,-41.42028045654297,-28.555273056030273,-15.40184497833252,2.622544527053833,-0.08570603281259537,-44.9573974609375,0.2251148521900177,0.41015616059303284,0.6894031943082831,0.3718430947696105,-0.06331546951547491,0.0020691804375812667,2.040555767168267,1.212088824092554,1.411778226463207,0.8591675409610484,10379,10315,2,Box 3,ARG_mid_3aer-ARG_mid
2017-07-15 10:34:00,-45.92238998413086,-0.030619535595178604,-45.897010803222656,-34.44599151611328,-17.715984344482422,6.2850470542907715,-0.020076679065823555,-49.81905746459961,0.27710407972335815,0.410560667514801,0.7505062766791181,0.3859943385658163,-0.13693804422870762,0.00043742898377327477,2.1577329456691485,1.218679485420059,1.4071593540587644,0.8661858965836651,10403,10397,3,Box 4,ARG_mid_3aer-ARG_mid
2017-07-15 10:36:00,-42.59822463989258,-0.05647585541009903,-42.53549575805664,-29.443050384521484,-17.24055290222168,4.107093334197998,0.04101036116480827,-46.77656936645508,0.3039737939834595,0.6714261174201965,0.6921994838034914,0.40532150425143,-0.09655684357073116,-0.0009641444841902158,2.197477264029136,1.259238302299716,1.4610194513194792,0.8615751712463953,10378,10319,0,Box 1,ARG_mid_3aer-ARG_mid
2017-07-15 10:36:00,-34.712833404541016,-0.2802729904651642,-34.51537322998047,-22.660503387451172,-13.745636940002441,1.9342776536941528,-0.04351432994008064,-38.32577896118164,0.21440613269805908,0.753871738910675,0.6565335215953728,0.398246797423928,-0.05604104196329279,0.0012607229439919876,1.886191788707578,1.2122266775353459,1.3801289451086987,0.8786998918079981,10335,10224,1,Box 2,ARG_mid_3aer-ARG_mid
2017-07-15 10:36:00,-42.88743591308594,-0.0401848666369915,-42.80452346801758,-28.715656280517578,-16.134925842285156,2.1058406829833984,-0.05978155881166458,-46.589881896972656,0.23238860070705414,0.428693562746048,0.6708556132522243,0.37694445538491167,-0.04919668662349662,0.0013966179863606348,2.024023865344618,1.2190714356132748,1.419553552773149,0.8591913029041355,10395,10344,2,Box 3,ARG_mid_3aer-ARG_mid
2017-07-15 10:36:00,-46.944583892822266,-0.01222132332623005,-46.93492126464844,-34.94440460205078,-18.20206642150879,6.22719144821167,-0.015647675842046738,-51.05681610107422,0.2723965346813202,0.4016299545764923,0.7445287632148397,0.38781498815294246,-0.1326771422466314,0.0003333908788492046,2.166467308923416,1.2230504733092487,1.4135779214024358,0.8653160157239438,10402,10400,3,Box 4,ARG_mid_3aer-ARG_mid
2017-07-15 10:38:00,-44.335514068603516,-0.09684009104967117,-44.24972152709961,-29.703752517700195,-18.271421432495117,3.7291080951690674,-0.003659844631329179,-48.80655288696289,0.3232710659503937,0.797356367111206,0.671275430772851,0.4129160260005241,-0.08427416564465011,8.270887127502513e-05,2.21189138120136,1.276544125333372,1.4831954303666708,0.860699621903444,10379,10322,0,Box 1,ARG_mid_3aer-ARG_mid
2017-07-15 10:38:00,-36.015132904052734,-0.4080662429332733,-35.674964904785156,-23.454715728759766,-14.193647384643555,1.996593713760376,-0.0231923870742321,-39.809391021728516,0.22631725668907166,0.8383433222770691,0.6574559391924726,0.3978601980152985,-0.055966239847006445,0.0006501026392353795,1.9180860663755706,1.217836456998845,1.3912830260847424,0.875521305594208,10337,10209,1,Box 2,ARG_mid_3aer-ARG_mid
2017-07-15 10:38:00,-44.13437271118164,-0.07171276211738586,-44.07596969604492,-29.588916778564453,-17.004045486450195,2.557868003845215,-0.040878426283597946,-48.050941467285156,0.23967058956623077,0.4253890812397003,0.6713162420804313,0.38578946528920205,-0.05803316112276232,0.0009274537531289914,2.0698907935211794,1.2324909376919475,1.4350914641201533,0.8591117362661068,10395,10357,2,Box 3,ARG_mid_3aer-ARG_mid
2017-07-15 10:38:00,-47.881317138671875,-0.06978252530097961,-47.81821060180664,-35.38438415527344,-18.7728214263916,6.328857898712158,0.010138671845197678,-52.14491271972656,0.27871832251548767,0.4669869542121887,0.7399771784030845,0.39258731807722114,-0.13235247112739318,-0.0002120253529124816,2.1837008139726515,1.2302056669364088,1.421655642476433,0.8652685405324807,10404,10392,3,Box 4,ARG_mid_3aer-ARG_mid
2017-07-15 10:40:00,-47.02125549316406,-0.08884668350219727,-46.954795837402344,-30.983123779296875,-19.95241928100586,3.98471736907959,-0.00397297041490674,-51.929508209228516,0.3464686870574951,0.8781776428222656,0.6598500066389142,0.424928216814655,-0.0848628361205308,8.461266696158098e-05,2.25854973161026,1.299957272138179,1.509184961259903,0.8613937827547788,10370,10327,0,Box 1,ARG_mid_3aer-ARG_mid
2017-07-15 10:40:00,-37.4190673828125,-0.31912678480148315,-37.1106071472168,-24.767942428588867,-14.809019088745117,2.4683666229248047,-0.0020113971550017595,-41.358360290527344,0.22407326102256775,0.8190817832946777,0.6674087412339418,0.39905084624066933,-0.06651378753332211,5.4200058710998644e-05,1.9789819725418234,1.2263738389834267,1.406229213893035,0.8721170683451228,10347,10233,1,Box 2,ARG_mid_3aer-ARG_mid
2017-07-15 10:40:00,-46.043914794921875,-0.13411997258663177,-45.94124984741211,-29.971445083618164,-18.35257911682129,2.434807300567627,-0.05203498899936676,-50.20521545410156,0.2599974572658539,0.5005367398262024,0.6523863574427058,0.3994792733268669,-0.05299827279928753,0.0011326420297148518,2.085146675990879,1.2523027228889276,1.4556640298457406,0.8606624674526393,10392,10338,2,Box 3,ARG_mid_3aer-ARG_mid
2017-07-15 10:40:00,-49.50254821777344,-0.0597529262304306,-49.445465087890625,-36.00785827636719,-19.765634536743164,6.3233642578125,0.004663084167987108,-54.0327033996582,0.289150208234787,0.5229506492614746,0.7282338080964359,0.39974612392482817,-0.1278856243948352,-9.430762642886892e-05,2.1961394502767604,1.241003262787341,1.4334662199706762,0.8657065664039744,10404,10394,3,Box 4,ARG_mid_3aer-ARG_mid
2017-07-15 10:42:00,-49.12510299682617,-0.15649016201496124,-49.00425338745117,-32.15629196166992,-20.96495246887207,4.151493072509766,-0.03449982777237892,-54.45476150512695,0.35173577070236206,0.8694047331809998,0.6561939877218662,0.4278189999569459,-0.08471700472737924,0.0007040170485671376,2.268143149918067,1.3060003428272684,1.515910051726275,0.8617812790238107,10376,10310,0,Box 1,ARG_mid_3aer-ARG_mid
2017-07-15 10:42:00,-38.818397521972656,-0.3008655905723572,-38.51800537109375,-25.08011245727539,-15.257630348205566,1.8440711498260498,-0.02432980202138424,-42.93937683105469,0.22070738673210144,0.7643702626228333,0.6511270556259274,0.39611685811213393,-0.04787556130347667,0.0006316475654153109,1.949985281406746,1.225239834384357,1.4075912836148845,0.8706394141939279,10357,10258,1,Box 2,ARG_mid_3aer-ARG_mid
2017-07-15 10:42:00,-47.9901237487793,-0.2626296877861023,-47.74722671508789,-30.148223876953125,-19.57559585571289,2.09830379486084,-0.12170979380607605,-52.45840835571289,0.29175275564193726,0.6383393406867981,0.6314131214062452,0.4099839251224291,-0.043946091140975814,0.00254904461230155,2.09722768290284,1.2718155164296019,1.4784341074225265,0.8611027552265814,10376,10322,2,Box 3,ARG_mid_3aer-ARG_mid
2017-07-15 10:42:00,-50.898162841796875,-0.015154228545725346,-50.88300704956055,-36.01301956176758,-20.50904083251953,5.695180892944336,-0.056131746619939804,-55.69638442993164,0.29063254594802856,0.5262894630432129,0.7077611557096862,0.40306267397760204,-0.1119269827184146,0.0011031530311263332,2.1671400594143297,1.246355930109386,1.4394356211083126,0.8662123050676495,10404,10404,3,Box 4,ARG_mid_3aer-ARG_mid
2017-07-15 10:44:00,-50.65835952758789,-0.10492218285799026,-50.55434036254883,-33.4971923828125,-21.716045379638672,4.711553573608398,-0.05265504866838455,-56.32905578613281,0.36569464206695557,0.9215235710144043,0.6625977546002174,0.42955849345402186,-0.09319780139638689,0.0010415533421476164,2.309315307653823,1.311662476255767,1.5235533443110494,0.8613008696443988,10377,10312,0,Box 1,ARG_mid_3aer-ARG_mid
2017-07-15 10:44:00,-40.38982391357422,-0.18011201918125153,-40.20148468017578,-25.761898040771484,-16.07775115966797,1.6576262712478638,-0.019464686512947083,-44.727664947509766,0.2286577969789505,0.7616647481918335,0.640819494487663,0.39992928558144863,-0.041232958386023234,0.00048417831691164454,1.9859317597515027,1.2387347875520782,1.4288653032003518,0.8670858261047878,10367,10263,1,Box 2,ARG_mid_3aer-ARG_mid
2017-07-15 10:44:00,-49.612728118896484,-0.16974963247776031,-49.44497299194336,-31.39643096923828,-20.456281661987305,2.4608418941497803,-0.053102023899555206,-54.24459457397461,0.3244880139827728,0.6859415173530579,0.6349771994875216,0.41371813951393627,-0.04976930100701309,0.0010739620055551999,2.161099000865556,1.2853704382356934,1.4986097226912265,0.8580813135603937,10363,10280,2,Box 3,ARG_mid_3aer-ARG_mid
2017-07-15 10:44:00,-51.3498649597168,-0.0010070557473227382,-51.34885787963867,-36.190826416015625,-20.60716438293457,5.4571356773376465,-0.007998775690793991,-56.23885726928711,0.2738895118236542,0.4557863771915436,0.704803005645498,0.4013169110302668,-0.10627568987661122,0.0001557732008464069,2.1397971060260517,1.2418168986586906,1.4330066197680669,0.8666299785036816,10404,10404,3,Box 4,ARG_mid_3aer-ARG_mid
2017-07-15 10:46:00,-51.86444854736328,-0.1751566380262375,-51.72940444946289,-33.65216827392578,-22.78692054748535,4.700454235076904,0.009233183227479458,-57.786319732666016,0.38215112686157227,1.0133426189422607,0.6505424111946226,0.4405022748019662,-0.09086619596087366,-0.0001784900357151703,2.3229563692453965,1.3302363997580964,1.5401281122400152,0.8636514414523472,10394,10347,0,Box 1,ARG_mid_3aer-ARG_mid
2017-07-15 10:46:00,-42.07126235961914,-0.2231089472770691,-41.83984375,-26.461891174316406,-16.754465103149414,1.3623182773590088,0.014193309471011162,-46.66258239746094,0.24464699625968933,0.8088663816452026,0.6324567479667619,0.4004427912206207,-0.03256030969118999,-0.00033922949619259735,1.9972314978413264,1.2448263941899411,1.4399233312399926,0.8644018865649205,10353,10226,1,Box 2,ARG_mid_3aer-ARG_mid
2017-07-15 10:46:00,-51.13341522216797,-0.1295442283153534,-51.023258209228516,-32.19336700439453,-20.968164443969727,2.064221143722534,0.0740460678935051,-55.8789176940918,0.3477734327316284,0.6623102426528931,0.6309546618853757,0.41095303299739266,-0.04045647303930817,-0.0014512218434602417,2.178767912177095,1.2886699126209074,1.5089569439978234,0.8535039614516216,10367,10293,2,Box 3,ARG_mid_3aer-ARG_mid
2017-07-15 10:46:00,-51.19081115722656,-0.000869565992616117,-51.189937591552734,-36.69280242919922,-20.33597755432129,5.84103536605835,-0.00219676923006773,-55.99070739746094,0.26845622062683105,0.4016755223274231,0.7167971140324101,0.3972651044659446,-0.11410513257675726,4.29140784025811e-05,2.15135852046403,1.2365123577544455,1.4279795003238984,0.8659306818835036,10404,10404,3,Box 4,ARG_mid_3aer-ARG_mid
2017-07-15 10:48:00,-52.892024993896484,-0.13815535604953766,-52.76929473876953,-33.960174560546875,-23.929325103759766,5.159890651702881,-0.03968549147248268,-59.0624885559082,0.3940970301628113,1.2204653024673462,0.6435593736950361,0.45347063441449914,-0.09778206463880913,0.0007520565292738618,2.3498036968247575,1.35120056159747,1.556599263043777,0.8683354356858622,10404,10377,0,Box 1,ARG_mid_3aer-ARG_mid
2017-07-15 10:48:00,-43.55702209472656,-0.25950735807418823,-43.28685760498047,-27.342750549316406,-17.588407516479492,1.665515661239624,-0.021212588995695114,-48.425716400146484,0.2566899359226227,0.8942245244979858,0.6316640657643509,0.40632213167111797,-0.03847624428809235,0.0004900468526235213,2.042254746304884,1.2581723516546937,1.4576292225845235,0.8633229093260508,10345,10204,1,Box 2,ARG_mid_3aer-ARG_mid
2017-07-15 10:48:00,-52.49323272705078,-0.05818960815668106,-52.43001174926758,-32.72137451171875,-21.711048126220703,1.8929497003555298,0.1094655841588974,-57.48448181152344,0.35430005192756653,0.6794847249984741,0.6240963468021706,0.41409581592786976,-0.03610432038330063,-0.0020878423467397614,2.2011998484001345,1.2992102747952126,1.5241100711451454,0.851688933852577,10398,10313,2,Box 3,ARG_mid_3aer-ARG_mid
2017-07-15 10:48:00,-51.421607971191406,-0.0033421895932406187,-51.4144287109375,-37.28153991699219,-20.196792602539062,6.0652079582214355,-0.0013076544273644686,-56.15935516357422,0.268929123878479,0.39627906680107117,0.7251181573429513,0.39282345384953526,-0.11796704480200845,2.5433609521924305e-05,2.167610941095018,1.2331241055535542,1.4270822529737603,0.8640954343366632,10402,10397,3,Box 4,ARG_mid_3aer-ARG_mid
2017-07-15 10:50:00,-53.89373016357422,-0.09876147657632828,-53.808475494384766,-34.56415557861328,-24.070093154907227,4.860795497894287,-0.03502437844872475,-60.30224609375,0.3959098756313324,1.1879515647888184,0.6423552172037877,0.4473290026898816,-0.09033512815094724,0.0006509082572778713,2.3279760773170834,1.3420845288936514,1.5503645898921374,0.8659044755301637,10391,10343,0,Box 1,ARG_mid_3aer-ARG_mid
2017-07-15 10:50:00,-45.065284729003906,-0.280690997838974,-44.81934356689453,-27.134136199951172,-18.40831756591797,0.7447301149368286,-0.02162288874387741,-50.163021087646484,0.26523834466934204,0.9598146677017212,0.6054112448774422,0.41072257313736754,-0.016616263475957845,0.0004824454611480587,2.0129314924090926,1.267831978650823,1.4698911801520722,0.862694886466392,10317,10185,1,Box 2,ARG_mid_3aer-ARG_mid
2017-07-15 10:50:00,-54.3266487121582,-0.03350521996617317,-54.30540466308594,-33.30918502807617,-22.874380111694336,1.757820725440979,0.12033159285783768,-59.686187744140625,0.34584447741508484,0.7529032230377197,0.6133676735777387,0.4212173249692612,-0.03236916773439293,-0.002215830812606935,2.2322880557119014,1.3174933678380112,1.547132680354037,0.8507479607780881,10395,10338,2,Box 3,ARG_mid_3aer-ARG_mid
2017-07-15 10:50:00,-52.42945098876953,-0.007538306061178446,-52.43049621582031,-38.164527893066406,-20.282180786132812,6.02362060546875,-0.007408761885017157,-57.23489761352539,0.2714639902114868,0.37689393758773804,0.7279070635064606,0.38683935619555093,-0.11488772605074338,0.0001413063487318289,2.175860495186274,1.2294628791991482,1.4276202784302736,0.861240729824927,10403,10400,3,Box 4,ARG_mid_3aer-ARG_mid
2017-07-15 10:52:00,-55.25096130371094,-0.10910311341285706,-55.168922424316406,-35.45904541015625,-24.405067443847656,4.647058963775635,0.04813719540834427,-61.898231506347656,0.4017730951309204,1.0572439432144165,0.6427359835890177,0.44236984264528967,-0.08423328425706805,-0.0008725419772393495,2.308759835542477,1.333673856910561,1.5433134230781977,0.8638355451034099,10396,10340,0,Box 1,ARG_mid_3aer-ARG_mid
2017-07-15 10:52:00,-46.086280822753906,-0.2596382200717926,-45.865875244140625,-28.010873794555664,-18.796157836914062,0.9815141558647156,-0.040357526391744614,-51.28078079223633,0.26539960503578186,0.9260475039482117,0.6107127382893868,0.4098070207539708,-0.021399662203821695,0.0008799031604641294,2.0392929442016,1.2700919636468644,1.4754251352866534,0.8611258392802865,10295,10157,1,Box 2,ARG_mid_3aer-ARG_mid
2017-07-15 10:52:00,-56.40119934082031,-0.04473700374364853,-56.352359771728516,-34.52696228027344,-23.938146591186523,2.056851625442505,0.0558999702334404,-62.17464828491211,0.3436487317085266,0.7874740958213806,0.61269775984167,0.42479404470543203,-0.03649983235802354,-0.000991972189078455,2.2414171961131273,1.3228535009227094,1.5513117472035822,0.8523608654092043,10394,10347,2,Box 3,ARG_mid_3aer-ARG_mid
2017-07-15 10:52:00,-53.7176399230957,0.0031502116471529007,-53.71625900268555,-38.53389358520508,-20.8078670501709,5.61719274520874,0.008301520720124245,-58.609840393066406,0.2893243730068207,0.3760502338409424,0.7173598132285457,0.38736627659786366,-0.10457154592666922,-0.0001545438997401366,2.177418776223356,1.2337933936792855,1.4355900240780237,0.8593849437059489,10403,10399,3,Box 4,ARG_mid_3aer-ARG_mid
2017-07-15 10:54:00,-57.149497985839844,-0.0829647034406662,-57.06053924560547,-35.91836166381836,-25.54538917541504,4.407929420471191,-0.004715070128440857,-64.07908630371094,0.4080706834793091,0.9966742992401123,0.6294781700342176,0.4476892530957516,-0.07725005591191643,8.263278194726997e-05,2.296994707749101,1.3440943334656648,1.553275011479706,0.8653607598013412,10401,10354,0,Box 1,ARG_mid_3aer-ARG_mid
2017-07-15 10:54:00,-47.03693771362305,-0.2437029778957367,-46.80885314941406,-28.90767478942871,-19.29693603515625,1.344351887702942,0.051405180245637894,-52.333126068115234,0.2676765024662018,0.9001020789146423,0.6175685025605665,0.41224972578337743,-0.02872003476912232,-0.0010981935748216112,2.1000831029715927,1.2810095303405507,1.4925453077756028,0.8578943966369911,10281,10129,1,Box 2,ARG_mid_3aer-ARG_mid
2017-07-15 10:54:00,-58.640403747558594,-0.07593466341495514,-58.56842041015625,-35.4174690246582,-24.988872528076172,1.8558655977249146,-0.017942454665899277,-64.83491516113281,0.3420993387699127,0.7675292491912842,0.6047195931245848,0.4266611940006259,-0.031687137452492416,0.00030635032728171946,2.225159611536151,1.3259913937318426,1.5540761947142983,0.8533497290576552,10388,10345,2,Box 3,ARG_mid_3aer-ARG_mid
2017-07-15 10:54:00,-55.10615539550781,0.0023946543224155903,-55.10469055175781,-38.786991119384766,-21.65274429321289,5.328650951385498,0.006398436613380909,-60.23373794555664,0.3061414659023285,0.4025433659553528,0.7038782892202851,0.39293832260818673,-0.09670049763723806,-0.0001161141912337238,2.183049727022507,1.2434854788994112,1.4473356205569008,0.8591180091526158,10401,10398,3,Box 4,ARG_mid_3aer-ARG_mid
2017-07-15 10:56:00,-58.83686447143555,-0.09364327043294907,-58.73432922363281,-36.68633270263672,-26.40674591064453,4.322380542755127,0.036368366330862045,-66.04057312011719,0.41833779215812683,1.0454440116882324,0.6246148218022952,0.4495964404299844,-0.07359206105942533,-0.000619201172854314,2.3121277485128124,1.3520958346900225,1.564081429362928,0.8642269987024693,10402,10365,0,Box 1,ARG_mid_3aer-ARG_mid
2017-07-15 10:56:00,-48.34419250488281,-0.3974211812019348,-47.96860885620117,-29.411334991455078,-19.87250328063965,1.2100948095321655,0.10513883084058762,-53.8037223815918,0.2762051522731781,0.937354326248169,0.6131371787396834,0.41428145646274916,-0.025226809462162516,-0.0021918257402700793,2.103522337299928,1.285593442766269,1.4982037996413087,0.8573298276029961,10275,10113,1,Box 2,ARG_mid_3aer-ARG_mid
2017-07-15 10:56:00,-60.06865692138672,-0.031188180670142174,-60.036739349365234,-36.291812896728516,-26.029268264770508,2.3268632888793945,-0.04252532869577408,-66.6666030883789,0.3362446129322052,0.7170464396476746,0.604493377499666,0.4335556170815856,-0.03875731631224979,0.0007083217309981835,2.2622239404797844,1.3401094402464098,1.5685563521394519,0.854630952345163,10392,10329,2,Box 3,ARG_mid_3aer-ARG_mid
2017-07-15 10:56:00,-56.84676742553711,-0.017748534679412842,-56.830562591552734,-39.62683868408203,-22.5954647064209,5.399977684020996,-0.008242160081863403,-62.29583740234375,0.3117806315422058,0.43726682662963867,0.6972803462542264,0.3975935132928846,-0.095018889953254,0.0001450304061429708,2.1988183828669015,1.2518699985520183,1.4574137724581575,0.8590136931622203,10404,10396,3,Box 4,ARG_mid_3aer-ARG_mid
2017-07-15 10:58:00,-60.057395935058594,-0.19781163334846497,-59.88229751586914,-37.85633087158203,-27.010587692260742,4.944716930389404,0.039906032383441925,-67.52448272705078,0.4193096458911896,1.057653546333313,0.6321790486135211,0.4510612993660551,-0.08257394011976255,-0.0006664078598137002,2.3560068292402048,1.3576081552190309,1.5712310408700603,0.8637809302860392,10399,10352,0,Box 1,ARG_mid_3aer-ARG_mid
2017-07-15 10:58:00,-50.362632751464844,-0.41497957706451416,-49.958580017089844,-30.132551193237305,-21.08133316040039,1.1824651956558228,0.07284209877252579,-56.168270111083984,0.2937775254249573,1.030954360961914,0.6031507433929314,0.4219762188930881,-0.023668912512096085,-0.0014580497739234317,2.123388820794056,1.301362147812593,1.516121452643238,0.8578288702896669,10258,10115,1,Box 2,ARG_mid_3aer-ARG_mid
2017-07-15 10:58:00,-60.869720458984375,-0.050645049661397934,-60.82203674316406,-37.02091979980469,-26.353525161743164,2.6149537563323975,-0.06254195421934128,-67.78570556640625,0.32897448539733887,0.6975277662277222,0.6086761082174977,0.43328914125777673,-0.042993527521018975,0.001028278045744506,2.264485782041927,1.3376529284476022,1.5645676812231988,0.8553600868842616,10381,10319,2,Box 3,ARG_mid_3aer-ARG_mid
2017-07-15 10:58:00,-58.475608825683594,-0.015234438702464104,-58.469417572021484,-40.020999908447266,-23.516681671142578,5.057274341583252,0.010991696268320084,-64.230224609375,0.30454909801483154,0.41636303067207336,0.6844775185326684,0.402204811286141,-0.0864943393193896,-0.00018799049941975454,2.1960270099592334,1.2600117713139698,1.4668102838040762,0.8589529578787577,10404,10395,3,Box 4,ARG_mid_3aer-ARG_mid
2017-07-15 11:00:00,-61.60112380981445,-0.2060309499502182,-61.45574951171875,-38.53341293334961,-27.695371627807617,4.753854274749756,0.019182713702321053,-69.34001159667969,0.422838032245636,1.0988779067993164,0.6270107266148475,0.4506555191766699,-0.077354107121396,-0.0003121386701213785,2.3834057501426376,1.3663217639711667,1.5868180397324045,0.8609209273868247,10397,10326,0,Box 1,ARG_mid_3aer-ARG_mid
2017-07-15 11:00:00,-52.37937927246094,-0.35765090584754944,-52.04334259033203,-31.21177864074707,-22.287723541259766,1.4334135055541992,0.02274934947490692,-58.50537872314453,0.31655988097190857,1.116399884223938,0.5997267058745341,0.4282531054659102,-0.027542688168971836,-0.00043712317147252475,2.1672620008479924,1.318056067748105,1.537101317271387,0.8573334685455651,10257,10125,1,Box 2,ARG_mid_3aer-ARG_mid
2017-07-15 11:00:00,-61.26068115234375,-0.051366761326789856,-61.21414566040039,-37.3782958984375,-26.592382431030273,2.737687587738037,0.018842482939362526,-68.33981323242188,0.32635465264320374,0.6786552667617798,0.6106153071533813,0.43441562069466044,-0.04472311530237189,-0.0003078125456698541,2.245113581594676,1.3333443984768034,1.5550347492115353,0.8573205273005923,10379,10316,2,Box 3,ARG_mid_3aer-ARG_mid
2017-07-15 11:00:00,-59.76932144165039,-0.007849977351725101,-59.76447296142578,-40.56816101074219,-24.429140090942383,5.224587917327881,0.008238342590630054,-65.8587646484375,0.2970745861530304,0.42020317912101746,0.6788005608633229,0.4087569126900322,-0.08741962672540766,-0.00013784682794741598,2.2069274203796803,1.26914233604081,1.4750995652499024,0.8603313032597274,10402,10399,3,Box 4,ARG_mid_3aer-ARG_mid
2017-07-15 11:02:00,-63.00481414794922,-0.1929597109556198,-62.84777069091797,-39.37161636352539,-27.62789535522461,4.175865173339844,-0.0241231732070446,-71.02076721191406,0.4221116006374359,1.092490553855896,0.626460006490602,0.43960028901696907,-0.0664441304928148,0.000383834985243775,2.353673354286907,1.3503025814380647,1.576894237881825,0.8564548148492948,10395,10330,0,Box 1,ARG_mid_3aer-ARG_mid
2017-07-15 11:02:00,-54.06150817871094,-0.2678493559360504,-53.789794921875,-31.7498722076416,-22.689546585083008,0.7058406472206116,-0.05620796978473663,-60.45526123046875,0.32812851667404175,1.1079678535461426,0.5902583818443041,0.42181886732878965,-0.013122205268718328,0.0010449560956245548,2.1481616638070737,1.3141750426878365,1.5400198852705476,0.853734522682514,10276,10151,1,Box 2,ARG_mid_3aer-ARG_mid
2017-07-15 11:02:00,-61.66255187988281,0.013818217441439629,-61.672332763671875,-38.04239273071289,-26.75896644592285,3.070465087890625,0.058558981865644455,-68.80351257324219,0.3311556279659271,0.6506738066673279,0.6168469815271416,0.4338892909245697,-0.04978675446558515,-0.0009495179861261013,2.2624249944436103,1.3326112979257145,1.5545535912370907,0.8568718181829833,10379,10333,2,Box 3,ARG_mid_3aer-ARG_mid
2017-07-15 11:02:00,-61.36573791503906,-0.003581084543839097,-61.362152099609375,-41.415523529052734,-25.429101943969727,5.482569217681885,-9.094387496588752e-05,-67.65963745117188,0.3105964958667755,0.4227183163166046,0.6749359872622841,0.4144102567727385,-0.08934772611924652,1.4820842239027243e-06,2.212127253748105,1.276017381987927,1.4801057480317474,0.8621128086533583,10404,10402,3,Box 4,ARG_mid_3aer-ARG_mid
2017-07-15 11:04:00,-64.018310546875,-0.09505989402532578,-63.879920959472656,-39.544795989990234,-28.5678768157959,4.2210845947265625,0.011665020138025284,-72.2386474609375,0.41107645630836487,1.053483486175537,0.619048886938772,0.4472121577094132,-0.06607843608763773,-0.0001826085605474842,2.359640981431938,1.363563399293171,1.5876792981141894,0.858768077696729,10403,10340,0,Box 1,ARG_mid_3aer-ARG_mid
2017-07-15 11:04:00,-55.71047592163086,-0.16936707496643066,-55.51789093017578,-32.52408218383789,-23.578773498535156,0.48267412185668945,0.10228802263736725,-62.38469314575195,0.3328002989292145,1.0614829063415527,0.5858306262352913,0.42470583584996424,-0.008694028770484943,-0.0018424333147705509,2.1796188218611543,1.3263458351380764,1.5578873577317003,0.8506795450450787,10298,10163,1,Box 2,ARG_mid_3aer-ARG_mid
2017-07-15 11:04:00,-61.965003967285156,-0.026098808273673058,-61.9277458190918,-38.52527618408203,-26.857995986938477,3.284966230392456,0.17055721580982208,-69.1294937133789,0.34163907170295715,0.6293801665306091,0.6221003941705436,0.4336988857351302,-0.05304514773490133,-0.0027541321707725205,2.2591425414949367,1.3285452657807915,1.547568186977993,0.8574409919111842,10387,10338,2,Box 3,ARG_mid_3aer-ARG_mid
2017-07-15 11:04:00,-62.36812210083008,0.0025756796821951866,-62.370704650878906,-42.73884963989258,-26.112060546875,6.471604347229004,0.008598577231168747,-68.83699798583984,0.3173249363899231,0.4090096056461334,0.6852391654737795,0.4186590194525642,-0.10376032249826378,-0.00013786242807989346,2.2437070473237974,1.2800133439390275,1.4815859126838964,0.863901285688667,10404,10404,3,Box 4,ARG_mid_3aer-ARG_mid
2017-07-15 11:06:00,-65.4700698852539,-0.05535423383116722,-65.40875244140625,-40.068572998046875,-29.165922164916992,3.832826852798462,-0.00708108302205801,-73.98451232910156,0.410554975271225,1.1441317796707153,0.6125873441987332,0.44590247711087355,-0.058598080266541355,0.00010825895693462873,2.3885241936538315,1.3728412823126037,1.6060368260512645,0.854844468444952,10403,10367,0,Box 1,ARG_mid_3aer-ARG_mid
2017-07-15 11:06:00,-57.03740310668945,-0.20314428210258484,-56.8426399230957,-33.51095962524414,-24.36254119873047,0.988220751285553,0.04264199733734131,-63.89143371582031,0.33970627188682556,1.030348300933838,0.5895391354104064,0.42859624350190895,-0.01738520269152163,-0.0007501762207936837,2.251737481528222,1.343199714922917,1.5824072620020575,0.8485409380696247,10317,10171,1,Box 2,ARG_mid_3aer-ARG_mid
2017-07-15 11:06:00,-61.96471405029297,-0.07611727714538574,-61.88605880737305,-37.888160705566406,-26.731088638305664,2.6446313858032227,0.08856029063463211,-69.22447204589844,0.33815526962280273,0.582901120185852,0.6122245117585315,0.43194038570702914,-0.042733875857631866,-0.001431021607928816,2.2083422253630043,1.3224337008131146,1.5393283394217883,0.8585677440504977,10387,10345,2,Box 3,ARG_mid_3aer-ARG_mid
2017-07-15 11:06:00,-63.87667465209961,-0.00012538942974060774,-63.876548767089844,-43.91590881347656,-26.852352142333984,6.8878278732299805,0.0038806749507784843,-70.53959655761719,0.3237135112285614,0.39470425248146057,0.6875121999611391,0.4203788548676089,-0.10783030209907081,-6.075272967719092e-05,2.2798156707251302,1.2865266042043175,1.491159380041235,0.8627484041389344,10404,10404,3,Box 4,ARG_mid_3aer-ARG_mid
2017-07-15 11:08:00,-67.45010375976562,-0.03723973035812378,-67.40657043457031,-41.61820602416992,-30.01966094970703,4.198936939239502,0.032363779842853546,-76.3385238647461,0.41668766736984253,1.2372239828109741,0.6174206608281487,0.44535216692954566,-0.06229269974517246,-0.0004801280125219243,2.4238296682018863,1.3761721041112183,1.6128172447302305,0.8530763936686169,10400,10365,0,Box 1,ARG_mid_3aer-ARG_mid
2017-07-15 11:08:00,-58.667274475097656,-0.257853239774704,-58.427955627441406,-34.00575256347656,-25.54720687866211,1.036885142326355,0.08812021464109421,-65.72198486328125,0.3598538637161255,1.0959651470184326,0.5820116678131396,0.4372429077919603,-0.017746389875592,-0.001508185729507911,2.2913922847468804,1.3654141821886083,1.6078235632684483,0.848623344617451,10333,10182,1,Box 2,ARG_mid_3aer-ARG_mid
2017-07-15 11:08:00,-62.01820755004883,-0.10188993811607361,-61.91214370727539,-38.63043975830078,-26.689102172851562,3.2452120780944824,0.16218720376491547,-69.43307495117188,0.33024075627326965,0.5247182846069336,0.6239557641317514,0.4310802815062238,-0.052416410772851633,-0.002619634865123517,2.2243365303337166,1.3180667915407263,1.5327929654936292,0.8589502700097017,10390,10347,2,Box 3,ARG_mid_3aer-ARG_mid
2017-07-15 11:08:00,-65.50547790527344,-0.0010642640991136432,-65.50440979003906,-45.25146484375,-27.49271011352539,7.234142780303955,0.005618548020720482,-72.39318084716797,0.3290756642818451,0.402858167886734,0.6908154822913255,0.41970778479504317,-0.1104374935157951,-8.577357057357182e-05,2.31546772720089,1.2905323038436733,1.4994984929600097,0.8606127083948758,10404,10404,3,Box 4,ARG_mid_3aer-ARG_mid
2017-07-15 11:10:00,-68.96827697753906,-0.013084088452160358,-68.94303131103516,-42.48528289794922,-30.597278594970703,4.151111602783203,-0.011590958572924137,-78.1182861328125,0.43052029609680176,1.300656795501709,0.6162374332554593,0.44380519400912555,-0.06021075097277113,0.00016812370818625882,2.458937708027539,1.3826279417063185,1.6269042693303823,0.8499215978264326,10400,10334,0,Box 1,ARG_mid_3aer-ARG_mid
2017-07-15 11:10:00,-60.79594421386719,-0.29654163122177124,-60.503047943115234,-34.976985931396484,-26.672954559326172,1.2058203220367432,-0.05892831087112427,-68.16151428222656,0.3717958331108093,1.1160255670547485,0.5781028576261034,0.4408530839002449,-0.019929914195266032,0.000973972668917758,2.3111047092779713,1.3763277167037522,1.6209809351273246,0.8494704321295976,10336,10169,1,Box 2,ARG_mid_3aer-ARG_mid
2017-07-15 11:10:00,-62.474971771240234,-0.06714721024036407,-62.419334411621094,-38.743919372558594,-27.09111785888672,3.4674689769744873,-0.05176644027233124,-70.0056381225586,0.34137049317359924,0.47799739241600037,0.620703837518452,0.434018023862235,-0.055551194826814865,0.0008293334461278445,2.205913587371563,1.318635002332563,1.5293804406188394,0.8625059363748335,10401,10368,2,Box 3,ARG_mid_3aer-ARG_mid
2017-07-15 11:10:00,-66.7713394165039,-0.0011320672929286957,-66.77020263671875,-45.88111877441406,-28.018037796020508,7.1281585693359375,0.0007902940851636231,-73.77423095703125,0.33043694496154785,0.398514986038208,0.6871495776491862,0.4196188395407785,-0.1067565811602747,-1.1836029689960004e-05,2.324420203333579,1.2937427724678263,1.5055586291336984,0.8593066267965916,10404,10404,3,Box 4,ARG_mid_3aer-ARG_mid
2017-07-15 11:12:00,-70.46115112304688,-0.04835230112075806,-70.40364837646484,-42.2384033203125,-31.772090911865234,3.5649142265319824,0.041934192180633545,-79.8875503540039,0.4611060619354248,1.4417364597320557,0.599946246853003,0.451284743818289,-0.05063536536878185,-0.0005956253025101513,2.464740715524648,1.4039345225633306,1.6507077461959891,0.8502507315238952,10397,10335,0,Box 1,ARG_mid_3aer-ARG_mid
2017-07-15 11:12:00,-61.9929084777832,-0.2658146619796753,-61.729042053222656,-35.1038818359375,-27.148746490478516,0.6932875514030457,-0.16970668733119965,-69.5185775756836,0.3590070903301239,1.071890115737915,0.5686768640096217,0.43980505716472523,-0.011231140931152494,0.002749219756805565,2.2926287823181024,1.378281753085797,1.626341595160058,0.8486075758588131,10336,10162,1,Box 2,ARG_mid_3aer-ARG_mid
2017-07-15 11:12:00,-62.78246307373047,-0.014364645816385746,-62.77202224731445,-38.5716552734375,-27.485864639282227,3.2862985134124756,-0.0008001026581041515,-70.39323425292969,0.35218703746795654,0.4443124532699585,0.6144720772570738,0.4378680954391634,-0.052352918862739566,1.2746166502423939e-05,2.1817775252067237,1.320434523224063,1.5268447469261084,0.8648172308392239,10395,10376,2,Box 3,ARG_mid_3aer-ARG_mid
2017-07-15 11:12:00,-67.78829956054688,-0.0010101189836859703,-67.78729248046875,-46.316505432128906,-28.528831481933594,7.055587291717529,0.0024537385907024145,-74.8608169555664,0.3365546464920044,0.42303308844566345,0.6832623170507447,0.4208580930838366,-0.10408421251481535,-3.619761976593472e-05,2.3271908384403446,1.2971069944079414,1.5099446826764515,0.8590299112973298,10404,10404,3,Box 4,ARG_mid_3aer-ARG_mid
2017-07-15 11:14:00,-72.30883026123047,-0.20826542377471924,-72.11383819580078,-42.65690994262695,-33.34047317504883,3.9218497276306152,-0.038295697420835495,-82.08853912353516,0.5061616897583008,1.7351230382919312,0.5915219319845504,0.46233117583455313,-0.05438415284359737,0.0005310450244938522,2.5268496845856805,1.43657143738148,1.6860125198515985,0.8522890433379183,10399,10329,0,Box 1,ARG_mid_3aer-ARG_mid
2017-07-15 11:14:00,-64.02434539794922,-0.2699855864048004,-63.75180435180664,-36.39535140991211,-28.2634220123291,0.9429374933242798,-0.03597390651702881,-71.8779296875,0.3520740270614624,1.0555298328399658,0.5708912479773806,0.4433352293290627,-0.014790757899175258,0.0005642805927319836,2.3201523300280513,1.3865131788248768,1.6346268904847019,0.8484490952424987,10314,10139,1,Box 2,ARG_mid_3aer-ARG_mid
2017-07-15 11:14:00,-62.9618034362793,0.017715347930788994,-62.975746154785156,-38.52859115600586,-27.813255310058594,3.353093147277832,0.013007035478949547,-70.58587646484375,0.36170417070388794,0.4001471996307373,0.6118004989316868,0.44165024206283326,-0.0532442006114478,-0.0002065403830722179,2.1378765505147643,1.3155426286218634,1.512821560784195,0.8695210227487722,10390,10376,2,Box 3,ARG_mid_3aer-ARG_mid
2017-07-15 11:14:00,-68.8837890625,-0.0004333191318437457,-68.88334655761719,-46.730098724365234,-28.915740966796875,6.7609333992004395,0.0015490477671846747,-76.06825256347656,0.33064189553260803,0.44658800959587097,0.6783945919176463,0.41977836744689506,-0.09815047137794503,-2.248798659632012e-05,2.3387075959090855,1.300642174114025,1.5180937029954993,0.856752097400418,10404,10404,3,Box 4,ARG_mid_3aer-ARG_mid
2017-07-15 11:16:00,-74.06511688232422,-0.33291980624198914,-73.71062469482422,-43.316871643066406,-34.894649505615234,4.501266002655029,-0.000372108886949718,-84.20513153076172,0.5468645691871643,1.9864870309829712,0.5876611459706311,0.473400521816947,-0.06106671602723214,5.048239654040221e-06,2.5916959528863655,1.4675228259120168,1.7163002688042364,0.8550524954157641,10400,10287,0,Box 1,ARG_mid_3aer-ARG_mid
2017-07-15 11:16:00,-65.56575775146484,-0.2526501715183258,-65.30389404296875,-37.121742248535156,-28.86188316345215,0.7129647731781006,-0.03322162479162216,-73.69771575927734,0.33747148513793945,0.9610102772712708,0.5684461635847708,0.4419627595843706,-0.010917646732686921,0.0005087235635454837,2.329792991883079,1.3892911801052021,1.6420736242266598,0.8462725001900717,10295,10124,1,Box 2,ARG_mid_3aer-ARG_mid
2017-07-15 11:16:00,-62.63665771484375,0.018879953771829605,-62.65553665161133,-38.806785583496094,-27.6573429107666,3.739086866378784,0.06950785219669342,-70.14340209960938,0.36522263288497925,0.31522229313850403,0.619367230560641,0.44141901109372245,-0.05967687677939112,-0.001109364874972353,2.1196376219470476,1.306959924006905,1.4982651499323245,0.8719243395421402,10401,10385,2,Box 3,ARG_mid_3aer-ARG_mid
2017-07-15 11:16:00,-70.0799560546875,-0.0004515517794061452,-70.07949829101562,-47.291358947753906,-29.461637496948242,6.670715808868408,0.0027731284499168396,-77.43386840820312,0.32906001806259155,0.459173321723938,0.6748243619505917,0.42040302549490943,-0.09518781627069225,-3.957117480887784e-05,2.3396886047721037,1.3031346790942044,1.5217654657081432,0.856316598926415,10404,10404,3,Box 4,ARG_mid_3aer-ARG_mid
2017-07-15 11:18:00,-75.7656021118164,-0.26765018701553345,-75.50885772705078,-44.173988342285156,-36.181182861328125,4.8697896003723145,-0.02346949279308319,-86.25751495361328,0.5844742059707642,2.270477771759033,0.5850173895510635,0.47916475758049454,-0.0644929648567138,0.00031081772515573203,2.690543059014485,1.4997970868045158,1.7575826885661214,0.853479046861255,10401,10282,0,Box 1,ARG_mid_3aer-ARG_mid
2017-07-15 11:18:00,-66.67436218261719,-0.19471172988414764,-66.5053482055664,-37.996551513671875,-29.5179386138916,1.0267413854599,-0.017593909054994583,-75.00196838378906,0.33266720175743103,0.9392386674880981,0.5713307956443575,0.44384313486964405,-0.015438479321490678,0.0002645488074891119,2.3472671938594902,1.3929557133135333,1.6451233571581707,0.8468296110878499,10301,10133,1,Box 2,ARG_mid_3aer-ARG_mid
2017-07-15 11:18:00,-62.530059814453125,0.006309844553470612,-62.53434371948242,-39.57343673706055,-27.54314613342285,4.600828170776367,-0.018583739176392555,-70.02184295654297,0.3585015535354614,0.27454572916030884,0.6328273007739528,0.44044834911225006,-0.07357282645279349,0.0002971765665906595,2.1434421645341297,1.3038482221029706,1.494199906122821,0.8727104263124749,10402,10394,2,Box 3,ARG_mid_3aer-ARG_mid
2017-07-15 11:18:00,-71.11732482910156,-0.0002981458674184978,-71.11703491210938,-48.54664611816406,-30.21052360534668,7.6410603523254395,-0.0009213446173816919,-78.5840072631836,0.3322407901287079,0.4486740231513977,0.6826304278936746,0.42480010691757464,-0.10744349014325211,1.2955332002906328e-05,2.3625659702003596,1.3067069264325843,1.5216895481111463,0.8587257730417927,10404,10404,3,Box 4,ARG_mid_3aer-ARG_mid
2017-07-15 11:20:00,-77.31892395019531,-0.34893760085105896,-76.98856353759766,-44.8846435546875,-36.8974494934082,4.800521373748779,-0.007003938313573599,-88.13264465332031,0.6035499572753906,2.4987990856170654,0.5830039360056904,0.479258777900058,-0.06235368763872024,9.09737329717955e-05,2.693765675311475,1.502757096905934,1.7622147779067254,0.8528100970027828,10403,10269,0,Box 1,ARG_mid_3aer-ARG_mid
2017-07-15 11:20:00,-68.69059753417969,-0.16838206350803375,-68.54646301269531,-38.607749938964844,-30.586149215698242,0.6626899838447571,-0.01525816973298788,-77.33197784423828,0.333294153213501,0.8388360738754272,0.5632347151810662,0.44621043616915,-0.009667747369016268,0.00022259601880009368,2.356753748769166,1.4043614861900215,1.660897524712849,0.8456392264287925,10329,10175,1,Box 2,ARG_mid_3aer-ARG_mid
2017-07-15 11:20:00,-62.288246154785156,-0.04639987275004387,-62.247039794921875,-40.26876449584961,-27.322866439819336,5.386020183563232,-0.041431974619627,-69.76866912841797,0.3523766100406647,0.28622058033943176,0.6469185337088388,0.438942385777781,-0.08652652496377342,0.0006656054771536357,2.1626621787069857,1.2991132861095294,1.4880151468759564,0.873282104779789,10403,10391,2,Box 3,ARG_mid_3aer-ARG_mid
2017-07-15 11:20:00,-72.19282531738281,-0.0015813770005479455,-72.19124603271484,-49.19601058959961,-31.025537490844727,8.032899856567383,-0.0026051471941173077,-79.75132751464844,0.343229204416275,0.43323785066604614,0.6814677443628622,0.4297686630218935,-0.11127249413090647,3.608674615081242e-05,2.3597100394136397,1.3109071509331274,1.5218792131387509,0.8613870311674765,10404,10404,3,Box 4,ARG_mid_3aer-ARG_mid
2017-07-15 11:22:00,-77.44437408447266,-0.3314688503742218,-77.21559143066406,-44.31608963012695,-37.19581604003906,4.38239049911499,-0.08607586473226547,-88.44136810302734,0.6062551736831665,2.56540846824646,0.5739267008830262,0.4817138068992519,-0.05675525505458058,0.0011147472723024437,2.621336079074328,1.498439793225637,1.7501512584125754,0.8567116665287275,10397,10223,0,Box 1,ARG_mid_3aer-ARG_mid
2017-07-15 11:22:00,-71.93720245361328,-0.18814212083816528,-71.77348327636719,-38.89741134643555,-33.02364730834961,0.07038922607898712,0.07717666029930115,-81.16503143310547,0.34987521171569824,0.9697189927101135,0.5419467656971446,0.4601092285744547,-0.0009807134547616047,-0.0010752808168376993,2.372709678122324,1.4430789627961487,1.7013764089891983,0.8476986932605032,10341,10197,1,Box 2,ARG_mid_3aer-ARG_mid
2017-07-15 11:22:00,-62.730831146240234,0.005193766206502914,-62.733558654785156,-41.044281005859375,-27.52770233154297,5.857583999633789,-0.019164014607667923,-70.31971740722656,0.325089693069458,0.3270759880542755,0.6542634790578898,0.43880346256825087,-0.09337242427178305,0.00030548264564234096,2.1750486488753356,1.2976792799263448,1.4857073383328177,0.8735476997654728,10404,10391,2,Box 3,ARG_mid_3aer-ARG_mid
2017-07-15 11:22:00,-73.19979858398438,0.00040724582504481077,-73.20020294189453,-49.57905578613281,-31.80168914794922,8.172391891479492,0.008150254376232624,-80.86353302001953,0.3708330988883972,0.415568470954895,0.6773075905745644,0.43444812899483154,-0.11164437761030731,-0.00011134195908858724,2.3621994444207077,1.3174343155608759,1.526601777466726,0.8629442739583463,10404,10404,3,Box 4,ARG_mid_3aer-ARG_mid
2017-07-15 11:24:00,-77.0727310180664,-0.32044270634651184,-76.80075073242188,-43.58628463745117,-37.07853698730469,3.8972361087799072,-0.033168911933898926,-88.16648864746094,0.6109423041343689,2.635312080383301,0.5675241957343226,0.4827886879295042,-0.050744766227485076,0.00043188256365832983,2.597890925988456,1.5009198147524263,1.751967840420234,0.8569126141444545,10362,10212,0,Box 1,ARG_mid_3aer-ARG_mid
2017-07-15 11:24:00,-75.2841567993164,-0.2103894203901291,-75.12162017822266,-40.548744201660156,-35.41912078857422,0.8418469429016113,0.004389424808323383,-85.1395263671875,0.3685702979564667,1.155193567276001,0.5397745745712985,0.4714903092070822,-0.01120645286820856,-5.843091017213725e-05,2.4511141305226576,1.4792906765274514,1.739595343456736,0.8503373081500847,10361,10236,1,Box 2,ARG_mid_3aer-ARG_mid
2017-07-15 11:24:00,-62.809471130371094,-0.0016243171412497759,-62.80464172363281,-41.54201126098633,-27.48693084716797,6.217525005340576,0.006775143556296825,-70.41468048095703,0.30162930488586426,0.3182007968425751,0.6614480984733488,0.4376576298665315,-0.0989978518530506,-0.00010787648682974993,2.1620257409096513,1.2905742653238543,1.4748620170125177,0.8750107837976208,10404,10400,2,Box 3,ARG_mid_3aer-ARG_mid
2017-07-15 11:24:00,-74.22122192382812,-0.0002820012450683862,-74.220947265625,-49.19070816040039,-32.61252212524414,7.586246013641357,-0.003957669250667095,-82.03612518310547,0.40042799711227417,0.43662330508232117,0.6627605119352777,0.43939783791859544,-0.10221167266725595,5.332281338277234e-05,2.3386101588518855,1.325275211740519,1.5330848478489953,0.864469705541321,10404,10404,3,Box 4,ARG_mid_3aer-ARG_mid
2017-07-15 11:26:00,-76.98222351074219,-0.348962664604187,-76.68014526367188,-44.35786819458008,-36.9445915222168,4.588624954223633,0.03368375077843666,-88.16996765136719,0.6170827150344849,2.867943286895752,0.578479110818952,0.48180127269152834,-0.05984110743285355,-0.00043927607762676846,2.688097263228691,1.5095140954397088,1.767894499891898,0.8536348290444704,10338,10148,0,Box 1,ARG_mid_3aer-ARG_mid
2017-07-15 11:26:00,-78.3003921508789,-0.14515480399131775,-78.1684799194336,-40.915130615234375,-37.65304183959961,0.3902404010295868,0.009459848515689373,-88.7513656616211,0.38677260279655457,1.2697793245315552,0.523422411346568,0.48169090668021974,-0.004992299299669363,-0.00012101872711835389,2.4464160431619195,1.5093041106102367,1.7677849135758839,0.8537237984109435,10359,10246,1,Box 2,ARG_mid_3aer-ARG_mid
2017-07-15 11:26:00,-62.41319274902344,-0.0022019895259290934,-62.41099166870117,-41.862117767333984,-27.208696365356445,6.679657459259033,-0.019835080951452255,-69.85575866699219,0.2846869230270386,0.33042415976524353,0.6707491315498254,0.43595999270990277,-0.10702693818184776,0.00031781392211958914,2.152371398719406,1.2828958719494867,1.4636777407043142,0.8765940537022262,10404,10402,2,Box 3,ARG_mid_3aer-ARG_mid
2017-07-15 11:26:00,-74.71294403076172,0.00039552926318719983,-74.71334075927734,-49.29512405395508,-33.19063949584961,7.7884979248046875,-0.016085760667920113,-82.62252807617188,0.41800540685653687,0.47981464862823486,0.6597900595970752,0.4442396962691113,-0.10424505555260062,0.00021529968641416375,2.3282577734788776,1.3291128443864408,1.5325978295804528,0.8673084376052362,10404,10404,3,Box 4,ARG_mid_3aer-ARG_mid
2017-07-15 11:28:00,-76.7965316772461,-0.48516127467155457,-76.3108139038086,-44.8101806640625,-35.753883361816406,4.367316246032715,-0.11406386643648148,-87.98046112060547,0.6036669015884399,2.8686788082122803,0.5872061764867468,0.468529731067419,-0.05723063497526924,0.001494727421103445,2.705012297946621,1.4873499236235717,1.7592400408259647,0.846164397767816,10334,10095,0,Box 1,ARG_mid_3aer-ARG_mid
2017-07-15 11:28:00,-80.5396728515625,-0.2003008872270584,-80.36109161376953,-41.580772399902344,-38.936710357666016,0.15589134395122528,0.000503505056258291,-91.451416015625,0.39145204424858093,1.320096492767334,0.5174242182455606,0.4845219331518221,-0.0019398858639746049,-6.265533408140013e-06,2.4706323727136215,1.5272671235005162,1.7908267134996119,0.8528248636647862,10378,10274,1,Box 2,ARG_mid_3aer-ARG_mid
2017-07-15 11:28:00,-62.069698333740234,-0.00031807160121388733,-62.06937789916992,-42.52310562133789,-26.576934814453125,7.051809787750244,-0.02114085666835308,-69.33517456054688,0.26577720046043396,0.3289770185947418,0.68508997398268,0.4281811666627896,-0.11361174111488084,0.00034060046941122857,2.140353388313909,1.2684597696587405,1.4481017098776723,0.876057071603113,10404,10404,2,Box 3,ARG_mid_3aer-ARG_mid
2017-07-15 11:28:00,-74.32736206054688,0.00013455303269438446,-74.3274917602539,-48.771324157714844,-33.18763732910156,7.6512227058410645,-0.01975087821483612,-82.32807922363281,0.4175102114677429,0.475837767124176,0.6561680635867733,0.44650554658449454,-0.10293933795195542,0.00026572778068761904,2.2935784323456176,1.326356072977808,1.5245472299235612,0.8700974836307337,10404,10404,3,Box 4,ARG_mid_3aer-ARG_mid
2017-07-15 11:30:00,-77.15975952148438,-0.3598310053348541,-76.8065185546875,-45.00614547729492,-36.254520416259766,4.530072212219238,-0.07592739164829254,-88.43270874023438,0.5898810029029846,2.920797109603882,0.5859677792129557,0.4720239758288757,-0.05898030905163119,0.0009885540097997816,2.7536926450811423,1.503786085880118,1.7793037244077765,0.8456357989619909,10332,10045,0,Box 1,ARG_mid_3aer-ARG_mid
2017-07-15 11:30:00,-82.31746673583984,-0.136870339512825,-82.18826293945312,-40.899078369140625,-40.285404205322266,-1.0002658367156982,-0.0035175937227904797,-93.61548614501953,0.40783265233039856,1.355423092842102,0.4976267380205412,0.49016004072182146,0.012170422032104205,4.279922553309182e-05,2.4183489905748874,1.54483538932027,1.8067526138415573,0.8550559100842993,10378,10300,1,Box 2,ARG_mid_3aer-ARG_mid
2017-07-15 11:30:00,-61.738746643066406,-7.979853398865089e-05,-61.73866271972656,-43.410831451416016,-25.8709774017334,7.564361572265625,-0.02122289128601551,-68.87846374511719,0.24687115848064423,0.2693401873111725,0.7031384377927828,0.4190400802180042,-0.12252227160966456,0.00034375359887750534,2.1368131787838864,1.253901140901631,1.433279158571532,0.8749560752203899,10404,10404,2,Box 3,ARG_mid_3aer-ARG_mid
2017-07-15 11:30:00,-73.6615219116211,5.240856989985332e-05,-73.66157531738281,-48.826202392578125,-33.122642517089844,8.304515838623047,-0.0172431617975235,-81.69357299804688,0.41642525792121887,0.4595089256763458,0.662844977989728,0.4496597244013013,-0.11273878864686913,0.00023408625583985765,2.2860925190502552,1.3237340553122925,1.5155912666441003,0.8734959982676903,10404,10404,3,Box 4,ARG_mid_3aer-ARG_mid
2017-07-15 11:32:00,-77.36139678955078,-0.1959177404642105,-77.15907287597656,-44.36201095581055,-36.55095672607422,3.814986228942871,-0.061092209070920944,-88.72642517089844,0.5878329277038574,2.9902100563049316,0.5749422429125385,0.47370911280421846,-0.049443125234047605,0.0007917695172906664,2.6806156627679076,1.5011238014995278,1.771237719666721,0.8478836035428463,10359,10073,0,Box 1,ARG_mid_3aer-ARG_mid
2017-07-15 11:32:00,-83.80950927734375,-0.18554536998271942,-83.62931060791016,-41.936866760253906,-40.912506103515625,-0.7250634431838989,-0.05488185957074165,-95.44035339355469,0.4111991822719574,1.325974702835083,0.5014613057757241,0.4892124749765594,0.008669967783203194,0.000656251464513289,2.457824952043379,1.5506208610349732,1.8180614755676165,0.8532325727807702,10396,10316,1,Box 2,ARG_mid_3aer-ARG_mid
2017-07-15 11:32:00,-61.25547790527344,-0.00022658493253402412,-61.2552490234375,-43.421470642089844,-25.36210823059082,7.536802291870117,-0.008472216315567493,-68.29583740234375,0.21916985511779785,0.22653482854366302,0.7088612453725743,0.4140397425138587,-0.1230392979268595,0.00013831004042644257,2.1255050094340366,1.24633245513208,1.4255585660218735,0.8743194465208042,10404,10404,2,Box 3,ARG_mid_3aer-ARG_mid
2017-07-15 11:32:00,-73.7104263305664,-3.40592632710468e-05,-73.71038818359375,-49.07283401489258,-33.297996520996094,8.676471710205078,-0.01603580452501774,-81.91352844238281,0.41704657673835754,0.46915721893310547,0.6657518606257109,0.4517408727753722,-0.11771028488754821,0.00021755148646508682,2.285434742054826,1.3236945661018977,1.5126241889217622,0.8751768992665669,10404,10404,3,Box 4,ARG_mid_3aer-ARG_mid
2017-07-15 11:34:00,-77.56510162353516,-0.1393582671880722,-77.37837982177734,-45.778648376464844,-35.9327392578125,4.366779327392578,-0.03377297893166542,-88.98670196533203,0.5877590775489807,2.968911647796631,0.591620661961675,0.4643769839155831,-0.056434111199761085,0.000436465322503056,2.769644129086031,1.4915385904380467,1.775302329803124,0.840370831460758,10368,10098,0,Box 1,ARG_mid_3aer-ARG_mid
2017-07-15 11:34:00,-85.37583923339844,-0.12594079971313477,-85.26307678222656,-42.652259826660156,-41.74131774902344,-0.8671977519989014,-0.002301495987921953,-97.35466003417969,0.41265857219696045,1.251797080039978,0.5002430103057786,0.48955914962719244,0.010170847184226747,2.69928828022601e-05,2.465010897812575,1.5549818256673644,1.8242555214728347,0.8524063876060437,10395,10332,1,Box 2,ARG_mid_3aer-ARG_mid
2017-07-15 11:34:00,-61.32018280029297,-0.010576820001006126,-61.31264877319336,-43.534584045410156,-25.55425453186035,7.782318592071533,-0.006125308107584715,-68.3253402709961,0.20850376784801483,0.24619901180267334,0.710042495510716,0.4167860538208795,-0.1269284521864316,9.990285483610362e-05,2.1179746262742256,1.246395006526849,1.4223460799595002,0.8763260177364725,10404,10403,2,Box 3,ARG_mid_3aer-ARG_mid
2017-07-15 11:34:00,-74.0769271850586,5.2955445426050574e-05,-74.07698059082031,-48.62709426879883,-33.72214889526367,8.287520408630371,-0.015253999270498753,-82.43901062011719,0.4088243246078491,0.4699878394603729,0.6564400228522581,0.4552311859988375,-0.11187712974111996,0.0002059208900243581,2.2488904562570187,1.3244706403865856,1.5091270317165497,0.8777146368677614,10404,10404,3,Box 4,ARG_mid_3aer-ARG_mid
2017-07-15 11:36:00,-77.17710876464844,-0.14340879023075104,-76.99629211425781,-44.4168701171875,-35.0053596496582,2.405085563659668,0.020860401913523674,-88.49625396728516,0.5835124254226685,3.0071558952331543,0.5768703508467857,0.45463695997702935,-0.031236383450947695,-0.00027092737286738694,2.6397720664841557,1.4659536452994613,1.7522415608283752,0.8364890581768375,10377,10173,0,Box 1,ARG_mid_3aer-ARG_mid
2017-07-15 11:36:00,-86.24085235595703,-0.16939251124858856,-86.08064270019531,-43.98291015625,-41.73747253417969,-0.32068026065826416,-0.03956732898950577,-98.37622833251953,0.41217297315597534,1.144819736480713,0.5109501326102126,0.48486486610737617,0.0037253470647108764,0.0004596542177003507,2.4947493563999656,1.5430459432706163,1.8155665698757728,0.8501307703782647,10401,10332,1,Box 2,ARG_mid_3aer-ARG_mid
2017-07-15 11:36:00,-61.54631805419922,-0.008996288292109966,-61.5385856628418,-43.518699645996094,-25.823423385620117,7.8155388832092285,-0.012001501396298409,-68.51921844482422,0.20924411714076996,0.23064258694648743,0.7071774534350616,0.419629788975076,-0.12700226641664378,0.00019502400650620033,2.094883534309582,1.245334509151575,1.4170366763011384,0.8788898619023942,10404,10403,2,Box 3,ARG_mid_3aer-ARG_mid
2017-07-15 11:36:00,-73.47844696044922,-0.00017621336155571043,-73.47827911376953,-47.5489501953125,-33.706634521484375,7.796766757965088,-0.01945202425122261,-81.95146942138672,0.38797080516815186,0.4803960919380188,0.6471157975217755,0.45872928900339505,-0.10610981818632992,0.0002647316611593675,2.2025484904070933,1.3229608571207372,1.5019069475224915,0.8809489281804679,10404,10404,3,Box 4,ARG_mid_3aer-ARG_mid
2017-07-15 11:38:00,-76.72254180908203,-0.07283122837543488,-76.67436218261719,-45.2504768371582,-34.187740325927734,2.767716407775879,-0.0038662736769765615,-87.89897918701172,0.5741405487060547,3.007312059402466,0.590164324670704,0.44588228263237156,-0.03609703189908374,5.042459600816673e-05,2.675533023338233,1.4503038612182486,1.7434420587750952,0.8318856971340851,10387,10237,0,Box 1,ARG_mid_3aer-ARG_mid
2017-07-15 11:38:00,-88.22819519042969,-0.059615910053253174,-88.15928649902344,-44.62688064575195,-42.923545837402344,-0.601384699344635,-0.007476061582565308,-100.69306945800781,0.4200233519077301,1.0548921823501587,0.5062073593778919,0.4868862703194642,0.006821568555337452,8.480174730650814e-05,2.4981681970401177,1.553182755852663,1.8273871388828284,0.8499907505498122,10403,10352,1,Box 2,ARG_mid_3aer-ARG_mid
2017-07-15 11:38:00,-61.31356430053711,-0.008386119268834591,-61.30518341064453,-44.24521255493164,-25.500486373901367,8.464456558227539,-0.02394099161028862,-68.18952178955078,0.19709783792495728,0.21808670461177826,0.721720580990857,0.41595970838046825,-0.13807081084909298,0.00039052147776771906,2.099388623375065,1.2382781878297986,1.4085152725537393,0.8792548186705632,10404,10402,2,Box 3,ARG_mid_3aer-ARG_mid
2017-07-15 11:38:00,-72.64617156982422,0.00017643958562985063,-72.64634704589844,-47.65992736816406,-33.39516830444336,8.42656421661377,-0.01780976727604866,-81.19702911376953,0.36980101466178894,0.47611960768699646,0.6560540449814121,0.4596951295082403,-0.11599433159144595,0.0002451571017935694,2.1934684882345494,1.3167850329063429,1.490475516229762,0.8835528396581708,10404,10404,3,Box 4,ARG_mid_3aer-ARG_mid
2017-07-15 11:40:00,-76.61953735351562,-0.18108782172203064,-76.44914245605469,-46.446781158447266,-33.262142181396484,3.206381320953369,0.053401775658130646,-87.76415252685547,0.5649313926696777,2.9232382774353027,0.6075513731793359,0.4350885195220796,-0.041941365884914664,-0.0006985268165008857,2.719204215411232,1.430735644001789,1.7312377045435048,0.826106798697647,10386,10257,0,Box 1,ARG_mid_3aer-ARG_mid
2017-07-15 11:40:00,-89.99901580810547,-0.030414756387472153,-89.96818542480469,-45.31370162963867,-43.947776794433594,-0.7202050685882568,0.013492594473063946,-102.82493591308594,0.431527704000473,1.0435441732406616,0.5036635749225168,0.4884812880885394,0.008005107701007538,-0.0001499707120637371,2.5048076294336,1.5609066105153264,1.8361824582455695,0.8500050504138305,10404,10368,1,Box 2,ARG_mid_3aer-ARG_mid
2017-07-15 11:40:00,-60.59129333496094,4.927840200252831e-05,-60.59134292602539,-44.902862548828125,-24.259130477905273,8.58701229095459,-0.016362056136131287,-67.14080047607422,0.18570411205291748,0.18567323684692383,0.7410771956247643,0.40037286852477194,-0.14172010366284918,0.00027003951331297515,2.0915941841618144,1.2205912244766837,1.3936360335507159,0.8759106410678339,10404,10404,2,Box 3,ARG_mid_3aer-ARG_mid
2017-07-15 11:40:00,-72.18594360351562,4.1799870814429596e-05,-72.18598937988281,-48.241600036621094,-33.0975341796875,9.166701316833496,-0.013557079248130322,-80.80915069580078,0.3610020875930786,0.5108668804168701,0.6682959033902988,0.4585035376997189,-0.12698724868787278,0.0001878075978551108,2.208742014124104,1.3123668822751926,1.4847488620228897,0.8839638383510416,10404,10404,3,Box 4,ARG_mid_3aer-ARG_mid
2017-07-15 11:42:00,-75.73177337646484,-0.2958791255950928,-75.4725570678711,-47.36503982543945,-32.27653503417969,4.073766708374023,0.09525047987699509,-86.7472915649414,0.5506393313407898,2.841982126235962,0.6275796468916379,0.42765920104938343,-0.053976793557109284,-0.0012620543839120674,2.735800469822791,1.4090417628369392,1.70668547393122,0.8250445180387991,10397,10262,0,Box 1,ARG_mid_3aer-ARG_mid
2017-07-15 11:42:00,-91.6552505493164,-0.13505405187606812,-91.52837371826172,-45.35316467285156,-44.91874694824219,-1.2344824075698853,-0.02197989448904991,-104.84266662597656,0.44908902049064636,1.123437523841858,0.49550935151033343,0.4907630760597976,0.013487429463192424,0.00024014296667651536,2.499383238433376,1.5740230569575384,1.8519340907228965,0.8500604915763769,10404,10353,1,Box 2,ARG_mid_3aer-ARG_mid
2017-07-15 11:42:00,-60.828773498535156,-3.8369962567230687e-05,-60.828731536865234,-45.796939849853516,-23.724435806274414,8.694801330566406,-0.0021556939464062452,-67.10721588134766,0.19677793979644775,0.14638155698776245,0.7528834015330189,0.39002021674279164,-0.14293905701551352,3.5438739702964295e-05,2.1115482442520253,1.2136051161086256,1.3922415768215028,0.871701699334046,10404,10404,2,Box 3,ARG_mid_3aer-ARG_mid
2017-07-15 11:42:00,-72.43000030517578,-0.0004046095709782094,-72.42960357666016,-49.17253112792969,-33.303810119628906,10.052173614501953,-0.005429004784673452,-81.14694213867188,0.36875900626182556,0.5698530077934265,0.6789010983795754,0.4598093788659537,-0.13878543285529868,7.495560976963911e-05,2.22886412561625,1.3118248686100265,1.4821951961848352,0.885081511029699,10404,10404,3,Box 4,ARG_mid_3aer-ARG_mid
2017-07-15 11:44:00,-74.45429992675781,-0.3292093276977539,-74.15859985351562,-46.20656967163086,-30.90677833557129,2.992591381072998,-0.03783784806728363,-85.32251739501953,0.5307285189628601,2.7070600986480713,0.6230777645559857,0.4167659465642401,-0.04035393991933849,0.0005102287991126594,2.6030972705387416,1.3770736627125304,1.668316760552963,0.825642560922349,10399,10269,0,Box 1,ARG_mid_3aer-ARG_mid
2017-07-15 11:44:00,-93.21045684814453,-0.2533436715602875,-92.95695495605469,-46.150115966796875,-45.55934524536133,-1.2871778011322021,0.03968554735183716,-106.75507354736328,0.4566645324230194,1.1738649606704712,0.49646762505076025,0.49011226993652907,0.013847028897896711,-0.00042692388518602957,2.5201070628518174,1.5781205819521205,1.8600162107995817,0.8482197718126623,10404,10373,1,Box 2,ARG_mid_3aer-ARG_mid
2017-07-15 11:44:00,-62.14265441894531,-0.0003840584249701351,-62.142269134521484,-45.923282623291016,-23.971168518066406,7.758367538452148,-0.006183633115142584,-68.44953918457031,0.20804785192012787,0.14118123054504395,0.7390024074208524,0.38574655916942013,-0.1248484742644196,9.950767414702855e-05,2.1071308475957493,1.2147326422594629,1.3995996065290088,0.8679434274297323,10404,10404,2,Box 3,ARG_mid_3aer-ARG_mid
2017-07-15 11:44:00,-73.54761505126953,-0.0002464543213136494,-73.54736328125,-49.412818908691406,-33.85654067993164,9.720138549804688,0.001857383525930345,-82.41651916503906,0.383851021528244,0.6139044165611267,0.6718503024121569,0.4603365680322753,-0.1321616161919844,-2.5254252447814984e-05,2.2237332369927065,1.3149419695899596,1.4866282863116942,0.8845040919012616,10404,10404,3,Box 4,ARG_mid_3aer-ARG_mid
2017-07-15 11:46:00,-73.55123901367188,-0.322262167930603,-73.2456283569336,-46.62103271484375,-31.019515991210938,4.492677688598633,-0.09775643050670624,-84.33477020263672,0.5017858743667603,2.5435760021209717,0.6365025981441015,0.42349990736878146,-0.06133714392662168,0.0013346384137387368,2.6652396783944536,1.3855837609344548,1.6709214198471685,0.8298017073739716,10394,10242,0,Box 1,ARG_mid_3aer-ARG_mid
2017-07-15 11:46:00,-94.37094116210938,-0.10635517537593842,-94.26770782470703,-46.527565002441406,-46.54230880737305,-1.1796298027038574,-0.018200013786554337,-108.16503143310547,0.47591084241867065,1.2153146266937256,0.4935684565604137,0.4937248602846325,0.012513615857209939,0.00019306729774382948,2.5253372400852854,1.5893642341869674,1.8694244769161732,0.8502917570773677,10401,10385,1,Box 2,ARG_mid_3aer-ARG_mid
2017-07-15 11:46:00,-62.733516693115234,-0.00027324684197083116,-62.73323440551758,-45.837440490722656,-24.17926788330078,7.290430068969727,-0.00696075614541769,-69.14380645751953,0.20237641036510468,0.14437398314476013,0.7306723299716703,0.38542991197916293,-0.11621319998299319,0.0001109580321599496,2.1003979409579934,1.216205882413903,1.4029243541798477,0.8669402362490963,10404,10404,2,Box 3,ARG_mid_3aer-ARG_mid
2017-07-15 11:46:00,-74.34419250488281,-9.522332402411848e-05,-74.34410095214844,-48.849369049072266,-34.39727020263672,8.908796310424805,-0.0062529658898711205,-83.40706634521484,0.38880959153175354,0.6182209849357605,0.6570713200685439,0.46267650426154433,-0.11983193277310925,8.410844302106368e-05,2.1925691751810183,1.3183813949435965,1.4892450231817098,0.8852979449657509,10404,10404,3,Box 4,ARG_mid_3aer-ARG_mid
2017-07-15 11:48:00,-72.75023651123047,-0.2641162574291229,-72.50548553466797,-46.13981628417969,-31.20406150817871,4.798077583312988,0.040316611528396606,-83.49193572998047,0.48809483647346497,2.6021218299865723,0.6363631739652341,0.4303682462622914,-0.06617537103203482,-0.0005560491954907237,2.6364590943045885,1.3879278326969038,1.6616325435709998,0.8350438219126741,10380,10229,0,Box 1,ARG_mid_3aer-ARG_mid
2017-07-15 11:48:00,-95.36817932128906,-0.0876876637339592,-95.27925872802734,-46.670616149902344,-47.280494689941406,-1.2538539171218872,-0.07429580390453339,-109.413330078125,0.4873899519443512,1.2160420417785645,0.4898297583364929,0.4962306944353468,0.013159778285330695,0.0007797689428296253,2.499180789811666,1.5903692952379176,1.8651111312711661,0.8531086696126349,10404,10376,1,Box 2,ARG_mid_3aer-ARG_mid
2017-07-15 11:48:00,-63.173702239990234,0.0003597170580178499,-63.1740608215332,-46.1395149230957,-24.37199592590332,7.339812755584717,-0.0023624508175998926,-69.66126251220703,0.1987810879945755,0.15399713814258575,0.7303553938030496,0.38579117498109355,-0.11618396468037501,3.7395896231862125e-05,2.115092484318591,1.2187745372029946,1.4076021905243394,0.8658626192676704,10404,10404,2,Box 3,ARG_mid_3aer-ARG_mid
2017-07-15 11:48:00,-74.11244201660156,0.00040353412623517215,-74.11283874511719,-48.43776321411133,-34.493736267089844,8.834685325622559,-0.01602235808968544,-83.25984191894531,0.39533576369285583,0.602118730545044,0.6535677988858988,0.46542188674086993,-0.11920587434776872,0.00021618872100001574,2.1610517275480623,1.3157145983661453,1.4814475383131325,0.8882031665964178,10404,10404,3,Box 4,ARG_mid_3aer-ARG_mid
2017-07-15 11:50:00,-71.90625,-0.33634817600250244,-71.57220458984375,-46.28459548950195,-31.06667137145996,5.61667537689209,0.16238808631896973,-82.52568054199219,0.47768163681030273,2.666882276535034,0.6466839951301476,0.4340605369116107,-0.07847566112779207,-0.0022688709139662283,2.6629810019127005,1.3891705751864825,1.6567463233374935,0.8375333254431606,10391,10207,0,Box 1,ARG_mid_3aer-ARG_mid
2017-07-15 11:50:00,-96.5310287475586,-0.0687955841422081,-96.45325469970703,-47.33089828491211,-47.63197708129883,-1.411026954650879,-0.07935945689678192,-110.7683334350586,0.48583847284317017,1.14378821849823,0.4907132996641724,0.49383479812680003,0.01462912592986848,0.0008227762791591653,2.494252009000016,1.5839178854653733,1.860522492044704,0.8517646018744148,10404,10359,1,Box 2,ARG_mid_3aer-ARG_mid
2017-07-15 11:50:00,-64.03605651855469,-0.0004941178485751152,-64.03556060791016,-46.163429260253906,-25.06905174255371,7.195309638977051,0.0016079427441582084,-70.6685562133789,0.21430402994155884,0.17635099589824677,0.7209029958221043,0.3914863897563131,-0.11236427542741438,-2.5110151002996628e-05,2.124141376127327,1.2269828198534285,1.4167201482033278,0.8660652487085945,10404,10404,2,Box 3,ARG_mid_3aer-ARG_mid
2017-07-15 11:50:00,-72.74969482421875,-0.00010627242590999231,-72.74958801269531,-48.304176330566406,-33.92330551147461,9.506412506103516,-0.028513265773653984,-81.77471923828125,0.39742037653923035,0.5914191603660583,0.6639787715523614,0.4663023914682854,-0.1306731001756277,0.0003919371549808981,2.144618126320854,1.307227190306165,1.4667147710526967,0.8913958419673839,10404,10404,3,Box 4,ARG_mid_3aer-ARG_mid
2017-07-15 11:52:00,-70.40971374511719,-0.5108801126480103,-69.93508911132812,-45.57050323486328,-30.013402938842773,5.654190540313721,-0.005373579915612936,-80.85256958007812,0.46311262249946594,2.711693048477173,0.6516114384433995,0.42916084391914777,-0.08084911903428282,7.683667173552511e-05,2.6193629940206975,1.3731402724302313,1.636548829926843,0.8390780771215389,10382,10147,0,Box 1,ARG_mid_3aer-ARG_mid
2017-07-15 11:52:00,-97.81200408935547,0.0018051931401714683,-97.79790496826172,-47.891056060791016,-48.88740158081055,-1.0283058881759644,0.008856053464114666,-112.40060424804688,0.48838934302330017,1.1133437156677246,0.4896940789107692,0.49988187561053254,0.010514600114311093,-9.055463561285192e-05,2.511304988136289,1.599961623781806,1.8715886261183563,0.8548196930531804,10404,10367,1,Box 2,ARG_mid_3aer-ARG_mid
2017-07-15 11:52:00,-65.5181655883789,-0.0005498324171639979,-65.51761627197266,-47.07362365722656,-26.09718894958496,7.658502578735352,-0.005308961030095816,-72.4023666381836,0.23924575746059418,0.17804989218711853,0.7184880105186441,0.39832322246560964,-0.11689226401859315,8.103103433942938e-05,2.146460808461047,1.2358111174544026,1.4252748797164727,0.8670935138873384,10404,10404,2,Box 3,ARG_mid_3aer-ARG_mid
2017-07-15 11:52:00,-71.54248046875,-2.078345096379053e-05,-71.54246520996094,-48.5579833984375,-33.27394485473633,10.327241897583008,-0.037778690457344055,-80.37642669677734,0.39832162857055664,0.5609457492828369,0.6787295104636585,0.4650936601410397,-0.14435123025435478,0.0005280596496566037,2.128725118066588,1.2954497931570137,1.4492523384844016,0.8940497165682649,10404,10404,3,Box 4,ARG_mid_3aer-ARG_mid
2017-07-15 11:54:00,-69.8163833618164,-0.947037935256958,-69.00614166259766,-45.551326751708984,-29.5624942779541,6.063169002532959,0.04451112449169159,-80.21011352539062,0.46298277378082275,2.763791561126709,0.6601054276094837,0.42840379342626717,-0.08786418977108387,-0.0006450312646669454,2.623739428661279,1.367534523232468,1.6275799099273387,0.839961783362137,10355,10071,0,Box 1,ARG_mid_3aer-ARG_mid
2017-07-15 11:54:00,-98.93751525878906,-0.025548087432980537,-98.921630859375,-47.88516616821289,-50.034584045410156,-1.039815068244934,0.037933558225631714,-113.90664672851562,0.493081271648407,1.0939559936523438,0.4840717283959522,0.5058002382433922,0.010511504171790368,-0.0003834708111346598,2.4892552008174196,1.6103633887101412,1.8738493213832572,0.8591809453815521,10404,10372,1,Box 2,ARG_mid_3aer-ARG_mid
2017-07-15 11:54:00,-66.73523712158203,-2.361807128181681e-05,-66.7352066040039,-48.30523681640625,-26.43933868408203,8.025723457336426,-0.016358094289898872,-73.80293273925781,0.2442900836467743,0.15460556745529175,0.7238343586696484,0.39618271985838815,-0.12026219792521597,0.00024511939717941633,2.1600672092078357,1.2346204789397741,1.4256919325367419,0.8660551309514407,10404,10404,2,Box 3,ARG_mid_3aer-ARG_mid
2017-07-15 11:54:00,-70.16001892089844,-0.010012551210820675,-70.15569305419922,-49.56464385986328,-31.99118423461914,11.437106132507324,-0.03697348013520241,-78.775390625,0.3963003158569336,0.5129738450050354,0.7064949799037572,0.45600265186385797,-0.16302465215152348,0.000527020383908311,2.131485064531883,1.2766532020826558,1.429145657910225,0.8934662935567016,10404,10403,3,Box 4,ARG_mid_3aer-ARG_mid
2017-07-15 11:56:00,-68.37973022460938,-1.0176843404769897,-67.4122543334961,-44.42182540893555,-29.08778953552246,6.084251880645752,0.013111812993884087,-78.63947296142578,0.45589664578437805,2.758024215698242,0.6589577195235422,0.43149116762853745,-0.09025438524038713,-0.00019450191169252673,2.6138168700549245,1.3696754643001983,1.6258421044053366,0.8423610061667263,10328,10027,0,Box 1,ARG_mid_3aer-ARG_mid
2017-07-15 11:56:00,-99.48159790039062,-0.07051729410886765,-99.40514373779297,-48.051422119140625,-50.64246368408203,-0.7141660451889038,0.002909454284235835,-114.73393249511719,0.5029165148735046,1.1416168212890625,0.4833897437329005,0.5094551273834367,0.0071843975348437,-2.926865118082437e-05,2.485144118379356,1.615603854942511,1.8733738051835709,0.8623875101928232,10393,10354,1,Box 2,ARG_mid_3aer-ARG_mid
2017-07-15 11:56:00,-67.06915283203125,-2.8358041163301095e-05,-67.06912231445312,-48.695213317871094,-26.166624069213867,7.807390213012695,-0.014675809070467949,-74.08139038085938,0.23812173306941986,0.1165013313293457,0.7260451950246516,0.39014410948847045,-0.11640812067971579,0.00021881616659374936,2.159392020801223,1.2297798450745625,1.4239487010861371,0.8637073479759523,10404,10404,2,Box 3,ARG_mid_3aer-ARG_mid
2017-07-15 11:56:00,-69.69367218017578,0.009147034958004951,-69.69847869873047,-51.041324615478516,-30.983367919921875,12.357579231262207,-0.03137288615107536,-78.0502700805664,0.3834129869937897,0.49004608392715454,0.7323160590528377,0.4445343579156839,-0.17730053990070102,0.00045012293217941424,2.158239989425153,1.2630004113338504,1.4193008815687675,0.8900152982388093,10404,10401,3,Box 4,ARG_mid_3aer-ARG_mid
2017-07-15 11:58:00,-68.30901336669922,-0.6226673722267151,-67.71548461914062,-45.264503479003906,-29.643476486206055,7.029938220977783,0.16255822777748108,-78.6412353515625,0.4499499797821045,2.7199037075042725,0.6684513226339005,0.43776510346498027,-0.10381581966568919,-0.0024006064331915794,2.6751503126434293,1.3801744779296539,1.6334416295298884,0.8439540362586259,10316,9954,0,Box 1,ARG_mid_3aer-ARG_mid
2017-07-15 11:58:00,-98.98192596435547,-0.08331435918807983,-98.895263671875,-48.90512466430664,-50.31827163696289,0.3122157156467438,0.015912096947431564,-114.27352905273438,0.49603089690208435,1.1408226490020752,0.4945143021717818,0.5088036302615578,-0.0031570339616684997,-0.0001608984716711657,2.509958330040068,1.6054898858074993,1.8595164957890455,0.8633048734660534,10393,10354,1,Box 2,ARG_mid_3aer-ARG_mid
2017-07-15 11:58:00,-67.24978637695312,-4.128144064452499e-05,-67.2497329711914,-49.510597229003906,-25.856098175048828,8.123104095458984,-0.006141054444015026,-74.18592834472656,0.2412264496088028,0.10304851830005646,0.7362199686221664,0.3844788325018644,-0.12079011827761599,9.131715358517978e-05,2.1899776104308173,1.2271411649095938,1.4260625266582372,0.8605379597950592,10404,10404,2,Box 3,ARG_mid_3aer-ARG_mid
2017-07-15 11:58:00,-69.55119323730469,0.04138604924082756,-69.58731079101562,-52.23935317993164,-30.260095596313477,12.913931846618652,-0.0017948307795450091,-77.6714096069336,0.3882116973400116,0.495473176240921,0.7507022886516683,0.4348507578239322,-0.18557883897587835,2.5792500277843633e-05,2.188619967787845,1.2546520561517214,1.4159417545050972,0.8860981089549114,10404,10396,3,Box 4,ARG_mid_3aer-ARG_mid
2017-07-15 12:00:00,-67.72589874267578,-0.31618785858154297,-67.39566040039062,-42.73666763305664,-29.003305435180664,4.549625873565674,-0.20530912280082703,-78.0485610961914,0.45848941802978516,2.679471731185913,0.6341160581145538,0.4303438433280666,-0.0675062268998218,0.0030463254572013765,2.538775634158217,1.3718273614503416,1.6319141218428934,0.8418798311825164,10332,10026,0,Box 1,ARG_mid_3aer-ARG_mid
2017-07-15 12:00:00,-99.63168334960938,-0.0022080845665186644,-99.62356567382812,-48.927703857421875,-50.5545768737793,-0.1663728654384613,0.02509254589676857,-114.99939727783203,0.49507856369018555,1.0609976053237915,0.4911258572004319,0.5074560011040185,0.0016700152900871981,-0.00025187359453754084,2.4748676956426827,1.5970513455159332,1.849731587442757,0.863262525409946,10403,10379,1,Box 2,ARG_mid_3aer-ARG_mid
2017-07-15 12:00:00,-68.48976135253906,-0.00976790301501751,-68.4825210571289,-50.17766571044922,-26.48827362060547,8.181832313537598,0.0015925776679068804,-75.49549102783203,0.26233336329460144,0.14007988572120667,0.7327077068368268,0.3867888342069992,-0.11947328580137698,-2.3255242449088387e-05,2.213076799509883,1.2332753225438193,1.4353257721481563,0.8592230291952738,10404,10403,2,Box 3,ARG_mid_3aer-ARG_mid
2017-07-15 12:00:00,-70.23674011230469,-0.028891898691654205,-70.20702362060547,-53.18817138671875,-30.196199417114258,13.176170349121094,0.00118861289229244,-78.2922592163086,0.4076814651489258,0.6075873374938965,0.7575905816868584,0.4301023140447689,-0.1876759656168556,-1.6930114771745997e-05,2.225893706180844,1.2549987423596656,1.4219978951706922,0.8825549364514991,10404,10397,3,Box 4,ARG_mid_3aer-ARG_mid
2017-07-15 12:02:00,-68.69520568847656,-0.1661248654127121,-68.5246810913086,-43.52975845336914,-29.972332000732422,5.040310859680176,-0.06289879232645035,-79.27229309082031,0.4730147123336792,2.748476505279541,0.6352421090088631,0.43739466952946987,-0.07355467839480291,0.0009178998564699087,2.6155539450547756,1.3923753120643758,1.6561893694880834,0.8410996312849837,10339,10128,0,Box 1,ARG_mid_3aer-ARG_mid
2017-07-15 12:02:00,-98.88807678222656,-0.06946848332881927,-98.82283020019531,-49.03274154663086,-49.64076232910156,-0.12460316717624664,-0.02472604624927044,-114.07893371582031,0.49060922861099243,1.0166089534759521,0.4961680832980735,0.5023208365264026,0.0012608743739932434,0.0002502058015306833,2.42573194825604,1.566056887187992,1.8136075075474518,0.8636323820674161,10404,10382,1,Box 2,ARG_mid_3aer-ARG_mid
2017-07-15 12:02:00,-69.90540313720703,-0.00024814208154566586,-69.90515899658203,-49.90996170043945,-27.52061653137207,7.534662246704102,-0.009230227209627628,-77.15093994140625,0.2742084860801697,0.17924338579177856,0.713966925769642,0.39368511868280587,-0.10778408375467398,0.00013203930222606408,2.197430373742504,1.2424156084457578,1.444214280631075,0.8603127145541748,10404,10404,2,Box 3,ARG_mid_3aer-ARG_mid
2017-07-15 12:02:00,-71.48580169677734,-0.07116760313510895,-71.42097473144531,-52.80181121826172,-30.070154190063477,11.480463981628418,-0.029475444927811623,-79.56287384033203,0.434466689825058,0.7022666335105896,0.7393039736959711,0.42102692324119284,-0.1607435970478436,0.00041270011067964796,2.183721639465765,1.249064571462753,1.4221172813734988,0.8784409899599026,10404,10398,3,Box 4,ARG_mid_3aer-ARG_mid
2017-07-15 12:04:00,-68.889404296875,-0.28014421463012695,-68.6598892211914,-43.36862564086914,-30.586679458618164,5.400853633880615,-0.10543970763683319,-79.64276123046875,0.49734216928482056,3.030400514602661,0.6316442974174502,0.4454809919021533,-0.07866097062174231,0.001535681302138811,2.6725381805878703,1.4143234026724707,1.6799549863966514,0.8425526868593679,10364,10108,0,Box 1,ARG_mid_3aer-ARG_mid
2017-07-15 12:04:00,-98.09423065185547,-0.12964855134487152,-97.9715347290039,-49.81234359741211,-48.50920867919922,0.4018162190914154,-0.05179738998413086,-113.057373046875,0.49397188425064087,0.8961653709411621,0.5084369276588705,0.49513573100124453,-0.004101356975987164,0.0005286983158721394,2.4110311847569372,1.534977514332216,1.780630221368418,0.8623047050612496,10403,10380,1,Box 2,ARG_mid_3aer-ARG_mid
2017-07-15 12:04:00,-70.31279754638672,-9.211104770656675e-05,-70.31269836425781,-49.5623664855957,-27.692792892456055,6.962244033813477,-0.01978764310479164,-77.63402557373047,0.2797272801399231,0.14525096118450165,0.7048849540467231,0.3938519228556559,-0.09901830037366166,0.0002814234712826269,2.1588282168079544,1.2398569315323424,1.4389593547015422,0.8617226850608353,10404,10404,2,Box 3,ARG_mid_3aer-ARG_mid
2017-07-15 12:04:00,-70.83821868896484,-0.009966650046408176,-70.82782745361328,-51.23906707763672,-29.361867904663086,9.810215950012207,-0.03709869831800461,-78.80299377441406,0.4579564332962036,0.6646441221237183,0.7234314066911017,0.4145527469693208,-0.13850794072785402,0.0005237870674314749,2.127977661142944,1.2415624876583615,1.4161733157986414,0.8768621585840799,10404,10402,3,Box 4,ARG_mid_3aer-ARG_mid
2017-07-15 12:06:00,-69.3526611328125,-0.43289339542388916,-68.94068145751953,-42.45936584472656,-30.892786026000977,4.35959529876709,0.051877155900001526,-80.287841796875,0.533033013343811,3.242507219314575,0.6158826277240613,0.44810676561131707,-0.06323690361845243,-0.000752489716925972,2.596536992607995,1.4149905856698706,1.6760315529739351,0.843922546804688,10358,10116,0,Box 1,ARG_mid_3aer-ARG_mid
2017-07-15 12:06:00,-97.60159301757812,-0.09022538363933563,-97.50492095947266,-50.12397766113281,-48.161991119384766,0.803642213344574,-0.022589996457099915,-112.3538589477539,0.5024595260620117,0.7660927772521973,0.5140661358158286,0.49394425259689456,-0.00824206901116515,0.00023168059844198147,2.4142967304103307,1.5272270698514185,1.7709692653431421,0.8624821084656401,10399,10363,1,Box 2,ARG_mid_3aer-ARG_mid
2017-07-15 12:06:00,-69.5802001953125,0.0,-69.5802001953125,-47.925445556640625,-27.754911422729492,6.123729228973389,-0.023573588579893112,-76.92538452148438,0.28871819376945496,0.08583147823810577,0.6887799367666676,0.3988909168943684,-0.08800965100793416,0.00033879734689816476,2.102545856141247,1.240095914194956,1.4328207712818168,0.8655981613137561,10404,10404,2,Box 3,ARG_mid_3aer-ARG_mid
2017-07-15 12:06:00,-69.45047760009766,-0.10092105716466904,-69.36746978759766,-49.898067474365234,-29.197956085205078,9.710762977600098,0.017788592725992203,-77.26170349121094,0.4627854824066162,0.6587116718292236,0.7193294914518463,0.4209171142927204,-0.13999016582461216,-0.0002564399199545542,2.12629747620675,1.2469669178533302,1.4184667895820293,0.8790160948362576,10404,10399,3,Box 4,ARG_mid_3aer-ARG_mid
2017-07-15 12:08:00,-69.6358642578125,-0.10800515860319138,-69.55496978759766,-42.954837799072266,-32.06528854370117,5.426915168762207,0.0382394902408123,-80.69429016113281,0.5662754774093628,3.330216407775879,0.6175667419563038,0.4610064351051692,-0.07802340334732201,-0.0005497737141509779,2.6999152642030655,1.4487683336383181,1.7093162108211934,0.8473220997957617,10364,10148,0,Box 1,ARG_mid_3aer-ARG_mid
2017-07-15 12:08:00,-98.1434555053711,-0.13622935116291046,-98.00977325439453,-50.25963592529297,-48.36001968383789,0.6491632461547852,-0.03927452117204666,-112.95166778564453,0.53251051902771,0.722122311592102,0.5128023147705406,0.4934204198096851,-0.006623455078448249,0.0004007204982225407,2.40680540283199,1.5258505913066887,1.7698865714160648,0.8623149845956469,10392,10356,1,Box 2,ARG_mid_3aer-ARG_mid
2017-07-15 12:08:00,-68.50984954833984,0.0,-68.50984954833984,-47.76126480102539,-27.639562606811523,6.912985801696777,-0.022007469087839127,-75.81555938720703,0.30121514201164246,0.06640628725290298,0.6971444905004159,0.4034392609460898,-0.10090498217245193,0.0003212307259462116,2.0976559920877658,1.2390653511049017,1.4250638720783009,0.8695795120402247,10404,10404,2,Box 3,ARG_mid_3aer-ARG_mid
2017-07-15 12:08:00,-69.54861450195312,-0.0707874670624733,-69.48865509033203,-49.10712814331055,-30.061532974243164,9.671785354614258,0.00821791123598814,-77.64646911621094,0.4653277099132538,0.8148635029792786,0.7066927019480245,0.43261064334551974,-0.13918508268753002,-0.00011826260601419114,2.133686135852344,1.2610742442306686,1.4296987350162584,0.8820186400606317,10404,10398,3,Box 4,ARG_mid_3aer-ARG_mid
2017-07-15 12:10:00,-69.5965347290039,-0.16314779222011566,-69.4190673828125,-43.90604782104492,-31.472978591918945,5.954169750213623,0.005788985174149275,-80.7338638305664,0.5956704020500183,3.4047133922576904,0.6324782316311746,0.4533765388971436,-0.08577137867389314,-8.33918544249912e-05,2.740100645869226,1.4351625908269383,1.7010415863289825,0.8436589818923321,10367,10129,0,Box 1,ARG_mid_3aer-ARG_mid
2017-07-15 12:10:00,-98.09410095214844,-0.19559365510940552,-97.88766479492188,-50.27095413208008,-47.87675094604492,0.2747994065284729,-0.01475465577095747,-112.94621276855469,0.5512847304344177,0.719570517539978,0.5135576053681196,0.48909895791603214,-0.0028072937773956385,0.00015073049324393567,2.3839963752658386,1.512404756793066,1.757505272563286,0.8606138112706501,10398,10353,1,Box 2,ARG_mid_3aer-ARG_mid
2017-07-15 12:10:00,-68.07341766357422,0.0,-68.07341766357422,-47.46693420410156,-27.964872360229492,7.3700456619262695,-0.011654405854642391,-75.41717529296875,0.3103305995464325,0.05638754367828369,0.6972903141422504,0.41080460703254906,-0.10826612465620472,0.00017120348140525765,2.090092340764639,1.242544153876168,1.4224997915633817,0.8735460856744535,10404,10404,2,Box 3,ARG_mid_3aer-ARG_mid
2017-07-15 12:10:00,-70.37992858886719,-0.15535447001457214,-70.24710845947266,-49.13582992553711,-30.960609436035156,9.853316307067871,-0.003985343500971794,-78.74950408935547,0.4412793815135956,0.8108103275299072,0.6994712122508743,0.44073856695944097,-0.1402665124121206,5.673320180535346e-05,2.1242720403163196,1.2679086453892825,1.4319641387350952,0.8854512752872591,10404,10389,3,Box 4,ARG_mid_3aer-ARG_mid
2017-07-15 12:12:00,-69.36988830566406,-0.27426576614379883,-69.09910583496094,-44.824642181396484,-31.209705352783203,6.920927047729492,0.014313532039523125,-80.5239486694336,0.6128494143486023,3.455883741378784,0.648700712794372,0.45166586102443207,-0.10015942888321915,-0.00020714493558494917,2.7868189777696717,1.428749949143481,1.6932383163938494,0.843705271419593,10362,10150,0,Box 1,ARG_mid_3aer-ARG_mid
2017-07-15 12:12:00,-96.02459716796875,-0.19135858118534088,-95.81320190429688,-51.31004333496094,-46.30693817138672,1.8550481796264648,-0.05126992613077164,-110.59945678710938,0.5301774144172668,0.6828215718269348,0.5355216231027315,0.4833043660128432,-0.01936109204247664,0.0005351029269018807,2.4013325897310622,1.4848333799500688,1.725087192391854,0.8609806471566771,10403,10348,1,Box 2,ARG_mid_3aer-ARG_mid
2017-07-15 12:12:00,-68.03965759277344,-9.457499982090667e-05,-68.03956604003906,-47.669830322265625,-28.87389373779297,8.517060279846191,-0.012896102853119373,-75.52213287353516,0.33127304911613464,0.10886619985103607,0.7006193325371124,0.424369216979522,-0.1251780878272497,0.00018953831061530035,2.10384070045185,1.2526374297648355,1.4245564858513924,0.8793764652895124,10404,10404,2,Box 3,ARG_mid_3aer-ARG_mid
2017-07-15 12:12:00,-70.71197509765625,-0.05437638238072395,-70.66607666015625,-48.54424285888672,-32.38102722167969,10.2977876663208,-0.03859801962971687,-79.2696762084961,0.44266125559806824,0.8749760389328003,0.6869525175177584,0.45822591656545797,-0.14572463702159302,0.000546202938376622,2.114890152712225,1.283778962985907,1.4382719116054095,0.8927615321422535,10404,10395,3,Box 4,ARG_mid_3aer-ARG_mid
2017-07-15 12:14:00,-70.26974487304688,-0.3712707757949829,-69.93551635742188,-46.09124755859375,-31.231443405151367,7.303205966949463,0.08397699147462845,-81.61320495605469,0.6397569179534912,3.530261278152466,0.6590535885569075,0.4465749019932292,-0.10442771293588679,-0.0012007776142499427,2.8448712230227726,1.4250709221510875,1.696890683864826,0.8392799536718443,10362,10123,0,Box 1,ARG_mid_3aer-ARG_mid
2017-07-15 12:14:00,-93.44422149658203,-0.04935832321643829,-93.39469146728516,-50.54482650756836,-44.74503707885742,1.9851689338684082,-0.08999226242303848,-107.62871551513672,0.5034675002098083,0.5964632630348206,0.5411959097222324,0.4790962164555156,-0.021255695612380082,0.0009635694346320778,2.34078122107626,1.457099472215049,1.6884829674764248,0.8633993665171503,10404,10354,1,Box 2,ARG_mid_3aer-ARG_mid
2017-07-15 12:14:00,-68.10425567626953,-0.018047526478767395,-68.08635711669922,-47.280921936035156,-28.968547821044922,8.188321113586426,-0.0252055861055851,-75.6564712524414,0.35633569955825806,0.17120733857154846,0.6944258278701662,0.42546773331309923,-0.12026376143098592,0.0003702002477205396,2.081620976644812,1.25181672295734,1.4217947031529319,0.8805630085374944,10404,10402,2,Box 3,ARG_mid_3aer-ARG_mid
2017-07-15 12:14:00,-71.35778045654297,-0.08223222196102142,-71.28646087646484,-49.4614143371582,-33.15349578857422,11.3080415725708,0.02040686458349228,-80.11849975585938,0.44338226318359375,0.9303820133209229,0.6938402165081065,0.46507422521702885,-0.1586281760958244,-0.00028626562931088895,2.1454096629423636,1.2915285552256996,1.4429905428982668,0.8949420948973313,10404,10396,3,Box 4,ARG_mid_3aer-ARG_mid
2017-07-15 12:16:00,-71.19207000732422,-0.4037560224533081,-70.82549285888672,-45.80841064453125,-31.747493743896484,6.742734432220459,-0.012320155277848244,-82.7567138671875,0.6849064826965332,3.7035677433013916,0.6467785779810132,0.4482495462708552,-0.0952020751107509,0.00017395085888244344,2.8666346126931135,1.44042558743531,1.7207514542430329,0.8371700551495533,10373,10060,0,Box 1,ARG_mid_3aer-ARG_mid
2017-07-15 12:16:00,-89.95716094970703,-0.081023208796978,-89.88018798828125,-50.14809036254883,-41.75125503540039,2.052345037460327,-0.03318379074335098,-103.50094604492188,0.4705154001712799,0.43027767539024353,0.557943767713634,0.4645212631478927,-0.02283423112981118,0.00036920026828449887,2.2777337367362507,1.4087087159730578,1.6352479871935435,0.8616213139449685,10404,10356,1,Box 2,ARG_mid_3aer-ARG_mid
2017-07-15 12:16:00,-67.98273468017578,-0.008198683150112629,-67.97454071044922,-47.45194625854492,-29.093420028686523,8.605749130249023,-0.03492244333028793,-75.58057403564453,0.3691006004810333,0.16731008887290955,0.6980841054681753,0.4280046660225368,-0.12660252916821935,0.0005137576775072206,2.0693539346956094,1.2497445598951373,1.4151754288766356,0.8832597810123937,10404,10403,2,Box 3,ARG_mid_3aer-ARG_mid
2017-07-15 12:16:00,-72.25566864013672,-0.08410074561834335,-72.18749237060547,-49.47707748413086,-33.413238525390625,10.735896110534668,-0.03306980058550835,-81.26214599609375,0.44622644782066345,0.8855060935020447,0.6853968343520592,0.4628674476058951,-0.14872239181683178,0.0004581098588774535,2.115844747723329,1.2879651366946494,1.4397748168011022,0.8947095042555493,10404,10396,3,Box 4,ARG_mid_3aer-ARG_mid
2017-07-15 12:18:00,-72.20899200439453,-0.787623405456543,-71.45817565917969,-45.33832931518555,-31.584871292114258,5.4693732261657715,-0.004343762528151274,-84.03672790527344,0.745665967464447,3.937495470046997,0.6344736452737003,0.44200506125031247,-0.07653949400616473,6.0787482151949956e-05,2.8227426909159523,1.4354224064785044,1.7249206268346484,0.832194800790024,10369,10017,0,Box 1,ARG_mid_3aer-ARG_mid
2017-07-15 12:18:00,-88.49275207519531,-0.09392380714416504,-88.39949798583984,-49.93702697753906,-40.444766998291016,1.9777902364730835,0.004503895062953234,-101.67654418945312,0.45820188522338867,0.3086000382900238,0.5649017047812456,0.4575225643537442,-0.02237331980519227,-5.0949329797524145e-05,2.2432164259311373,1.3870367773762944,1.6107927394646986,0.8610686242966573,10404,10373,1,Box 2,ARG_mid_3aer-ARG_mid
2017-07-15 12:18:00,-68.2691421508789,-0.040410008281469345,-68.23111724853516,-47.85526657104492,-29.575910568237305,9.184066772460938,0.0159867312759161,-75.97229766845703,0.3704847991466522,0.1438659280538559,0.7013700561697087,0.43346654868077333,-0.13460230224183253,-0.00023430260864951147,2.070030458852302,1.2521065389770274,1.4130944600033961,0.8860024123226026,10404,10401,2,Box 3,ARG_mid_3aer-ARG_mid
2017-07-15 12:18:00,-74.30375671386719,-0.1516989767551422,-74.15953826904297,-49.77788162231445,-34.19568634033203,9.793410301208496,0.020617825910449028,-83.74346923828125,0.45524993538856506,0.7357307076454163,0.6712269592950718,0.46110974607194,-0.1320586854904938,-0.0002780198765180153,2.0981058984138263,1.289858760789024,1.44484234142488,0.8926418913272439,10404,10395,3,Box 4,ARG_mid_3aer-ARG_mid
2017-07-15 12:20:00,-72.72254180908203,-0.7903756499290466,-71.92364501953125,-44.756263732910156,-31.860116958618164,4.731081485748291,-0.038351938128471375,-84.7177505493164,0.7933064103126526,4.093297481536865,0.6222746629305881,0.44297131971741666,-0.0657792138893207,0.0005332312413159623,2.821195900972032,1.4465128584923765,1.7429430156859953,0.8301714045531797,10372,10032,0,Box 1,ARG_mid_3aer-ARG_mid
2017-07-15 12:20:00,-88.29273986816406,-0.09650342911481857,-88.20226287841797,-50.53156280517578,-40.35383224487305,2.6779394149780273,0.005192768294364214,-101.39600372314453,0.4714583456516266,0.3150905966758728,0.5729055190341807,0.4575146996463328,-0.03036134526657851,-5.887341393502263e-05,2.289355452422187,1.3919738959652888,1.6191674643885217,0.8596605566250162,10404,10382,1,Box 2,ARG_mid_3aer-ARG_mid
2017-07-15 12:20:00,-68.85376739501953,-0.0002613368851598352,-68.85350799560547,-48.84781265258789,-30.25316047668457,10.268242835998535,-0.020768770948052406,-76.61577606201172,0.41102519631385803,0.16955667734146118,0.7094455927253596,0.4393844931276541,-0.1491317229328139,0.00030163707980024324,2.089860138013824,1.2564057101131236,1.4138626504558143,0.8887263317068479,10404,10404,2,Box 3,ARG_mid_3aer-ARG_mid
2017-07-15 12:20:00,-74.63330078125,-0.0070986575447022915,-74.63854217529297,-49.98558044433594,-34.9101676940918,10.288484573364258,-0.03128030523657799,-84.28621673583984,0.4619442820549011,0.6462162137031555,0.6697020119327535,0.46772300834039576,-0.13784411074255723,0.00041909046940799555,2.1005117449080504,1.2958558137124094,1.4468786452442866,0.8957602990523011,10404,10402,3,Box 4,ARG_mid_3aer-ARG_mid
2017-07-15 12:22:00,-74.77681732177734,-0.784521222114563,-73.97212219238281,-44.904258728027344,-33.65393829345703,4.67312479019165,-0.08705008774995804,-87.18951416015625,0.8310502767562866,4.182119846343994,0.6070429707698335,0.4549543658499179,-0.06317413251101563,0.0011767958912642512,2.8151141957545547,1.4738036254571865,1.765317123360463,0.8354247678761605,10372,10035,0,Box 1,ARG_mid_3aer-ARG_mid
2017-07-15 12:22:00,-88.90695190429688,-0.0311795175075531,-88.8755111694336,-48.96511459350586,-41.36850357055664,1.4648500680923462,-0.00673649413511157,-102.11925506591797,0.4925980269908905,0.4383533298969269,0.5509405186006833,0.46546572756607796,-0.016482043132769412,7.579696600818267e-05,2.240019386317072,1.4059059239250706,1.6289637823681926,0.863099558804357,10404,10392,1,Box 2,ARG_mid_3aer-ARG_mid
2017-07-15 12:22:00,-69.65125274658203,-0.07526050508022308,-69.58207702636719,-51.14508819580078,-30.5607852935791,12.158943176269531,-0.03514782711863518,-77.50652313232422,0.4383169114589691,0.2520653307437897,0.7350324709912637,0.43920485646056234,-0.1747424550267486,0.0005051275749225759,2.1238131051571005,1.252365517936603,1.4071665671753275,0.8901445284642011,10404,10400,2,Box 3,ARG_mid_3aer-ARG_mid
2017-07-15 12:22:00,-76.08162689208984,-0.10916309803724289,-75.99044799804688,-50.383487701416016,-35.26702880859375,9.690959930419922,-0.030891336500644684,-86.0448989868164,0.5041809678077698,0.6546655893325806,0.6630239434992777,0.4640981988365704,-0.12752865836911106,0.0004065160332629436,2.1063737726709757,1.297875023074412,1.4543083180447718,0.8925704590130091,10404,10398,3,Box 4,ARG_mid_3aer-ARG_mid
2017-07-15 12:24:00,-74.29206085205078,-0.98688805103302,-73.3398666381836,-44.714378356933594,-32.64849090576172,4.0062642097473145,0.016747184097766876,-86.62529754638672,0.8159171938896179,4.002434730529785,0.6096872845698313,0.4451670767346344,-0.054626010969701926,-0.000228350334763823,2.7347984471818503,1.4438162068112042,1.7333228774501799,0.8328712964788363,10374,10046,0,Box 1,ARG_mid_3aer-ARG_mid
2017-07-15 12:24:00,-89.83521270751953,-0.03327585384249687,-89.80508422851562,-49.44054412841797,-42.189208984375,1.8646869659423828,-0.04000818356871605,-103.30429077148438,0.5077936053276062,0.4793030917644501,0.5505317330008945,0.46978647992655936,-0.020763713137746134,0.00044550021029223993,2.243375006992418,1.4116204567675212,1.6310316869675188,0.865665674264883,10404,10395,1,Box 2,ARG_mid_3aer-ARG_mid
2017-07-15 12:24:00,-69.0615234375,0.008597886189818382,-69.06987762451172,-52.94777297973633,-29.583621978759766,13.501922607421875,-0.04040726646780968,-76.58856964111328,0.45091742277145386,0.2852276861667633,0.7665826460395713,0.42831441513762397,-0.1954820812660302,0.0005850200888349588,2.144007700943584,1.237466391082554,1.3932441776924496,0.8883629437717582,10404,10403,2,Box 3,ARG_mid_3aer-ARG_mid
2017-07-15 12:24:00,-76.85210418701172,-5.0777387514244765e-05,-76.85205841064453,-50.69922637939453,-36.04551315307617,9.923067092895508,-0.030392911285161972,-86.87769317626953,0.5396321415901184,0.6270706057548523,0.6596989352896164,0.4690246710999346,-0.12911907933913053,0.00039547294957947843,2.1182602029506294,1.3058111963672971,1.4612049945935734,0.8937877104343309,10404,10404,3,Box 4,ARG_mid_3aer-ARG_mid
2017-07-15 12:26:00,-73.10304260253906,-1.3818106651306152,-71.77510070800781,-44.94609451293945,-30.22139549255371,3.5275774002075195,-0.13518135249614716,-85.23348999023438,0.79030442237854,3.727252721786499,0.6262074381340628,0.4210568090984202,-0.04914764908892708,0.0018834018564441238,2.6946845617333195,1.3955166547286606,1.694968042287645,0.824147817587895,10386,10035,0,Box 1,ARG_mid_3aer-ARG_mid
2017-07-15 12:26:00,-90.13899993896484,-0.019160054624080658,-90.11955261230469,-48.70204162597656,-42.94894790649414,1.5035719871520996,0.02786623314023018,-103.85336303710938,0.5134493708610535,0.45420753955841064,0.5404159231870534,0.4765774848333812,-0.01668419397149203,-0.0003092140489426125,2.2112382154141423,1.4189338629737895,1.6314518160025866,0.8696052853759334,10404,10396,1,Box 2,ARG_mid_3aer-ARG_mid
2017-07-15 12:26:00,-69.18670654296875,-0.0002476816007401794,-69.18645477294922,-53.09585952758789,-28.864511489868164,12.812609672546387,-0.038691285997629166,-76.51842498779297,0.45270466804504395,0.23633699119091034,0.7674314255559025,0.41719890545676674,-0.18518956311993656,0.0005592321072673268,2.119382808985264,1.2265030823094003,1.385762615118874,0.8852359448901802,10404,10404,2,Box 3,ARG_mid_3aer-ARG_mid
2017-07-15 12:26:00,-77.2848129272461,-0.048225145787000656,-77.24451446533203,-51.03236770629883,-36.74456024169922,10.588469505310059,-0.05605851486325264,-87.3929672241211,0.5770174264907837,0.6728015542030334,0.6606600984575852,0.4756914646057435,-0.13707729117093728,0.000725728107608542,2.118931245010475,1.3104065891121084,1.4606323727032267,0.8973968861688875,10404,10399,3,Box 4,ARG_mid_3aer-ARG_mid
2017-07-15 12:28:00,-72.25923156738281,-1.2423573732376099,-71.01979064941406,-44.9512939453125,-29.87257957458496,3.9230494499206543,-0.11896290630102158,-84.26319122314453,0.7700429558753967,3.5763847827911377,0.6329404171428452,0.42062334193805495,-0.05523882607352759,0.0016750669926274275,2.7547124272642676,1.4003200629471872,1.7051511129673553,0.8219637345328968,10397,10029,0,Box 1,ARG_mid_3aer-ARG_mid
2017-07-15 12:28:00,-91.17821502685547,-0.0020349391270428896,-91.17618560791016,-48.15299987792969,-43.822383880615234,0.8362138271331787,-0.03700569272041321,-105.08756256103516,0.5099064707756042,0.45646932721138,0.5281313726910165,0.4806341642722968,-0.00917140716768113,0.0004058702043677944,2.181083590361472,1.4259588729860389,1.6358937451832418,0.8718437626323449,10404,10401,1,Box 2,ARG_mid_3aer-ARG_mid
2017-07-15 12:28:00,-68.73937225341797,-0.0003586682432796806,-68.73900604248047,-53.157432556152344,-28.49226188659668,12.930803298950195,-0.020113423466682434,-75.9439468383789,0.4587312340736389,0.23373468220233917,0.7733226642992528,0.4144992283346233,-0.1881144983008853,0.0002926056670091992,2.1232439101463347,1.2235891186373413,1.3834076463640166,0.8845587384416371,10404,10404,2,Box 3,ARG_mid_3aer-ARG_mid
2017-07-15 12:28:00,-76.59082794189453,3.167592149111442e-05,-76.59085083007812,-51.21788024902344,-36.650875091552734,11.324317932128906,-0.04642477631568909,-86.71636199951172,0.545939564704895,0.7267679572105408,0.6687205248207657,0.4785280084395169,-0.1478546730853853,0.0006061398251026584,2.1168269005686557,1.3077603668810085,1.453257356766358,0.9000860764211621,10404,10404,3,Box 4,ARG_mid_3aer-ARG_mid
2017-07-15 12:30:00,-72.84152221679688,-0.746281623840332,-72.04798889160156,-43.143089294433594,-31.42860984802246,2.5751447677612305,-0.051438722759485245,-84.97246551513672,0.7619190216064453,3.542158603668213,0.5988104086923669,0.43621771904176526,-0.03574207854956128,0.000713950815429118,2.702338148493184,1.4363343148319854,1.7391293284961225,0.8262191223221399,10395,10038,0,Box 1,ARG_mid_3aer-ARG_mid
2017-07-15 12:30:00,-92.61051940917969,-0.01191889587789774,-92.59879302978516,-49.51747512817383,-44.57243728637695,1.5364797115325928,-0.045355845242738724,-106.80436706542969,0.5011422634124756,0.39809706807136536,0.5347529879986112,0.4813500708992641,-0.01659286922423018,0.0004898103263549017,2.200196383922062,1.4260371118995578,1.6348208878236816,0.8724995464561223,10404,10400,1,Box 2,ARG_mid_3aer-ARG_mid
2017-07-15 12:30:00,-68.826416015625,-0.035032521933317184,-68.79255676269531,-52.84260940551758,-28.67379379272461,12.74358081817627,-0.0197340939193964,-75.97831726074219,0.4963027238845825,0.31404247879981995,0.768144308705623,0.416815356218104,-0.18524652871362796,0.0002868637899009485,2.13086694634292,1.2278396811368961,1.3885955997348827,0.8843145686434997,10404,10402,2,Box 3,ARG_mid_3aer-ARG_mid
2017-07-15 12:30:00,-75.16082000732422,-0.08609810471534729,-75.07989501953125,-51.58946228027344,-35.915992736816406,12.48161792755127,-0.0560627281665802,-85.10343933105469,0.5246726274490356,0.7737253904342651,0.6871274754535969,0.4783702753854022,-0.16624445836050392,0.0007467075215048247,2.097759269443357,1.294199709574541,1.4324758709991274,0.9037130095218088,10404,10398,3,Box 4,ARG_mid_3aer-ARG_mid
2017-07-15 12:32:00,-73.69435119628906,-0.2975335121154785,-73.38714599609375,-42.377742767333984,-33.99797439575195,2.879552125930786,0.10902334004640579,-86.00736236572266,0.7776938676834106,3.7669854164123535,0.5774545967433373,0.4632688242696344,-0.03923782913345473,-0.0014855918795169884,2.7598153608781786,1.5026237311541297,1.7967854204741152,0.8355567480197461,10386,10111,0,Box 1,ARG_mid_3aer-ARG_mid
2017-07-15 12:32:00,-94.5059585571289,0.007642784155905247,-94.5087890625,-50.55058288574219,-45.604366302490234,1.6618919372558594,-0.015731509774923325,-108.99764251708984,0.5092169642448425,0.37116318941116333,0.5348770702189869,0.48254099682577817,-0.017584522564542782,0.00016645551977772025,2.2117728611157603,1.4305543534191807,1.639989129697164,0.8723668527235767,10404,10400,1,Box 2,ARG_mid_3aer-ARG_mid
2017-07-15 12:32:00,-69.23868560791016,0.00039477841346524656,-69.23908233642578,-54.085086822509766,-28.568498611450195,13.459147453308105,-0.04465416818857193,-76.39081573486328,0.5221864581108093,0.37336888909339905,0.7811351157663028,0.4126064925170985,-0.19438653544262952,0.0006449271592282035,2.143558428476213,1.2230808180979789,1.3845389723774884,0.8835702847317436,10404,10404,2,Box 3,ARG_mid_3aer-ARG_mid
2017-07-15 12:32:00,-73.3187484741211,-0.01868567429482937,-73.30005645751953,-52.96595001220703,-34.30842590332031,14.025663375854492,-0.05134866014122963,-82.76914978027344,0.5106808543205261,0.7234852313995361,0.7225908056329587,0.46805452359362576,-0.19134585595543893,0.0007005267288544281,2.0994599505752074,1.271515852274368,1.4079564173698575,0.9033096672154781,10404,10402,3,Box 4,ARG_mid_3aer-ARG_mid
2017-07-15 12:34:00,-74.83171081542969,-0.4957953989505768,-74.34429168701172,-43.16842269897461,-34.706451416015625,3.563206434249878,-0.032626066356897354,-87.45736694335938,0.8060824275016785,4.079762935638428,0.580655534889837,0.46683406195578675,-0.04792844783343313,0.0004388509878093666,2.855122711203405,1.5246005261664766,1.8262393657445926,0.8350512878196058,10396,10113,0,Box 1,ARG_mid_3aer-ARG_mid
2017-07-15 12:34:00,-94.58731842041016,0.024147329851984978,-94.59803009033203,-50.66804885864258,-45.568382263183594,1.7156002521514893,-0.07720404118299484,-109.0938720703125,0.5075603127479553,0.40640535950660706,0.5356141773775315,0.4817053821881752,-0.018135686951614202,0.0008161273859075141,2.219471900049949,1.4311991223698481,1.6424210201071585,0.8717489429439542,10404,10393,1,Box 2,ARG_mid_3aer-ARG_mid
2017-07-15 12:34:00,-69.38031768798828,0.0011053257621824741,-69.38142395019531,-56.07233810424805,-28.232545852661133,14.967395782470703,-0.04393463581800461,-76.50685119628906,0.5476717948913574,0.2804628014564514,0.8081751290984666,0.40691791284333867,-0.21572627541066297,0.0006332334688577412,2.1702553322630798,1.2153936506809035,1.3765580096860905,0.8831009150905572,10404,10404,2,Box 3,ARG_mid_3aer-ARG_mid
2017-07-15 12:34:00,-73.15512084960938,0.01804899051785469,-73.15694427490234,-53.77052688598633,-34.11579895019531,14.741771697998047,-0.012386401183903217,-82.52962493896484,0.49795061349868774,0.6833691596984863,0.7350023805079091,0.46633715806427806,-0.20150885129278215,0.00016931272059497737,2.131533850911681,1.2713722416499096,1.4095039264713463,0.9020522079554986,10404,10402,3,Box 4,ARG_mid_3aer-ARG_mid
2017-07-15 12:36:00,-76.14795684814453,-0.7806524038314819,-75.39361572265625,-42.626712799072266,-35.095149993896484,2.326565742492676,0.0016865245997905731,-89.13426971435547,0.8317035436630249,4.407168865203857,0.5653889180428154,0.46549237599341003,-0.030858924441934294,-2.2369594291176548e-05,2.8181925462430915,1.5319108036219429,1.841988043162743,0.831650279632965,10401,10159,0,Box 1,ARG_mid_3aer-ARG_mid
2017-07-15 12:36:00,-94.29095458984375,-0.09864044189453125,-94.22077178955078,-50.60683822631836,-45.17618942260742,1.6157922744750977,-0.053537435829639435,-108.63597869873047,0.5376979112625122,0.48219820857048035,0.5371091626010794,0.47947162594079,-0.017149001151572727,0.0005682126097032759,2.216061023255484,1.4264237371853679,1.638589591196369,0.8707635279065064,10404,10384,1,Box 2,ARG_mid_3aer-ARG_mid
2017-07-15 12:36:00,-69.900390625,-0.0012967264046892524,-69.89908599853516,-57.37981033325195,-28.509124755859375,16.016271591186523,-0.02642221748828888,-77.17831420898438,0.5284783840179443,0.2936863601207733,0.8208949625768795,0.40786121151591637,-0.22913417929933722,0.00037800520654129866,2.2002772999769866,1.216409655021523,1.3774209458785782,0.8832135915976856,10404,10404,2,Box 3,ARG_mid_3aer-ARG_mid
2017-07-15 12:36:00,-73.53429412841797,-0.010076016187667847,-73.50482940673828,-54.221527099609375,-34.2266845703125,14.9561185836792,-0.012737749144434929,-83.10862731933594,0.48195531964302063,0.8458559513092041,0.737659344095796,0.4656385779093909,-0.20347121332468585,0.0001732913194989194,2.1701008851449943,1.2770251489072248,1.4192159065016061,0.8998649343078223,10404,10395,3,Box 4,ARG_mid_3aer-ARG_mid
2017-07-15 12:38:00,-75.68708801269531,-0.8692925572395325,-74.85610961914062,-43.55644989013672,-34.19572448730469,2.803762197494507,0.09229017049074173,-88.66598510742188,0.8280996680259705,4.487259864807129,0.581868891146461,0.4568193586044531,-0.037455348931948323,-0.001232900818965793,2.8258701441992544,1.503479483894468,1.8132182832678518,0.8285691768966308,10401,10153,0,Box 1,ARG_mid_3aer-ARG_mid
2017-07-15 12:38:00,-93.87984466552734,-0.05878008157014847,-93.81245422363281,-51.024375915527344,-45.181129455566406,2.4584975242614746,-0.06544658541679382,-108.0831298828125,0.5603660345077515,0.5111860632896423,0.5438976925011961,0.4816111899609622,-0.026206514551111722,0.0006976320889534003,2.219346491882276,1.4232720345483503,1.6300001513784865,0.8734706172323327,10404,10389,1,Box 2,ARG_mid_3aer-ARG_mid
2017-07-15 12:38:00,-70.60348510742188,-0.01946745067834854,-70.58425903320312,-58.0975341796875,-28.850496292114258,16.4025821685791,-0.038817234337329865,-77.99678802490234,0.495712012052536,0.3720187246799469,0.8230947033131745,0.4087383689763213,-0.23238301402569939,0.0005499417362035963,2.2096184589085897,1.217563989467942,1.3786058808095385,0.8833409259811936,10404,10403,2,Box 3,ARG_mid_3aer-ARG_mid
2017-07-15 12:38:00,-75.30740356445312,-0.0043493034318089485,-75.29546356201172,-55.278907775878906,-34.2039909362793,14.220715522766113,-0.03328486159443855,-85.17030334472656,0.46989867091178894,0.943764328956604,0.7341598667568016,0.4542635872088194,-0.18886551066933652,0.00044205670371558203,2.177414623130591,1.2721872481121939,1.4237596144665894,0.8936803233649179,10404,10401,3,Box 4,ARG_mid_3aer-ARG_mid
2017-07-15 12:40:00,-75.60260772705078,-0.9141805171966553,-74.71680450439453,-43.1113166809082,-34.33534240722656,2.6658341884613037,0.06402327120304108,-88.63504791259766,0.8217300176620483,4.419934272766113,0.5769962524502589,0.45953980765635644,-0.035679180959912564,-0.0008568791467027451,2.844224904994004,1.516269166139401,1.829182380758075,0.8285039274584046,10387,10083,0,Box 1,ARG_mid_3aer-ARG_mid
2017-07-15 12:40:00,-92.98070526123047,-0.010040150955319405,-92.96785736083984,-51.68781280517578,-44.88433074951172,3.6288387775421143,-0.02455073595046997,-107.04387664794922,0.5530018210411072,0.43843474984169006,0.5559750898939139,0.4827940929488564,-0.039033260512195155,0.0002640776694248989,2.242547059285212,1.4199967772250661,1.6228789948729743,0.8750981212128095,10404,10401,1,Box 2,ARG_mid_3aer-ARG_mid
2017-07-15 12:40:00,-70.47772979736328,-0.02861638553440571,-70.45052337646484,-58.553226470947266,-28.17937469482422,16.33597183227539,-0.0538993738591671,-77.90401458740234,0.47801363468170166,0.4043217599391937,0.8311254369910954,0.39998814375285197,-0.23187864779375678,0.000765067049809387,2.200891939465503,1.2090372388583617,1.3721561462034177,0.8813355028763751,10404,10402,2,Box 3,ARG_mid_3aer-ARG_mid
2017-07-15 12:40:00,-75.5117416381836,0.034716445952653885,-75.5409164428711,-55.52430725097656,-33.471153259277344,13.474187850952148,-0.019648119807243347,-85.32682800292969,0.43488410115242004,0.8392263054847717,0.7350228896927545,0.44308640839598057,-0.17836939711967215,0.00026009903093704434,2.1415116999330106,1.2580051848027887,1.4124787685104419,0.8907165312747779,10404,10394,3,Box 4,ARG_mid_3aer-ARG_mid
2017-07-15 12:42:00,-75.4192123413086,-0.9907498955726624,-74.47016143798828,-44.073516845703125,-34.68311309814453,4.091654300689697,0.1948167234659195,-88.48580932617188,0.8303130269050598,4.507258892059326,0.5918278796246517,0.46573169708893647,-0.05494353906303413,-0.002616037650554001,3.03676883636446,1.5481534363388987,1.8694214684062833,0.826791453954967,10368,10015,0,Box 1,ARG_mid_3aer-ARG_mid
2017-07-15 12:42:00,-93.1446533203125,-0.0004608962044585496,-93.14419555664062,-52.250797271728516,-45.150455474853516,4.287467002868652,-0.030406231060624123,-107.29136657714844,0.5370802879333496,0.48897913098335266,0.5609667672283201,0.4847372194372697,-0.04603042925759669,0.00032644259200691195,2.26555732309662,1.4238204623127022,1.625733571358033,0.8759407919046128,10404,10404,1,Box 2,ARG_mid_3aer-ARG_mid
2017-07-15 12:42:00,-70.43375396728516,0.023208169266581535,-70.45494079589844,-59.046058654785156,-27.55434226989746,16.107057571411133,0.03839867189526558,-77.76828002929688,0.4664725363254547,0.3556714951992035,0.8380683581417733,0.3910916625368001,-0.22861501035280657,-0.0005450103257668149,2.213049494379436,1.2036397130630758,1.3715662216081348,0.8774147743031383,10404,10398,2,Box 3,ARG_mid_3aer-ARG_mid
2017-07-15 12:42:00,-74.20338439941406,0.018795130774378777,-74.22103118896484,-54.959259033203125,-32.782840728759766,13.463717460632324,0.05734232813119888,-83.58607482910156,0.4395294785499573,0.8086407780647278,0.7404808680837373,0.4416920028370661,-0.18140028224420698,-0.0007725886765963808,2.126573781266191,1.2523612630761267,1.404455407987121,0.8914720023444925,10404,10396,3,Box 4,ARG_mid_3aer-ARG_mid
2017-07-15 12:44:00,-74.77303314208984,-1.3200856447219849,-73.48485565185547,-44.08986282348633,-33.489418029785156,4.0754218101501465,0.01900751143693924,-87.721435546875,0.8233284950256348,4.4850006103515625,0.5999857181411543,0.45573228893733675,-0.055459348195926864,-0.0002586588825641972,2.992939865318941,1.5164054151132522,1.8386758840630641,0.8245969613393129,10361,9889,0,Box 1,ARG_mid_3aer-ARG_mid
2017-07-15 12:44:00,-93.81228637695312,-0.1750253140926361,-93.64289855957031,-53.81352233886719,-45.26906204223633,5.456064701080322,-0.016380496323108673,-108.17700958251953,0.5335463881492615,0.5739686489105225,0.5746674044193649,0.48342225566001307,-0.05826458521338898,0.0001749251340109892,2.3056068040190763,1.4209908221711869,1.623424166316834,0.8753789039388535,10404,10396,1,Box 2,ARG_mid_3aer-ARG_mid
2017-07-15 12:44:00,-71.34413146972656,-0.017347972840070724,-71.32798767089844,-58.30603790283203,-27.75963020324707,14.755753517150879,-0.018054407089948654,-78.8687973022461,0.4722287952899933,0.3651604950428009,0.8174358119381433,0.38918293438758583,-0.20687186448728673,0.00025311816155759725,2.1859332651284475,1.2046223766519395,1.3756148895985953,0.8757680847381683,10404,10403,2,Box 3,ARG_mid_3aer-ARG_mid
2017-07-15 12:44:00,-72.99873352050781,-0.017334822565317154,-72.98258972167969,-53.90300750732422,-31.65785026550293,12.611015319824219,-0.03274782747030258,-82.05677032470703,0.46225085854530334,0.8845300078392029,0.738573480330608,0.4337726291900641,-0.17279481686788323,0.00044870734721114136,2.09982550922323,1.2434002096275745,1.3976804093338167,0.8897506294927202,10404,10403,3,Box 4,ARG_mid_3aer-ARG_mid
2017-07-15 12:46:00,-73.24436950683594,-1.3179770708084106,-71.95584106445312,-43.132755279541016,-32.1308479309082,3.3211989402770996,-0.013437884859740734,-85.91514587402344,0.8058926463127136,4.385279178619385,0.5994336817436786,0.4465356409976819,-0.046156074560799114,0.00018675181943860614,2.925422406768509,1.4915531705402756,1.8165123010500663,0.821199752245549,10372,9935,0,Box 1,ARG_mid_3aer-ARG_mid
2017-07-15 12:46:00,-94.67472839355469,-0.1378413587808609,-94.54534912109375,-54.36878967285156,-45.75495529174805,5.612289905548096,-0.03388569876551628,-109.15609741210938,0.5470969676971436,0.6212322115898132,0.5750552087462578,0.48394720796767754,-0.059360823570392844,0.0003584068564574869,2.294985861988184,1.4184374520038578,1.618556093103308,0.8765110338501233,10404,10396,1,Box 2,ARG_mid_3aer-ARG_mid
2017-07-15 12:46:00,-73.28759002685547,0.00015826450544409454,-73.28775024414062,-57.042171478271484,-29.228376388549805,12.97040843963623,0.012387286871671677,-81.3680191040039,0.4660663306713104,0.32992973923683167,0.7783315440348193,0.3988166828449948,-0.17697920426846467,-0.00016902261134940644,2.1680074911820992,1.2192666222285444,1.3929116683824234,0.8752876126085591,10404,10404,2,Box 3,ARG_mid_3aer-ARG_mid
2017-07-15 12:46:00,-70.24497985839844,-0.0261257104575634,-70.21615600585938,-52.048892974853516,-29.325176239013672,11.199294090270996,-0.041386786848306656,-78.68830871582031,0.4433792233467102,0.7843916416168213,0.7412665896136083,0.4176413903335176,-0.15949739960639692,0.0005894196592710621,2.0406404210389266,1.2225417042754188,1.3781485500641193,0.8872576536381669,10404,10389,3,Box 4,ARG_mid_3aer-ARG_mid
2017-07-15 12:48:00,-72.282958984375,-1.253951907157898,-71.03144836425781,-41.63106918334961,-31.732295989990234,2.3763396739959717,-0.0444202646613121,-84.8479995727539,0.8004379272460938,4.390595436096191,0.5860934832876599,0.4467359127629804,-0.0334547565972216,0.0006253605465813203,2.8776241146123156,1.4960425163515596,1.8241891948761952,0.8204220419122873,10376,9958,0,Box 1,ARG_mid_3aer-ARG_mid
2017-07-15 12:48:00,-94.55447387695312,-0.02856597863137722,-94.52645111083984,-55.535945892333984,-45.83460998535156,6.894901275634766,-0.050795141607522964,-109.06086730957031,0.5397283434867859,0.6137000322341919,0.5875175231714769,0.48488661316021486,-0.07294150068556668,0.0005373643538749417,2.3087442853473297,1.412373745021771,1.6075501728189556,0.8788118103505176,10404,10402,1,Box 2,ARG_mid_3aer-ARG_mid
2017-07-15 12:48:00,-75.65594482421875,-0.06244279071688652,-75.58930206298828,-56.22966003417969,-31.633329391479492,12.252706527709961,0.020983314141631126,-84.63735961914062,0.46999070048332214,0.39444273710250854,0.7438838798321553,0.4184894840472815,-0.16209576753161337,-0.0002775963478234278,2.1832468675771834,1.2456188337755765,1.4188991030544746,0.8777917015260096,10404,10399,2,Box 3,ARG_mid_3aer-ARG_mid
2017-07-15 12:48:00,-68.72466278076172,-0.13282592594623566,-68.58929443359375,-53.066986083984375,-27.467395782470703,11.964835166931152,-0.019757451489567757,-76.84187316894531,0.4526759684085846,0.6986120939254761,0.7736918683982431,0.4004618010272016,-0.17444172386373116,0.0002880544382864725,2.057643083313222,1.2053132832340874,1.3646167604796626,0.883340478445919,10404,10393,3,Box 4,ARG_mid_3aer-ARG_mid
2017-07-15 12:50:00,-72.5028305053711,-1.3193467855453491,-71.16617584228516,-43.02267074584961,-32.8386344909668,4.637970924377441,0.05716168135404587,-85.16539001464844,0.8219864964485168,4.5610575675964355,0.6045382131208518,0.4614359937877102,-0.06517099267221474,-0.0008032142363472439,3.0909781276208275,1.5383029036157556,1.8630802855105857,0.8252646367574975,10387,9944,0,Box 1,ARG_mid_3aer-ARG_mid
2017-07-15 12:50:00,-93.9490737915039,-0.039229556918144226,-93.91046905517578,-56.125572204589844,-45.30241394042969,7.553921699523926,-0.0363946259021759,-108.35840606689453,0.5350998640060425,0.5294574499130249,0.5976498355733687,0.48240009960447106,-0.0804374811931368,0.0003875460152970439,2.3071732923797743,1.401303590979362,1.5940591363298262,0.8792376684274483,10404,10402,1,Box 2,ARG_mid_3aer-ARG_mid
2017-07-15 12:50:00,-78.12223052978516,-0.048517320305109024,-78.0792007446289,-56.32633590698242,-34.23538589477539,12.477469444274902,0.005052933469414711,-87.85027313232422,0.47631967067718506,0.5067658424377441,0.7214000510070949,0.43846996535688415,-0.15980530087312,-6.471549085906858e-05,2.19591732402114,1.2700412055446346,1.438297115766041,0.8829965093596096,10404,10393,2,Box 3,ARG_mid_3aer-ARG_mid
2017-07-15 12:50:00,-68.52555084228516,-0.062191642820835114,-68.4688491821289,-53.30390930175781,-27.494325637817383,12.335205078125,-0.005812569055706263,-76.4601058959961,0.45030760765075684,0.6925869584083557,0.7785133748252759,0.4015596612552318,-0.18015792971643055,8.489363592281696e-05,2.0804475648177534,1.207961618414135,1.3684346645538525,0.8827559080369162,10404,10392,3,Box 4,ARG_mid_3aer-ARG_mid
2017-07-15 12:52:00,-72.97052001953125,-1.4043774604797363,-71.57591247558594,-44.222618103027344,-32.82297897338867,5.431439399719238,0.03823567554354668,-85.75698852539062,0.8559389710426331,4.745991230010986,0.6178421343702977,0.45857568040173624,-0.07588361725455811,-0.0005341975174757985,3.142660450337124,1.5295103465391386,1.8548039747656921,0.8243489272771195,10397,9945,0,Box 1,ARG_mid_3aer-ARG_mid
2017-07-15 12:52:00,-94.2385482788086,-0.0548563189804554,-94.18486785888672,-56.25457763671875,-45.164306640625,7.281008720397949,-0.04699966311454773,-108.85346984863281,0.5355713963508606,0.4544360339641571,0.5972782998253776,0.47952817910623313,-0.07730549385561898,0.000499014924008237,2.2806897314120174,1.3923156835634358,1.584280740281855,0.8790332276587842,10404,10401,1,Box 2,ARG_mid_3aer-ARG_mid
2017-07-15 12:52:00,-77.92977142333984,-0.18558575212955475,-77.76470184326172,-55.73822021484375,-34.650325775146484,12.710785865783691,-0.08693615347146988,-87.8069839477539,0.46117493510246277,0.5880719423294067,0.7167547882468165,0.4455791562260069,-0.16345188307442504,0.0011179386016016424,2.151418918094168,1.268881967630203,1.4280281864824569,0.8889092635976014,10404,10391,2,Box 3,ARG_mid_3aer-ARG_mid
2017-07-15 12:52:00,-69.73797607421875,-0.22602452337741852,-69.53424835205078,-53.65067672729492,-28.25139045715332,12.404312133789062,-0.03649637848138809,-77.76532745361328,0.45287325978279114,0.7461609244346619,0.771571968408237,0.40629457268857544,-0.17839141017086485,0.0005248690740523587,2.0897208785689076,1.214160461952936,1.3749409489884725,0.8832113081830825,10404,10388,3,Box 4,ARG_mid_3aer-ARG_mid
2017-07-15 12:54:00,-73.09242248535156,-1.356615424156189,-71.72286224365234,-43.11081314086914,-33.05638885498047,4.493420124053955,-0.04907440394163132,-85.92466735839844,0.869725227355957,4.882223129272461,0.6010750214763587,0.46089051847253787,-0.06264976263223562,0.0006842226833390364,3.0763421239570206,1.538533200282989,1.864856570978657,0.8253660842562995,10399,9964,0,Box 1,ARG_mid_3aer-ARG_mid
2017-07-15 12:54:00,-94.11114501953125,0.019473405554890633,-94.12724304199219,-56.527801513671875,-44.961822509765625,7.407637596130371,-0.045254722237586975,-108.78519439697266,0.530160129070282,0.35439422726631165,0.6005466718043105,0.4776706675070929,-0.07869812173150355,0.00048078242010009264,2.261767151887182,1.383447556380018,1.573027247953911,0.8796725546040486,10404,10400,1,Box 2,ARG_mid_3aer-ARG_mid
2017-07-15 12:54:00,-75.51293182373047,-0.22937504947185516,-75.2979507446289,-55.07432174682617,-32.952842712402344,12.900175094604492,-0.170959010720253,-84.97850036621094,0.4311400353908539,0.5452476739883423,0.7314185802484616,0.43763271725262026,-0.17132173127208772,0.002270433771005831,2.0915294820925734,1.2470167166112072,1.3997380949582179,0.8915733581397803,10404,10390,2,Box 3,ARG_mid_3aer-ARG_mid
2017-07-15 12:54:00,-69.84429931640625,-0.360822468996048,-69.53703308105469,-54.90294647216797,-27.626489639282227,13.146684646606445,-0.15427735447883606,-77.95447540283203,0.45841264724731445,0.8215261697769165,0.7895498250575796,0.39729174570691683,-0.18906020663516554,0.002218635870669061,2.089263804113757,1.203672499840132,1.364882434604112,0.8824961530218836,10404,10380,3,Box 4,ARG_mid_3aer-ARG_mid
2017-07-15 12:56:00,-72.96786499023438,-1.3613446950912476,-71.60901641845703,-41.67036437988281,-34.436466217041016,4.355411052703857,0.14239853620529175,-85.88261413574219,0.8995668292045593,5.1040802001953125,0.5819150031808638,0.4808956607696261,-0.060822108222791514,-0.001988555727698328,3.0838777084401543,1.5925585374777296,1.9061860404581863,0.8343975026293388,10395,9885,0,Box 1,ARG_mid_3aer-ARG_mid
2017-07-15 12:56:00,-92.38861083984375,0.02552233636379242,-92.41383361816406,-57.107704162597656,-43.4763298034668,8.221112251281738,-0.050900135189294815,-106.73946380615234,0.5281015038490295,0.3182251453399658,0.6179563014153497,0.47045267507576793,-0.08895976136634805,0.0005507848752303729,2.2580974535180154,1.3634928953032648,1.5517194806620094,0.8789107248418603,10404,10402,1,Box 2,ARG_mid_3aer-ARG_mid
2017-07-15 12:56:00,-72.54432678222656,0.04211452603340149,-72.5713882446289,-56.787559509277344,-30.421964645385742,14.745305061340332,-0.10715854912996292,-81.33489227294922,0.40150976181030273,0.40696585178375244,0.7825062435371516,0.419200614962111,-0.20318345369307375,0.0014765951938111865,2.092233832526549,1.2186469617606908,1.3695379910908467,0.8902366928071584,10404,10395,2,Box 3,ARG_mid_3aer-ARG_mid
2017-07-15 12:56:00,-68.27086639404297,-0.0053699202835559845,-68.24060821533203,-56.47678756713867,-25.646406173706055,13.982736587524414,-0.10014929622411728,-76.1559829711914,0.4347664415836334,0.6108770370483398,0.8276125979026364,0.3758232431273075,-0.20490343171443406,0.001467590684490122,2.067228591716176,1.1792606058893074,1.3397613027335191,0.880579935320799,10404,10377,3,Box 4,ARG_mid_3aer-ARG_mid
2017-07-15 12:58:00,-73.36144256591797,-1.1644574403762817,-72.24059295654297,-41.515625,-36.19637680053711,5.405882358551025,0.06552761793136597,-86.41255187988281,0.9256635904312134,5.3155694007873535,0.5746855856656731,0.501053131770415,-0.07483164264714368,-0.0009070747889443898,3.1881159984128407,1.657711784848902,1.9591312727389558,0.8456303553668001,10375,9857,0,Box 1,ARG_mid_3aer-ARG_mid
2017-07-15 12:58:00,-91.46795654296875,0.05369749665260315,-91.52134704589844,-57.57643508911133,-42.3184814453125,8.418253898620605,-0.04468874633312225,-105.52412414550781,0.5249289274215698,0.3207901418209076,0.6291038980678325,0.46238912543773486,-0.09198131113869659,0.0004882876331292196,2.2550899564592184,1.3483017365058203,1.538598678135836,0.8765024005503543,10404,10400,1,Box 2,ARG_mid_3aer-ARG_mid
2017-07-15 12:58:00,-68.47669219970703,0.666904866695404,-69.11290740966797,-56.37714385986328,-27.353897094726562,14.665449142456055,-0.047321151942014694,-76.47842407226562,0.3460467457771301,0.15450185537338257,0.8157251947290222,0.39578559678219455,-0.21219548485024153,0.0006846933390248222,2.069206668267203,1.192925144050629,1.3460100678418203,0.8864479556675242,10404,10373,2,Box 3,ARG_mid_3aer-ARG_mid
2017-07-15 12:58:00,-65.67596435546875,0.34268638491630554,-66.0027847290039,-53.91246032714844,-24.42437171936035,12.33326530456543,0.0007869281689636409,-72.98074340820312,0.40700405836105347,0.361836314201355,0.8168210676143144,0.37005065894953487,-0.18685980391176832,-1.1922652080942342e-05,2.01646043637501,1.172182666707258,1.3313701895204364,0.8804303085831661,10404,10353,3,Box 4,ARG_mid_3aer-ARG_mid
2017-07-15 13:00:00,-74.09776306152344,-1.6452906131744385,-72.48124694824219,-40.65956115722656,-36.86909866333008,5.0761003494262695,-0.02868683822453022,-87.412353515625,0.9487065672874451,5.561950206756592,0.5609666286628084,0.508670886470262,-0.07003329804487606,0.0003957829118055728,3.1198088242169377,1.675064807005334,1.9661515046295626,0.852179029503572,10363,9728,0,Box 1,ARG_mid_3aer-ARG_mid
2017-07-15 13:00:00,-89.69412994384766,0.041766583919525146,-89.73567962646484,-57.28492736816406,-40.59245681762695,8.180660247802734,-0.03895873948931694,-103.23687744140625,0.5157148838043213,0.3253868520259857,0.6383740074310258,0.4523558118093825,-0.09116396923341498,0.00043414999300668555,2.2305739047431743,1.3287555647463867,1.5202996651477505,0.8741679526740721,10404,10401,1,Box 2,ARG_mid_3aer-ARG_mid
2017-07-15 13:00:00,-67.39708709716797,0.3046792447566986,-67.71405792236328,-55.63569259643555,-25.961172103881836,13.911413192749023,-0.028600886464118958,-75.27935791015625,0.3335575759410858,0.12472791969776154,0.8216269848737567,0.38339414815324935,-0.20544351043939418,0.00042237741238809745,2.0588599595963095,1.1835143371383463,1.3404114083668923,0.8830578394047455,10404,10375,2,Box 3,ARG_mid_3aer-ARG_mid
2017-07-15 13:00:00,-64.9206771850586,0.18136373162269592,-65.13445281982422,-53.15632247924805,-23.623321533203125,11.655635833740234,-0.010440911166369915,-71.98511505126953,0.39933234453201294,0.4279286861419678,0.8161015081421727,0.36268550614707945,-0.17894731210353768,0.00016029781428547607,2.023090679389401,1.1694953105171524,1.3334929427580957,0.8770569590219077,10404,10356,3,Box 4,ARG_mid_3aer-ARG_mid
