time,DCRE_total,DCRE_CF,DCRE_A,DCRE_A_Nc,DCRE_A_LWP,DCRE_A_re,DCRE_A_cov,DCRE_sfc,DCRE_lw_toa,DCRE_lw_sfc,frac_Nc,frac_LWP,frac_re,frac_cov,R_Nc,R_LWP,R_tau,R_re,n_any_pix,n_both_pix,box,box_label,pair
2017-07-15 09:04:00,4.3991899490356445,-0.001302105258218944,4.395548343658447,3.8318445682525635,-0.023737255483865738,0.509698212146759,0.07774283736944199,4.765264987945557,-0.01690194383263588,-0.30751779675483704,0.8717557635006048,-0.005400294483544717,0.11595781239317592,0.01768671858976399,1.7773902533797885,0.9982201473423671,1.2459754076989817,0.8042778525253715,1502,1491,0,Box 1,org_3aer-org
2017-07-15 09:04:00,5.312902450561523,-0.027104943990707397,5.283328056335449,5.253674507141113,0.03458156809210777,0.11661260575056076,-0.12154003232717514,5.812407970428467,-0.025786541402339935,-0.6159208416938782,0.9943872236774324,0.006545413708103658,0.022071808428052224,-0.023004445813588258,1.9984779230274738,1.0022813644900124,1.261243322425117,0.7904455398851838,1992,1977,1,Box 2,org_3aer-org
2017-07-15 09:04:00,2.260777473449707,-0.039129529148340225,2.2450244426727295,2.3159217834472656,-0.02102375216782093,-0.15137432515621185,0.10150041431188583,2.6793007850646973,-0.009592438116669655,-0.40864333510398865,1.031579904720054,-0.009364599263925334,-0.06742658238989753,0.045211276933768856,2.115051260047402,0.9966057339631136,1.2738567730815946,0.7909616326215397,2286,2254,2,Box 3,org_3aer-org
2017-07-15 09:04:00,1.4871188402175903,-0.004007036332041025,1.4715548753738403,1.5488603115081787,0.0006468433421105146,-0.08835837990045547,0.010406123474240303,1.785740852355957,-0.009387688711285591,-0.362026572227478,1.0525331479780913,0.0004395645067146471,-0.0600442264651143,0.007071513980308378,2.292493638141842,1.0001732543788953,1.300493684765963,0.7705022430973567,5890,5847,3,Box 4,org_3aer-org
2017-07-15 09:06:00,18.526016235351562,-0.013107330538332462,18.521728515625,20.72461700439453,-0.4608907997608185,-2.432488203048706,0.6904908418655396,19.500303268432617,-0.05248018726706505,-0.7469997406005859,1.1189353448509671,-0.024883788610508016,-0.1313315985356147,0.03728004229515561,1.9364648241533717,0.9926785190739928,1.217589244949112,0.8212876540987863,1555,1544,0,Box 1,org_3aer-org
2017-07-15 09:06:00,11.485095977783203,0.0043193260207772255,11.456526756286621,10.972844123840332,-0.29571300745010376,0.7074828743934631,0.07191216945648193,12.397727012634277,-0.04141491651535034,-0.8581035733222961,0.9577810915803806,-0.02581174762415019,0.06175369623519899,0.006276959808570591,1.9063584060616758,0.9913438344093537,1.2517530227978506,0.793081431259416,2095,2075,1,Box 2,org_3aer-org
2017-07-15 09:06:00,7.005490303039551,-0.006249707192182541,6.982321739196777,6.8898186683654785,-0.0502157062292099,0.4705215096473694,-0.32780182361602783,7.7679033279418945,-0.02059614472091198,-0.6242592930793762,0.9867516912649026,-0.007191833807689849,0.06738753737402921,-0.04694739483124195,1.8794223293252277,0.9977032831297012,1.2375644572191258,0.7981559490853612,2398,2361,2,Box 3,org_3aer-org
2017-07-15 09:06:00,4.850663185119629,-0.014591624028980732,4.856534957885742,5.224093437194824,-0.040222957730293274,-0.3233586251735687,-0.003975975792855024,5.4201483726501465,-0.017712609842419624,-0.551523745059967,1.0756830801711124,-0.008282233583822268,-0.06658216092141726,-0.0008186856658728286,2.2466831600829242,0.9968886466184097,1.285097261572086,0.7755708317482807,6047,5988,3,Box 4,org_3aer-org
2017-07-15 09:08:00,28.25359344482422,-0.005584544036537409,28.21649932861328,32.15836715698242,-0.6604571342468262,-3.223083972930908,-0.058330073952674866,29.66942024230957,-0.07929914444684982,-1.1109256744384766,1.139700927726785,-0.023406772034219682,-0.11422692303063155,-0.002067232661933885,1.9741087112897313,0.9930403308954303,1.2200804604643034,0.8135791872352091,1602,1587,0,Box 1,org_3aer-org
2017-07-15 09:08:00,15.475680351257324,0.046764906495809555,15.466155052185059,16.269969940185547,-0.4302608072757721,-0.04836064204573631,-0.3251942992210388,16.678298950195312,-0.054594531655311584,-1.1056748628616333,1.0519725665286779,-0.027819509070238516,-0.0031268692517744455,-0.021026188206664916,1.9877429475184247,0.9909572481442512,1.2431969173306485,0.7934639131228675,2157,2131,1,Box 2,org_3aer-org
2017-07-15 09:08:00,7.65280818939209,0.003996797371655703,7.6496429443359375,8.206382751464844,-0.3494163453578949,-0.4336574971675873,0.2263353019952774,8.433177947998047,-0.025868898257613182,-0.7513426542282104,1.0727796676214472,-0.04567746578926232,-0.05668989341905518,0.029587691586870336,2.0493263255477276,0.9848407632167255,1.2497512640653692,0.7932447705466932,2482,2453,2,Box 3,org_3aer-org
2017-07-15 09:08:00,5.853085041046143,0.00267576752230525,5.847385406494141,6.697808742523193,-0.08148393034934998,-0.7690423130989075,0.00010275837848894298,6.488952159881592,-0.02534293197095394,-0.7266089916229248,1.145436536979632,-0.01393510403600018,-0.13151900633148922,1.757338785740581e-05,2.2911680352635497,0.9949696125855962,1.2728584863547712,0.7816845641355711,6084,6025,3,Box 4,org_3aer-org
2017-07-15 09:10:00,29.179912567138672,0.03808344528079033,29.18680763244629,29.20586395263672,-1.3810656070709229,0.8790075182914734,0.4830000698566437,30.565881729125977,-0.08499250560998917,-1.140540599822998,1.0006529674565032,-0.04731814893500153,0.030116604862076696,0.016548576616421607,1.825459496377466,0.9858712702864276,1.2219887706165986,0.8094570954394029,1631,1622,0,Box 1,org_3aer-org
2017-07-15 09:10:00,16.505924224853516,-0.005639220122247934,16.493024826049805,15.965088844299316,-1.0164157152175903,1.28745698928833,0.25689736008644104,17.741718292236328,-0.06107504293322563,-1.2095049619674683,0.9679901913606411,-0.06162700005706439,0.0780606887084721,0.015576119987951165,1.8398458392721921,0.9807794509283553,1.2336134732520536,0.7976501857998071,2186,2161,1,Box 2,org_3aer-org
2017-07-15 09:10:00,3.6629140377044678,-0.007693481631577015,3.634106397628784,3.8659019470214844,-0.1008741706609726,-0.18171535432338715,0.050793785601854324,4.179651737213135,-0.020676670596003532,-0.6625117063522339,1.0637834204488326,-0.027757626823558444,-0.05000275993123207,0.013976966305957954,1.9744998719831344,0.9911634382603868,1.2376008421379292,0.8032646836821529,2551,2527,2,Box 3,org_3aer-org
2017-07-15 09:10:00,2.634625196456909,0.00607654545456171,2.6210317611694336,2.8618004322052,-0.07671008259057999,-0.1820252388715744,0.01796659268438816,3.0766568183898926,-0.023561913520097733,-0.7186755537986755,1.0918602880334634,-0.029267131281801365,-0.06944793533291699,0.006854778581254994,2.1580602852513424,0.9897436887249716,1.264695740086782,0.7838550798848655,6107,6045,3,Box 4,org_3aer-org
2017-07-15 09:12:00,20.924837112426758,0.0479096956551075,20.973613739013672,25.49332046508789,-0.9787306785583496,-3.5874996185302734,0.046524327248334885,21.901988983154297,-0.0750824362039566,-1.002985954284668,1.2154948391158165,-0.04666485303066714,-0.17104821740931228,0.0022182313241629614,2.079498652084201,0.9860445146222401,1.2223510205455352,0.8070380343231449,1633,1626,0,Box 1,org_3aer-org
2017-07-15 09:12:00,13.477459907531738,0.03999307379126549,13.463251113891602,14.936566352844238,-0.8519753217697144,-0.1902042031288147,-0.43113502860069275,14.581146240234375,-0.05918342247605324,-1.1999257802963257,1.1094323062551554,-0.06328154531776184,-0.014127658690882412,-0.032023102246511184,1.9753056200350705,0.9807731611243332,1.2269433099135345,0.7941446966653158,2190,2157,1,Box 2,org_3aer-org
2017-07-15 09:12:00,-0.9583001732826233,0.06508512794971466,-0.9522716403007507,-1.0032075643539429,0.04337923228740692,0.026117375120520592,-0.018560707569122314,-0.6928150653839111,-0.009674291126430035,-0.46541231870651245,1.0534888429224762,-0.04555343179640396,-0.027426391089808617,0.019490979963736336,1.9433791615811433,0.9857375652695038,1.2339631720269846,0.8021187685156153,2649,2613,2,Box 3,org_3aer-org
2017-07-15 09:12:00,-2.452221393585205,0.007265191059559584,-2.490699291229248,-3.0683977603912354,0.0847632884979248,0.46974286437034607,0.023192748427391052,-2.3186419010162354,-0.011171060614287853,-0.48821842670440674,1.2319424648829613,-0.03403192462747148,-0.18859879854219724,-0.009311741713292604,2.262629572717315,0.9887852323413416,1.2472389956867092,0.7911499992712732,6151,6079,3,Box 4,org_3aer-org
2017-07-15 09:14:00,12.995975494384766,-0.05958420783281326,12.92531967163086,13.820352554321289,-0.7392032742500305,-0.5326755046844482,0.3768444359302521,13.613950729370117,-0.05595194175839424,-0.7359774708747864,1.069246597710833,-0.057190333451587624,-0.04121178429882843,0.029155520039583084,1.9265989283893399,0.982615803500421,1.2268248060083349,0.8057303027156741,1639,1626,0,Box 1,org_3aer-org
2017-07-15 09:14:00,9.348594665527344,0.04791363328695297,9.32075023651123,9.807723045349121,-0.6212875247001648,0.0756022110581398,0.058712899684906006,10.24311637878418,-0.05047696828842163,-1.0611262321472168,1.0522460449845068,-0.06665637769011286,0.008111172241363302,0.006299160464242755,1.919402190967815,0.9795603012616347,1.2294251213839602,0.7978002001392781,2253,2222,1,Box 2,org_3aer-org
2017-07-15 09:14:00,-4.08607816696167,0.023380562663078308,-4.084574222564697,-4.22633695602417,0.2504386305809021,0.0009612021967768669,-0.10963662713766098,-3.9998247623443604,-0.003614989574998617,-0.32128164172172546,1.034706971130476,-0.0613132778794053,-0.00023532493955185653,0.026841631688481214,1.8727138886596002,0.9815832224789136,1.2239884660398783,0.8063171329604878,2726,2684,2,Box 3,org_3aer-org
2017-07-15 09:14:00,-5.51971435546875,0.0247703455388546,-5.543996810913086,-6.269423007965088,0.1922292709350586,0.5228006839752197,0.010396263562142849,-5.568548202514648,-0.002119980752468109,-0.3015702962875366,1.130848970312467,-0.034673410837301695,-0.0943003304469466,-0.0018752290282186002,2.118881357830801,0.9885543629507252,1.2477409557759185,0.7919465501579813,6160,6097,3,Box 4,org_3aer-org
2017-07-15 09:16:00,8.720901489257812,0.006036010570824146,8.664958953857422,9.988457679748535,-0.19616352021694183,-1.0082287788391113,-0.1191059872508049,9.30397891998291,-0.04891227185726166,-0.6825188994407654,1.1527414231274886,-0.022638712723116437,-0.11635700394494929,-0.013745706459422899,2.0306982224848373,0.9930681948923071,1.2273276213790167,0.8068554551735412,1636,1625,0,Box 1,org_3aer-org
2017-07-15 09:16:00,4.099517822265625,0.03469917178153992,4.080267906188965,4.567395210266113,-0.25542744994163513,-0.20723553001880646,-0.024464430287480354,4.734625816345215,-0.03976732864975929,-0.9089189767837524,1.1193861412002664,-0.06260066422779773,-0.05078968646993433,-0.005995790502534307,2.0054556535041517,0.9807300963235124,1.2302508915607528,0.7961891065009932,2328,2287,1,Box 2,org_3aer-org
2017-07-15 09:16:00,-6.282812118530273,0.024644797667860985,-6.290367126464844,-7.67726469039917,0.028085898607969284,1.1347157955169678,0.22409576177597046,-6.308274745941162,0.0019423150224611163,-0.19119590520858765,1.220479559790002,-0.004464906333216336,-0.180389430381351,-0.03562522307543467,2.0589528589278525,0.9986798568591865,1.218041446617328,0.8141651220169426,2761,2715,2,Box 3,org_3aer-org
2017-07-15 09:16:00,-7.48295783996582,0.015040017664432526,-7.482548236846924,-8.55260944366455,0.2410535365343094,0.7917776703834534,0.03722914308309555,-7.6475324630737305,0.006687324494123459,-0.15217900276184082,1.1430074646383208,-0.032215430264314567,-0.10581657149844095,-0.004975462875565301,2.1101814904203544,0.989531346612138,1.2433140383882366,0.7950201491811765,6326,6244,3,Box 4,org_3aer-org
2017-07-15 09:18:00,5.1314544677734375,-0.01130081620067358,5.113861083984375,5.232296466827393,-0.18073010444641113,-0.07041525840759277,0.13271014392375946,5.55385160446167,-0.03706829249858856,-0.5215082168579102,1.023159652470389,-0.03534122712079298,-0.01376948961670656,0.025951064267110562,1.9159741269636266,0.988833002200151,1.2359451860766344,0.8044725311568279,1641,1633,0,Box 1,org_3aer-org
2017-07-15 09:18:00,0.5431232452392578,0.014381884597241879,0.5204644799232483,0.5598280429840088,-0.0393720343708992,-0.011831988580524921,0.011840321123600006,0.990699052810669,-0.03081594780087471,-0.7832944989204407,1.0756318672594836,-0.07564787029033194,-0.022733513773338942,0.022749516804187322,1.9538470623100022,0.9767220934789648,1.2306814061479223,0.7973998364309637,2399,2356,1,Box 2,org_3aer-org
2017-07-15 09:18:00,-8.121524810791016,-0.03073081560432911,-8.129095077514648,-9.022988319396973,-0.10768384486436844,1.106328010559082,-0.10474974662065506,-8.24935531616211,0.008191104978322983,-0.0691421702504158,1.1099623606830205,0.013246721830291675,-0.1360948655543353,0.012885783041023183,2.1016982271056013,1.0044419441038022,1.24988846535869,0.8059383870498819,2807,2756,2,Box 3,org_3aer-org
2017-07-15 09:18:00,-8.52453899383545,0.007060837000608444,-8.516240119934082,-9.417724609375,0.18179015815258026,0.7381573915481567,-0.018462281674146652,-8.754931449890137,0.012342240661382675,-0.049075156450271606,1.1058548528015708,-0.021346295766146186,-0.0866764482175628,0.0021678911821381847,2.079591243135994,0.9929583642441767,1.246943598596294,0.7966948574837857,6355,6273,3,Box 4,org_3aer-org
2017-07-15 09:20:00,2.4413564205169678,-0.026280658319592476,2.393361806869507,2.685924530029297,-0.02487294375896454,-0.2869237959384918,0.01923432946205139,2.767136335372925,-0.027712706476449966,-0.3958529531955719,1.122239097751104,-0.010392470986102444,-0.11988316037611328,0.008036533611111632,2.0615405059120038,0.9966558413207519,1.239718023473437,0.805327063435478,1645,1627,0,Box 1,org_3aer-org
2017-07-15 09:20:00,-3.2069129943847656,0.02637162245810032,-3.2009406089782715,-3.459702253341675,0.16814686357975006,0.15166230499744415,-0.06104739010334015,-3.000903606414795,-0.01695716194808483,-0.5448560118675232,1.0808393008052528,-0.052530459041605915,-0.0473805457631061,0.019071703999459205,1.9732138285497662,0.9836192968774148,1.233196799121248,0.8008124091347736,2453,2397,1,Box 2,org_3aer-org
2017-07-15 09:20:00,-10.034132957458496,-0.06522884964942932,-10.043498992919922,-10.642997741699219,-0.19443057477474213,0.8207859992980957,-0.0268563199788332,-10.29098892211914,0.016013357788324356,0.0832611545920372,1.0596902560166037,0.01935884689320377,-0.08172310314258933,0.002674000232781845,2.0419175879426095,1.0065421154345375,1.2517707242153258,0.8045776091123973,2902,2853,2,Box 3,org_3aer-org
2017-07-15 09:20:00,-9.407864570617676,0.01391755510121584,-9.420345306396484,-10.942056655883789,0.07776128500699997,1.4145745038986206,0.0293751060962677,-9.689932823181152,0.018087508156895638,0.03888227790594101,1.1615345267001873,-0.008254610774320954,-0.15016165386482483,-0.0031182620610415157,2.185150351793578,0.9972262772177504,1.2514780208130938,0.7962816284573865,6382,6298,3,Box 4,org_3aer-org
2017-07-15 09:22:00,-0.700287938117981,-0.02533000521361828,-0.7164536118507385,-0.6201337575912476,0.04506244137883186,-0.1139707937836647,-0.027410773560404778,-0.5355834364891052,-0.015284283086657524,-0.22805923223495483,0.8655611246663808,-0.06289653289100453,0.1590764249958575,0.038258983228766225,1.6751527698021558,0.9814303265544639,1.2197893689969095,0.810729171761202,1628,1610,0,Box 1,org_3aer-org
2017-07-15 09:22:00,-6.4622578620910645,0.013719713315367699,-6.431778430938721,-7.096707820892334,0.3362027406692505,0.30231159925460815,0.02641446143388748,-6.4778337478637695,-0.003912572283297777,-0.31225132942199707,1.1033817857744568,-0.05227212348156882,-0.04700279498709361,-0.004106867305794348,1.9988833246232784,0.9837283277006157,1.2327310906016882,0.7973218099496674,2481,2414,1,Box 2,org_3aer-org
2017-07-15 09:22:00,-10.906301498413086,-0.008780776523053646,-10.915032386779785,-13.369311332702637,-0.6073501110076904,3.1629302501678467,-0.10130190849304199,-11.238980293273926,0.020868845283985138,0.19790245592594147,1.2248530272091074,0.05564344862299644,-0.2897774296345409,0.009280953802437097,2.419519874119662,1.0202724369645555,1.2718287446649528,0.8040012339080143,2935,2889,2,Box 3,org_3aer-org
2017-07-15 09:22:00,-9.788400650024414,0.02822599746286869,-9.822869300842285,-11.068052291870117,-0.3117099404335022,1.491144061088562,0.06574882566928864,-10.108444213867188,0.02238348498940468,0.11726361513137817,1.126763661632681,0.031733083145908135,-0.1518033014385307,-0.006693443340058475,2.1976500332449023,1.0111493217545549,1.2622996296687579,0.79978953075986,6495,6381,3,Box 4,org_3aer-org
2017-07-15 09:24:00,-3.0694353580474854,-0.11077835410833359,-3.1611011028289795,-3.7687458992004395,-0.14466115832328796,0.803209125995636,-0.050902798771858215,-3.0049071311950684,-0.006840207148343325,-0.1206691563129425,1.1922258176453977,0.04576290457227838,-0.2540915924564438,0.01610287023876772,2.236726111499176,1.0155699539320593,1.2524140392977154,0.8138342039060494,1644,1622,0,Box 1,org_3aer-org
2017-07-15 09:24:00,-8.500527381896973,0.001965181902050972,-8.497271537780762,-8.668171882629395,0.10195598751306534,0.08575443178415298,-0.016809776425361633,-8.657866477966309,0.005461100488901138,-0.14801153540611267,1.0201124136582782,-0.011998673637458096,-0.01009199567566458,0.0019782556548444703,1.9292059351659598,0.9961429666425733,1.2395118977474289,0.803998885723254,2487,2427,1,Box 2,org_3aer-org
2017-07-15 09:24:00,-11.360663414001465,-0.010539419017732143,-11.311044692993164,-11.056658744812012,-0.5996881723403931,0.49880191683769226,-0.15349991619586945,-11.734055519104004,0.024758990854024887,0.2652415335178375,0.9775099318083152,0.05301793421285455,-0.04409866689968262,0.013570800878512826,2.0413758168248224,1.0195411551677787,1.275511877129124,0.8019632695987171,2984,2920,2,Box 3,org_3aer-org
2017-07-15 09:24:00,-9.551279067993164,-0.004342277534306049,-9.54749584197998,-10.674897193908691,-0.3758065700531006,1.6693702936172485,-0.16616256535053253,-9.874127388000488,0.02350478060543537,0.13911138474941254,1.118083445674128,0.03936179798049446,-0.17484903106811997,0.017403787413497518,2.275089784689455,1.0145746669693307,1.2777082309112409,0.7974521554012082,6641,6553,3,Box 4,org_3aer-org
2017-07-15 09:26:00,-3.8854854106903076,0.06961170583963394,-3.9416375160217285,-4.358663082122803,-0.17213062942028046,0.5991504192352295,-0.009994602762162685,-3.803976058959961,-0.004408984910696745,-0.10441214591264725,1.1057999773494287,0.04366982942528679,-0.15200545399147272,0.0025356472167572253,2.0560390205795898,1.014334173071095,1.2426832674930905,0.8166949521807828,1668,1649,0,Box 1,org_3aer-org
2017-07-15 09:26:00,-9.923166275024414,0.03776240721344948,-9.88778305053711,-10.338546752929688,-0.07583272457122803,0.5447594523429871,-0.018163546919822693,-10.176605224609375,0.012040083296597004,-0.021538451313972473,1.0455878885993772,0.007669334583419348,-0.05509419205149033,0.0018369688686937502,1.9786754272973202,1.002505920812405,1.243037371075353,0.8068193867301467,2478,2424,1,Box 2,org_3aer-org
2017-07-15 09:26:00,-11.632280349731445,0.010369880124926567,-11.661886215209961,-11.697928428649902,-0.7243514060974121,0.7228645086288452,0.03753005713224411,-12.037189483642578,0.027988120913505554,0.3102762997150421,1.0030906732374292,0.062112718889124646,-0.06198521143701889,-0.00321818068953493,2.0166204161538928,1.0219540476813227,1.2624916728119508,0.8088669192889221,2989,2939,2,Box 3,org_3aer-org
2017-07-15 09:26:00,-9.888052940368652,-0.039571043103933334,-9.893013954162598,-11.201393127441406,-0.5715794563293457,1.965267300605774,-0.08531036227941513,-10.231901168823242,0.027112876996397972,0.19087378680706024,1.1322526531618593,0.05777606254415449,-0.1986520079594953,0.008623292253481518,2.348725768305866,1.0220245533445116,1.2857970577327076,0.7965817046805657,6730,6618,3,Box 4,org_3aer-org
2017-07-15 09:28:00,-6.789618015289307,0.04419124871492386,-6.8086700439453125,-6.515679359436035,-0.2882237136363983,-0.027493080124258995,0.02272610552608967,-6.8415632247924805,0.005266695283353329,0.014089128002524376,0.956967997152493,0.04233187012743501,0.004037951012530658,-0.003337818292458698,1.8994564507023697,1.0142911621079111,1.2504111116957828,0.8105613142594474,1701,1684,0,Box 1,org_3aer-org
2017-07-15 09:28:00,-10.33580493927002,0.05193166062235832,-10.337861061096191,-12.079256057739258,-0.2111886590719223,1.9919501543045044,-0.03936561942100525,-10.630708694458008,0.014778675511479378,0.049765121191740036,1.1684483898197466,0.020428661821774215,-0.19268495905523053,0.003807907413709677,2.1621423684877326,1.0067635610565029,1.2460495829959657,0.8086413657400915,2496,2450,1,Box 2,org_3aer-org
2017-07-15 09:28:00,-12.080437660217285,-0.007753710728138685,-12.101519584655762,-14.468297004699707,-1.0055831670761108,2.963243246078491,0.4091171622276306,-12.529021263122559,0.031162705272436142,0.3526608943939209,1.1955768741724178,0.08309561491166165,-0.2448653996484487,-0.03380708943563068,2.3188989147545707,1.0296603867688536,1.2642779304390128,0.8079945800011564,3018,2957,2,Box 3,org_3aer-org
2017-07-15 09:28:00,-11.60081958770752,-0.03454722464084625,-11.595552444458008,-12.596244812011719,-0.8883371353149414,1.8633631467819214,0.025669008493423462,-12.026620864868164,0.03778369352221489,0.32952460646629333,1.0862999010409433,0.07661017648905356,-0.160696383232249,-0.00221369429774787,2.2763675511251082,1.0294306029304945,1.2871244867699723,0.7993442510924486,6801,6663,3,Box 4,org_3aer-org
2017-07-15 09:30:00,-9.322843551635742,-0.08322647958993912,-9.382624626159668,-10.780267715454102,-0.5872893929481506,1.8825082778930664,0.1024244874715805,-9.533608436584473,0.010516710579395294,0.08053002506494522,1.1489608347618656,0.06259328753470667,-0.2006377221625516,-0.010916400134020676,2.1644332808291313,1.0212556442990457,1.25109166539769,0.8142978569783834,1712,1690,0,Box 1,org_3aer-org
2017-07-15 09:30:00,-10.777894020080566,-0.03336760029196739,-10.83769416809082,-11.40727424621582,-0.28911975026130676,0.8814963102340698,-0.022795308381319046,-11.107760429382324,0.018891219049692154,0.12392102926969528,1.0525555757225102,0.026677242244520345,-0.0813361536439339,0.002103335676903323,2.016787621206768,1.0089295405591885,1.2487706586377132,0.808315836462987,2511,2450,1,Box 2,org_3aer-org
2017-07-15 09:30:00,-12.131749153137207,0.004672301467508078,-12.097358703613281,-13.814971923828125,-1.1920758485794067,2.799981117248535,0.10970831662416458,-12.578970909118652,0.03369367495179176,0.37364786863327026,1.1419825206957397,0.09854018941286535,-0.23145392739263804,-0.009068782715967005,2.378896851105635,1.0380983039420404,1.287835212215915,0.8042329951418428,3002,2921,2,Box 3,org_3aer-org
2017-07-15 09:30:00,-12.15756607055664,-0.0799911767244339,-12.107166290283203,-14.212583541870117,-1.0027536153793335,3.2748360633850098,-0.1666642129421234,-12.620959281921387,0.04232477769255638,0.39374610781669617,1.1738984967866988,0.08282314358925227,-0.27048738987613175,0.013765749500180724,2.4906493898921416,1.0327155207124117,1.2957899304985516,0.7998254637120816,6783,6643,3,Box 4,org_3aer-org
2017-07-15 09:32:00,-8.694426536560059,-0.11253181099891663,-8.77475357055664,-9.523277282714844,-0.44084492325782776,1.1728711128234863,0.016497906297445297,-8.851709365844727,0.003198662307113409,-0.016028011217713356,1.0853043034338352,0.050240150916151825,-0.13366429825637316,-0.0018801560936138884,2.114436143141771,1.0174822468888127,1.2585722586763115,0.8080921705601128,1729,1710,0,Box 1,org_3aer-org
2017-07-15 09:32:00,-10.03167724609375,-0.014178845100104809,-10.024298667907715,-12.367223739624023,-0.49637117981910706,2.7265472412109375,0.11274707317352295,-10.331124305725098,0.015222146175801754,0.08392418175935745,1.2337243603475587,0.049516796699919235,-0.2719937814618729,-0.011247375585605068,2.3201225974696404,1.0170330793351914,1.2553228340626228,0.8081070780890927,2566,2495,1,Box 2,org_3aer-org
2017-07-15 09:32:00,-11.396718978881836,-0.06294941902160645,-11.409435272216797,-12.812307357788086,-1.3548725843429565,2.319814443588257,0.43793076276779175,-11.817788124084473,0.02947111241519451,0.32200124859809875,1.1229572736281028,0.11875019349811439,-0.20332425297149195,-0.03838321415472526,2.2813919680581827,1.0445744895032074,1.2773984032834949,0.8100874397609987,2980,2902,2,Box 3,org_3aer-org
2017-07-15 09:32:00,-12.981371879577637,-0.024332035332918167,-12.961674690246582,-13.955562591552734,-1.1866092681884766,2.200817346572876,-0.0203208290040493,-13.4863862991333,0.043181464076042175,0.40580981969833374,1.0766789430364436,0.09154752570230944,-0.16979423147033246,0.0015677627315793807,2.2779669903893707,1.0356206850243683,1.2903114035730443,0.8029337691327065,6808,6695,3,Box 4,org_3aer-org
2017-07-15 09:34:00,-8.437239646911621,-0.1539618968963623,-8.529842376708984,-9.064236640930176,-0.6040692925453186,0.9787473678588867,0.15971608459949493,-8.562179565429688,0.0034641888923943043,-0.011647320352494717,1.0626499371523965,0.0708183449882343,-0.11474389347178574,-0.0187243886688451,2.014370447504591,1.023609723526431,1.2456694139826427,0.8183615997077522,1788,1771,0,Box 1,org_3aer-org
2017-07-15 09:34:00,-9.515475273132324,0.029053032398223877,-9.527791976928711,-10.279985427856445,-0.24981403350830078,0.9130383133888245,0.0889689177274704,-9.766032218933105,0.013324028812348843,0.04101099446415901,1.0789472676344842,0.026219504907865083,-0.09582894222648462,-0.009337830315864687,2.007428583516025,1.0085030816541039,1.2402195624721837,0.811531867281958,2604,2540,1,Box 2,org_3aer-org
2017-07-15 09:34:00,-11.764421463012695,0.0070339092053473,-11.768489837646484,-13.400544166564941,-1.2801048755645752,2.894209384918213,0.017949797213077545,-12.217962265014648,0.03089762106537819,0.35590294003486633,1.1386799980612892,0.10877391716897794,-0.24592867298008592,-0.0015252422501811913,2.3659975654794287,1.0419913308451305,1.286730750442397,0.8094861650214576,2930,2845,2,Box 3,org_3aer-org
2017-07-15 09:34:00,-13.748079299926758,-0.03388340026140213,-13.756169319152832,-15.91127872467041,-1.4384044408798218,3.558873176574707,0.0346406027674675,-14.298139572143555,0.046061091125011444,0.43780040740966797,1.1566649470451713,0.10456431018636383,-0.25871107015907885,-0.0025181870724562683,2.4830333291569215,1.0419659291777947,1.2996547343142821,0.8011962078092103,6785,6626,3,Box 4,org_3aer-org
2017-07-15 09:36:00,-8.629294395446777,-0.15463142096996307,-8.748628616333008,-9.072417259216309,-0.37018293142318726,0.7377903461456299,-0.04381876438856125,-8.753634452819824,0.0014203785685822368,-0.04559154063463211,1.0370102146201892,0.042313249500143764,-0.08433210790762238,0.005008643787289463,2.0413430863829856,1.0146652090819543,1.2578198218569503,0.8076129762401728,1827,1804,0,Box 1,org_3aer-org
2017-07-15 09:36:00,-10.72236442565918,0.04763787239789963,-10.794929504394531,-12.27249813079834,-0.5634118914604187,2.2746059894561768,-0.23362459242343903,-11.051201820373535,0.018887322396039963,0.11122682690620422,1.1368762415215934,0.05219227223265952,-0.21071058165170972,0.021642067897456818,2.258348618203537,1.0188752319974024,1.2697899809171287,0.8065551744456292,2614,2545,1,Box 2,org_3aer-org
2017-07-15 09:36:00,-11.93547534942627,-0.020125171169638634,-11.971174240112305,-13.797867774963379,-1.4244272708892822,3.0953896045684814,0.15573081374168396,-12.382448196411133,0.03228805959224701,0.38015255331993103,1.1525909657933142,0.11898809814325179,-0.25857024735892287,-0.013008816577643134,2.371581661543333,1.0455831804313267,1.2836964014358485,0.8118677650148204,2915,2827,2,Box 3,org_3aer-org
2017-07-15 09:36:00,-15.08620834350586,-0.04237028956413269,-15.126553535461426,-15.391862869262695,-1.6309325695037842,1.9159241914749146,-0.019683821126818657,-15.705205917358398,0.050841640681028366,0.49251696467399597,1.0175392087116697,0.1078191848921524,-0.12665966969283252,0.0013012760890104003,2.243008789939705,1.043727559198589,1.3029504908781648,0.8013251806077986,6739,6587,3,Box 4,org_3aer-org
2017-07-15 09:38:00,-8.715690612792969,-0.1448643058538437,-8.788681030273438,-9.648436546325684,-0.47859665751457214,1.3833516836166382,-0.04499955475330353,-8.845065116882324,0.0040969764813780785,0.007713375613093376,1.0978253321103912,0.05445602638085919,-0.15740152989385034,0.0051201714025999046,2.163960251840856,1.0193299293640599,1.2641305598949557,0.807316888724284,1854,1833,0,Box 1,org_3aer-org
2017-07-15 09:38:00,-11.650819778442383,-0.05969003215432167,-11.660284042358398,-11.872602462768555,-0.6493988633155823,1.0373221635818481,-0.17560531198978424,-12.06045150756836,0.023313302546739578,0.19001351296901703,1.0182086465884816,0.05569322672537911,-0.08896199728435358,0.015060123970492834,2.0390744066179582,1.0196768774373313,1.262698966966167,0.8103792904906343,2596,2526,1,Box 2,org_3aer-org
2017-07-15 09:38:00,-12.47008228302002,-0.035173363983631134,-12.462903022766113,-14.170116424560547,-1.448403000831604,3.151416778564453,0.004197712987661362,-12.95959186553955,0.03732762485742569,0.4494040608406067,1.136983458445855,0.11621713012480436,-0.2528637719836564,-0.0003368165870029083,2.37855543733678,1.0452796403373052,1.289214116177884,0.8107188668991129,2934,2828,2,Box 3,org_3aer-org
2017-07-15 09:38:00,-15.962736129760742,-0.09569698572158813,-15.949494361877441,-17.249610900878906,-1.9044532775878906,3.286198616027832,-0.0816282406449318,-16.638904571533203,0.05447321757674217,0.5419257879257202,1.0815146221287937,0.11940524048098416,-0.20603778342097792,0.005117920811200077,2.3897957281436617,1.049268340673412,1.3080202733108268,0.8032836317452822,6723,6543,3,Box 4,org_3aer-org
2017-07-15 09:40:00,-10.682732582092285,-0.15944698452949524,-10.739798545837402,-10.889505386352539,-0.6127092838287354,0.5881015658378601,0.1743156909942627,-10.976592063903809,0.01472400687634945,0.1766117364168167,1.0139395565837124,0.057050357719723846,-0.05475909554759599,-0.01623081875584023,1.943429202696823,1.0188689066396095,1.2441340279480988,0.816039852207941,1917,1882,0,Box 1,org_3aer-org
2017-07-15 09:40:00,-11.8333158493042,-0.01933450438082218,-11.84012222290039,-13.732189178466797,-0.6474153399467468,2.8991174697875977,-0.3596341907978058,-12.258559226989746,0.022044187411665916,0.17088663578033447,1.1598013909386775,0.0546797768336474,-0.24485536241990194,0.03037419464757704,2.343796964552679,1.020281680578808,1.277370993581467,0.8046969099057687,2634,2573,1,Box 2,org_3aer-org
2017-07-15 09:40:00,-12.35616397857666,-0.05514965578913689,-12.305777549743652,-13.933274269104004,-1.4670097827911377,3.0719540119171143,0.02255214750766754,-12.81929874420166,0.03467565402388573,0.401173859834671,1.132254663560124,0.11921307925356465,-0.24963509574373563,-0.0018326470699530917,2.3475593399995303,1.0459496528843615,1.2856084618127332,0.8132088570129201,2895,2791,2,Box 3,org_3aer-org
2017-07-15 09:40:00,-16.650592803955078,-0.058386437594890594,-16.66033363342285,-17.26923942565918,-2.003875732421875,2.808152675628662,-0.19537271559238434,-17.3700008392334,0.05668777599930763,0.5630479454994202,1.0365481408944284,0.12027822880067886,-0.1685531868580264,0.011726817162919179,2.3203355739723865,1.0500470532756576,1.3108526911643053,0.803587927269695,6745,6552,3,Box 4,org_3aer-org
2017-07-15 09:42:00,-10.13671875,-0.14901144802570343,-10.317520141601562,-10.379161834716797,-0.8646875023841858,1.1682318449020386,-0.24190357327461243,-10.392985343933105,0.014937643893063068,0.16835999488830566,1.00597437674436,0.08380768532301924,-0.11322796261771949,0.023445900550340168,2.102889390431597,1.0314469879529413,1.279282382082084,0.8109394292082357,1953,1920,0,Box 1,org_3aer-org
2017-07-15 09:42:00,-12.500799179077148,-0.07493221759796143,-12.536236763000488,-14.618343353271484,-0.7293323278427124,2.6599345207214355,0.15150518715381622,-12.96589469909668,0.021059220656752586,0.14513099193572998,1.166087123536659,0.05817793330533004,-0.21217967596344567,-0.012085380878543384,2.303830310296549,1.0210373155762074,1.2694299776821727,0.8020117171077833,2669,2601,1,Box 2,org_3aer-org
2017-07-15 09:42:00,-12.3743896484375,-0.0844673439860344,-12.440042495727539,-14.314478874206543,-1.6906521320343018,3.3814098834991455,0.18367817997932434,-12.834025382995605,0.035342104732990265,0.4047884941101074,1.1506775930017508,0.13590402524623837,-0.27181654363725766,-0.014765074610731455,2.3956623068912197,1.0529471313890426,1.2879935030433136,0.8144604685932227,2888,2768,2,Box 3,org_3aer-org
2017-07-15 09:42:00,-17.422117233276367,-0.04630707576870918,-17.399118423461914,-18.890565872192383,-2.5700623989105225,4.176059246063232,-0.11454673856496811,-18.193470001220703,0.060190144926309586,0.6075288653373718,1.0857198732154303,0.14771223393095645,-0.24001558713408908,0.00658347998770234,2.5157778255187555,1.0647698385912676,1.327433543186489,0.8036238273025089,6796,6616,3,Box 4,org_3aer-org
2017-07-15 09:44:00,-11.588529586791992,-0.1060800775885582,-11.679722785949707,-12.557638168334961,-1.0801130533218384,1.9747722148895264,-0.016743814572691917,-11.963923454284668,0.02107768878340721,0.2439962774515152,1.0751657760205067,0.09247762233840093,-0.1690769783570403,0.0014335799981327058,2.160015709806281,1.0336743174335135,1.269672106408087,0.8144056866956912,1986,1964,0,Box 1,org_3aer-org
2017-07-15 09:44:00,-12.377091407775879,0.04158266633749008,-12.34782886505127,-14.874438285827637,-0.421204537153244,2.8492724895477295,0.09854134172201157,-12.841166496276855,0.018114428967237473,0.09732469916343689,1.2046197367137403,0.034111630599765234,-0.2307509087463474,-0.007980458567158177,2.3213600704497632,1.0119951429037934,1.262424814630636,0.8001386314048475,2697,2622,1,Box 2,org_3aer-org
2017-07-15 09:44:00,-12.9525728225708,-0.16046591103076935,-12.943366050720215,-14.529641151428223,-1.5264161825180054,3.072458267211914,0.04023327678442001,-13.445154190063477,0.03888583928346634,0.4418966770172119,1.1225550658401504,0.11793039455518754,-0.23737705150468902,-0.0031084088906489504,2.551625997551769,1.0504349142545821,1.3206900605830199,0.7946808366787974,2860,2758,2,Box 3,org_3aer-org
2017-07-15 09:44:00,-17.83209991455078,-0.061169907450675964,-17.846574783325195,-18.90770149230957,-3.0020229816436768,4.117905139923096,-0.0547543466091156,-18.644941329956055,0.06488581001758575,0.672360360622406,1.0594583605079029,0.16821283256976147,-0.23073925229004447,0.0030680592123801254,2.562913213746464,1.0775758451917317,1.3446163391863075,0.802128617436959,6852,6640,3,Box 4,org_3aer-org
2017-07-15 09:46:00,-10.734186172485352,-0.02397722192108631,-10.71030330657959,-11.710503578186035,-1.1069185733795166,2.0170578956604004,0.0900607481598854,-11.073129653930664,0.02217419259250164,0.251890629529953,1.0933867310571004,0.10335080671065221,-0.18832874138194017,-0.008408796385812434,2.1723536158339734,1.0373467155832872,1.2668281441466123,0.8172266126033194,2025,1994,0,Box 1,org_3aer-org
2017-07-15 09:46:00,-12.299851417541504,0.07839223742485046,-12.265226364135742,-14.388371467590332,-0.20719972252845764,2.8245115280151367,-0.4941677749156952,-12.740951538085938,0.017923077568411827,0.07614438235759735,1.1731026959852515,0.016893264502093927,-0.23028609940208455,0.04029013891473909,2.3161977910780944,1.006066007928405,1.2695500241717075,0.8001155726653161,2706,2627,1,Box 2,org_3aer-org
2017-07-15 09:46:00,-12.971453666687012,-0.15269647538661957,-12.941889762878418,-13.265618324279785,-1.427947998046875,2.3859236240386963,-0.6342475414276123,-13.467022895812988,0.0370643250644207,0.40879637002944946,1.0250139707551074,0.11033536663608333,-0.18435666961352148,0.04900733222233078,2.201594013699264,1.04338982361986,1.2925809304877842,0.8174309908885878,2877,2752,2,Box 3,org_3aer-org
2017-07-15 09:46:00,-18.572542190551758,-0.020883692428469658,-18.594587326049805,-19.620311737060547,-3.203247547149658,4.427822589874268,-0.19885095953941345,-19.446481704711914,0.06976687908172607,0.7325990796089172,1.055162487884816,0.1722677369667447,-0.23812424776413235,0.010694022912571627,2.599571707384748,1.0811073238148958,1.3522918466752518,0.8020474272095252,6882,6682,3,Box 4,org_3aer-org
2017-07-15 09:48:00,-9.829415321350098,0.010207385756075382,-9.772791862487793,-9.147934913635254,-0.913118839263916,0.3102644681930542,-0.02200162224471569,-10.08399772644043,0.02246711589396,0.22604496777057648,0.9360616680854109,0.09343480337396991,-0.03174778539553991,0.0022513139361590856,1.9247169111108593,1.0332188332824261,1.2625935847354837,0.8187601776605998,2030,1999,0,Box 1,org_3aer-org
2017-07-15 09:48:00,-12.697713851928711,0.10773120820522308,-12.628089904785156,-15.312528610229492,-0.48237118124961853,3.1483590602874756,0.018450181931257248,-13.175381660461426,0.021477503702044487,0.13345207273960114,1.2125767022526321,0.03819827025361949,-0.249313929751406,-0.0014610427548456262,2.2995215671119706,1.0132021535084161,1.2572248356530749,0.8056342218888914,2767,2688,1,Box 2,org_3aer-org
2017-07-15 09:48:00,-13.202042579650879,-0.048741668462753296,-13.198491096496582,-13.3552885055542,-1.1683814525604248,1.7992750406265259,-0.4740956425666809,-13.705381393432617,0.03326471894979477,0.33814769983291626,1.0118799862510919,0.088523865807569,-0.1363242968602853,0.035920444801624415,2.1169055076298635,1.0333487619504884,1.2802433360210517,0.8143449260611922,2844,2750,2,Box 3,org_3aer-org
2017-07-15 09:48:00,-19.08207893371582,-0.042901817709207535,-19.069320678710938,-20.63116455078125,-3.2475080490112305,4.982144832611084,-0.17279092967510223,-20.019739151000977,0.07466645538806915,0.793407678604126,1.0819035675784343,0.1703001414686329,-0.26126490947090447,0.009061200423837235,2.7274391603863646,1.0821703730318335,1.3622464100742553,0.7966296846347016,6982,6768,3,Box 4,org_3aer-org
2017-07-15 09:50:00,-10.253832817077637,-0.10368503630161285,-10.262548446655273,-11.542092323303223,-0.9729721546173096,2.3983428478240967,-0.14582742750644684,-10.547395706176758,0.02504635788500309,0.2474799007177353,1.1246808270271609,0.09480805685665858,-0.2336985546153,0.01420967073148055,2.2672687623171464,1.035104152170293,1.2745712449833937,0.814924029154819,2068,2035,0,Box 1,org_3aer-org
2017-07-15 09:50:00,-13.536492347717285,0.027900485321879387,-13.533863067626953,-16.28859519958496,-0.5814207196235657,3.5303711891174316,-0.19421817362308502,-14.070201873779297,0.02518121711909771,0.18861143290996552,1.2035436632916532,0.04296043379712422,-0.2608546314378795,0.014350534349102106,2.3455173172088855,1.0153314188495801,1.266313561545008,0.8045223051073901,2795,2709,1,Box 2,org_3aer-org
2017-07-15 09:50:00,-13.209370613098145,-0.12492424994707108,-13.238629341125488,-14.555442810058594,-1.1181468963623047,2.4251699447631836,0.009790412150323391,-13.723586082458496,0.03062520921230316,0.2976469397544861,1.0994675255251805,0.08446093018205661,-0.18318892200410067,-0.0007395337031363969,2.230958968605055,1.0313012295483157,1.2754242026593892,0.8084492200308413,2864,2768,2,Box 3,org_3aer-org
2017-07-15 09:50:00,-19.136545181274414,-0.023962752893567085,-19.109935760498047,-20.248680114746094,-3.3060123920440674,4.732792854309082,-0.28803595900535583,-20.09792137145996,0.07573968917131424,0.7831477522850037,1.0595891129998674,0.17299965600956568,-0.24766134372831483,0.015072574718881793,2.6027089423165086,1.0812182693316024,1.351100456783766,0.8038879777472345,7046,6851,3,Box 4,org_3aer-org
2017-07-15 09:52:00,-10.836348533630371,-0.09872526675462723,-10.884095191955566,-11.450034141540527,-0.9775844216346741,1.512721061706543,0.03080255538225174,-11.155503273010254,0.025113655254244804,0.21906979382038116,1.0519968996584568,0.08981771370416389,-0.13898456110996182,-0.002830052252658838,2.1188797159942183,1.032574039366293,1.2686134105457587,0.8133912133344038,2099,2059,0,Box 1,org_3aer-org
2017-07-15 09:52:00,-14.085960388183594,0.06846388429403305,-14.02753734588623,-14.513021469116211,-0.4703444540500641,1.1372281312942505,-0.1813986450433731,-14.67480754852295,0.02763887494802475,0.2217669039964676,1.0346094187367136,0.03353008102491034,-0.08107111040543194,0.012931610643807961,2.013699991417192,1.0114071014753314,1.252973477039179,0.8095630295431102,2848,2761,1,Box 2,org_3aer-org
2017-07-15 09:52:00,-13.161520004272461,-0.1098555251955986,-13.152052879333496,-13.653139114379883,-1.1371649503707886,1.50115168094635,0.13709954917430878,-13.69147777557373,0.032233934849500656,0.3211205303668976,1.0380994848751168,0.08646293259677028,-0.11413822315675463,-0.010424194315132473,2.082996049551918,1.0310309990679276,1.2656998652144236,0.8125952394570913,2955,2847,2,Box 3,org_3aer-org
2017-07-15 09:52:00,-19.033309936523438,-0.06563930958509445,-18.98269271850586,-20.306655883789062,-3.695010185241699,5.000974178314209,0.018000591546297073,-20.019397735595703,0.07661611586809158,0.7815505862236023,1.0697458707763021,0.19465154465512252,-0.26344915207683706,-0.0009482633545875863,2.6388887351816117,1.0922976648751344,1.3530536374315663,0.8070519122200965,7208,6981,3,Box 4,org_3aer-org
2017-07-15 09:54:00,-11.173300743103027,-0.007754609454423189,-11.10629653930664,-11.502859115600586,-1.186000108718872,1.6774036884307861,-0.0948387011885643,-11.496108055114746,0.025432039052248,0.2083950787782669,1.035706311507441,0.10678628221342704,-0.15103177667873222,0.008539182957864211,2.152782868348588,1.0403200277467102,1.2798919647619613,0.814533253876454,2123,2078,0,Box 1,org_3aer-org
2017-07-15 09:54:00,-13.564002990722656,0.025237057358026505,-13.599982261657715,-17.509668350219727,-1.0628023147583008,4.810609817504883,0.16187940537929535,-14.123201370239258,0.027959592640399933,0.21716414391994476,1.2874773608642456,0.07814733131930154,-0.3537217791007372,-0.011902913082809885,2.5934796957955504,1.0293449437939672,1.2798410057225098,0.8019170476192683,2984,2886,1,Box 2,org_3aer-org
2017-07-15 09:54:00,-13.70877742767334,-0.0685625821352005,-13.736100196838379,-15.233522415161133,-1.6311005353927612,3.035754680633545,0.09276613593101501,-14.288965225219727,0.03968033567070961,0.3973723351955414,1.109013476654436,0.11874551869434889,-0.22100554095926203,-0.006753454389522823,2.3833165368430094,1.0475940176177323,1.298280526917447,0.8054875595502826,2968,2861,2,Box 3,org_3aer-org
2017-07-15 09:54:00,-19.818620681762695,-0.05499400943517685,-19.79109001159668,-19.77391242980957,-3.676457405090332,3.875142812728882,-0.21586200594902039,-20.90636444091797,0.08411490172147751,0.8569876551628113,0.9991320885971479,0.18576326697541956,-0.1958023854749695,0.010907029902402082,2.4436377521890966,1.0866077600748305,1.3472803222126128,0.8091458992182712,7390,7126,3,Box 4,org_3aer-org
2017-07-15 09:56:00,-11.79968547821045,-0.030888643115758896,-11.882248878479004,-12.068262100219727,-1.1110882759094238,1.5365101099014282,-0.23940840363502502,-12.144942283630371,0.026378478854894638,0.205891951918602,1.0156547181023847,0.09350824834465235,-0.1293113759409867,0.020148409493949637,2.1220056756109513,1.035240565546957,1.280078940023046,0.8127653469415048,2138,2087,0,Box 1,org_3aer-org
2017-07-15 09:56:00,-13.417381286621094,-0.023039739578962326,-13.468132972717285,-15.248973846435547,-0.706683337688446,2.4616408348083496,0.0258809644728899,-13.964509963989258,0.02762448415160179,0.19739900529384613,1.132226092513371,0.05247076805492554,-0.18277521596757357,-0.0019216446007228882,2.1794057710091352,1.0182157331461474,1.2577911079455935,0.8091701828105918,3044,2934,1,Box 2,org_3aer-org
2017-07-15 09:56:00,-13.973458290100098,0.01482135895639658,-14.003022193908691,-14.342718124389648,-1.5148296356201172,1.8325248956680298,0.021998362615704536,-14.58732795715332,0.04419947415590286,0.4678172171115875,1.0242585969127056,0.10817874945239142,-0.13086637392814754,-0.0015709724369494804,2.1693077382727406,1.0417429148422364,1.286624762139082,0.8093506204252003,2975,2879,2,Box 3,org_3aer-org
2017-07-15 09:56:00,-20.45650863647461,-0.02678380161523819,-20.42063331604004,-20.155792236328125,-3.8193235397338867,3.70709228515625,-0.15260982513427734,-21.62916374206543,0.09058699011802673,0.9136044979095459,0.9870306961819335,0.18703257279702717,-0.18153658427312014,0.007473315294159455,2.3868118463618004,1.0859164399297876,1.3415108911739821,0.8112519559134821,7584,7340,3,Box 4,org_3aer-org
2017-07-15 09:58:00,-12.964362144470215,-0.03406212478876114,-12.92082405090332,-13.4156494140625,-1.27711021900177,1.8992010354995728,-0.12726642191410065,-13.376172065734863,0.030783290043473244,0.24183644354343414,1.0382966628250825,0.09884123306768329,-0.14698761124243767,0.009849715349671911,2.138495427394568,1.0368416239473883,1.2763727487101544,0.8142893389664294,2166,2126,0,Box 1,org_3aer-org
2017-07-15 09:58:00,-14.196978569030762,-0.14176294207572937,-14.310688972473145,-14.233420372009277,-0.7289074659347534,0.781687319278717,-0.1300482302904129,-14.833223342895508,0.03313618153333664,0.2850201427936554,0.9946006515576159,0.0509344740487832,-0.054622615582133924,0.009087489975734823,1.9551629023720076,1.0173160165812205,1.2519526212468315,0.8142444692006331,3119,3015,1,Box 2,org_3aer-org
2017-07-15 09:58:00,-13.8831205368042,0.08175098896026611,-13.834412574768066,-14.72654914855957,-1.7736966609954834,2.149503469467163,0.5163307785987854,-14.501008033752441,0.04449787735939026,0.46631920337677,1.064486821129212,0.12820903858166563,-0.15537365536199177,-0.03732220434888586,2.193247547224621,1.048432942281046,1.2788163054650437,0.8123555969217766,2979,2858,2,Box 3,org_3aer-org
2017-07-15 09:58:00,-20.722055435180664,-0.044434912502765656,-20.693151473999023,-20.80204963684082,-4.320641994476318,4.375638961791992,0.0539008267223835,-21.958852767944336,0.09495166689157486,0.9755950570106506,1.005262504994998,0.20879578897095674,-0.21145352747593676,-0.0026047664900178957,2.431488910051123,1.0966634481106716,1.3426127163067336,0.8161863561711099,7701,7441,3,Box 4,org_3aer-org
2017-07-15 10:00:00,-13.540334701538086,0.028246253728866577,-13.45327091217041,-14.53767204284668,-1.285501480102539,2.3354456424713135,0.034456558525562286,-13.965340614318848,0.027176957577466965,0.17886044085025787,1.0806049969366067,0.09555308126378946,-0.17359687504260202,-0.0025612031577941785,2.2591693380762057,1.0366903510344687,1.285826257704954,0.8057255362218764,2215,2152,0,Box 1,org_3aer-org
2017-07-15 10:00:00,-14.80074405670166,-0.1237141489982605,-14.842887878417969,-14.899280548095703,-1.0408059358596802,0.9688302874565125,0.12836839258670807,-15.504514694213867,0.038186002522706985,0.3507491648197174,1.0037993178473406,0.07012152335117433,-0.06527236333313716,-0.00864847786537773,1.9683993546830771,1.0239359794135736,1.2521797358281415,0.8161339877433081,3177,3058,1,Box 2,org_3aer-org
2017-07-15 10:00:00,-15.161882400512695,0.08045977354049683,-15.158939361572266,-16.033506393432617,-2.6343069076538086,3.525635242462158,-0.016760962083935738,-15.89138126373291,0.05307784304022789,0.6112461090087891,1.0576931931924045,0.17377909367805858,-0.23257796875489664,0.0011056818844335514,2.46011856537363,1.0767553974179305,1.32803733569656,0.8110413636409931,3015,2894,2,Box 3,org_3aer-org
2017-07-15 10:00:00,-20.979537963867188,-0.06055779382586479,-20.95037078857422,-20.656085968017578,-4.609441757202148,4.641757965087891,-0.32660141587257385,-22.299341201782227,0.10034628957509995,1.0560508966445923,0.9859532403582637,0.2200171815369651,-0.22155971302642016,0.015589291131191368,2.4738735061420996,1.1063471863902605,1.3582945686430252,0.8184096719888683,7847,7584,3,Box 4,org_3aer-org
2017-07-15 10:02:00,-16.92474937438965,-0.05513259395956993,-16.938940048217773,-18.24530792236328,-1.5421408414840698,2.945726156234741,-0.09721361100673676,-17.581073760986328,0.0316728800535202,0.2204715758562088,1.0771223815819742,0.09104117078144693,-0.1739026134133141,0.005739061049893024,2.451873226045832,1.0386295867071729,1.3198865420919474,0.7881626603668379,2244,2192,0,Box 1,org_3aer-org
2017-07-15 10:02:00,-14.97307014465332,-0.07865415513515472,-14.981032371520996,-14.864742279052734,-1.5766154527664185,1.5193825960159302,-0.059058062732219696,-15.699121475219727,0.04039071500301361,0.3918866813182831,0.9922374674513733,0.10524076093723388,-0.10142041728036938,0.003942188891762191,2.0342345488512943,1.0383771832485582,1.2694177769332393,0.8187644722399028,3262,3114,1,Box 2,org_3aer-org
2017-07-15 10:02:00,-16.30896759033203,-0.012995043769478798,-16.199769973754883,-18.074907302856445,-2.8090784549713135,4.718960762023926,-0.03474116325378418,-17.16061782836914,0.06224394962191582,0.7486632466316223,1.1157510808419715,0.17340237875954104,-0.29129800647525406,0.0021445468737415485,2.500103039562542,1.0738013460026514,1.3148944350115404,0.8171241077811088,3054,2942,2,Box 3,org_3aer-org
2017-07-15 10:02:00,-19.600309371948242,-0.09491611272096634,-19.492691040039062,-19.471590042114258,-4.49708890914917,4.604010581970215,-0.1280226856470108,-20.98931884765625,0.09992211312055588,1.0648353099822998,0.9989175135421671,0.23070639648401095,-0.23619163776479876,0.006567727738620743,2.525445317071225,1.1129131275100141,1.3622536771547353,0.8186250807208708,7984,7718,3,Box 4,org_3aer-org
2017-07-15 10:04:00,-21.796743392944336,0.09211981296539307,-21.733482360839844,-21.872783660888672,-2.1601431369781494,2.3895976543426514,-0.09015432745218277,-22.789085388183594,0.04673806205391884,0.43084943294525146,1.0064094843071603,0.09939239737747733,-0.10995005822665266,0.004148176542015061,2.4417563596031107,1.0450681802130755,1.34403649221072,0.7785136577915244,2295,2234,0,Box 1,org_3aer-org
2017-07-15 10:04:00,-15.971996307373047,-0.18318867683410645,-15.94278335571289,-18.384838104248047,-1.3966100215911865,3.984779119491577,-0.14611327648162842,-16.776538848876953,0.04630403220653534,0.4795418381690979,1.1531762027501102,0.08760140069308855,-0.24994245774177393,0.009164854298575137,2.285874101927657,1.0319003551683237,1.269949592494472,0.8143338107655816,3287,3167,1,Box 2,org_3aer-org
2017-07-15 10:04:00,-16.460718154907227,-0.20995578169822693,-16.369380950927734,-17.096946716308594,-2.6534321308135986,3.705232858657837,-0.3242332935333252,-17.358022689819336,0.06635252386331558,0.8220304846763611,1.0444468664284472,0.1620972700569907,-0.2263514390196911,0.019807302534253196,2.429373736382829,1.0713076277183304,1.327485605960191,0.8115611806789769,3116,2967,2,Box 3,org_3aer-org
2017-07-15 10:04:00,-21.687273025512695,-0.13241830468177795,-21.624614715576172,-20.853425979614258,-5.311761379241943,4.694952964782715,-0.15438061952590942,-23.060503005981445,0.1106613352894783,1.184539556503296,0.9643374312024853,0.24563495502868193,-0.217111501545146,0.007139115313978789,2.465146367398154,1.1217727064856207,1.3659806173599798,0.8230520222723521,8145,7840,3,Box 4,org_3aer-org
2017-07-15 10:06:00,-23.022573471069336,-0.004325659014284611,-23.019254684448242,-23.820878982543945,-2.24981951713562,3.0887677669525146,-0.03732002526521683,-24.112159729003906,0.05131784453988075,0.5000054240226746,1.034824257799682,0.0977364238709158,-0.13418193440806372,0.0016212527374659114,2.6706847810263445,1.0474822962739365,1.3722142570118854,0.7637435578901481,2351,2282,0,Box 1,org_3aer-org
2017-07-15 10:06:00,-16.975608825683594,-0.23568405210971832,-17.038593292236328,-17.853700637817383,-1.9169591665267944,2.970896005630493,-0.23882853984832764,-17.853689193725586,0.04978932440280914,0.526090145111084,1.047838943049553,0.11250690736133329,-0.174362766640219,0.014016916229332765,2.2181044342605007,1.0436962325367922,1.288433702925943,0.8129330309620828,3337,3214,1,Box 2,org_3aer-org
2017-07-15 10:06:00,-16.958436965942383,-0.16175606846809387,-16.810731887817383,-16.196399688720703,-2.811274290084839,2.4809181690216064,-0.2839771509170532,-17.913837432861328,0.07305239140987396,0.9277426600456238,0.9634558925713008,0.1672309191638659,-0.1475794220679086,0.016892610332741892,2.316590732198529,1.0756331601408329,1.3373016428931082,0.8082898922841418,3146,3010,2,Box 3,org_3aer-org
2017-07-15 10:06:00,-22.48900604248047,-0.10418616980314255,-22.43805694580078,-21.491397857666016,-5.608258247375488,5.038519859313965,-0.37692034244537354,-23.949926376342773,0.11868354678153992,1.2689050436019897,0.9578101150075017,0.24994402238900185,-0.22455239932040494,0.01679826192390141,2.4459331424097925,1.1237844309450424,1.3651644343832843,0.8275017446446633,8212,7928,3,Box 4,org_3aer-org
2017-07-15 10:08:00,-22.473464965820312,-0.23205722868442535,-22.571876525878906,-23.34494400024414,-2.6666102409362793,3.5144293308258057,-0.07475008070468903,-23.54165267944336,0.05479206144809723,0.56434166431427,1.0342492236675656,0.11813861117232427,-0.15569948154210228,0.0033116467022124563,2.588978581200918,1.0558326732786958,1.3587802575270984,0.777833802401727,2421,2359,0,Box 1,org_3aer-org
2017-07-15 10:08:00,-17.32378578186035,-0.2567342221736908,-17.376752853393555,-17.814912796020508,-1.8375084400177002,2.5743021965026855,-0.2986355423927307,-18.238798141479492,0.052180759608745575,0.5452396273612976,1.0252152090776987,0.10574521075694414,-0.1481463437241011,0.01718592388945825,2.1986455218008203,1.0414674420075267,1.2919527522478877,0.8096753961201425,3366,3237,1,Box 2,org_3aer-org
2017-07-15 10:08:00,-17.241901397705078,-0.3254859447479248,-17.033979415893555,-17.52074432373047,-3.3152620792388916,3.483135223388672,0.31889086961746216,-18.22078514099121,0.07333727926015854,0.9493471384048462,1.0285760612402586,0.1946263759058776,-0.2044815700658162,-0.018720867080320003,2.5793607437837345,1.0937876139907432,1.3594392272860276,0.7999753268902261,3191,3003,2,Box 3,org_3aer-org
2017-07-15 10:08:00,-22.911083221435547,-0.22184379398822784,-22.751379013061523,-21.99318504333496,-5.795097827911377,5.420310020446777,-0.38340291380882263,-24.41863250732422,0.12527072429656982,1.3386290073394775,0.9666749431427221,0.25471417388776774,-0.23824097295568245,0.016851855925192644,2.5276702012189567,1.1299453526990066,1.376790679998943,0.8251439219977273,8231,7965,3,Box 4,org_3aer-org
2017-07-15 10:10:00,-21.787357330322266,-0.2283095270395279,-21.815568923950195,-23.039016723632812,-2.3883607387542725,3.568150758743286,0.04365900903940201,-22.830856323242188,0.05258983001112938,0.5138632655143738,1.0560814552710065,0.10947966613030329,-0.16355984378136693,-0.0020012776199428706,2.7876370104244588,1.0545760729327165,1.3820727263713848,0.7625455226038956,2482,2408,0,Box 1,org_3aer-org
2017-07-15 10:10:00,-17.20941162109375,-0.14726507663726807,-17.251522064208984,-16.777599334716797,-2.434359312057495,1.806466817855835,0.15396863222122192,-18.096996307373047,0.05269216001033783,0.5300028324127197,0.9725285663770317,0.14110982839776945,-0.10471346395954614,-0.008924930815254972,2.161677957455688,1.0575195059043994,1.3024148115685494,0.8100557895787903,3394,3235,1,Box 2,org_3aer-org
2017-07-15 10:10:00,-18.50404930114746,-0.2774662673473358,-18.3037109375,-19.50674819946289,-3.696470260620117,4.857968330383301,0.04153544455766678,-19.589214324951172,0.07804939150810242,1.0340181589126587,1.065726227153827,0.20195191925698833,-0.2654089103318346,-0.0022692360789807187,2.6591362609256013,1.097093225420821,1.357839888703743,0.8074088509689501,3187,3033,2,Box 3,org_3aer-org
2017-07-15 10:10:00,-23.785612106323242,-0.28688493371009827,-23.51164436340332,-21.876449584960938,-6.157404899597168,4.872525691986084,-0.35031595826148987,-25.38245964050293,0.13345280289649963,1.4142844676971436,0.9304516737444473,0.2618874553528933,-0.2072388075081563,0.014899678410815714,2.4335949012341977,1.133332246789539,1.375222731815299,0.8280297055281876,8256,7965,3,Box 4,org_3aer-org
2017-07-15 10:12:00,-23.086278915405273,-0.18417662382125854,-23.146869659423828,-23.254150390625,-2.708743095397949,2.8824820518493652,-0.06646031886339188,-24.250442504882812,0.05631910264492035,0.5397509932518005,1.0046347167810614,0.1170241579457262,-0.12453011890731959,0.0028712441805319733,2.5716342031222736,1.0565534258595248,1.3680613921833351,0.77299497017643,2535,2458,0,Box 1,org_3aer-org
2017-07-15 10:12:00,-17.092296600341797,-0.20551754534244537,-17.145292282104492,-19.055395126342773,-2.6933932304382324,4.583942413330078,0.01955500803887844,-17.950037002563477,0.052329953759908676,0.5083457231521606,1.1114069309402692,0.157092287575456,-0.26735867171805017,-0.0011405467976750572,2.5186933817577386,1.0674613201762115,1.3192301141375518,0.808899113643109,3380,3207,1,Box 2,org_3aer-org
2017-07-15 10:12:00,-18.504608154296875,-0.36511385440826416,-18.35214614868164,-19.704120635986328,-4.133322715759277,4.9988908767700195,0.4864063560962677,-19.596786499023438,0.07798748463392258,1.0415397882461548,1.073668494512784,0.22522285714619006,-0.2723872913286784,-0.026504060330295565,2.684465858797487,1.1091253787671975,1.3587642216780376,0.809669315330766,3222,3011,2,Box 3,org_3aer-org
2017-07-15 10:12:00,-25.119136810302734,-0.246500626206398,-24.88313865661621,-22.898927688598633,-6.295595645904541,4.662219524383545,-0.35083478689193726,-26.824687957763672,0.14113256335258484,1.4873939752578735,0.9202588375722585,0.25300647751256955,-0.1873646122997083,0.01409929721488029,2.4017321003983634,1.1279990922384446,1.3735119423874298,0.8249348494716492,8233,7927,3,Box 4,org_3aer-org
2017-07-15 10:14:00,-21.737770080566406,0.05159243941307068,-21.72743034362793,-22.4425048828125,-2.757425308227539,3.514237880706787,-0.041739121079444885,-22.80048942565918,0.046819042414426804,0.3571070730686188,1.0329110918342552,0.12690986568070656,-0.16174199087569927,0.001921033360737484,2.410891503988324,1.0555489053682265,1.3284142169840063,0.7950268070676026,2609,2526,0,Box 1,org_3aer-org
2017-07-15 10:14:00,-17.261320114135742,-0.12591393291950226,-17.20258903503418,-19.063316345214844,-2.529303789138794,4.59795618057251,-0.2079262137413025,-18.121864318847656,0.05563673749566078,0.5374621152877808,1.1081654577113023,0.1470304195400917,-0.2672827913679993,0.012086914116605396,2.579997159928557,1.0648946344085606,1.3298847631293118,0.8035060625133593,3374,3220,1,Box 2,org_3aer-org
2017-07-15 10:14:00,-19.514972686767578,-0.3307414948940277,-19.35374641418457,-21.97064781188965,-4.2147626876831055,6.539909362792969,0.2917512059211731,-20.697757720947266,0.07756466418504715,1.0426971912384033,1.1352140317573312,0.21777502521207806,-0.33791439362480463,-0.015074663344604555,2.913410112303422,1.1080120834601246,1.3688706992644344,0.8056129735219417,3212,3028,2,Box 3,org_3aer-org
2017-07-15 10:14:00,-26.28304672241211,-0.38068175315856934,-25.96729278564453,-24.05182647705078,-6.642003536224365,5.151169300079346,-0.42463305592536926,-28.0991153717041,0.15029442310333252,1.5750038623809814,0.9262354020147857,0.25578344600498415,-0.19837146081255244,0.016352612792782578,2.472594375538648,1.1331446032414378,1.3851211019568719,0.8224533679376659,8137,7839,3,Box 4,org_3aer-org
2017-07-15 10:16:00,-22.666793823242188,-0.0984334871172905,-22.635698318481445,-23.760601043701172,-2.804607391357422,3.8921964168548584,0.037316836416721344,-23.852537155151367,0.05145689472556114,0.40343278646469116,1.0496960896322964,0.12390196921476065,-0.17194947542697858,-0.0016485834200785088,2.432829283951162,1.0538712188168036,1.3262048455920568,0.794282144896386,2681,2592,0,Box 1,org_3aer-org
2017-07-15 10:16:00,-17.520626068115234,-0.29474034905433655,-17.654296875,-19.80647087097168,-2.7533068656921387,4.87589693069458,0.029582379385828972,-18.406749725341797,0.05874788016080856,0.5742419362068176,1.1219064757592092,0.1559567504045826,-0.27618757857591003,-0.0016756475878817456,2.6232359106598193,1.0693291086553374,1.3318096156700918,0.8025289756348284,3341,3167,1,Box 2,org_3aer-org
2017-07-15 10:16:00,-19.209142684936523,-0.26178839802742004,-19.0493221282959,-21.1029109954834,-4.318241119384766,6.428338527679443,-0.05651279166340828,-20.36204719543457,0.07242950797080994,0.9582657217979431,1.1078035465233615,0.226687379085687,-0.337457581727521,0.0029666561184724105,2.869565757019405,1.1138865350965523,1.3732668114623536,0.811885343268464,3227,3029,2,Box 3,org_3aer-org
2017-07-15 10:16:00,-27.852903366088867,-0.33600011467933655,-27.5199031829834,-24.840839385986328,-7.736660480499268,5.620023250579834,-0.562428891658783,-29.81466293334961,0.16018150746822357,1.6850731372833252,0.9026498751836391,0.2811296178531574,-0.2042166581432625,0.020437165106465982,2.4394376988001176,1.1489749128761892,1.3900151952361188,0.8321735587153579,8059,7750,3,Box 4,org_3aer-org
2017-07-15 10:18:00,-24.0794620513916,-0.17456327378749847,-24.07909393310547,-23.324676513671875,-2.7079689502716064,2.3768718242645264,-0.42332157492637634,-25.34122085571289,0.056164830923080444,0.4344649612903595,0.9686691345763015,0.112461411893342,-0.09871100720987563,0.01758046074023209,2.3352022789378903,1.0504636608314344,1.3388930703658373,0.7886120170254269,2747,2646,0,Box 1,org_3aer-org
2017-07-15 10:18:00,-18.457996368408203,-0.12887391448020935,-18.389453887939453,-20.003761291503906,-3.4803988933563232,4.495497226715088,0.5992087721824646,-19.439640045166016,0.06450332701206207,0.6845042705535889,1.087784391831667,0.18926058901169976,-0.2444606120793787,-0.032584368763988014,2.502829911281814,1.0830811103975928,1.3246239991539626,0.8101959192179153,3354,3206,1,Box 2,org_3aer-org
2017-07-15 10:18:00,-19.478361129760742,-0.350858211517334,-19.31299591064453,-21.90726661682129,-4.421519756317139,7.228062629699707,-0.21227121353149414,-20.680320739746094,0.07164952903985977,0.9617399573326111,1.1343277706903618,0.22894011244480836,-0.37425899051551387,0.010991107380343645,3.0122874991344193,1.1177059577597446,1.3827014131070337,0.8112335814554024,3218,2993,2,Box 3,org_3aer-org
2017-07-15 10:18:00,-29.152488708496094,-0.3498309850692749,-28.875505447387695,-25.30674934387207,-8.260618209838867,5.266090393066406,-0.5742270350456238,-31.243125915527344,0.17070433497428894,1.7754768133163452,0.8764089150038374,0.2860770191555112,-0.18237223797319224,0.019886303813843598,2.3797969834460564,1.1520066796951027,1.3906350615946543,0.8338535903881502,7990,7646,3,Box 4,org_3aer-org
2017-07-15 10:20:00,-24.414810180664062,-0.12305191159248352,-24.411556243896484,-27.488279342651367,-3.2559733390808105,6.210581302642822,0.12211502343416214,-25.635929107666016,0.056272365152835846,0.4134906530380249,1.1260355094068453,0.13337836059114394,-0.2544115254181515,-0.005002344579837725,2.5659029717976805,1.0573947589895418,1.3217364177015625,0.7988887196097626,2787,2707,0,Box 1,org_3aer-org
2017-07-15 10:20:00,-19.506750106811523,-0.1902986466884613,-19.58945655822754,-21.78350257873535,-3.833040714263916,5.745477199554443,0.2816108465194702,-20.57813835144043,0.06755270063877106,0.7544156312942505,1.1120014321226188,0.19566855940557398,-0.29329435588790576,-0.014375635640287043,2.6527825917149572,1.089625910675177,1.3397036080183258,0.8099213806151259,3375,3209,1,Box 2,org_3aer-org
2017-07-15 10:20:00,-19.729713439941406,-0.3439323306083679,-19.559310913085938,-22.48989486694336,-4.069395542144775,7.2334489822387695,-0.23346830904483795,-20.968238830566406,0.07305766642093658,0.9576090574264526,1.1498307383515813,0.20805415116939827,-0.3698213181274622,0.011936428606482585,2.820506880282228,1.0983527410108114,1.350668673678668,0.816114882495341,3206,2969,2,Box 3,org_3aer-org
2017-07-15 10:20:00,-30.090957641601562,-0.5065612196922302,-29.688886642456055,-25.823429107666016,-8.363794326782227,4.984313488006592,-0.48597463965415955,-32.259132385253906,0.17607629299163818,1.8363629579544067,0.8698012201907115,0.28171468971644625,-0.16788481623520574,0.016368906328047994,2.470017781066369,1.1576962708152443,1.4141457932112855,0.8233109160593935,7928,7521,3,Box 4,org_3aer-org
2017-07-15 10:22:00,-25.371978759765625,-0.0344679057598114,-25.399682998657227,-26.413652420043945,-3.7253332138061523,4.7703962326049805,-0.031096475198864937,-26.611074447631836,0.05942408740520477,0.4422420561313629,1.0399204400718536,0.1466685097618643,-0.18781323573347591,0.0012242858997580375,2.4372495110309536,1.0648387323249755,1.3305031125821962,0.800607724085748,2840,2735,0,Box 1,org_3aer-org
2017-07-15 10:22:00,-20.95808219909668,-0.14471018314361572,-20.879518508911133,-22.08838653564453,-4.033276081085205,5.292215347290039,-0.050072237849235535,-22.14533042907715,0.07216408848762512,0.8208631873130798,1.0578972618754838,0.19316898111410352,-0.2534643937065767,0.0023981507169893446,2.551932931130787,1.089297670462723,1.343385389079054,0.8114343691575026,3366,3183,1,Box 2,org_3aer-org
2017-07-15 10:22:00,-19.744483947753906,-0.18089096248149872,-19.72492027282715,-22.378002166748047,-4.403131008148193,7.078371047973633,-0.02215716242790222,-21.008525848388672,0.07327303290367126,0.937626302242279,1.134504095910769,0.22322679559713776,-0.3588541996026683,0.001123308094761466,2.7602858647289663,1.105048665602781,1.3475923400183676,0.8202918656485008,3224,2963,2,Box 3,org_3aer-org
2017-07-15 10:22:00,-31.263586044311523,-0.6944618821144104,-30.633026123046875,-26.654878616333008,-8.719697952270508,5.589312553405762,-0.8477632999420166,-33.55030059814453,0.1818573772907257,1.8973021507263184,0.8701353079994527,0.28465019986865364,-0.18246031956435146,0.02767481169624511,2.5500350369497697,1.1654600286693522,1.431332675324225,0.8223692994345219,7829,7395,3,Box 4,org_3aer-org
2017-07-15 10:24:00,-25.201940536499023,-0.09562917053699493,-25.20073890686035,-23.322372436523438,-3.6211495399475098,1.7301032543182373,0.012681658379733562,-26.44908332824707,0.06359021365642548,0.4796185791492462,0.9254639328725655,0.14369217474613874,-0.06865288196602257,-0.000503225652681627,2.124070096629616,1.0602271916585482,1.3117152887033146,0.8081650370323907,2874,2761,0,Box 1,org_3aer-org
2017-07-15 10:24:00,-22.29301643371582,-0.16266784071922302,-22.33160972595215,-25.9000186920166,-5.193364143371582,8.6254301071167,0.13634251058101654,-23.589881896972656,0.07617451995611191,0.8838786482810974,1.1597918396572389,0.23255663997969167,-0.3862431195371717,-0.0061053600997588164,2.9159886071547607,1.1132647574434946,1.360138443295619,0.8169580792017307,3361,3164,1,Box 2,org_3aer-org
2017-07-15 10:24:00,-19.71073341369629,-0.38305309414863586,-19.540447235107422,-21.11944580078125,-4.054716110229492,5.470374584197998,0.16334232687950134,-20.995464324951172,0.07675453275442123,0.9413169622421265,1.0808067818302265,0.20750372968745337,-0.2799513206639533,-0.00835919085372655,2.460096570297977,1.0902582615515297,1.3200007385231498,0.8240381331437491,3223,2957,2,Box 3,org_3aer-org
2017-07-15 10:24:00,-32.039215087890625,-0.6127170324325562,-31.515989303588867,-27.248929977416992,-8.669723510742188,5.1996636390686035,-0.7970008254051208,-34.41828155517578,0.18472672998905182,1.9156996011734009,0.8646064797592045,0.275089687680273,-0.1649849442107772,0.02528877677129976,2.5447546186607486,1.160196828723266,1.4334726707991765,0.8167650648498955,7723,7263,3,Box 4,org_3aer-org
2017-07-15 10:26:00,-26.56696319580078,0.05311437323689461,-26.443246841430664,-25.49755096435547,-4.85084342956543,3.9061334133148193,-0.0009812965290620923,-27.93484878540039,0.07125397026538849,0.5919167399406433,0.9642369201895137,0.18344359497898774,-0.14771762470513178,3.710953663035865e-05,2.2891678328101586,1.081966645316028,1.3314942681690212,0.8126044299460635,2915,2811,0,Box 1,org_3aer-org
2017-07-15 10:26:00,-23.331947326660156,-0.21505512297153473,-23.214553833007812,-24.47237205505371,-5.489940166473389,6.987577438354492,-0.2398156076669693,-24.734827041625977,0.08074212819337845,0.966946542263031,1.0541824510759021,0.23648700044897528,-0.30099985137690677,0.010330399852029326,2.749694647289385,1.1201413033756942,1.3768990486128043,0.8162169809750288,3318,3102,1,Box 2,org_3aer-org
2017-07-15 10:26:00,-19.471914291381836,-0.503444254398346,-19.065046310424805,-19.02252960205078,-3.396892786026001,3.5444085597991943,-0.19003458321094513,-20.77410316467285,0.08232463896274567,0.9889039397239685,0.997769782248162,0.17817384728358507,-0.18591132407827893,0.009967694546531819,2.1153432510926455,1.0691828183886185,1.2844071478732122,0.8345123586963757,3228,2937,2,Box 3,org_3aer-org
2017-07-15 10:26:00,-32.37919998168945,-0.5078313946723938,-31.970069885253906,-27.700830459594727,-9.316938400268555,5.414367198944092,-0.3666692078113556,-34.8631591796875,0.18737469613552094,1.9298211336135864,0.8664613393172292,0.29142690932402465,-0.169357387132029,0.011469138490775105,2.5182200795097183,1.1680252358389058,1.4266037390152038,0.8220885410607189,7648,7195,3,Box 4,org_3aer-org
2017-07-15 10:28:00,-27.990821838378906,-0.4939793646335602,-27.827102661132812,-27.937618255615234,-5.003747940063477,5.223922252655029,-0.10965920239686966,-29.44393539428711,0.08215689659118652,0.7659329175949097,1.0039714952375571,0.17981563207876794,-0.18772786077087314,0.003940733454548068,2.4309437519153017,1.082796832090075,1.3430214710634523,0.8071769683666792,2971,2848,0,Box 1,org_3aer-org
2017-07-15 10:28:00,-24.382753372192383,-0.22060197591781616,-24.263898849487305,-27.112234115600586,-5.599941253662109,8.711365699768066,-0.26309332251548767,-25.88985252380371,0.08521286398172379,1.040304183959961,1.1173896683792353,0.23079310465122754,-0.35902576813437315,0.010842995103910347,2.9155979163963734,1.1168477411336686,1.3760521869595586,0.8144459778524988,3296,3081,1,Box 2,org_3aer-org
2017-07-15 10:28:00,-19.983963012695312,-0.4415920674800873,-19.730907440185547,-19.012943267822266,-4.473875045776367,3.6741678714752197,0.08174274116754532,-21.322662353515625,0.09149757772684097,1.1065449714660645,0.9636122047940023,0.22674451259453127,-0.18621383934455532,-0.004142878043978282,2.207820252578427,1.0976616768772673,1.3151768069978382,0.8336647210514401,3183,2896,2,Box 3,org_3aer-org
2017-07-15 10:28:00,-33.54337692260742,-0.43765509128570557,-33.144771575927734,-27.577085494995117,-10.135974884033203,5.3887786865234375,-0.8204905986785889,-36.16642379760742,0.19467836618423462,1.9939701557159424,0.8320191381558694,0.3058091715805316,-0.16258306040491174,0.024754750668510767,2.520461884051977,1.1851740704451268,1.4482572553165063,0.8258822341772347,7561,7102,3,Box 4,org_3aer-org
2017-07-15 10:30:00,-29.094831466674805,-0.49139896035194397,-28.83233070373535,-28.630340576171875,-5.2012786865234375,4.9634904861450195,0.035799212753772736,-30.64112663269043,0.09055976569652557,0.8768160939216614,0.992994340990044,0.18039745799582702,-0.17215016477352724,-0.0012416342123438007,2.413112409029519,1.0833067917288843,1.3440813550173474,0.8056871771787376,3050,2907,0,Box 1,org_3aer-org
2017-07-15 10:30:00,-24.8751277923584,0.020029010251164436,-24.609336853027344,-24.910696029663086,-4.984954357147217,5.744227409362793,-0.45791685581207275,-26.432004928588867,0.08760000020265579,1.0801503658294678,1.0122456129083113,0.20256351993657817,-0.2334165760849291,0.018607443240039656,2.5345395607005496,1.0975207261831565,1.3583269128138875,0.8126121190384359,3288,3093,1,Box 2,org_3aer-org
2017-07-15 10:30:00,-20.735698699951172,-0.5801001787185669,-20.303482055664062,-20.219297409057617,-4.237767696380615,3.9527060985565186,0.2008737027645111,-22.15225601196289,0.09757586568593979,1.1660563945770264,0.995853526082482,0.2087212178455704,-0.19468118539951637,-0.009893558528536045,2.201419753491856,1.086209492544615,1.3022966641100182,0.8318955024776004,3087,2793,2,Box 3,org_3aer-org
2017-07-15 10:30:00,-34.99365234375,-0.5758432149887085,-34.50590896606445,-28.199567794799805,-10.735288619995117,5.186685085296631,-0.757737934589386,-37.77960968017578,0.20545479655265808,2.125399351119995,0.817238786818081,0.3111144991367462,-0.15031294664719697,0.02195966069236971,2.53871964533226,1.194033083382842,1.4622891583137054,0.8233930072712331,7460,6957,3,Box 4,org_3aer-org
2017-07-15 10:32:00,-30.172405242919922,-0.21673497557640076,-29.877120971679688,-30.241220474243164,-6.594318866729736,7.097908973693848,-0.1394914984703064,-31.843372344970703,0.09565593302249908,0.9420309662818909,1.0121865532506595,0.22071462864153052,-0.23757002114968953,0.004668839257499474,2.601076828869908,1.1098482023610303,1.3699927502740523,0.8113040231679621,3097,2967,0,Box 1,org_3aer-org
2017-07-15 10:32:00,-24.52672576904297,-0.158151775598526,-24.283777236938477,-25.884614944458008,-5.515580177307129,7.402963638305664,-0.2865467965602875,-26.07599639892578,0.0908845067024231,1.1183981895446777,1.065922098121348,0.2271302133117195,-0.30485223928096966,0.01179992784790218,2.825549799014437,1.1170207931468774,1.3837834975648626,0.8103221387270364,3339,3104,1,Box 2,org_3aer-org
2017-07-15 10:32:00,-21.833784103393555,-0.4443844258785248,-21.57159423828125,-21.970500946044922,-4.9473066329956055,5.15035343170166,0.19585727155208588,-23.33963394165039,0.10278309136629105,1.197248101234436,1.018492086424179,0.2293435783833725,-0.23875625898121436,-0.009079405826337233,2.263388980124759,1.0963324181001504,1.3064897988575044,0.8371090929926515,2991,2708,2,Box 3,org_3aer-org
2017-07-15 10:32:00,-36.06499481201172,-0.8816091418266296,-35.317378997802734,-30.046998977661133,-11.364047050476074,6.8097968101501465,-0.7161267399787903,-38.994293212890625,0.2149224877357483,2.2395267486572266,0.8507709941855798,0.3217692843503208,-0.19281717260269263,0.020276894066792034,2.81422100285694,1.2161178627714813,1.4998893004503162,0.8174974269676286,7342,6782,3,Box 4,org_3aer-org
2017-07-15 10:34:00,-30.697200775146484,-0.24259711802005768,-30.548738479614258,-28.465072631835938,-6.706840515136719,4.8934783935546875,-0.27030524611473083,-32.43954086303711,0.09989223629236221,1.0142929553985596,0.9317920349036202,0.21954558517727366,-0.16018594728680535,0.008848327205911527,2.436612869686728,1.1106229567242971,1.375202157583936,0.8098869732854452,3178,3040,0,Box 1,org_3aer-org
2017-07-15 10:34:00,-24.682649612426758,-0.005312162451446056,-24.387645721435547,-26.526527404785156,-6.118983268737793,8.11653995513916,0.14132457971572876,-26.27463150024414,0.09210807085037231,1.1196074485778809,1.087703497353029,0.250905030080293,-0.3328136029825207,-0.005794924450801375,2.8292749172774556,1.1274437418060999,1.3753669649993716,0.8182276780547383,3365,3099,1,Box 2,org_3aer-org
2017-07-15 10:34:00,-22.56909942626953,-0.5062114000320435,-22.225238800048828,-21.93770980834961,-5.017380714416504,4.91838264465332,-0.18853142857551575,-24.17249298095703,0.11326964199542999,1.2997914552688599,0.9870629313968878,0.22575150896418944,-0.22129720363680822,0.008482763275730942,2.4075401571386994,1.105693888193866,1.345421079221855,0.8238909932473102,2950,2672,2,Box 3,org_3aer-org
2017-07-15 10:34:00,-37.235225677490234,-1.2794125080108643,-36.20734786987305,-30.169666290283203,-11.313732147216797,6.103665828704834,-0.8276209235191345,-40.29587936401367,0.22432954609394073,2.3615407943725586,0.8332469608947931,0.31247056094680187,-0.1685753341774519,0.02285781233585693,2.768623769934538,1.2103898478964752,1.502878650079787,0.8129155874987983,7209,6622,3,Box 4,org_3aer-org
2017-07-15 10:36:00,-31.056116104125977,-0.5816314220428467,-30.94578742980957,-27.737133026123047,-6.1052727699279785,2.9858875274658203,-0.08926907926797867,-32.834815979003906,0.10424217581748962,1.0801305770874023,0.896313723890311,0.1972892868575434,-0.0964877032262829,0.002884692478428444,2.336296977783731,1.0978896683447137,1.3710497706384928,0.8014950308363915,3285,3140,0,Box 1,org_3aer-org
2017-07-15 10:36:00,-25.13564682006836,-0.3888183832168579,-24.912067413330078,-27.493370056152344,-5.459328651428223,8.003475189208984,0.0371522530913353,-26.78108787536621,0.09428243339061737,1.1305238008499146,1.1036164169845597,0.21914390529985636,-0.3212689867235586,-0.0014913355608575096,2.765085962320836,1.1062538638856643,1.3596041716019274,0.8132860992595143,3355,3086,1,Box 2,org_3aer-org
2017-07-15 10:36:00,-23.560171127319336,-0.5157025456428528,-23.193687438964844,-21.920690536499023,-5.114835739135742,4.156498432159424,-0.31466034054756165,-25.2753849029541,0.11948134750127792,1.3925986289978027,0.9451145101793255,0.22052703328076223,-0.17920818033690486,0.013566636876817167,2.378489372058696,1.1063737701552776,1.3574318425296439,0.8184353434020897,2956,2684,2,Box 3,org_3aer-org
2017-07-15 10:36:00,-37.71673583984375,-1.167647361755371,-36.70366287231445,-30.505949020385742,-11.2373046875,5.696938991546631,-0.6573478579521179,-40.80752182006836,0.22230462729930878,2.319456100463867,0.8311418326502271,0.30616301470154184,-0.15521444421378555,0.017909596862016597,2.598764406302416,1.1923195638628874,1.466709875372144,0.818516826508689,7018,6463,3,Box 4,org_3aer-org
2017-07-15 10:38:00,-31.01482582092285,-0.7840722799301147,-30.983150482177734,-29.257429122924805,-6.830290794372559,5.132730960845947,-0.028164636343717575,-32.76765060424805,0.1054798811674118,1.0801076889038086,0.944301190838968,0.22045178477139057,-0.16566200638704418,0.0009090307766855821,2.675377381050704,1.1217280429818413,1.415352661485135,0.7927934474843162,3399,3227,0,Box 1,org_3aer-org
2017-07-15 10:38:00,-25.139781951904297,-0.18481598794460297,-25.07965660095215,-25.359773635864258,-6.4306321144104,6.3276448249816895,0.38310208916664124,-26.79146385192871,0.09300130605697632,1.0790292024612427,1.0111689786184106,0.256408308437831,-0.25230187461546744,-0.015275412440774183,2.5862697623373765,1.1280338023173315,1.367850171832697,0.8207398863823614,3335,3105,1,Box 2,org_3aer-org
2017-07-15 10:38:00,-23.704730987548828,-0.5045493841171265,-23.385225296020508,-23.931758880615234,-5.479005813598633,6.041311740875244,-0.015773219987750053,-25.48662567138672,0.12415589392185211,1.4816083908081055,1.023370850538581,0.2342934729181886,-0.2583388185383812,0.0006744950816116035,2.8581725776262017,1.1277403047027048,1.4078538280003388,0.8012199185251797,2988,2683,2,Box 3,org_3aer-org
2017-07-15 10:38:00,-38.17412567138672,-1.076090931892395,-37.182823181152344,-31.312238693237305,-11.879975318908691,6.804250717163086,-0.7948646545410156,-41.29607009887695,0.2204083949327469,2.293718099594116,0.8421155563544032,0.31950168837556914,-0.18299444341666274,0.02137719868669044,2.723661097110263,1.2093425234784054,1.4867775129581702,0.8203241113511457,6972,6407,3,Box 4,org_3aer-org
2017-07-15 10:40:00,-31.516876220703125,-0.7397047281265259,-31.4720458984375,-30.400182723999023,-6.933969497680664,6.041412830352783,-0.17930710315704346,-33.304622650146484,0.1091301217675209,1.131969690322876,0.9659423732906143,0.2203215292221681,-0.19196124776775622,0.00569734525497384,2.8375556665811246,1.1263049179692726,1.433193517459894,0.787483871850143,3471,3324,0,Box 1,org_3aer-org
2017-07-15 10:40:00,-25.399673461914062,0.06899698823690414,-25.112581253051758,-25.512250900268555,-6.073641300201416,6.236562728881836,0.23674923181533813,-27.077627182006836,0.097038134932518,1.1147665977478027,1.0159151739856265,0.2418564934817734,-0.24834415246991295,-0.009427514997486924,2.566241449754584,1.1187170056081703,1.3623703211310405,0.8187644844404443,3348,3112,1,Box 2,org_3aer-org
2017-07-15 10:40:00,-24.58932113647461,-0.3159857988357544,-24.12932014465332,-25.507410049438477,-6.1857709884643555,7.785473823547363,-0.22161322832107544,-26.49504280090332,0.12331655621528625,1.4776006937026978,1.057112676094428,0.2563591294756761,-0.3226562014993045,0.009184395929200395,2.8531979598732384,1.1355623830920412,1.3918012500366852,0.8183751723412217,3024,2726,2,Box 3,org_3aer-org
2017-07-15 10:40:00,-39.11986541748047,-1.2428263425827026,-37.99433898925781,-31.293609619140625,-12.085447311401367,6.318519115447998,-0.9338006973266602,-42.343990325927734,0.22260071337223053,2.3315069675445557,0.8236387220149433,0.3180855059162283,-0.16630159248699367,0.0245773645558221,2.638447101748642,1.2060391625301772,1.480891168939525,0.82229808077399,6885,6313,3,Box 4,org_3aer-org
2017-07-15 10:42:00,-31.70711898803711,-0.5137392282485962,-31.61292839050293,-31.069515228271484,-7.774814605712891,7.100342273712158,0.13105778396129608,-33.510929107666016,0.11456257849931717,1.2020471096038818,0.982810332586852,0.24593783001757064,-0.22460246088987149,-0.00414570171455117,2.9718740529175136,1.1460020978400638,1.4468870106151746,0.7908346342228267,3585,3437,0,Box 1,org_3aer-org
2017-07-15 10:42:00,-25.618656158447266,-0.26754030585289,-25.46753692626953,-23.851585388183594,-5.321066379547119,3.7666375637054443,-0.06152607500553131,-27.320322036743164,0.0986420214176178,1.1225543022155762,0.9365484420384539,0.20893526741561702,-0.14789957215096128,0.0024158626968903696,2.284245964906363,1.0965188511902233,1.3417840233118998,0.8177902899971119,3367,3122,1,Box 2,org_3aer-org
2017-07-15 10:42:00,-24.553939819335938,-0.5060074329376221,-24.193302154541016,-20.600460052490234,-6.847952842712402,3.0630483627319336,0.19206228852272034,-26.508743286132812,0.1271352767944336,1.527087688446045,0.8514943599948105,0.2830515803571434,-0.12660728549515396,-0.007938654856799926,2.215137263569511,1.141323080140712,1.3652541885993612,0.8339147752372087,3063,2774,2,Box 3,org_3aer-org
2017-07-15 10:42:00,-39.91615676879883,-1.6150349378585815,-38.48664855957031,-32.52085876464844,-11.867058753967285,7.041731834411621,-1.1404603719711304,-43.23126220703125,0.2263384908437729,2.3811795711517334,0.844990724207114,0.30834222320164434,-0.18296556887751056,0.029632621468752257,2.717395711361923,1.2000863781219,1.4834241526065808,0.8185066300046204,6808,6246,3,Box 4,org_3aer-org
2017-07-15 10:44:00,-32.25750732421875,-0.49342548847198486,-32.16111373901367,-28.80119514465332,-8.274829864501953,4.88557243347168,0.029336409643292427,-34.098445892333984,0.1194409653544426,1.2609758377075195,0.8955284994780462,0.2572929781264058,-0.151909307374972,-0.000912170229480036,2.7306791135171626,1.1552397996844173,1.45341129023723,0.7945760803538756,3682,3508,0,Box 1,org_3aer-org
2017-07-15 10:44:00,-26.435932159423828,-0.11691175401210785,-26.325550079345703,-26.063358306884766,-5.160708427429199,5.032284259796143,-0.13376986980438232,-28.17913818359375,0.09977254271507263,1.0935791730880737,0.9900403145391387,0.19603419228273167,-0.19115587692069919,0.0050813700988288635,2.4084148084884185,1.0909192237752965,1.3443855002384322,0.8126842668538182,3347,3109,1,Box 2,org_3aer-org
2017-07-15 10:44:00,-25.349319458007812,-0.6837241053581238,-24.7847900390625,-22.12472915649414,-7.404115200042725,4.371334075927734,0.37271884083747864,-27.406843185424805,0.1358562856912613,1.6698616743087769,0.8926736184306022,0.29873624282760997,-0.17637165340349084,-0.015038207854721347,2.4688171624464306,1.1632521743055675,1.4013910017837046,0.8258678478821107,3083,2773,2,Box 3,org_3aer-org
2017-07-15 10:44:00,-39.74751663208008,-1.415575385093689,-38.430938720703125,-33.22339630126953,-12.015044212341309,7.550172328948975,-0.7426775693893433,-43.070587158203125,0.2255079448223114,2.362473487854004,0.8644959502706284,0.31263983761837855,-0.1964607782337561,0.019324990344749132,2.7628335709921155,1.2017293285035888,1.4797149357103494,0.8183089331924231,6808,6176,3,Box 4,org_3aer-org
2017-07-15 10:46:00,-33.24601745605469,-0.8358858227729797,-33.17976760864258,-28.85369300842285,-8.534784317016602,4.044651031494141,0.16406086087226868,-35.20182418823242,0.12848296761512756,1.3733477592468262,0.869617136907505,0.2572285865465035,-0.12190111799545965,-0.004944605458548815,2.583087215157053,1.1506795161453833,1.4387230814398237,0.7983549751085498,3820,3619,0,Box 1,org_3aer-org
2017-07-15 10:46:00,-26.766111373901367,-0.14819739758968353,-26.71410369873047,-25.714336395263672,-5.528633117675781,4.5811357498168945,-0.052271511405706406,-28.527587890625,0.10054118186235428,1.0925366878509521,0.9625752451045275,0.2069555772156805,-0.17148752345619686,0.0019567011359888364,2.374422381177955,1.0974199554081479,1.3491281423376023,0.8139057689199757,3401,3134,1,Box 2,org_3aer-org
2017-07-15 10:46:00,-25.31709098815918,-1.175450325012207,-24.380308151245117,-22.065673828125,-6.777318477630615,4.708076477050781,-0.24539296329021454,-27.408367156982422,0.13784179091453552,1.7552075386047363,0.905061309478981,0.27798328749533946,-0.19310980802899405,0.01006521105467359,2.5302639529284603,1.1532269695382293,1.4076206905140058,0.8220981819253815,3104,2727,2,Box 3,org_3aer-org
2017-07-15 10:46:00,-39.358909606933594,-1.2584865093231201,-38.20136260986328,-32.368927001953125,-11.747788429260254,6.507475852966309,-0.592123806476593,-42.64301681518555,0.2174031138420105,2.258553981781006,0.8473238811127668,0.30752273985168255,-0.17034669143144535,0.015500070466996002,2.662817995262241,1.1944981091937739,1.4700340390169184,0.8174320506076483,6714,6058,3,Box 4,org_3aer-org
2017-07-15 10:48:00,-34.271263122558594,-0.7621865272521973,-33.91774368286133,-30.330106735229492,-9.155670166015625,5.607151985168457,-0.03912210837006569,-36.33415603637695,0.13468767702579498,1.4703880548477173,0.8942252845355797,0.2699374428110359,-0.16531616812310077,0.0011534407764851873,2.763394849645045,1.1658122439801724,1.4606737270136578,0.7984821222319403,3908,3672,0,Box 1,org_3aer-org
2017-07-15 10:48:00,-27.220693588256836,-0.3128860890865326,-27.1662540435791,-27.069475173950195,-5.647010803222656,5.483267307281494,0.06696444004774094,-28.991464614868164,0.09898842126131058,1.067948341369629,0.9964375478310923,0.20786858667141458,-0.20184114825307645,-0.002464986249430423,2.412451444441239,1.0962072703511512,1.3425855877823987,0.8158969732464753,3384,3146,1,Box 2,org_3aer-org
2017-07-15 10:48:00,-25.377552032470703,-0.8158788681030273,-24.810428619384766,-25.175607681274414,-7.52918815612793,7.971529960632324,-0.077162005007267,-27.4728946685791,0.13518619537353516,1.6925121545791626,1.0147188108714904,0.3034686704336772,-0.32129754447129755,0.0031100631661299394,2.8370161883934792,1.1687401358608995,1.4085241717114152,0.8306466550169103,3073,2730,2,Box 3,org_3aer-org
2017-07-15 10:48:00,-39.46540069580078,-0.9151359796524048,-38.57260513305664,-33.30282211303711,-11.579242706298828,7.057320594787598,-0.7478703856468201,-42.747947692871094,0.2090941071510315,2.1193220615386963,0.8633799648457859,0.3001933732269074,-0.1829619745632819,0.01938863649058853,2.7084020508715745,1.1891214574335869,1.46913492980418,0.8154618153367571,6563,6003,3,Box 4,org_3aer-org
2017-07-15 10:50:00,-34.94182205200195,-0.9634966254234314,-34.472774505615234,-31.893144607543945,-9.430700302124023,6.87078857421875,-0.01971922256052494,-37.121490478515625,0.14195871353149414,1.5714242458343506,0.9251690321686865,0.2735695151978384,-0.1993105703981079,0.0005720230315829911,2.7948255364709063,1.1641068021633605,1.4481686907710012,0.8040178031821433,3999,3752,0,Box 1,org_3aer-org
2017-07-15 10:50:00,-27.14836883544922,-0.45587098598480225,-26.796281814575195,-27.987022399902344,-5.2529520988464355,6.359844207763672,0.0838460847735405,-28.877553939819336,0.09657665342092514,1.0236597061157227,1.0444367149347387,0.19603286607526713,-0.23734056139081267,-0.003129019619193124,2.4919170665114483,1.0894647328438543,1.338302250320728,0.8133228567358642,3387,3100,1,Box 2,org_3aer-org
2017-07-15 10:50:00,-24.487354278564453,-0.6071140170097351,-24.02042579650879,-22.426054000854492,-7.048136234283447,5.47470235824585,-0.02093735709786415,-26.47262954711914,0.12123478949069977,1.4493039846420288,0.9336243678497745,0.293422629631732,-0.22791864553480504,0.0008716480532985071,2.363747322003788,1.144743804861873,1.3595254852782819,0.8422426225400879,3041,2665,2,Box 3,org_3aer-org
2017-07-15 10:50:00,-39.33055114746094,-1.0261610746383667,-38.318729400634766,-33.926334381103516,-11.153191566467285,7.800472259521484,-1.039679765701294,-42.629920959472656,0.20830202102661133,2.0978000164031982,0.8853720306742608,0.2910636813338485,-0.20356812695648338,0.027132414948374012,2.7811826826953725,1.1830950335851902,1.4697645857701696,0.8134103396665864,6490,5918,3,Box 4,org_3aer-org
2017-07-15 10:52:00,-34.87973403930664,-0.9900058507919312,-34.519683837890625,-29.61751365661621,-9.140795707702637,4.598877906799316,-0.3602505326271057,-37.06829071044922,0.1380877047777176,1.5237854719161987,0.8579891828774844,0.26479953725852706,-0.13322481072738518,0.010436090591373737,2.575421812586179,1.157176666014628,1.4441648274382024,0.8043566915742834,4086,3814,0,Box 1,org_3aer-org
2017-07-15 10:52:00,-27.333839416503906,-0.5277162790298462,-26.98038101196289,-24.870195388793945,-4.431136608123779,2.2874016761779785,0.0335502065718174,-29.066150665283203,0.09538881480693817,0.9982995986938477,0.9217881872615787,0.1642354977568473,-0.08478018107716898,-0.0012435039412570514,2.0814069595163582,1.0674828815370574,1.3035358435803985,0.8186434396154798,3354,3060,1,Box 2,org_3aer-org
2017-07-15 10:52:00,-23.913679122924805,-0.6328057050704956,-23.41752052307129,-25.250469207763672,-6.90816068649292,8.5101318359375,0.23098036646842957,-25.841224670410156,0.10809005051851273,1.2226628065109253,1.0782726309795034,0.29499968058840165,-0.3634087414989055,-0.009863570068999572,2.747240274837766,1.1482537263071493,1.366718063487943,0.8375691069956025,2982,2584,2,Box 3,org_3aer-org
2017-07-15 10:52:00,-38.952388763427734,-0.871484100818634,-38.043235778808594,-33.04957962036133,-10.603475570678711,6.547865390777588,-0.9380466938018799,-42.242523193359375,0.20338597893714905,2.036525011062622,0.8687373187501656,0.27872172796284006,-0.17211643346208919,0.02465738674908355,2.7413813952623447,1.1755959044449404,1.4724762186177813,0.8060340837720945,6421,5823,3,Box 4,org_3aer-org
2017-07-15 10:54:00,-36.087562561035156,-1.042062759399414,-35.55705261230469,-32.13468551635742,-10.594257354736328,7.155464172363281,0.016422651708126068,-38.40479278564453,0.14917133748531342,1.6682437658309937,0.9037499345822634,0.2979509107415079,-0.2012389776389514,-0.0004618676848198999,2.776157392248075,1.1833084578072544,1.4573272104389106,0.8118304805363356,4161,3883,0,Box 1,org_3aer-org
2017-07-15 10:54:00,-27.917646408081055,-0.35961395502090454,-27.627756118774414,-28.583833694458008,-5.302242755889893,6.090727806091309,0.1675982028245926,-29.67786407470703,0.09626834839582443,1.0089185237884521,1.034605912365971,0.19191725230898213,-0.22045686656270908,-0.006066298112244045,2.4729131749394804,1.0876012925196388,1.338707059591079,0.810990280018452,3325,3097,1,Box 2,org_3aer-org
2017-07-15 10:54:00,-21.860883712768555,-0.1142825037240982,-21.73086929321289,-19.94110679626465,-5.592024803161621,3.85048508644104,-0.048222921788692474,-23.605510711669922,0.08656011521816254,0.953809380531311,0.9176396359296749,0.25733091884715126,-0.1771896525540228,0.0022190977771966436,2.233760525687425,1.1192823175872297,1.339022359486064,0.8364368702806142,2937,2481,2,Box 3,org_3aer-org
2017-07-15 10:54:00,-38.539371490478516,-0.8351290225982666,-37.73076629638672,-33.35675811767578,-10.622526168823242,7.117159366607666,-0.868640661239624,-41.83790588378906,0.20284579694271088,2.040944814682007,0.8840732166601732,0.28153487296493696,-0.18863016720953893,0.02302207758442873,2.833676752352482,1.1803911023926346,1.481001066667242,0.8042611580478608,6379,5787,3,Box 4,org_3aer-org
2017-07-15 10:56:00,-36.47625732421875,-0.6235071420669556,-36.026580810546875,-33.39382553100586,-11.324640274047852,8.647248268127441,0.04463198781013489,-38.86996841430664,0.15416650474071503,1.7333149909973145,0.9269217368236826,0.314341219698823,-0.2400240937772426,-0.0012388627452630252,3.0131681230162553,1.2056579419112314,1.4868362684136878,0.8104898017715308,4220,3917,0,Box 1,org_3aer-org
2017-07-15 10:56:00,-28.044050216674805,-0.3332272469997406,-27.933429718017578,-31.44803810119629,-5.951397895812988,9.650572776794434,-0.18456333875656128,-29.838594436645508,0.10033053904771805,1.0724942684173584,1.1258209620460842,0.21305647078091525,-0.34548468969716084,0.006607256870161393,2.941175995202011,1.1074719366163892,1.3763212359125632,0.8063609290492919,3396,3149,1,Box 2,org_3aer-org
2017-07-15 10:56:00,-23.184186935424805,-0.061427101492881775,-23.20370864868164,-21.658130645751953,-5.574606418609619,3.6664068698883057,0.36262205243110657,-25.125019073486328,0.09385202080011368,1.0579463243484497,0.9333909285517219,0.24024635381319948,-0.15800951965722115,-0.01562776270770022,2.290545659927432,1.1125576132388555,1.3444408322608108,0.8237055587761666,2906,2483,2,Box 3,org_3aer-org
2017-07-15 10:56:00,-38.04819869995117,-0.7606386542320251,-37.292423248291016,-32.42420959472656,-10.852118492126465,6.6537275314331055,-0.6698250770568848,-41.29387664794922,0.2001122534275055,1.9885931015014648,0.8694583211574052,0.2910005914550311,-0.17842033453039177,0.017961421917955495,2.7633533427423367,1.185420901211098,1.476515801524092,0.8084892285503317,6292,5738,3,Box 4,org_3aer-org
2017-07-15 10:58:00,-37.07402801513672,-0.608572244644165,-36.78237533569336,-34.445194244384766,-10.805757522583008,8.494625091552734,-0.026055121794342995,-39.52668762207031,0.15399512648582458,1.7018753290176392,0.936459052958535,0.29377539588128654,-0.23094280771619977,0.0007083588763781845,2.8277585942419736,1.1770928019163238,1.4477422584029478,0.8132672424584246,4233,3964,0,Box 1,org_3aer-org
2017-07-15 10:58:00,-28.055089950561523,-0.3553590774536133,-27.923831939697266,-28.10953140258789,-6.00789737701416,6.165450572967529,0.028144365176558495,-29.86994171142578,0.10343068093061447,1.1249679327011108,1.0066501460546997,0.21515304204973926,-0.2207952905676064,-0.0010078975368325582,2.5419290400021057,1.104836803119297,1.3619534856347701,0.810962244006284,3450,3177,1,Box 2,org_3aer-org
2017-07-15 10:58:00,-23.887521743774414,-0.5842485427856445,-23.420001983642578,-23.084026336669922,-5.611910343170166,5.106178283691406,0.16975460946559906,-25.985830307006836,0.10763560235500336,1.2259846925735474,0.9856542539836086,0.23962040512646177,-0.2180263847354191,-0.007248274374651281,2.453921398785164,1.1152933569174774,1.3547057171481298,0.8214639389417524,2865,2413,2,Box 3,org_3aer-org
2017-07-15 10:58:00,-37.761165618896484,-0.6822560429573059,-37.050575256347656,-30.813745498657227,-10.577160835266113,4.711137771606445,-0.3708077371120453,-41.008724212646484,0.1968918740749359,1.9273332357406616,0.8316671043685279,0.2854789719908106,-0.1271542281451292,0.010008151785790703,2.46887381698992,1.1677901362717662,1.436528025488006,0.8158778127592509,6245,5680,3,Box 4,org_3aer-org
2017-07-15 11:00:00,-37.95219039916992,-0.7899850010871887,-37.53963851928711,-33.43656921386719,-10.971592903137207,6.53518009185791,0.33334705233573914,-40.48858642578125,0.1556463986635208,1.7126168012619019,0.8907004302857748,0.29226690444890535,-0.17408746654678872,-0.008879868187891465,2.6909502663701956,1.176339838038284,1.44839408351162,0.8095010379540497,4302,4015,0,Box 1,org_3aer-org
2017-07-15 11:00:00,-28.448272705078125,-0.38391706347465515,-28.231786727905273,-29.597970962524414,-5.67673397064209,7.310816764831543,-0.26790398359298706,-30.31600570678711,0.10792389512062073,1.1697207689285278,1.0483915449364558,0.2010759569789018,-0.2589569461307228,0.009489444215365184,2.669843142240016,1.0987499188057928,1.3664697468716178,0.8064651480727835,3420,3148,1,Box 2,org_3aer-org
2017-07-15 11:00:00,-24.680198669433594,-0.6721462607383728,-24.142684936523438,-24.766395568847656,-6.206881523132324,6.738106727600098,0.09248410165309906,-26.916587829589844,0.11316907405853271,1.2806659936904907,1.0258342808860352,0.2570916039732273,-0.27909515514768424,-0.0038307297115782735,2.5627288372100696,1.125159096059689,1.357698505128252,0.8277550937474403,2807,2367,2,Box 3,org_3aer-org
2017-07-15 11:00:00,-37.35108947753906,-0.6284449100494385,-36.771148681640625,-32.452880859375,-10.915315628051758,7.213852405548096,-0.6168029308319092,-40.59635925292969,0.19396208226680756,1.9004818201065063,0.8825637543413708,0.29684456685129557,-0.19618242259485563,0.016774101402189268,2.6470645693541766,1.1778691523982643,1.4443515016650508,0.8205452204624216,6274,5706,3,Box 4,org_3aer-org
2017-07-15 11:02:00,-37.64508819580078,-1.082932710647583,-37.109954833984375,-33.55277633666992,-10.787434577941895,7.155299663543701,0.07495191693305969,-40.19355010986328,0.15441350638866425,1.6893681287765503,0.9041448273887078,0.29068838776607164,-0.19281349022377642,-0.002019724931003053,2.7757037054416354,1.1783482334595528,1.456999728523046,0.8081352321532187,4343,4031,0,Box 1,org_3aer-org
2017-07-15 11:02:00,-28.434368133544922,-0.29606643319129944,-28.21957778930664,-29.93838119506836,-6.2447004318237305,7.9649152755737305,-0.0014075313229113817,-30.333452224731445,0.11008885502815247,1.1983028650283813,1.0609083216483954,0.2212896524380308,-0.28224785191547663,4.987782905041538e-05,2.710045617917548,1.10957389520484,1.3678535145759492,0.8111915635350667,3485,3173,1,Box 2,org_3aer-org
2017-07-15 11:02:00,-24.723430633544922,-0.9397439360618591,-23.8853702545166,-24.397438049316406,-6.597306728363037,6.80744743347168,0.3019278943538666,-27.041378021240234,0.12079227715730667,1.343564748764038,1.0214385879326124,0.27620699272387433,-0.28500487748062636,-0.012640703175860413,2.6689241363841947,1.141938577730139,1.3776196849254885,0.8255715385683535,2777,2315,2,Box 3,org_3aer-org
2017-07-15 11:02:00,-37.02302932739258,-0.4764348566532135,-36.53324890136719,-31.048879623413086,-11.335618019104004,6.448437690734863,-0.597190797328949,-40.290748596191406,0.19579221308231354,1.937339425086975,0.8498799856207249,0.31028224939828536,-0.17650873557383903,0.016346500554828808,2.5221567615257863,1.1839718613206298,1.4374075648482842,0.8285855116661546,6312,5741,3,Box 4,org_3aer-org
2017-07-15 11:04:00,-38.032012939453125,-1.0157328844070435,-37.33651351928711,-34.116943359375,-10.457161903381348,7.0822272300720215,0.15536315739154816,-40.62764358520508,0.1535114049911499,1.6708793640136719,0.9137688667798531,0.2800786422492115,-0.18968635109695867,-0.004161157932105947,2.801870934648505,1.171044780337201,1.4562113119939553,0.8029156070062184,4384,4063,0,Box 1,org_3aer-org
2017-07-15 11:04:00,-28.948505401611328,-0.336946040391922,-28.80847930908203,-29.80438804626465,-6.8507866859436035,8.498285293579102,-0.6515889167785645,-30.94076156616211,0.12026959657669067,1.3442306518554688,1.034569993421955,0.23780455202820794,-0.2949925011934629,0.022617955743299945,2.854645570352855,1.1281224397278693,1.4020924902460288,0.8107731591693741,3517,3217,1,Box 2,org_3aer-org
2017-07-15 11:04:00,-26.205184936523438,-1.3084936141967773,-25.13814353942871,-26.10451889038086,-7.6315717697143555,8.654735565185547,-0.05678761377930641,-28.770898818969727,0.13822680711746216,1.5132278203964233,1.0384426222766863,0.3035853937810529,-0.3442870380270145,0.002259021969275299,2.7621044742956635,1.16010572306514,1.3855914828617784,0.8378809591904937,2758,2270,2,Box 3,org_3aer-org
2017-07-15 11:04:00,-36.80543899536133,-0.4317712187767029,-36.36065673828125,-31.173770904541016,-11.492022514343262,6.751967430114746,-0.44683077931404114,-40.100379943847656,0.19356703758239746,1.9296875,0.857348968118274,0.3160565145888868,-0.1856943358633896,0.012288853156228824,2.5139498247945915,1.1852078554055148,1.4310565829497313,0.8318606078811878,6381,5806,3,Box 4,org_3aer-org
2017-07-15 11:06:00,-38.444889068603516,-0.9093557596206665,-37.808204650878906,-35.641578674316406,-10.913840293884277,8.142494201660156,0.6047242283821106,-41.06679916381836,0.15092793107032776,1.611312747001648,0.9426943868953682,0.2886633119369039,-0.2153631736648571,-0.015994525167415036,2.9823641838015296,1.1821098321311767,1.4716446033960153,0.798308877826763,4397,4076,0,Box 1,org_3aer-org
2017-07-15 11:06:00,-29.2705135345459,-0.5131030678749084,-29.09488868713379,-29.423173904418945,-7.594313144683838,7.893349647521973,0.02924991399049759,-31.35860824584961,0.1317571997642517,1.509735107421875,1.0112832775515261,0.2610188240988768,-0.27129677341524133,-0.0010053282351615844,2.7402633201326,1.138933918376297,1.3941277118385242,0.8166780729769729,3562,3236,1,Box 2,org_3aer-org
2017-07-15 11:06:00,-26.302227020263672,-1.220166563987732,-25.057100296020508,-24.723209381103516,-7.129776477813721,5.901430606842041,0.8944545388221741,-28.93890953063965,0.1425948441028595,1.488654613494873,0.9866747721948836,0.2845411564709819,-0.23551928011663176,-0.03569664854923377,2.357521561329423,1.131631731901033,1.336068071710811,0.8382718308436357,2733,2264,2,Box 3,org_3aer-org
2017-07-15 11:06:00,-37.27509307861328,-0.5499267578125,-36.7590446472168,-29.84389877319336,-11.454231262207031,5.187826156616211,-0.6487424969673157,-40.66793441772461,0.19765150547027588,1.9775444269180298,0.8118790064620099,0.31160311299460813,-0.14113063215515248,0.017648512698534402,2.323060492738818,1.175568401908459,1.4134926149690799,0.8367713804609236,6417,5824,3,Box 4,org_3aer-org
2017-07-15 11:08:00,-39.16840744018555,-1.2150508165359497,-38.52060317993164,-34.64506149291992,-10.595130920410156,6.465627670288086,0.25396305322647095,-41.803306579589844,0.1465270072221756,1.5363357067108154,0.8993904578200128,0.27505101843382446,-0.16784856093784611,-0.006592915315991155,2.7415245365795693,1.1667377199106617,1.4532129209299136,0.8008916484058586,4413,4105,0,Box 1,org_3aer-org
2017-07-15 11:08:00,-30.1026554107666,-0.3923938274383545,-29.84519386291504,-28.083908081054688,-8.526456832885742,6.830140113830566,-0.0649673193693161,-32.31111145019531,0.14263205230236053,1.6547043323516846,0.940985984372521,0.2856894551805453,-0.22885224967764387,0.0021768101245775717,2.6803969367812868,1.1614540042611958,1.418027169959844,0.8196862536103645,3524,3213,1,Box 2,org_3aer-org
2017-07-15 11:08:00,-25.41008758544922,-0.6564124822616577,-24.746179580688477,-22.99285316467285,-7.103646278381348,5.308362007141113,0.04195746034383774,-27.93280029296875,0.1311255246400833,1.2111531496047974,0.9291475493524238,0.28706032610037213,-0.2145123628028907,-0.0016955126499052509,2.3482509533846745,1.1409609896978206,1.3583298679517513,0.839537371680626,2703,2248,2,Box 3,org_3aer-org
2017-07-15 11:08:00,-38.173789978027344,-0.6063981056213379,-37.577972412109375,-31.78640365600586,-12.053628921508789,6.9409637451171875,-0.6789048314094543,-41.680660247802734,0.20659516751766205,2.036867141723633,0.8458785785230055,0.32076319360176575,-0.18470833557411168,0.018066563449340406,2.5476483298870085,1.194003210183553,1.4455942294329878,0.8314776444788704,6473,5821,3,Box 4,org_3aer-org
2017-07-15 11:10:00,-39.688446044921875,-0.9432145953178406,-39.13829803466797,-37.96202850341797,-10.712847709655762,9.717000961303711,-0.18043051660060883,-42.354095458984375,0.14330419898033142,1.4750770330429077,0.9699456402016562,0.2737177384219919,-0.24827345369661347,0.004610075072965403,2.9395124446706733,1.1643228560581207,1.448532910436263,0.8051688189178229,4462,4178,0,Box 1,org_3aer-org
2017-07-15 11:10:00,-30.838314056396484,-0.5390067100524902,-30.391422271728516,-28.71969223022461,-8.774847030639648,7.616848468780518,-0.5137333273887634,-33.15787124633789,0.15147174894809723,1.771810531616211,0.944993301799144,0.28872774688592706,-0.2506249419191266,0.016903893234055556,2.775134633558098,1.1687435144893037,1.4333832589226922,0.8203515786487228,3458,3152,1,Box 2,org_3aer-org
2017-07-15 11:10:00,-26.21672248840332,-0.5283815860748291,-25.78451919555664,-25.613874435424805,-7.8721466064453125,7.417950630187988,0.28355175256729126,-28.857593536376953,0.13087129592895508,1.194169521331787,0.9933819008808535,0.30530516125405105,-0.2876900853649911,-0.010996976769913513,2.662989573132474,1.1624287633062584,1.389103011198332,0.8338006847697416,2671,2231,2,Box 3,org_3aer-org
2017-07-15 11:10:00,-38.80524444580078,-0.810502827167511,-37.97738265991211,-31.939823150634766,-12.103682518005371,6.480190753936768,-0.4140702486038208,-42.41152572631836,0.21634800732135773,2.1268694400787354,0.8410221782447623,0.3187076469448348,-0.17063290121444835,0.010903076024851244,2.4617724249540074,1.1861298340561404,1.4291190382458683,0.8332101416155131,6449,5801,3,Box 4,org_3aer-org
2017-07-15 11:12:00,-40.0067138671875,-0.7272335886955261,-39.45722961425781,-34.783653259277344,-10.141510963439941,5.64480447769165,-0.1768730729818344,-42.67617416381836,0.1408786028623581,1.4375312328338623,0.8815532828738903,0.2570254167226237,-0.14306135248154742,0.0044826528850333835,2.5937476027266033,1.1490589803580256,1.4338857124101738,0.8026558665559753,4525,4224,0,Box 1,org_3aer-org
2017-07-15 11:12:00,-31.1085147857666,-0.6587958335876465,-30.66788673400879,-28.98344612121582,-9.299761772155762,7.849632740020752,-0.2343137562274933,-33.47764587402344,0.1549842804670334,1.8121212720870972,0.9450747366611627,0.30324102536382336,-0.25595612380936333,0.00764036178437727,2.7536683535232407,1.1764569364475237,1.4294184422095033,0.8252815335599671,3498,3149,1,Box 2,org_3aer-org
2017-07-15 11:12:00,-25.605262756347656,-0.4839862287044525,-24.894420623779297,-20.73886489868164,-6.954601764678955,2.8134067058563232,-0.01436061505228281,-28.199663162231445,0.12844941020011902,1.0317089557647705,0.8330728022820016,0.2793638700759363,-0.11301353316655048,0.0005768608086125088,2.0021660165683364,1.1234473990681275,1.3201939862655792,0.8511078265655697,2641,2194,2,Box 3,org_3aer-org
2017-07-15 11:12:00,-38.01512908935547,-0.7604138851165771,-37.30680465698242,-31.828311920166016,-11.0958833694458,6.1157050132751465,-0.49831780791282654,-41.60084915161133,0.21646125614643097,2.1168761253356934,0.8531502259364857,0.2974225109116332,-0.16393002704438156,0.013357290196262667,2.43864785862038,1.1681089217512832,1.416650019943545,0.8284021683455507,6543,5868,3,Box 4,org_3aer-org
2017-07-15 11:14:00,-40.91609191894531,-0.6660645604133606,-40.51053237915039,-35.990943908691406,-10.816929817199707,6.37994909286499,-0.08260059356689453,-43.68461608886719,0.14419926702976227,1.4833927154541016,0.8884343744912022,0.2670152910440785,-0.15748865632470746,0.0020389907894267367,2.597614230268932,1.1542485888180631,1.4306883152227705,0.8073678973622094,4592,4255,0,Box 1,org_3aer-org
2017-07-15 11:14:00,-31.106996536254883,-0.6364316344261169,-30.63314437866211,-28.235292434692383,-9.345743179321289,7.510234355926514,-0.5623442530632019,-33.49370574951172,0.1544218808412552,1.8149492740631104,0.921723602425636,0.3050859489897604,-0.2451669289224561,0.018357377507059708,2.759256782835908,1.1829053731081398,1.4434729186306243,0.8250261016505542,3528,3183,1,Box 2,org_3aer-org
2017-07-15 11:14:00,-26.379318237304688,-0.46078160405158997,-25.766557693481445,-22.144744873046875,-7.507033824920654,3.760727643966675,0.12449068576097488,-29.09564971923828,0.1424052119255066,1.1860921382904053,0.8594373672719117,0.2913479239638745,-0.14595380861204968,-0.004831482623736477,2.3378309478676047,1.1548179686337947,1.3900947348192096,0.829426711948518,2603,2137,2,Box 3,org_3aer-org
2017-07-15 11:14:00,-37.218788146972656,-0.75950026512146,-36.524471282958984,-31.98171615600586,-11.161759376525879,6.814746379852295,-0.19574755430221558,-40.777076721191406,0.2152787446975708,2.113182306289673,0.875624200389914,0.3055967191464318,-0.1865802724048047,0.005359352868458983,2.434258901945608,1.1679435573475077,1.403079939319322,0.8339263690542907,6635,5942,3,Box 4,org_3aer-org
2017-07-15 11:16:00,-41.6731071472168,-0.4881976842880249,-41.2965202331543,-35.66154098510742,-11.23199462890625,5.620573043823242,-0.02355646900832653,-44.52133560180664,0.1446099579334259,1.5002790689468384,0.8635483622905985,0.271984038690185,-0.1361028235206499,0.0005704225398663887,2.5456738088740476,1.158526618470709,1.434305242119526,0.8078928840359952,4639,4285,0,Box 1,org_3aer-org
2017-07-15 11:16:00,-31.563926696777344,-0.9501065611839294,-31.01692008972168,-28.718910217285156,-9.813261032104492,7.582165718078613,-0.06691546738147736,-34.02497482299805,0.1606464833021164,1.8940528631210327,0.9259110646676924,0.31638410805390393,-0.24445255853249606,0.0021573858108997757,2.833922006195321,1.194787153161316,1.45499752869042,0.8218255617961515,3554,3176,1,Box 2,org_3aer-org
2017-07-15 11:16:00,-25.664352416992188,-0.5730136036872864,-25.097322463989258,-23.061735153198242,-7.666845798492432,5.299130439758301,0.33212780952453613,-28.31178855895996,0.14099593460559845,1.12517511844635,0.9188922006392871,0.30548461332172017,-0.21114322020437956,-0.01323359375662772,2.533659879791482,1.1671127733526023,1.4010769246271269,0.8293018294003746,2592,2093,2,Box 3,org_3aer-org
2017-07-15 11:16:00,-36.759735107421875,-0.6998772621154785,-36.090599060058594,-31.46915054321289,-10.818435668945312,6.431201457977295,-0.2342173159122467,-40.30607223510742,0.21325139701366425,2.0908353328704834,0.8719486240161306,0.29975770843441263,-0.17819603681226726,0.006489704361724025,2.34489485382536,1.1577647938895308,1.385137242462732,0.8376175711587678,6709,6051,3,Box 4,org_3aer-org
2017-07-15 11:18:00,-42.880855560302734,-0.9433948397636414,-42.380794525146484,-35.77317810058594,-11.254462242126465,4.823740482330322,-0.176890030503273,-45.901546478271484,0.15584997832775116,1.6543139219284058,0.8440894633479199,0.26555574992008246,-0.11381903895544494,0.004173825687442581,2.3770495766032607,1.1459138656076027,1.4076625995531242,0.8152169663907134,4682,4335,0,Box 1,org_3aer-org
2017-07-15 11:18:00,-32.00307083129883,-0.9562411308288574,-31.287137985229492,-28.20256233215332,-9.121541023254395,6.508119106292725,-0.47115635871887207,-34.49943161010742,0.1619649976491928,1.897965669631958,0.9014106594841671,0.29154283468049863,-0.20801259980078562,0.015059105636119896,2.617903152620286,1.1683938608418623,1.427431810320684,0.8229270939974134,3496,3136,1,Box 2,org_3aer-org
2017-07-15 11:18:00,-25.761350631713867,-0.3887034058570862,-25.255821228027344,-21.62517738342285,-7.39237117767334,3.927680253982544,-0.16595347225666046,-28.319570541381836,0.13152287900447845,0.905795693397522,0.8562452678323823,0.29269968486255094,-0.1555158527153814,0.006570900020448162,2.2924757379434935,1.1523474799039586,1.381228075095882,0.8360643953829209,2528,2047,2,Box 3,org_3aer-org
2017-07-15 11:18:00,-36.29133987426758,-0.8672265410423279,-35.47385025024414,-31.332408905029297,-10.175301551818848,6.524908065795898,-0.4910474717617035,-39.8454475402832,0.21572433412075043,2.1616222858428955,0.8832537104992162,0.2868394928887648,-0.18393572248956166,0.013842519101580658,2.350685675120157,1.1488764196375922,1.380657786022987,0.8358462784756433,6867,6160,3,Box 4,org_3aer-org
2017-07-15 11:20:00,-43.03033447265625,-0.7384501695632935,-42.4091796875,-35.81843948364258,-11.6770601272583,5.079823970794678,0.006497246213257313,-46.11597442626953,0.16371862590312958,1.758921504020691,0.8445916988437366,0.27534274135683984,-0.11978123643597487,-0.00015320376460160878,2.4163799093669747,1.1546683364415344,1.4165211297940383,0.8151002598414647,4754,4420,0,Box 1,org_3aer-org
2017-07-15 11:20:00,-32.01932907104492,-0.5755411982536316,-31.484310150146484,-27.473146438598633,-9.587686538696289,5.669852256774902,-0.09332866221666336,-34.472686767578125,0.1575653851032257,1.8316168785095215,0.8725980349092946,0.3045226908107448,-0.18008501709126865,0.002964291371229305,2.5771163206693632,1.1796130896572175,1.435666652117888,0.8225295762306533,3480,3093,1,Box 2,org_3aer-org
2017-07-15 11:20:00,-24.565446853637695,-0.8633229732513428,-23.82499122619629,-19.144994735717773,-6.888228893280029,2.2756757736206055,-0.06744186580181122,-26.953449249267578,0.11551249027252197,0.7070600986480713,0.8035678303515399,0.2891177905038248,-0.09551634044177093,0.0028307195864062384,2.011406763580413,1.1339620388791822,1.3362780083371417,0.8492940345654306,2482,1994,2,Box 3,org_3aer-org
2017-07-15 11:20:00,-35.9610481262207,-1.1263333559036255,-34.91107940673828,-31.119415283203125,-9.419148445129395,6.1463398933410645,-0.5188573002815247,-39.51321792602539,0.21332046389579773,2.168816328048706,0.8913907892321359,0.26980397587115806,-0.17605701708710314,0.014862251983809194,2.3011042200791465,1.1344229232793925,1.365668086385594,0.8345288728095887,7022,6248,3,Box 4,org_3aer-org
2017-07-15 11:22:00,-43.18758773803711,-0.821692943572998,-42.619293212890625,-36.14029312133789,-11.387343406677246,5.230391025543213,-0.32204777002334595,-46.314186096191406,0.1675221025943756,1.8133440017700195,0.8479796614430051,0.26718750145158315,-0.12272354673036938,0.0075563838357811525,2.32399310451731,1.1420837352335005,1.3930403200193506,0.8219059127479713,4818,4515,0,Box 1,org_3aer-org
2017-07-15 11:22:00,-33.4592170715332,-0.5499882698059082,-32.93408966064453,-32.18601608276367,-10.368999481201172,9.902613639831543,-0.2816843092441559,-36.06604766845703,0.17112179100513458,1.9656696319580078,0.9772858395379677,0.31484092033878236,-0.3006797312990943,0.008552971422344291,3.094879772543268,1.1995891459303054,1.4701075985664955,0.8186810491881742,3494,3107,1,Box 2,org_3aer-org
2017-07-15 11:22:00,-25.22486114501953,-0.9875360727310181,-24.23744010925293,-21.065723419189453,-6.522210597991943,3.774448871612549,-0.42395681142807007,-27.7109432220459,0.12252721190452576,0.8940431475639343,0.8691397073195305,0.26909650356027437,-0.15572802532199664,0.017491814442191778,2.136048622197761,1.1246719429122838,1.3378665430499566,0.8449368609531921,2434,1946,2,Box 3,org_3aer-org
2017-07-15 11:22:00,-36.03493881225586,-0.9788913726806641,-35.08515167236328,-31.703588485717773,-8.867674827575684,5.5152506828308105,-0.02914169616997242,-39.606773376464844,0.20581954717636108,2.101316452026367,0.9036183730659999,0.2527471958396512,-0.15719616794254607,0.0008305990368949467,2.358532954631404,1.127496067308393,1.372343655435744,0.821800371841027,7107,6357,3,Box 4,org_3aer-org
2017-07-15 11:24:00,-43.402095794677734,-0.6208530068397522,-42.86160659790039,-35.401527404785156,-11.47191333770752,4.214513301849365,-0.20267531275749207,-46.56040573120117,0.16809508204460144,1.8025976419448853,0.825949667952757,0.26765013400458554,-0.09832840043372695,0.004728598476384377,2.2545996680917817,1.1407916148954262,1.3883222894520733,0.8229809897542056,4893,4598,0,Box 1,org_3aer-org
2017-07-15 11:24:00,-34.77079391479492,-0.7455708384513855,-34.29648208618164,-30.20490837097168,-10.982913970947266,7.166857719421387,-0.2755204141139984,-37.52857208251953,0.18120059370994568,2.087545871734619,0.8806998762389728,0.3202343828708532,-0.20896774866426665,0.00803348955444061,2.8160039795040377,1.2071086642362154,1.4797225207477374,0.8183389547637888,3491,3096,1,Box 2,org_3aer-org
2017-07-15 11:24:00,-27.02503204345703,-1.210880994796753,-25.864185333251953,-22.969738006591797,-8.542563438415527,5.73160457611084,-0.08349103480577469,-29.800050735473633,0.14323608577251434,1.1990886926651,0.8880904799359947,0.33028538531398655,-0.22160392085623726,0.003228055606256053,2.511669798052679,1.1867904866060883,1.4129304795625661,0.8408874306525256,2431,1943,2,Box 3,org_3aer-org
2017-07-15 11:24:00,-35.83322525024414,-0.8252184987068176,-34.99679946899414,-30.636484146118164,-9.182867050170898,5.17636775970459,-0.35381537675857544,-39.39516067504883,0.19953188300132751,2.010389566421509,0.8754081458054321,0.26239163895728007,-0.1479097188073978,0.010109934044685603,2.2857854057357767,1.1318998119660828,1.369971846003146,0.8288548657204364,7219,6405,3,Box 4,org_3aer-org
2017-07-15 11:26:00,-43.5435676574707,-0.4428715407848358,-43.216495513916016,-37.092308044433594,-11.965184211730957,5.923854827880859,-0.08286300301551819,-46.73479080200195,0.16718199849128723,1.7785964012145996,0.8582904191748031,0.27686610461029443,-0.13707391640470978,0.0019173926196122681,2.399241361216081,1.1516005294700533,1.4047819229923961,0.8203061548121936,4994,4676,0,Box 1,org_3aer-org
2017-07-15 11:26:00,-35.42513656616211,-0.7389507293701172,-34.8823127746582,-30.851768493652344,-11.70991325378418,7.659714221954346,0.019655419513583183,-38.30581283569336,0.19335517287254333,2.249305486679077,0.8844531057415183,0.3356977636709192,-0.21958739121302126,-0.0005634781994161842,3.0891016943886447,1.2386793576562838,1.5297072320161977,0.8095553693018099,3540,3110,1,Box 2,org_3aer-org
2017-07-15 11:26:00,-29.21225929260254,-1.3660626411437988,-27.838132858276367,-23.486366271972656,-9.962183952331543,5.514588356018066,0.09582649916410446,-32.270774841308594,0.16256918013095856,1.4694799184799194,0.8436759821881651,0.35786104529877794,-0.1980947529655288,-0.0034422745214142125,2.448067257191054,1.2091031974486837,1.4243696107962662,0.847836010904518,2417,1912,2,Box 3,org_3aer-org
2017-07-15 11:26:00,-35.25216293334961,-0.68100506067276,-34.544559478759766,-30.39707374572754,-8.83088493347168,5.054934501647949,-0.3715365529060364,-38.74040985107422,0.19171160459518433,1.8761329650878906,0.8799380806377061,0.2556374707879183,-0.1463308346841269,0.010755283258502502,2.2995456901797455,1.128578268362628,1.37086680967482,0.8260566740996568,7319,6482,3,Box 4,org_3aer-org
2017-07-15 11:28:00,-44.40385055541992,-0.0772378221154213,-44.09485626220703,-38.292659759521484,-12.785636901855469,6.7406907081604,0.24274791777133942,-47.71139907836914,0.17105260491371155,1.82048761844635,0.8684155256998564,0.28995755067732687,-0.15286794674480517,-0.005505129632378064,2.482279825882261,1.1639086000902539,1.4176200062206112,0.8194542029858172,5073,4748,0,Box 1,org_3aer-org
2017-07-15 11:28:00,-35.45271301269531,-0.9984710216522217,-34.777164459228516,-30.026308059692383,-11.540166854858398,7.18706750869751,-0.39776262640953064,-38.38325500488281,0.19612298905849457,2.306295394897461,0.8633913634596105,0.33183170359173453,-0.20666053101651252,0.011437463965167455,2.9236475226580145,1.2289541896327356,1.5131491430999653,0.8160398157281176,3558,3100,1,Box 2,org_3aer-org
2017-07-15 11:28:00,-31.701616287231445,-1.9328159093856812,-29.885778427124023,-21.519245147705078,-10.963943481445312,2.4878649711608887,0.10954494029283524,-35.131717681884766,0.18835753202438354,1.917095422744751,0.720049673348135,0.36686156741327136,-0.08324578722044189,-0.003665453540964439,2.241840210065676,1.2283316007985592,1.4531343603098608,0.8441408718587463,2418,1916,2,Box 3,org_3aer-org
2017-07-15 11:28:00,-34.79951858520508,-0.9160911440849304,-33.84711837768555,-29.64533042907715,-7.810272216796875,3.755797863006592,-0.14731335639953613,-38.2288818359375,0.18941617012023926,1.8248203992843628,0.875859819213198,0.23075148798010003,-0.11096362372892231,0.004352316535624276,2.2133081811422404,1.1103294723043258,1.3530551294255952,0.821689812132784,7412,6551,3,Box 4,org_3aer-org
2017-07-15 11:30:00,-44.76812744140625,-0.22140073776245117,-44.44995880126953,-38.28569030761719,-12.671163558959961,6.6485915184021,-0.14170166850090027,-48.121070861816406,0.16888639330863953,1.7764190435409546,0.8613211026928047,0.2850657603867182,-0.1495747548125148,0.0031878917329918877,2.5040776677722034,1.1640427084510936,1.4265193045303222,0.8169266840286291,5120,4822,0,Box 1,org_3aer-org
2017-07-15 11:30:00,-35.099308013916016,-0.8379718661308289,-34.32372283935547,-28.274431228637695,-11.054020881652832,5.150389194488525,-0.14566129446029663,-37.9919548034668,0.18530800938606262,2.154616117477417,0.8237576642245571,0.322051889521627,-0.15005330324387878,0.004243749497694682,2.636748571668144,1.2086745759499085,1.4804213929458594,0.8178000023166571,3609,3104,1,Box 2,org_3aer-org
2017-07-15 11:30:00,-34.02286911010742,-2.5556962490081787,-31.62804412841797,-24.190092086791992,-11.909399032592773,5.035137176513672,-0.5636897087097168,-37.78483200073242,0.22344975173473358,2.4072813987731934,0.7648304906195482,0.37654553663505885,-0.15919849166753208,0.01782246441292501,2.294077470564461,1.226784478533255,1.4360267431454234,0.8598184664532833,2435,1895,2,Box 3,org_3aer-org
2017-07-15 11:30:00,-33.87961196899414,-0.725201427936554,-33.08041000366211,-29.260414123535156,-8.015156745910645,4.080158233642578,0.11500072479248047,-37.189247131347656,0.18354031443595886,1.7361868619918823,0.8845238620223949,0.24229316605054602,-0.12334062841648415,-0.0034763996564567273,2.257279275752005,1.1179642584954657,1.3590919008022206,0.821704884797938,7519,6679,3,Box 4,org_3aer-org
2017-07-15 11:32:00,-45.09843444824219,-0.10467198491096497,-44.77600860595703,-38.98006820678711,-13.268034934997559,7.443444728851318,0.028651684522628784,-48.50703048706055,0.16925454139709473,1.7625571489334106,0.8705570477189609,0.29632019484634675,-0.16623735333564232,-0.0006398892296653469,2.546178981421247,1.172406543654636,1.4302550525285282,0.8195308294585221,5204,4892,0,Box 1,org_3aer-org
2017-07-15 11:32:00,-35.03361511230469,-0.8244726657867432,-34.30904769897461,-31.191001892089844,-10.744784355163574,7.781947135925293,-0.15520979464054108,-37.919559478759766,0.17848439514636993,2.034961223602295,0.909118818236944,0.3131763967777401,-0.22681908823589833,0.004523873221214253,2.8759797101063267,1.1995602419649511,1.4730459767817938,0.8157681592368395,3625,3143,1,Box 2,org_3aer-org
2017-07-15 11:32:00,-35.295780181884766,-2.490548849105835,-32.829078674316406,-25.216144561767578,-13.513598442077637,5.833206653594971,0.06745682656764984,-39.24609375,0.24645057320594788,2.7711400985717773,0.7681038983348834,0.41163504059115863,-0.1776841499208845,-0.002054789005157487,2.346276294607245,1.256738910569795,1.447881756404771,0.8673246572549533,2392,1904,2,Box 3,org_3aer-org
2017-07-15 11:32:00,-32.67301559448242,-0.7666304111480713,-31.902854919433594,-29.4898681640625,-7.802631855010986,5.686181545257568,-0.29653477668762207,-35.83914566040039,0.17941193282604218,1.6635193824768066,0.9243645970676858,0.24457474088202558,-0.17823426707068815,0.009294929120976764,2.282466747416778,1.1153586970828824,1.3466152868508354,0.8305625163557542,7612,6792,3,Box 4,org_3aer-org
2017-07-15 11:34:00,-45.848201751708984,-0.35983508825302124,-45.4359130859375,-39.48360824584961,-13.571002960205078,7.603369235992432,0.015323369763791561,-49.36294937133789,0.17222608625888824,1.7871532440185547,0.8689954878637068,0.2986844824506844,-0.167342717960398,-0.0003372523539932337,2.5541980493321197,1.1748683724992133,1.4329023759552753,0.8198226740067921,5292,4974,0,Box 1,org_3aer-org
2017-07-15 11:34:00,-35.42192077636719,-0.8694501519203186,-34.82368469238281,-31.047088623046875,-11.008733749389648,7.2689208984375,-0.03678220883011818,-38.35441970825195,0.18015502393245697,2.0210013389587402,0.8915509386882277,0.31612779181229456,-0.2087349715723601,0.0010562410718378823,2.7993896787502788,1.200218395330683,1.4694275649631898,0.8171252766873572,3643,3168,1,Box 2,org_3aer-org
2017-07-15 11:34:00,-34.56682205200195,-2.8689613342285156,-31.75491714477539,-26.975988388061523,-12.873502731323242,7.974112033843994,0.12046204507350922,-38.435272216796875,0.24991050362586975,2.872562885284424,0.8495058909962012,0.405401841222793,-0.2511142397149229,-0.003793492504071294,2.5686673161111004,1.2524504315522305,1.4479821273392408,0.8637488683759466,2434,1921,2,Box 3,org_3aer-org
2017-07-15 11:34:00,-32.47527313232422,-0.693323016166687,-31.790233612060547,-28.12860870361328,-8.286886215209961,4.734672546386719,-0.10941022634506226,-35.60594940185547,0.17624258995056152,1.6532750129699707,0.8848191944317855,0.26067399773406247,-0.14893482212179512,0.003441629955947184,2.2253399954407924,1.12505230896273,1.351676704580761,0.8332019968914208,7682,6891,3,Box 4,org_3aer-org
2017-07-15 11:36:00,-46.083343505859375,-0.45632126927375793,-45.517433166503906,-39.724143981933594,-13.74505615234375,7.950459957122803,0.0013110711006447673,-49.64140701293945,0.17390111088752747,1.8193951845169067,0.8727237914146687,0.3019734759897876,-0.17466846368707742,-2.880371737887244e-05,2.563458172059699,1.1768728000964028,1.432681101854249,0.8214393353694053,5419,5119,0,Box 1,org_3aer-org
2017-07-15 11:36:00,-35.74713897705078,-0.6135264039039612,-35.10604476928711,-33.996742248535156,-12.124509811401367,10.671711921691895,0.3434945046901703,-38.71692657470703,0.17833828926086426,1.9763565063476562,0.9684013458134915,0.34536816270045606,-0.3039850256083395,-0.009784482905608016,3.0561331057766647,1.2204367980143962,1.46892999291416,0.8277137618293952,3668,3240,1,Box 2,org_3aer-org
2017-07-15 11:36:00,-33.72780990600586,-3.157956838607788,-30.622297286987305,-27.58946990966797,-12.579707145690918,9.991643905639648,-0.4447600543498993,-37.45908737182617,0.25211915373802185,2.92598295211792,0.9009602181326518,0.41080223993494963,-0.32628651614536236,0.014524058077760915,3.053806718984336,1.2898353890025036,1.511400499455714,0.8585390355656313,2477,1935,2,Box 3,org_3aer-org
2017-07-15 11:36:00,-32.11949157714844,-0.6586211323738098,-31.424081802368164,-29.884126663208008,-8.410975456237793,6.916769027709961,-0.045746393501758575,-35.243003845214844,0.17638236284255981,1.675973892211914,0.9509944770136431,0.26766020106956195,-0.22011045292478823,0.0014557748415831295,2.3987817841819012,1.1310316489982875,1.3589098875883063,0.8326797337730466,7818,7016,3,Box 4,org_3aer-org
2017-07-15 11:38:00,-46.259395599365234,-0.4500575065612793,-45.74082946777344,-38.62158203125,-13.990182876586914,6.8820366859436035,-0.011100858449935913,-49.873870849609375,0.176949605345726,1.8741352558135986,0.8443568512699741,0.3058576435543907,-0.1504571851439576,0.00024269031959281429,2.4812523403347755,1.1789144462184857,1.4315526319102143,0.8235932577830506,5557,5265,0,Box 1,org_3aer-org
2017-07-15 11:38:00,-35.93368911743164,-0.8086655139923096,-35.237892150878906,-32.55312728881836,-12.183320045471191,9.413346290588379,0.08520729094743729,-38.983558654785156,0.18199016153812408,2.040604829788208,0.923810246447237,0.3457448595924817,-0.26713704738482796,-0.002418058654890698,2.9250161557603325,1.2224370139867762,1.4729583985041022,0.8291427657839174,3696,3221,1,Box 2,org_3aer-org
2017-07-15 11:38:00,-31.540510177612305,-3.223078727722168,-28.28946304321289,-24.16130256652832,-10.435590744018555,5.886091232299805,0.42133834958076477,-34.9621696472168,0.23490047454833984,2.7488389015197754,0.8540742307698078,0.3688861533814522,-0.208066558846666,-0.014893825304594016,2.7675071206239736,1.2458680238040698,1.4877881997844562,0.8324557021494413,2514,1970,2,Box 3,org_3aer-org
2017-07-15 11:38:00,-31.21054458618164,-0.7384916543960571,-30.44308090209961,-28.052963256835938,-7.718900203704834,5.319476127624512,0.009307842701673508,-34.28207778930664,0.17681969702243805,1.6696990728378296,0.921489005972975,0.2535518842487581,-0.1747351444663146,-0.00030574575541847393,2.242484103378896,1.1175125003414093,1.3392773430415559,0.8343400245770711,7935,7153,3,Box 4,org_3aer-org
2017-07-15 11:40:00,-46.88994598388672,-0.26335766911506653,-46.69093322753906,-39.682106018066406,-15.509730339050293,8.528145790100098,-0.02724108286201954,-50.639503479003906,0.18604633212089539,1.9903104305267334,0.8498889292397696,0.33217863665619524,-0.1826509999411273,0.0005834340451625064,2.60454559551629,1.2057140141751994,1.455638217684217,0.8284875572609545,5704,5402,0,Box 1,org_3aer-org
2017-07-15 11:40:00,-35.620155334472656,-0.7686055898666382,-35.022403717041016,-33.60247802734375,-11.81909465789795,10.33179759979248,0.06736617535352707,-38.69349670410156,0.18211089074611664,2.052114486694336,0.9594565393583321,0.3374723983070721,-0.2950054213098716,-0.0019235163555325618,3.162523129593154,1.224444613445713,1.4918362661366449,0.8201321348773531,3785,3261,1,Box 2,org_3aer-org
2017-07-15 11:40:00,-29.778688430786133,-2.636042833328247,-27.01478385925293,-23.970802307128906,-9.0855073928833,6.083702087402344,-0.042174093425273895,-33.00159454345703,0.21080520749092102,2.518016815185547,0.8873217224215292,0.33631614182483466,-0.22519901317470534,0.0015611489283414992,2.8148571472641644,1.2166827526034383,1.4751759281657002,0.8252720275288211,2581,1987,2,Box 3,org_3aer-org
2017-07-15 11:40:00,-31.81858253479004,-0.6520323157310486,-31.151023864746094,-28.63597869873047,-8.465083122253418,6.11525821685791,-0.16521914303302765,-34.97807693481445,0.18164432048797607,1.7185804843902588,0.919262902287487,0.27174331405790686,-0.19631002709693657,0.005303810751542737,2.4804810442769054,1.1437059544275563,1.3901524038629962,0.8241585019178961,7983,7182,3,Box 4,org_3aer-org
2017-07-15 11:42:00,-46.52979278564453,-0.5079260468482971,-46.21052551269531,-39.03990173339844,-15.058975219726562,8.094087600708008,-0.2057373970746994,-50.277278900146484,0.18784330785274506,2.0303595066070557,0.8448270395433675,0.3258775877516531,-0.17515680333849754,0.004452176043476974,2.5973621794641857,1.2021244075283632,1.457327471029346,0.8262670774905246,5847,5557,0,Box 1,org_3aer-org
2017-07-15 11:42:00,-35.40422439575195,-0.7489191293716431,-34.77712631225586,-32.41200256347656,-12.716590881347656,10.359870910644531,-0.008401049301028252,-38.500770568847656,0.18484564125537872,2.0932247638702393,0.9319920099993818,0.36565965444060733,-0.29789323269068557,0.0002415682506964334,3.2260037574427183,1.258303221099019,1.520293639134414,0.8277549333987987,3886,3322,1,Box 2,org_3aer-org
2017-07-15 11:42:00,-28.475019454956055,-1.4606214761734009,-26.80146026611328,-23.774065017700195,-9.54470157623291,7.1261305809021,-0.6088237166404724,-31.442989349365234,0.18556593358516693,2.1864144802093506,0.8870437103838101,0.356126146822878,-0.2658859237211838,0.022716066514495648,2.9892600953375847,1.2458436483547592,1.5090629430037183,0.833327504008955,2612,2027,2,Box 3,org_3aer-org
2017-07-15 11:42:00,-32.20884323120117,-0.7731221318244934,-31.43816566467285,-28.354204177856445,-7.892308712005615,5.0541300773620605,-0.24578198790550232,-35.45317077636719,0.18432816863059998,1.7561248540878296,0.9019039227931732,0.2510422840456931,-0.16076415645231104,0.007817949613444702,2.366036770599796,1.1273373258290516,1.3747826661375886,0.8220543763146437,8045,7185,3,Box 4,org_3aer-org
2017-07-15 11:44:00,-47.22915267944336,-0.7203375101089478,-46.69448471069336,-40.39632797241211,-15.45343017578125,9.27138900756836,-0.11611280590295792,-51.113651275634766,0.1962941437959671,2.133432626724243,0.8651199721769721,0.33094764768756607,-0.19855426901222817,0.002486649147689979,2.6827960690821517,1.207750190557544,1.4626355265127209,0.8265166986111461,5990,5673,0,Box 1,org_3aer-org
2017-07-15 11:44:00,-35.19279479980469,-1.1174159049987793,-34.44339370727539,-32.7816276550293,-12.860191345214844,11.484465599060059,-0.2860473096370697,-38.337913513183594,0.1919250190258026,2.203944683074951,0.9517535527435809,0.3733717394498636,-0.3334301441740686,0.008304851980624084,3.4705819886149483,1.276437568594153,1.546199364222535,0.828525557355591,3982,3422,1,Box 2,org_3aer-org
2017-07-15 11:44:00,-26.449443817138672,-0.5450924038887024,-25.552104949951172,-16.616836547851562,-9.586397171020508,1.0948580503463745,-0.4437275528907776,-29.19873809814453,0.17171518504619598,2.0208654403686523,0.6503118726315925,0.37517059087673144,-0.04284806214520688,0.01736559863688293,2.176465070740773,1.2514858718459976,1.4897827310289902,0.8458812507835984,2734,2064,2,Box 3,org_3aer-org
2017-07-15 11:44:00,-31.24223518371582,-0.8510844707489014,-30.43184471130371,-28.223459243774414,-7.184645175933838,5.353269100189209,-0.37700775265693665,-34.37074661254883,0.16593770682811737,1.540962815284729,0.9274318187682883,0.2360897191175287,-0.1759101327860156,0.012388594900198613,2.25459751793901,1.1090193780125197,1.339363519222688,0.8310224620428521,8094,7229,3,Box 4,org_3aer-org
2017-07-15 11:46:00,-47.13182830810547,-0.6651764512062073,-46.56073760986328,-39.62782669067383,-14.993487358093262,8.058673858642578,0.0019080942729488015,-51.03483200073242,0.19487808644771576,2.114108085632324,0.8510997197406984,0.32202000245244233,-0.17307874143392735,-4.098075921341038e-05,2.5875105346219875,1.1970396456649077,1.4511267469593154,0.8248909910433678,6087,5738,0,Box 1,org_3aer-org
2017-07-15 11:46:00,-35.298553466796875,-1.3199245929718018,-34.2748908996582,-32.9285888671875,-13.23902416229248,11.93496322631836,-0.04224065691232681,-38.52077102661133,0.2019544243812561,2.3384346961975098,0.9607204727534115,0.3862601397852707,-0.3482130207842416,0.0012324082455593688,3.640847266822975,1.2966311391834737,1.5657262500393017,0.8285917098262455,4093,3465,1,Box 2,org_3aer-org
2017-07-15 11:46:00,-27.020647048950195,-0.34480366110801697,-26.40222930908203,-20.70911979675293,-10.769904136657715,5.322184085845947,-0.24538926780223846,-29.853872299194336,0.17278528213500977,2.0557174682617188,0.7843701545497329,0.40791644253734494,-0.20158086052529756,0.009294263438219708,2.4881941280354405,1.267479669772145,1.4731219699727187,0.8635071745549144,2848,2085,2,Box 3,org_3aer-org
2017-07-15 11:46:00,-29.85183334350586,-0.7385491132736206,-29.14208221435547,-29.407331466674805,-6.4754133224487305,6.480374336242676,0.26028960943222046,-32.82023620605469,0.1476411074399948,1.324407935142517,1.0091019649240154,0.2222014902859034,-0.22237170989055105,-0.008931745319367745,2.1924333952736355,1.090273687345993,1.2960361021381481,0.839290996759604,8158,7287,3,Box 4,org_3aer-org
2017-07-15 11:48:00,-47.014076232910156,-0.5861392021179199,-46.33454513549805,-39.228641510009766,-15.31093978881836,8.138472557067871,0.06656783074140549,-50.93891143798828,0.19784297049045563,2.1201300621032715,0.8466392971109279,0.3304432800455676,-0.1756458989617765,-0.0014366781947190155,2.670482464278276,1.2112923556353385,1.4721570467377698,0.8223440192898881,6198,5806,0,Box 1,org_3aer-org
2017-07-15 11:48:00,-34.75121307373047,-1.171222448348999,-33.818511962890625,-33.627967834472656,-13.710433006286621,13.515885353088379,0.00400034012272954,-38.00560760498047,0.20736822485923767,2.414799213409424,0.9943656284985409,0.4054120339310619,-0.3996593739805369,-0.00011828844906591751,4.297635182029167,1.3461292524835908,1.630318804246189,0.8256369384554628,4279,3575,1,Box 2,org_3aer-org
2017-07-15 11:48:00,-26.78533363342285,-0.6564497947692871,-26.095928192138672,-17.228519439697266,-10.802518844604492,1.967160940170288,-0.0320521779358387,-29.60709571838379,0.1756903976202011,2.0415780544281006,0.6601994568203956,0.4139542007145847,-0.07538190208086591,0.00122824454588559,2.103988550687701,1.2626306678919024,1.455807414974676,0.8677062748555796,2948,2153,2,Box 3,org_3aer-org
2017-07-15 11:48:00,-29.90214729309082,-0.7170054912567139,-29.172494888305664,-30.089136123657227,-5.165355682373047,6.012352466583252,0.06964656710624695,-32.805049896240234,0.13220857083797455,1.1325100660324097,1.0314214708790486,0.17706256179779786,-0.20609662682373978,-0.00238740585310665,2.0876527605562525,1.0652158624745383,1.268547419051296,0.8392363455254301,8288,7425,3,Box 4,org_3aer-org
2017-07-15 11:50:00,-47.23478317260742,-0.4960893392562866,-46.689056396484375,-40.6543083190918,-14.832499504089355,8.888679504394531,-0.09093306958675385,-51.201141357421875,0.1996680647134781,2.1347122192382812,0.8707459131427513,0.31768682679575083,-0.1903803712456815,0.0019476313071793705,2.8787028330189632,1.2127400268444797,1.4989487013212754,0.8096984528613891,6299,5890,0,Box 1,org_3aer-org
2017-07-15 11:50:00,-33.851112365722656,-1.0884404182434082,-32.865230560302734,-31.654033660888672,-13.469326972961426,12.415679931640625,-0.15754827857017517,-37.129215240478516,0.21336224675178528,2.4803128242492676,0.96314655415622,0.4098352251374261,-0.3777755473050686,0.004793768011422561,4.394556375715906,1.3702052815236785,1.6691873809552988,0.8229002271467071,4461,3733,1,Box 2,org_3aer-org
2017-07-15 11:50:00,-26.768722534179688,-1.3632413148880005,-25.48187828063965,-24.116662979125977,-10.39537239074707,8.626904487609863,0.403252512216568,-29.60670280456543,0.18585605919361115,2.1104772090911865,0.9464240854532299,0.4079515730193262,-0.33855058619624967,-0.015825072276306418,3.0335887874055185,1.270201340814964,1.4782454952987676,0.8539643699669908,3117,2255,2,Box 3,org_3aer-org
2017-07-15 11:50:00,-29.156618118286133,-0.6627572774887085,-28.496217727661133,-28.979167938232422,-5.795563697814941,5.9716997146606445,0.30681243538856506,-31.993425369262695,0.12411394715309143,1.0728719234466553,1.0169478147310214,0.2033800800004111,-0.20956111786667275,-0.010766776864759714,2.1273838915133396,1.0784078935494201,1.280739284361325,0.8397796018007867,8470,7599,3,Box 4,org_3aer-org
2017-07-15 11:52:00,-47.32310485839844,-0.49150997400283813,-46.759220123291016,-39.82489776611328,-14.761292457580566,7.969624042510986,-0.14265303313732147,-51.31523132324219,0.20158977806568146,2.1437692642211914,0.8517015285171887,0.31568732168125857,-0.1704396504818881,0.0030508002834408188,2.7204495775651067,1.2037903100277891,1.4794721909501978,0.814634875292365,6373,5971,0,Box 1,org_3aer-org
2017-07-15 11:52:00,-32.84030532836914,-1.1239993572235107,-31.824796676635742,-30.112281799316406,-13.075057029724121,11.506362915039062,-0.14382201433181763,-36.110897064208984,0.21905891597270966,2.5453481674194336,0.9461892610536983,0.4108449338889344,-0.36155337535347076,0.004519180410838097,4.474171413441361,1.384436356400566,1.6952734773516671,0.818595219424945,4724,3946,1,Box 2,org_3aer-org
2017-07-15 11:52:00,-26.609983444213867,-1.6534594297409058,-24.966880798339844,-20.549970626831055,-9.72635269165039,5.105836391448975,0.2036072164773941,-29.450807571411133,0.19020122289657593,2.1336374282836914,0.823089246278139,0.3895702200111936,-0.20450437432929025,-0.008155091960042327,2.646551211664276,1.2590060802892602,1.4831202877339527,0.8461658477847485,3311,2362,2,Box 3,org_3aer-org
2017-07-15 11:52:00,-29.464677810668945,-0.48481446504592896,-28.945894241333008,-29.045703887939453,-6.51645565032959,6.645285129547119,-0.0290206391364336,-32.34572219848633,0.12495226413011551,1.114699125289917,1.0034481082312638,0.22512540431804975,-0.22957609482392796,0.0010025822746143609,2.125899558618684,1.0882844011806885,1.2847118794115269,0.8473166705973829,8580,7743,3,Box 4,org_3aer-org
2017-07-15 11:54:00,-47.86773681640625,-0.43290388584136963,-47.424713134765625,-40.96171951293945,-14.945913314819336,8.574508666992188,-0.09159564971923828,-51.96620559692383,0.20760926604270935,2.199997663497925,0.8637208849608624,0.3151502532622566,-0.18080252896137322,0.0019313907382542128,2.8228217688540296,1.2084302500955528,1.4925571843343446,0.8102639888618627,6464,6040,0,Box 1,org_3aer-org
2017-07-15 11:54:00,-31.955219268798828,-0.9193629622459412,-31.139892578125,-28.072643280029297,-13.486409187316895,10.410685539245605,0.008471244014799595,-35.215274810791016,0.22602581977844238,2.6278607845306396,0.9015008892368443,0.4330910061387235,-0.33431985707221534,-0.00027203830335248425,4.201095864189217,1.411676368330561,1.7001633703279013,0.8301981995274035,4997,4202,1,Box 2,org_3aer-org
2017-07-15 11:54:00,-26.083906173706055,-1.8027034997940063,-24.27985191345215,-20.76727867126465,-8.903735160827637,5.337672233581543,0.05348920449614525,-28.892141342163086,0.20049893856048584,2.2338192462921143,0.8553296813778787,0.36671294063283394,-0.21983959342424372,-0.002203028586468897,3.1261410622486365,1.2767758722463065,1.5592344173835024,0.8180470167146562,3549,2575,2,Box 3,org_3aer-org
2017-07-15 11:54:00,-29.55670738220215,-0.3535941541194916,-29.15096664428711,-30.068105697631836,-6.414081573486328,7.184840202331543,0.1463758945465088,-32.413326263427734,0.12338379770517349,1.0838634967803955,1.0314615675141268,0.22002978338587945,-0.2464700460877564,-0.005021304812249772,2.151513813761633,1.085151142668313,1.2809482958015135,0.8460941316642272,8661,7843,3,Box 4,org_3aer-org
2017-07-15 11:56:00,-48.29581069946289,-0.38037940859794617,-47.85737609863281,-40.75218963623047,-15.105093002319336,8.034707069396973,-0.034796494990587234,-52.42148971557617,0.20871996879577637,2.206672430038452,0.8515341960202342,0.3156272993370663,-0.16788858276562235,0.0007270874083218914,2.703743382891274,1.2024182532752243,1.4760226475471765,0.8148646626536163,6523,6135,0,Box 1,org_3aer-org
2017-07-15 11:56:00,-31.424821853637695,-0.8367165327072144,-30.655166625976562,-26.58025360107422,-13.337059020996094,9.409463882446289,-0.14731556177139282,-34.685787200927734,0.232944056391716,2.705995559692383,0.8670726190193313,0.4350672696858315,-0.30694545975241544,0.004805571047252655,3.7851907864184677,1.3964722125190463,1.668158659354478,0.8391950655680843,5265,4456,1,Box 2,org_3aer-org
2017-07-15 11:56:00,-26.921470642089844,-1.2720407247543335,-25.66551971435547,-21.845401763916016,-10.246353149414062,6.26629638671875,0.15994147956371307,-29.858810424804688,0.2153833955526352,2.3629963397979736,0.8511576884861118,0.39922639294489387,-0.24415231671316345,-0.006231764717842259,3.490717450724689,1.3406770048119834,1.6316166983245801,0.819183192046314,3765,2812,2,Box 3,org_3aer-org
2017-07-15 11:56:00,-29.797473907470703,-0.2976466119289398,-29.50064468383789,-28.179229736328125,-5.885727405548096,4.586906909942627,-0.022593410685658455,-32.69435119628906,0.12110470980405807,1.055421233177185,0.9552072840180718,0.19951182221260627,-0.1554849678112447,0.0007658615805666846,1.9686484529984518,1.0732999153137603,1.2666429722473564,0.8475112975199737,8801,8014,3,Box 4,org_3aer-org
2017-07-15 11:58:00,-48.62947463989258,-0.3316068649291992,-48.10171127319336,-41.39887237548828,-15.408174514770508,8.766472816467285,-0.061136577278375626,-52.78910827636719,0.20860445499420166,2.1915066242218018,0.8606528300830126,0.32032485261684684,-0.18224866832077938,0.001270985620919901,2.7314985761229775,1.205623358428319,1.4757723279297088,0.8173482030606507,6590,6190,0,Box 1,org_3aer-org
2017-07-15 11:58:00,-30.83695411682129,-0.813071608543396,-30.088085174560547,-25.81305503845215,-13.079984664916992,8.998703002929688,-0.19374559819698334,-34.10045623779297,0.23803596198558807,2.7788102626800537,0.8579162770293535,0.4347230809129767,-0.29907863797391043,0.006439280031580286,3.962464191109647,1.4174260572296555,1.7073888533086532,0.833036487522933,5626,4730,1,Box 2,org_3aer-org
2017-07-15 11:58:00,-27.15212631225586,-1.136042594909668,-25.997817993164062,-24.134811401367188,-9.802355766296387,8.106245040893555,-0.1668911874294281,-30.147411346435547,0.2240711897611618,2.4716944694519043,0.9283400370452445,0.3770453759184817,-0.3118048433349472,0.006419430371221002,4.079814478934685,1.330472263619493,1.6567572845988994,0.805664918965679,4009,3022,2,Box 3,org_3aer-org
2017-07-15 11:58:00,-28.953245162963867,-0.12140047550201416,-28.82638168334961,-28.78056526184082,-5.103456020355225,5.036449909210205,0.021190527826547623,-31.730249404907227,0.10924471914768219,0.9220733642578125,0.9984106185344865,0.17704116463363886,-0.17471667436516167,-0.0007351088029637354,1.9799040174583469,1.062431439632747,1.2561421520738905,0.8456474045215068,8925,8091,3,Box 4,org_3aer-org
2017-07-15 12:00:00,-48.437034606933594,-0.5650649070739746,-47.833736419677734,-40.468143463134766,-14.775480270385742,7.6719512939453125,-0.26205897331237793,-52.568084716796875,0.20648637413978577,2.1671667098999023,0.8460168624990086,0.30889247062669967,-0.160387872012431,0.0054785388867226725,2.6521710611535574,1.1948995355015066,1.4685892681803034,0.815352509316895,6703,6301,0,Box 1,org_3aer-org
2017-07-15 12:00:00,-30.698213577270508,-0.8888999223709106,-29.885765075683594,-26.772340774536133,-12.918176651000977,9.896873474121094,-0.09212233126163483,-34.00355529785156,0.24486003816127777,2.867980480194092,0.895822481107181,0.4322518134805683,-0.3311567768347403,0.0030824822469910362,4.4067364827809845,1.4302090609769769,1.7364983518722537,0.8250189835438886,5923,5029,1,Box 2,org_3aer-org
2017-07-15 12:00:00,-27.11937141418457,-1.2180321216583252,-25.923477172851562,-21.056978225708008,-9.172613143920898,4.4219489097595215,-0.11583992838859558,-30.09788703918457,0.22966358065605164,2.513662099838257,0.812274278953583,0.35383417721632193,-0.17057698958931236,0.004468533419407478,3.2023758402057028,1.2885290110726169,1.6122444033475958,0.8009220215603615,4270,3267,2,Box 3,org_3aer-org
2017-07-15 12:00:00,-28.204891204833984,0.035985108464956284,-28.24640464782715,-27.930795669555664,-3.4374425411224365,2.932175636291504,0.18965761363506317,-30.793935775756836,0.09525333344936371,0.7376046776771545,0.9888265852835613,0.12169486767037897,-0.10380705504692654,-0.006714397907013697,1.8897100582786899,1.039939260391142,1.23928953688916,0.8379335743147929,9070,8276,3,Box 4,org_3aer-org
2017-07-15 12:02:00,-49.11345672607422,-0.6126325726509094,-48.51239013671875,-42.39910888671875,-14.517671585083008,8.630707740783691,-0.2263188511133194,-53.3218879699707,0.20795373618602753,2.183347225189209,0.8739851197774072,0.29925696938958696,-0.17790726518086902,0.004665176013874839,2.686370933418331,1.1843343125218384,1.4577453008528505,0.8138722959389818,6795,6404,0,Box 1,org_3aer-org
2017-07-15 12:02:00,-30.338804244995117,-0.8766388893127441,-29.519784927368164,-26.475404739379883,-12.679369926452637,9.922469139099121,-0.28748318552970886,-33.64810562133789,0.24819082021713257,2.9116179943084717,0.8968697716021118,0.429521025082599,-0.3361294584241228,0.009738661739412013,4.399935114711194,1.4258598161854084,1.7343837211302033,0.8265337565282662,6229,5345,1,Box 2,org_3aer-org
2017-07-15 12:02:00,-27.294918060302734,-1.100377082824707,-26.22685432434082,-22.168399810791016,-9.622529029846191,5.814357280731201,-0.25028011202812195,-30.28899574279785,0.23141923546791077,2.5526845455169678,0.8452558265198485,0.3668960838515471,-0.221694806997208,0.00954289662581237,3.5038312636493134,1.3127547700229982,1.6396264648303027,0.804429472940276,4616,3565,2,Box 3,org_3aer-org
2017-07-15 12:02:00,-28.969497680664062,-0.024432450532913208,-28.916135787963867,-30.75479507446289,-1.4547488689422607,3.571948528289795,-0.2785424590110779,-31.51473045349121,0.08471647650003433,0.5908206105232239,1.0635858460527798,0.0503092420135386,-0.12352785600239241,0.009632767936073983,1.8564571756527217,1.0147395902873388,1.2139680464267166,0.8374492504273463,9230,8422,3,Box 4,org_3aer-org
2017-07-15 12:04:00,-50.02975845336914,-0.7074213624000549,-49.285804748535156,-42.09489059448242,-15.04123592376709,8.150703430175781,-0.3003823459148407,-54.343746185302734,0.2136155068874359,2.247089147567749,0.8540976510601891,0.30518394010859373,-0.1653762935805884,0.006094702411805569,2.5533756178784914,1.1823187622291151,1.4417397412672286,0.8218945105418927,6895,6473,0,Box 1,org_3aer-org
2017-07-15 12:04:00,-30.254350662231445,-0.8408952355384827,-29.47818946838379,-25.547433853149414,-12.61152172088623,8.66823959350586,0.0125243766233325,-33.62247085571289,0.2554023563861847,2.997802257537842,0.8666553860239203,0.4278254672557637,-0.2940559840427023,-0.00042486923698176193,4.169535790874481,1.4225040733433616,1.7318025544914826,0.8212092113695245,6590,5657,1,Box 2,org_3aer-org
2017-07-15 12:04:00,-27.602218627929688,-1.123783826828003,-26.513471603393555,-20.531492233276367,-9.756782531738281,4.013439655303955,-0.23863628506660461,-30.627609252929688,0.230797678232193,2.564213752746582,0.7743796775007173,0.36799338601781495,-0.15137363051152417,0.00900056699299187,2.958895975237615,1.2940256927263705,1.5951398040211744,0.8146469779708404,4983,3918,2,Box 3,org_3aer-org
2017-07-15 12:04:00,-27.936622619628906,0.22851330041885376,-28.103059768676758,-32.03205108642578,-2.0956151485443115,6.184205532073975,-0.1595972776412964,-30.303361892700195,0.0705244392156601,0.4069974720478058,1.1398066049708482,0.0745689500924104,-0.22005455670456897,0.0056790016413104105,1.9443695665270226,1.021989208531946,1.2146539781783012,0.8423126817479379,9329,8483,3,Box 4,org_3aer-org
2017-07-15 12:06:00,-50.66716766357422,-0.8968995809555054,-49.70750427246094,-42.60710906982422,-15.34254264831543,8.286432266235352,-0.04429258778691292,-55.088592529296875,0.22155408561229706,2.326110601425171,0.857156345496669,0.3086564398213169,-0.1667038496386026,0.0008910643206167246,2.5931917228433337,1.1871608943767897,1.4485488832928988,0.8198224907621653,6962,6540,0,Box 1,org_3aer-org
2017-07-15 12:06:00,-30.882736206054688,-0.8413527011871338,-30.1041316986084,-26.0529842376709,-12.982256889343262,9.028664588928223,-0.09755492955446243,-34.38393783569336,0.2622387409210205,3.0677802562713623,0.8654288520598249,0.4312450631652598,-0.2999144981308649,0.0032405829057802205,4.372032272864239,1.44419869989499,1.7650992239114152,0.8197048439507582,6886,5932,1,Box 2,org_3aer-org
2017-07-15 12:06:00,-27.45370101928711,-0.743741512298584,-26.728466033935547,-22.822467803955078,-9.886878967285156,6.046131134033203,-0.06524965912103653,-30.44324493408203,0.22450315952301025,2.476247787475586,0.8538637919956026,0.36990068878049814,-0.22620568560207902,0.002441204825978288,3.2735707979529987,1.2928727669235003,1.588749343340719,0.8146878152158512,5399,4337,2,Box 3,org_3aer-org
2017-07-15 12:06:00,-28.424943923950195,-0.03605949133634567,-28.386568069458008,-30.418344497680664,-0.2836434245109558,2.4589428901672363,-0.14352382719516754,-30.845657348632812,0.07074637711048126,0.3900626003742218,1.0715752457391168,0.009992172316695172,-0.08662346522049308,0.005056047164681124,1.7544921577170476,1.0026245297333658,1.1910989070212967,0.8425088961106519,9420,8503,3,Box 4,org_3aer-org
2017-07-15 12:08:00,-52.09491729736328,-1.0447105169296265,-51.117523193359375,-44.526702880859375,-15.939685821533203,9.421141624450684,-0.07226727157831192,-56.69651412963867,0.22891895473003387,2.3983383178710938,0.871065499098295,0.311824331266517,-0.18430357814360787,0.0014137477787958819,2.668716862834802,1.1920760394395236,1.4559098973574638,0.8192191418045487,7012,6624,0,Box 1,org_3aer-org
2017-07-15 12:08:00,-31.269277572631836,-0.8939630389213562,-30.411157608032227,-25.611709594726562,-13.308592796325684,8.558436393737793,-0.0492890328168869,-34.89398193359375,0.2738294005393982,3.180647373199463,0.8421814219772856,0.43762205414735095,-0.2814242309997991,0.0016207548751625,4.354280821801139,1.4655472208383977,1.7901175560815903,0.8194606869564485,7186,6160,1,Box 2,org_3aer-org
2017-07-15 12:08:00,-27.677675247192383,-0.756101131439209,-26.91179847717285,-24.78693199157715,-10.320062637329102,8.059030532836914,0.1361643373966217,-30.721538543701172,0.23227988183498383,2.581104278564453,0.9210432978218397,0.38347722696774533,-0.29946087276785344,-0.005059652021731587,3.819726136770651,1.3217971991263537,1.6242107063565154,0.8118142704275918,5681,4587,2,Box 3,org_3aer-org
2017-07-15 12:08:00,-30.003414154052734,-0.005683348514139652,-29.983034133911133,-33.54542541503906,-0.7111164927482605,4.414834976196289,-0.1413293480873108,-32.5644416809082,0.07675371319055557,0.4345330595970154,1.118813483896525,0.02371729320640611,-0.1472444211071119,0.004713644004180867,1.8541656299039617,1.0065658416978038,1.20196201879006,0.8381621026258811,9475,8570,3,Box 4,org_3aer-org
2017-07-15 12:10:00,-52.93699645996094,-0.9803985357284546,-51.99506378173828,-44.610774993896484,-15.626273155212402,8.258062362670898,-0.016080254688858986,-57.66156768798828,0.22873562574386597,2.3850018978118896,0.8579808970267749,0.3005337891092762,-0.15882395118126078,0.0003092650452096446,2.595953746331832,1.1818436494938367,1.4486321176770829,0.8159277330914531,7085,6712,0,Box 1,org_3aer-org
2017-07-15 12:10:00,-31.616477966308594,-0.9884604215621948,-30.658897399902344,-26.660213470458984,-13.540478706359863,9.621599197387695,-0.07980319112539291,-35.356563568115234,0.28496214747428894,3.2891972064971924,0.86957508506158,0.44164929062575187,-0.31382731305836187,0.002602937371030012,4.801471341750151,1.4894705500778112,1.8246960565047066,0.8175630400263634,7539,6445,1,Box 2,org_3aer-org
2017-07-15 12:10:00,-28.448627471923828,-0.6262973546981812,-27.836811065673828,-24.074405670166016,-11.260397911071777,7.5029683113098145,-0.004972713068127632,-31.605506896972656,0.2428158074617386,2.7015793323516846,0.8648407095207974,0.4045147142477932,-0.2695340617981064,0.00017863802951584296,3.821047326388506,1.368210827549658,1.676444087802446,0.8162139889856352,5996,4963,2,Box 3,org_3aer-org
2017-07-15 12:10:00,-30.941997528076172,-0.04962260276079178,-30.867839813232422,-34.131614685058594,-1.049653172492981,4.501008033752441,-0.1875767856836319,-33.5856819152832,0.07860890030860901,0.4554896354675293,1.1057339423132426,0.034004751425004295,-0.14581546462220144,0.006076770883954502,1.912163951152047,1.0100174702038542,1.2158171181738082,0.8317184910521653,9497,8633,3,Box 4,org_3aer-org
2017-07-15 12:12:00,-53.82842254638672,-0.9218417406082153,-52.92103576660156,-46.48463821411133,-16.388893127441406,10.020577430725098,-0.06808782368898392,-58.658470153808594,0.2268376499414444,2.3439230918884277,0.8783772326071064,0.3096857842109715,-0.18934960959127722,0.0012865927731993132,2.787199057314589,1.198051553968745,1.4754882791309967,0.8123760183837975,7122,6800,0,Box 1,org_3aer-org
2017-07-15 12:12:00,-31.97270393371582,-1.0553674697875977,-30.97274398803711,-26.041893005371094,-13.857270240783691,9.107420921325684,-0.18100130558013916,-35.834232330322266,0.29697611927986145,3.4126944541931152,0.8408003523134671,0.4474020324919324,-0.294046274590047,0.00584388978464756,4.610350944161985,1.5017278274236163,1.832887402574173,0.8222297352857345,7872,6788,1,Box 2,org_3aer-org
2017-07-15 12:12:00,-28.97801971435547,-0.4047544002532959,-28.57815933227539,-24.15847396850586,-11.964046478271484,7.478390693664551,0.06596853584051132,-32.21883773803711,0.24857337772846222,2.7527313232421875,0.8453473924862709,0.41864299345325606,-0.2616820307522164,-0.00230835518731054,3.6054079994985413,1.3737597782463649,1.6581186245095116,0.8275385773754412,6279,5292,2,Box 3,org_3aer-org
2017-07-15 12:12:00,-31.30963134765625,-0.14114175736904144,-31.16965103149414,-36.74886703491211,-0.8658768534660339,6.3164896965026855,0.12860271334648132,-33.95256042480469,0.0776887983083725,0.41796058416366577,1.1789951428225987,0.027779483719167213,-0.20264873154497445,-0.004125894996791418,1.9480302580580209,1.0078867292896667,1.2074701915623487,0.8340603868878915,9523,8573,3,Box 4,org_3aer-org
2017-07-15 12:14:00,-54.48580551147461,-0.9377745985984802,-53.574562072753906,-45.80128479003906,-16.592723846435547,8.701301574707031,0.11814572662115097,-59.37971115112305,0.22546355426311493,2.3244998455047607,0.854907367754233,0.30971270334065815,-0.1624148133654813,-0.002205257729409882,2.7227102586911194,1.1989342318301082,1.47777928913472,0.8106096168395027,7192,6879,0,Box 1,org_3aer-org
2017-07-15 12:14:00,-31.9252986907959,-1.0810160636901855,-30.90008544921875,-26.549545288085938,-13.770605087280273,9.726126670837402,-0.3060610592365265,-35.854530334472656,0.30503523349761963,3.491331100463867,0.8592062310220836,0.4456494430503479,-0.314760535305788,0.009904861233356488,4.840952998339387,1.505318912385247,1.8438362040185583,0.8213686501011355,8224,7168,1,Box 2,org_3aer-org
2017-07-15 12:14:00,-30.140945434570312,-0.3128621280193329,-29.795124053955078,-24.012210845947266,-12.256477355957031,6.4984588623046875,-0.02489130012691021,-33.51537322998047,0.2544455826282501,2.7924094200134277,0.8059108416533891,0.41135853105547415,-0.21810478804303404,0.0008354153341707804,3.225380045827138,1.348331471900747,1.6231344335118985,0.8310323191282425,6541,5573,2,Box 3,org_3aer-org
2017-07-15 12:14:00,-32.72697830200195,-0.04867885261774063,-32.649051666259766,-38.340538024902344,-2.6202738285064697,8.203588485717773,0.1081768348813057,-35.46929168701172,0.07208608835935593,0.3346271812915802,1.1743233061711036,0.08025574134981124,-0.2512657251508507,-0.003313322370064098,2.086915869234789,1.0254578691626306,1.2322304315893973,0.8316209097965263,9550,8575,3,Box 4,org_3aer-org
2017-07-15 12:16:00,-55.187339782714844,-0.8952374458312988,-54.2862434387207,-47.99693298339844,-16.541458129882812,10.171246528625488,0.08090217411518097,-60.16297912597656,0.22564218938350677,2.3274641036987305,0.8841454507183295,0.3047081075930562,-0.18736326959591443,-0.0014902887154712996,2.746867609029431,1.1901989947055298,1.4636830188543348,0.8126919930317923,7226,6866,0,Box 1,org_3aer-org
2017-07-15 12:16:00,-32.61055374145508,-0.9546569585800171,-31.664216995239258,-26.4420108795166,-14.247200012207031,8.962122917175293,0.06287208944559097,-36.674442291259766,0.3124462962150574,3.5496950149536133,0.8350755082438074,0.4499464035075469,-0.2830363235745691,-0.00198558817678518,4.613732202936609,1.5097282488715837,1.8410551653968448,0.8190410442116585,8503,7552,1,Box 2,org_3aer-org
2017-07-15 12:16:00,-30.352628707885742,-0.37909963726997375,-29.99555015563965,-25.236133575439453,-13.006197929382324,7.910027980804443,0.3367537558078766,-33.76653289794922,0.25641006231307983,2.829601764678955,0.8413292653372523,0.4336042308992742,-0.26370670615075986,-0.011226790085766603,3.4051950432688503,1.3712847793246512,1.6249268746755068,0.8393185988612964,6824,5782,2,Box 3,org_3aer-org
2017-07-15 12:16:00,-34.095558166503906,-0.08833147585391998,-34.02190017700195,-38.33759307861328,-3.0373799800872803,7.235640525817871,0.11743450164794922,-36.97590637207031,0.07308100908994675,0.344434529542923,1.1268504951295804,0.08927720567153163,-0.21267596788265622,-0.003451732918455769,2.026094040937553,1.0283664278259748,1.2322899064552912,0.8339151853051596,9507,8504,3,Box 4,org_3aer-org
2017-07-15 12:18:00,-55.32858657836914,-0.9390813708305359,-54.449134826660156,-49.036949157714844,-16.32155990600586,10.991960525512695,-0.08258233219385147,-60.30952835083008,0.21966364979743958,2.2566962242126465,0.9006011073844676,0.2997579720209929,-0.20187576703759333,0.0015166876321327794,2.7988744729005273,1.186827094202306,1.4636556686468123,0.811333582221031,7271,6871,0,Box 1,org_3aer-org
2017-07-15 12:18:00,-33.11037826538086,-0.827957808971405,-32.27619552612305,-26.31037139892578,-14.52283763885498,8.577224731445312,-0.020209049805998802,-37.3099250793457,0.3246924579143524,3.678309440612793,0.8151633972526705,0.4499550562549319,-0.26574458214252245,0.0006261286349200645,4.400985315329539,1.50526790515599,1.8329804847470235,0.8215249002211393,8728,7876,1,Box 2,org_3aer-org
2017-07-15 12:18:00,-30.864110946655273,-0.3891449272632599,-30.488689422607422,-26.7397518157959,-13.20262622833252,9.419411659240723,0.034279029816389084,-34.342201232910156,0.25810983777046204,2.8658859729766846,0.8770384688460686,0.43303358923766894,-0.3089477384940603,-0.0011243195896772362,3.6648515592235342,1.3780027520796163,1.6382462768928483,0.8406783526859566,7200,6101,2,Box 3,org_3aer-org
2017-07-15 12:18:00,-35.25168991088867,-0.06331125646829605,-35.19143295288086,-38.792179107666016,-2.114274501800537,5.888772010803223,-0.17374974489212036,-38.29191970825195,0.07081769406795502,0.2887125611305237,1.1023188722402129,0.06007924373527418,-0.16733538980765647,0.0049372738321694365,2.093773530786025,1.0203419713705688,1.250393895312665,0.8169172255410162,9473,8460,3,Box 4,org_3aer-org
2017-07-15 12:20:00,-54.591156005859375,-0.7410730123519897,-53.92791748046875,-47.74232482910156,-15.39322280883789,9.389598846435547,-0.18197064101696014,-59.47708511352539,0.21020281314849854,2.1545474529266357,0.8852988458262853,0.2854406991921191,-0.17411387516749346,0.003374330149089083,2.693270069267642,1.1731838241266246,1.452142670473486,0.8089160490385843,7334,6916,0,Box 1,org_3aer-org
2017-07-15 12:20:00,-33.82040023803711,-0.5231752991676331,-33.26649475097656,-24.66463279724121,-15.250502586364746,6.743206977844238,-0.09457371383905411,-38.17591094970703,0.33830007910728455,3.8120195865631104,0.7414255072579286,0.45843420473481844,-0.20270262324611182,0.0028429112533648326,3.684090277796648,1.4965289790959788,1.7972696701543485,0.834056993922955,8897,8093,1,Box 2,org_3aer-org
2017-07-15 12:20:00,-30.920135498046875,-0.47551342844963074,-30.47500228881836,-26.77751922607422,-13.242779731750488,9.623974800109863,-0.07867526262998581,-34.401851654052734,0.25784751772880554,2.890683174133301,0.878671652785604,0.43454570343374643,-0.31579898891546443,0.002581632696114,3.821388058823753,1.3930550582193486,1.6629213686992088,0.8388161376764228,7483,6429,2,Box 3,org_3aer-org
2017-07-15 12:20:00,-38.25679016113281,0.07983563095331192,-38.29502868652344,-42.2360954284668,-2.3639614582061768,6.365169048309326,-0.06013576686382294,-41.58906555175781,0.07307127118110657,0.2938590943813324,1.1029134083442131,0.06173024651767425,-0.16621398323672662,0.001570328374839225,2.1063981294459317,1.0210671557281286,1.2525168548087027,0.8155005911461503,9490,8435,3,Box 4,org_3aer-org
2017-07-15 12:22:00,-54.392860412597656,-0.6975164413452148,-53.73126220703125,-49.07802200317383,-15.351438522338867,10.761914253234863,-0.0637136846780777,-59.246856689453125,0.2074393928050995,2.1253461837768555,0.9133979196801797,0.2857077645252,-0.2002914684328574,0.0011857842274776709,2.7608726262961083,1.1721384239279293,1.4486198998824118,0.8094971297117174,7370,6944,0,Box 1,org_3aer-org
2017-07-15 12:22:00,-34.595909118652344,-0.41467684507369995,-34.17597579956055,-26.09585952758789,-15.931607246398926,7.820593357086182,0.03089720755815506,-39.097965240478516,0.3514833450317383,3.9362101554870605,0.7635732185196245,0.4661639055096947,-0.2288330618613275,-0.0009040621679916594,3.711235682207211,1.4922667028154586,1.772637444600516,0.8413985549214062,9065,8304,1,Box 2,org_3aer-org
2017-07-15 12:22:00,-31.171247482299805,-0.3378942310810089,-30.82712173461914,-27.2630672454834,-13.591156005859375,10.004264831542969,0.022840701043605804,-34.6654167175293,0.2572227418422699,2.8820443153381348,0.8843858338064342,0.44088313835595255,-0.32452804327246754,-0.0007409288899192235,3.655551625936118,1.381406078855045,1.629979894565927,0.8471921116150166,7758,6626,2,Box 3,org_3aer-org
2017-07-15 12:22:00,-38.070919036865234,0.5338240265846252,-38.55416488647461,-41.205535888671875,-3.6107089519500732,6.2242536544799805,0.037833068519830704,-41.43864822387695,0.0691695585846901,0.15665268898010254,1.0687702027737525,0.09365287869651778,-0.16144178478879692,-0.0009812966814733148,2.1690545820454634,1.0345063188458103,1.2731445039583955,0.812367484159695,9462,8457,3,Box 4,org_3aer-org
2017-07-15 12:24:00,-54.43669891357422,-0.4494333565235138,-53.958335876464844,-47.43608856201172,-16.07754135131836,9.67834758758545,-0.12305708229541779,-59.27094650268555,0.20618705451488495,2.110699415206909,0.87912434385795,0.29796208645749567,-0.1793670244216771,0.0022805941062314095,2.725058902942039,1.1851712094524616,1.4624444407187773,0.8111070870249405,7398,6975,0,Box 1,org_3aer-org
2017-07-15 12:24:00,-35.546688079833984,-0.30516815185546875,-35.24443435668945,-24.9215145111084,-16.371273040771484,6.2114152908325195,-0.1630563586950302,-40.18632125854492,0.3585146963596344,3.988417863845825,0.7071050335360152,0.4645067302223331,-0.17623820731473866,0.004626443556390414,3.207166602109156,1.4663545450595723,1.732162222425644,0.8487000808183389,9296,8498,1,Box 2,org_3aer-org
2017-07-15 12:24:00,-31.875118255615234,-0.39018815755844116,-31.544607162475586,-28.093626022338867,-13.713390350341797,10.417582511901855,-0.15517185628414154,-35.438880920410156,0.26484057307243347,2.9674367904663086,0.8905999746666239,0.43473014044925223,-0.3302492392097546,0.0049191240938784575,3.62115614229825,1.3689750989961056,1.6186952138126587,0.8477335574552787,7962,6785,2,Box 3,org_3aer-org
2017-07-15 12:24:00,-37.98524475097656,0.4370751976966858,-38.41728973388672,-38.616703033447266,-3.1131136417388916,3.2835519313812256,0.028969567269086838,-41.29058837890625,0.06906547397375107,0.11111170053482056,1.0051905771448955,0.0810341725216718,-0.08547067337150004,-0.000754076295067227,2.0398818238595604,1.0291519871144739,1.2666853838490162,0.8123315808740567,9483,8412,3,Box 4,org_3aer-org
2017-07-15 12:26:00,-54.61661148071289,-0.5052538514137268,-54.16499328613281,-47.417320251464844,-15.66618537902832,8.935997009277344,-0.01748642511665821,-59.41524124145508,0.20559081435203552,2.099036931991577,0.8754236931928809,0.2892308170358153,-0.16497734652876053,0.000322836300064272,2.635092285414012,1.1735815325745913,1.4461907805996264,0.8115950786376296,7402,7031,0,Box 1,org_3aer-org
2017-07-15 12:26:00,-36.704715728759766,-0.41237008571624756,-36.29097366333008,-26.03099250793457,-16.48552894592285,6.2242231369018555,0.0013267106842249632,-41.49443817138672,0.36423295736312866,4.02719783782959,0.7172856421411732,0.454259764829053,-0.1715088493751753,-3.655759505089007e-05,3.182891514105702,1.4428444211102518,1.712650733598018,0.8424461643049623,9549,8746,1,Box 2,org_3aer-org
2017-07-15 12:26:00,-32.4554328918457,-0.28004008531570435,-32.17188262939453,-29.787269592285156,-14.10806655883789,11.692837715148926,0.030613457784056664,-36.070404052734375,0.26553505659103394,2.9595770835876465,0.9258789238050696,0.4385215822238085,-0.3634489465815996,-0.0009515594472785383,3.7789392007846168,1.3700268837145155,1.6138520465427897,0.8485307342250213,8118,6972,2,Box 3,org_3aer-org
2017-07-15 12:26:00,-38.23728942871094,0.4659031331539154,-38.67310333251953,-38.274784088134766,-3.339101552963257,2.8842275142669678,0.05655001103878021,-41.55762481689453,0.070286825299263,0.10378272831439972,0.9897002289906138,0.08634170547522463,-0.07457967765270342,-0.0014622568131350405,2.047102582191708,1.0317439955614573,1.272894884681516,0.8102633127251836,9446,8391,3,Box 4,org_3aer-org
2017-07-15 12:28:00,-54.300628662109375,-0.3854614794254303,-53.8875732421875,-46.4528694152832,-16.068130493164062,8.83010482788086,-0.19668099284172058,-59.05152130126953,0.20559635758399963,2.097782611846924,0.8620329861603379,0.29817880120118634,-0.1638616270468819,0.003649839685357703,2.6389365517826255,1.1827324857998647,1.4553227823296677,0.8138080340997083,7433,7080,0,Box 1,org_3aer-org
2017-07-15 12:28:00,-37.87607192993164,-0.43503057956695557,-37.458072662353516,-26.785724639892578,-16.941997528076172,6.238600730895996,0.031046144664287567,-42.825260162353516,0.37382519245147705,4.112732887268066,0.7150854389813166,0.45229228002171107,-0.16654889509576895,-0.0008288239072587189,3.163217266690919,1.439348840009424,1.7105372072668452,0.8410858196343582,9695,8929,1,Box 2,org_3aer-org
2017-07-15 12:28:00,-31.934404373168945,-0.13867706060409546,-31.82563591003418,-31.131433486938477,-14.023391723632812,13.50343132019043,-0.1742447316646576,-35.47295379638672,0.2628086507320404,2.9247524738311768,0.9781871879183773,0.4406319027446384,-0.4242940706325245,0.005474979969508742,4.011678082033806,1.3673711841233147,1.6054369675357867,0.8539231417654752,8238,7067,2,Box 3,org_3aer-org
2017-07-15 12:28:00,-37.87126159667969,0.5680262446403503,-38.33926773071289,-38.71895217895508,-2.7889842987060547,3.092529058456421,0.07614287734031677,-41.11358642578125,0.06687266379594803,0.09759026765823364,1.0099033667546433,0.07274485885560454,-0.08066219669294926,-0.001986028917298599,2.0878394196022487,1.02686684382985,1.2750308345842916,0.8049777502365936,9506,8413,3,Box 4,org_3aer-org
2017-07-15 12:30:00,-53.923404693603516,-0.29591819643974304,-53.63391876220703,-47.2204704284668,-16.00025749206543,9.450047492980957,0.13675495982170105,-58.5830192565918,0.19746357202529907,2.001330614089966,0.8804216757433819,0.29832345352296663,-0.17619534422284758,-0.0025497850435009795,2.582585341291894,1.1743853513229865,1.432209545938629,0.8192308120822328,7338,6988,0,Box 1,org_3aer-org
2017-07-15 12:30:00,-39.21437454223633,-0.6097586154937744,-38.62458801269531,-27.75122833251953,-17.597867965698242,6.641608238220215,0.08290047198534012,-44.31895065307617,0.3800800144672394,4.1584601402282715,0.7184860804828769,0.4556130935720858,-0.17195286072994392,-0.002146313325018745,3.025752236440676,1.420545890373036,1.6713872890870487,0.8489837538887595,9802,9070,1,Box 2,org_3aer-org
2017-07-15 12:30:00,-31.863632202148438,-0.21158772706985474,-31.627544403076172,-31.92269515991211,-13.759815216064453,14.105010986328125,-0.05003942921757698,-35.340633392333984,0.25741851329803467,2.8410685062408447,1.0093322867403451,0.43505800284297463,-0.44597243702164024,0.0015821474383204692,4.264334579848679,1.3669232020727287,1.6143928384217474,0.8473522640454112,8403,7188,2,Box 3,org_3aer-org
2017-07-15 12:30:00,-38.858184814453125,0.3474576771259308,-39.152427673339844,-40.621734619140625,-3.4139857292175293,4.817841529846191,0.06545860320329666,-42.15496063232422,0.07595593482255936,0.244154155254364,1.0375280503845008,0.08719730347283194,-0.12305346235178455,-0.0016718915055481953,2.2278449956100825,1.0342337459389068,1.293502433329221,0.7992167761389298,9475,8411,3,Box 4,org_3aer-org
2017-07-15 12:32:00,-52.761749267578125,-0.1288803219795227,-52.547813415527344,-46.470947265625,-15.332906723022461,9.131082534790039,0.12496151030063629,-57.272708892822266,0.18898063898086548,1.8997838497161865,0.8843555635311338,0.29178962117729895,-0.17376713127194707,-0.0023780534364856443,2.5764915186584796,1.1689842233561893,1.428650144953414,0.8175500290718212,7339,7009,0,Box 1,org_3aer-org
2017-07-15 12:32:00,-40.58014678955078,-0.6078056693077087,-39.99675369262695,-28.562824249267578,-18.008485794067383,6.672120571136475,-0.09756061434745789,-45.840450286865234,0.3855278193950653,4.187860012054443,0.7141285553031493,0.4502487859805636,-0.16681655462778486,0.0024392133440719055,2.938775609684847,1.4047092040429803,1.6539628342878487,0.8503421611620261,9830,9152,1,Box 2,org_3aer-org
2017-07-15 12:32:00,-31.437427520751953,-0.3963637351989746,-31.01233673095703,-28.371047973632812,-13.495854377746582,10.679465293884277,0.17510069906711578,-34.82199478149414,0.2536809742450714,2.7657930850982666,0.9148310946651178,0.43517694816351093,-0.344361880034657,-0.005646162793971732,3.5380354659738855,1.3505809651017378,1.5847117324399134,0.8500439867810101,8585,7308,2,Box 3,org_3aer-org
2017-07-15 12:32:00,-39.53437423706055,0.3561800420284271,-39.921566009521484,-40.53710174560547,-3.973924160003662,4.753364562988281,-0.16390949487686157,-42.888179779052734,0.08123017102479935,0.3637709617614746,1.0154184939882733,0.09954328213725065,-0.11906756393445476,0.004105787808930783,2.232990295990255,1.0401620358501968,1.3017564429726625,0.7999106842981987,9437,8325,3,Box 4,org_3aer-org
2017-07-15 12:34:00,-52.241920471191406,-0.015222998335957527,-52.084693908691406,-45.26480484008789,-15.123001098632812,8.348980903625488,-0.045875631272792816,-56.63071823120117,0.1793452650308609,1.7731329202651978,0.8690614236133187,0.2903540054522067,-0.16029621802637103,0.0008807889608456188,2.519074880366613,1.166883386790126,1.4252736054219988,0.8189639143757949,7350,7021,0,Box 1,org_3aer-org
2017-07-15 12:34:00,-42.3376350402832,-0.6249969601631165,-41.72627258300781,-29.41452407836914,-18.56250762939453,6.223395347595215,0.027363553643226624,-47.793861389160156,0.39172086119651794,4.215641975402832,0.704940145345091,0.44486377405698974,-0.14914813221905857,-0.000655787183022144,2.8563659661224663,1.392593349212441,1.6426049278912889,0.8475197968139453,9835,9216,1,Box 2,org_3aer-org
2017-07-15 12:34:00,-31.136173248291016,-0.23920832574367523,-30.85112190246582,-28.3247127532959,-13.24920654296875,10.816887855529785,-0.09409098327159882,-34.45872497558594,0.2525148093700409,2.7107293605804443,0.9181096037711763,0.4294562322175249,-0.35061567573482944,0.0030498397461282134,3.748673608096381,1.3621310757358203,1.6156779575634193,0.8443053666931802,8766,7504,2,Box 3,org_3aer-org
2017-07-15 12:34:00,-39.46279525756836,0.5744569897651672,-39.9757194519043,-39.846778869628906,-4.770122051239014,4.824941158294678,-0.18376284837722778,-42.794708251953125,0.07903309166431427,0.35370784997940063,0.9967744482155294,0.11932548600527793,-0.12069679566517169,0.0045968614443643585,2.2406066647207004,1.0494733592461116,1.3096838364109595,0.8023124821827936,9436,8278,3,Box 4,org_3aer-org
2017-07-15 12:36:00,-51.22216033935547,-0.031653307378292084,-50.9741096496582,-44.59072494506836,-14.48617935180664,8.043266296386719,0.05952788516879082,-55.45722961425781,0.16888967156410217,1.645737648010254,0.8747720123746426,0.2841869994509665,-0.1577912055618213,-0.0011678062637878184,2.4554251721906684,1.1570981255577997,1.4081808393183037,0.821368711297871,7397,7004,0,Box 1,org_3aer-org
2017-07-15 12:36:00,-43.825958251953125,-0.4557758569717407,-43.36872100830078,-31.445470809936523,-19.653833389282227,7.865318298339844,-0.1347292959690094,-49.46010971069336,0.39592424035072327,4.227173328399658,0.7250726961094074,0.4531799311498036,-0.18135922822581585,0.0031066009666048666,2.9405975365175636,1.4008421122389085,1.6419165909531943,0.8544902422509076,9864,9305,1,Box 2,org_3aer-org
2017-07-15 12:36:00,-30.941165924072266,-0.0012085994239896536,-30.853700637817383,-27.844213485717773,-13.424901008605957,10.294673919677734,0.12073800712823868,-34.2239875793457,0.25306007266044617,2.670591354370117,0.9024594082425085,0.4351147089148403,-0.3336608750725499,-0.003913242084798874,3.633954139658818,1.3648709231560825,1.6105800897376426,0.8458615500031061,8923,7669,2,Box 3,org_3aer-org
2017-07-15 12:36:00,-39.49552917480469,0.49760913848876953,-39.885101318359375,-40.922664642333984,-3.5867559909820557,4.90380334854126,-0.2794889807701111,-42.75168991088867,0.08394072949886322,0.3666428029537201,1.0260136756240312,0.08992720733243079,-0.12294823569632135,0.007007352739859335,2.2123601185062443,1.0354111094775604,1.294307401933201,0.8014205445178906,9398,8212,3,Box 4,org_3aer-org
2017-07-15 12:38:00,-50.55728530883789,-0.06080518290400505,-50.448448181152344,-44.87004470825195,-13.738081932067871,8.134496688842773,0.02518279291689396,-54.685752868652344,0.15875843167304993,1.513333797454834,0.8894237003473258,0.2723192192365954,-0.16124374079200957,-0.0004991787919116086,2.4431581666932307,1.146543456560207,1.3976369231067987,0.8202071992100093,7441,7033,0,Box 1,org_3aer-org
2017-07-15 12:38:00,-44.89949417114258,-0.41852229833602905,-44.483001708984375,-32.358394622802734,-19.494508743286133,7.553799629211426,-0.1839020550251007,-50.6496696472168,0.39167627692222595,4.1462931632995605,0.7274327599704878,0.4382462035853001,-0.16981317288657075,0.004134209330782818,2.8257185567776686,1.367390785416332,1.6096146867654288,0.8511877300340497,9897,9372,1,Box 2,org_3aer-org
2017-07-15 12:38:00,-30.776758193969727,0.10950741171836853,-30.89330291748047,-30.162874221801758,-13.523463249206543,12.70648193359375,0.08655207604169846,-34.04192352294922,0.25953611731529236,2.7277615070343018,0.9763564066280219,0.4377474150927506,-0.41130217606271696,-0.0028016456580555738,4.357410904615063,1.3909079981323598,1.652859950102297,0.8403320501693367,9066,7777,2,Box 3,org_3aer-org
2017-07-15 12:38:00,-38.62820053100586,0.34070640802383423,-38.87343215942383,-40.615150451660156,-3.059988498687744,4.998693943023682,-0.19698217511177063,-41.77617645263672,0.08615656197071075,0.3615184426307678,1.0448049858008934,0.0787167134774328,-0.1285889695451334,0.005067270266807186,2.1491536938366393,1.029240084090358,1.276457083675746,0.8073235774092479,9277,8113,3,Box 4,org_3aer-org
2017-07-15 12:40:00,-50.12415313720703,0.01201267447322607,-50.02124786376953,-45.09333038330078,-12.468049049377441,7.678277015686035,-0.13814379274845123,-54.134010314941406,0.1448524296283722,1.34646475315094,0.9014835263436516,0.24925507818191414,-0.15350030649707208,0.002761701971506353,2.3811298668536263,1.1274289745086112,1.3782234674782892,0.818755651296001,7383,6975,0,Box 1,org_3aer-org
2017-07-15 12:40:00,-46.03005599975586,-0.4271377623081207,-45.59917068481445,-33.03179931640625,-20.0048885345459,7.305306434631348,0.13221734762191772,-51.91159439086914,0.38826897740364075,4.073028564453125,0.7243948131536966,0.43871173259779694,-0.1602069897026589,-0.0028995560488346284,2.786254602131909,1.3638226496293662,1.6024268026504491,0.8499354279210091,9933,9490,1,Box 2,org_3aer-org
2017-07-15 12:40:00,-31.22679328918457,-0.1418943703174591,-31.043052673339844,-27.771286010742188,-13.694583892822266,10.492300987243652,-0.06948132812976837,-34.54584884643555,0.26906585693359375,2.824939489364624,0.8946056022310969,0.4411480635028631,-0.337991890137256,0.0022382244032960186,3.7661509064193663,1.3867347200799098,1.6390100062577857,0.8470168813417374,9174,7805,2,Box 3,org_3aer-org
2017-07-15 12:40:00,-38.26316833496094,0.4698632061481476,-38.67646789550781,-40.71556091308594,-5.095564365386963,7.09658145904541,0.03807629644870758,-41.3995475769043,0.09458844363689423,0.3822329342365265,1.0527217702655969,0.13174845113023656,-0.18348573931742562,-0.0009844820784078168,2.280719502400905,1.05294673521321,1.2983139183485126,0.8108024814067409,9219,8050,3,Box 4,org_3aer-org
2017-07-15 12:42:00,-50.37588882446289,-0.06100538745522499,-50.20425033569336,-47.40693283081055,-11.026811599731445,8.216147422790527,0.013349400833249092,-54.323822021484375,0.13381996750831604,1.2072728872299194,0.9442813026545639,0.2196390097681367,-0.1636544105956094,-0.00026590182709118615,2.34197471253149,1.1040334944254164,1.3504027478715417,0.8174933826662022,7373,6970,0,Box 1,org_3aer-org
2017-07-15 12:42:00,-47.16910171508789,-0.5956844687461853,-46.58139419555664,-33.30073928833008,-19.802839279174805,6.770869255065918,-0.2486896812915802,-53.19626235961914,0.3879871666431427,4.039125919342041,0.7148934675860413,0.4251233385409424,-0.1453556251721101,0.005338819045126342,2.655888584408786,1.337001012872756,1.5768714924124123,0.8499461932602792,9941,9564,1,Box 2,org_3aer-org
2017-07-15 12:42:00,-31.615524291992188,-0.5933365225791931,-31.011554718017578,-29.027650833129883,-13.586673736572266,11.69837760925293,-0.09560742229223251,-34.96681594848633,0.2798606753349304,2.940992832183838,0.9360269164428683,0.4381164632182456,-0.37722634041088926,0.0030829607497753764,4.215632918932483,1.40034981874257,1.6692565288555519,0.8402325192955383,9195,7813,2,Box 3,org_3aer-org
2017-07-15 12:42:00,-38.24195861816406,0.2459592968225479,-38.49275207519531,-38.83113098144531,-5.403988361358643,5.861352443695068,-0.11898722499608994,-41.36213684082031,0.09655667096376419,0.3837265074253082,1.0087906785787852,0.1403897515360485,-0.15227158887921347,0.0030911587643797367,2.176585201653769,1.0556100335928396,1.2930364167848443,0.8170295415001194,9164,7977,3,Box 4,org_3aer-org
2017-07-15 12:44:00,-50.41822814941406,-0.2493726909160614,-49.97267532348633,-46.30751037597656,-9.876724243164062,6.352054595947266,-0.140496164560318,-54.34463119506836,0.12432237714529037,1.0966520309448242,0.9266565975198208,0.19764252080187164,-0.12711057806760254,0.0028114597459101276,2.1924330032360295,1.0873199107708444,1.3262845283382323,0.8204751378524096,7413,6976,0,Box 1,org_3aer-org
2017-07-15 12:44:00,-47.859947204589844,-0.6720300316810608,-47.19123840332031,-35.291648864746094,-19.67841339111328,7.731254577636719,0.047567546367645264,-53.941104888916016,0.37864920496940613,3.901561737060547,0.7478432089949526,0.41699294049618246,-0.16382817534660876,-0.0010079741445263024,2.696488237133994,1.31857656692822,1.556030854052962,0.8470198726508339,9935,9512,1,Box 2,org_3aer-org
2017-07-15 12:44:00,-33.01005172729492,-1.0334184169769287,-31.985586166381836,-29.678104400634766,-13.771708488464355,11.540484428405762,-0.07626330107450485,-36.52773666381836,0.2924681305885315,3.0813517570495605,0.9278586066300099,0.4305597796560239,-0.36080268830115675,0.0023843020151230188,3.901508107155509,1.3714392670669024,1.630798722911862,0.841942909740495,9179,7715,2,Box 3,org_3aer-org
2017-07-15 12:44:00,-38.69073486328125,0.3698783218860626,-38.99269485473633,-40.485233306884766,-6.0610151290893555,7.712378025054932,-0.15883024036884308,-41.87600326538086,0.10137174278497696,0.4320058822631836,1.038277250677967,0.1554397559595046,-0.19779034002316404,0.00407333338569249,2.3144892864186164,1.064832171202747,1.3092011432760118,0.8142380507694326,9041,7837,3,Box 4,org_3aer-org
2017-07-15 12:46:00,-50.31632995605469,-0.484524667263031,-49.733089447021484,-49.224708557128906,-9.02212142944336,8.525391578674316,-0.011649081483483315,-54.213890075683594,0.11632382124662399,1.0215665102005005,0.9897778644759507,0.1814108291630399,-0.17142292566275116,0.0002342320237605222,2.25451030409566,1.0773442058294833,1.3149204553758125,0.8193752638422873,7347,6905,0,Box 1,org_3aer-org
2017-07-15 12:46:00,-48.4503173828125,-0.6412816643714905,-47.82126235961914,-35.387508392333984,-19.428308486938477,6.964661598205566,0.0298906359821558,-54.602272033691406,0.3763885796070099,3.846827745437622,0.7399952194939371,0.4062692604813195,-0.1456394309192756,-0.000625049055981014,2.696949552241869,1.31304028262568,1.5634648109119151,0.8395926430409218,9977,9524,1,Box 2,org_3aer-org
2017-07-15 12:46:00,-33.74910354614258,-1.3088361024856567,-32.3819694519043,-29.82996368408203,-13.833648681640625,11.243487358093262,0.03815225139260292,-37.339744567871094,0.2989901006221771,3.1655025482177734,0.9211904253670166,0.42720219561952455,-0.34721442665220226,-0.0011781943343388557,3.9040530119721812,1.371379799486864,1.636968526245621,0.837269435351889,9117,7577,2,Box 3,org_3aer-org
2017-07-15 12:46:00,-39.07514953613281,0.1329219788312912,-39.09315872192383,-42.720611572265625,-5.102680206298828,8.772805213928223,-0.042668115347623825,-42.34963607788086,0.10310600697994232,0.42985254526138306,1.0927900400264452,0.13052616604462552,-0.22440765318646502,0.0010914471153943006,2.252477793479203,1.04969087634857,1.2810671789967765,0.8196093927690372,8991,7729,3,Box 4,org_3aer-org
2017-07-15 12:48:00,-50.37245178222656,-0.6027392745018005,-49.6522216796875,-49.41129684448242,-9.936433792114258,9.457741737365723,0.23776313662528992,-54.325294494628906,0.12281788140535355,1.0986158847808838,0.9951476641000452,0.2001206194447938,-0.1904797137473891,-0.004788569797449904,2.2927251235258193,1.0870080120683774,1.320392417238987,0.822151263831566,7383,6986,0,Box 1,org_3aer-org
2017-07-15 12:48:00,-49.21391296386719,-0.7043904662132263,-48.52455139160156,-35.96803665161133,-19.735788345336914,7.212684631347656,-0.03341467306017876,-55.45069122314453,0.37392666935920715,3.7913596630096436,0.7412336930245351,0.4067175881232783,-0.14863989487699011,0.0006886137291766958,2.7035922231041827,1.3137231117431956,1.564027079247261,0.8402206124412646,10007,9578,1,Box 2,org_3aer-org
2017-07-15 12:48:00,-34.53889465332031,-1.508779525756836,-32.94538116455078,-29.362703323364258,-13.664036750793457,10.179150581359863,-0.09778650850057602,-38.22670364379883,0.30553188920021057,3.2544913291931152,0.8912541363031317,0.414748198545177,-0.3089704750534706,0.0029681402051618955,3.6485358413544295,1.351424918345845,1.6226881555829373,0.8340284463360379,9058,7463,2,Box 3,org_3aer-org
2017-07-15 12:48:00,-38.03323745727539,0.3520817160606384,-38.35649108886719,-42.34557342529297,-4.662116050720215,8.646418571472168,0.004777784924954176,-41.11278533935547,0.08779412508010864,0.268384724855423,1.1040001458891062,0.12154698262591701,-0.22542256589931486,-0.0001245626157083679,2.2400104407924264,1.0453957260316766,1.2757095611705735,0.8194373155969163,8985,7605,3,Box 4,org_3aer-org
2017-07-15 12:50:00,-50.6605224609375,-0.9350711703300476,-49.64552688598633,-48.72044372558594,-9.119548797607422,8.394723892211914,-0.2002563327550888,-54.718387603759766,0.13194705545902252,1.2053415775299072,0.9813663057703226,0.18369324322250696,-0.16909327259694112,0.004033723604111583,2.226680466987821,1.077798307592768,1.3124608316552056,0.8221053483338696,7432,7031,0,Box 1,org_3aer-org
2017-07-15 12:50:00,-49.72815704345703,-0.8003841638565063,-48.95866775512695,-34.578765869140625,-19.62860870361328,5.338644027709961,-0.08994242548942566,-55.99533462524414,0.36914852261543274,3.7059621810913086,0.7062848097403172,0.4009219656068991,-0.10904388450157797,0.0018371091543617352,2.521891739680105,1.300228957645728,1.5473767039099653,0.84095370548743,10004,9587,1,Box 2,org_3aer-org
2017-07-15 12:50:00,-35.1740837097168,-1.652453064918518,-33.522945404052734,-28.56907844543457,-13.925113677978516,9.007129669189453,-0.03588297963142395,-38.950157165527344,0.3105944097042084,3.35178279876709,0.8522245978510747,0.4153905104852686,-0.2686855090853815,0.0010704007490381917,3.40609145662521,1.3480808310927366,1.615039361376221,0.835133031423434,8982,7333,2,Box 3,org_3aer-org
2017-07-15 12:50:00,-37.835105895996094,0.8402337431907654,-38.63280487060547,-41.35699462890625,-4.710840225219727,7.590809345245361,-0.15577709674835205,-40.79280471801758,0.07314398884773254,0.1076207384467125,1.070514986491779,0.12193887680740485,-0.19648611278270922,0.004032249483525485,2.2469126982641847,1.047186463393521,1.2866953177805227,0.8146850230679108,8937,7533,3,Box 4,org_3aer-org
2017-07-15 12:52:00,-50.482421875,-1.0575265884399414,-49.285587310791016,-49.69036865234375,-8.803927421569824,9.287315368652344,-0.07861018180847168,-54.52827453613281,0.1345541924238205,1.247338891029358,1.0082128996237392,0.178630874142028,-0.18843876701797965,0.0015949932522124899,2.295707141767757,1.076397855955945,1.3162109115943614,0.8181589028129368,7363,6965,0,Box 1,org_3aer-org
2017-07-15 12:52:00,-50.677894592285156,-0.8453076481819153,-49.84581756591797,-37.47801971435547,-19.85000991821289,7.414053916931152,0.06815529614686966,-57.05418395996094,0.37045910954475403,3.6958048343658447,0.7518788752968026,0.3982281894877383,-0.14873974251779518,-0.0013673222667457685,2.671705990206382,1.2972480994053837,1.546001277565296,0.8385992772619935,9989,9564,1,Box 2,org_3aer-org
2017-07-15 12:52:00,-35.19447708129883,-1.4387638568878174,-33.7049674987793,-27.84763526916504,-14.33852481842041,8.427905082702637,0.05328664928674698,-38.97002410888672,0.3112858235836029,3.374823570251465,0.8262175214512952,0.4254127983527403,-0.25004934667346107,-0.0015809731305744812,3.3157516325517546,1.3615128780564236,1.6219079598921522,0.8388098130370201,8949,7189,2,Box 3,org_3aer-org
2017-07-15 12:52:00,-38.088871002197266,1.696272611618042,-39.75251388549805,-38.58827209472656,-7.807951927185059,6.74558687210083,-0.10187403857707977,-41.07674026489258,0.07375433295965195,0.07045647501945496,0.97071281531087,0.1964140601829553,-0.1696895823116409,0.0025627068178156742,2.2998016021673466,1.0879081252579001,1.3310701788693764,0.8179176073092381,8855,7334,3,Box 4,org_3aer-org
2017-07-15 12:54:00,-50.514801025390625,-0.9784244298934937,-49.44526672363281,-49.38267517089844,-8.760098457336426,8.82812786102295,-0.130625382065773,-54.582576751708984,0.1417260617017746,1.3295410871505737,0.9987340651606151,0.17716757172046751,-0.17854345443983236,0.002641817558749704,2.275262146340565,1.0756408456820885,1.3157135004487859,0.8181270591884329,7390,7013,0,Box 1,org_3aer-org
2017-07-15 12:54:00,-51.71029281616211,-0.9997303485870361,-50.760284423828125,-37.13275909423828,-20.084375381469727,6.40351676940918,0.053335923701524734,-58.19539260864258,0.36993393301963806,3.668605089187622,0.7315317811661917,0.3956710560037501,-0.12615209602436966,-0.001050741145572076,2.59989308638972,1.2948534073495617,1.545541384961953,0.8374160695133828,10025,9550,1,Box 2,org_3aer-org
2017-07-15 12:54:00,-36.187252044677734,-1.4703283309936523,-34.703548431396484,-27.09220314025879,-15.057510375976562,7.480645656585693,-0.03448176011443138,-40.134342193603516,0.32559794187545776,3.521116256713867,0.7806752636585792,0.4338896545524258,-0.21555852732894829,0.0009936091179433004,3.1163504899908383,1.3714540219654108,1.6247160873822812,0.84452634541783,8866,7050,2,Box 3,org_3aer-org
2017-07-15 12:54:00,-37.959861755371094,1.3961124420166016,-39.35535430908203,-36.260597229003906,-8.610236167907715,5.746831893920898,-0.23134759068489075,-40.95631790161133,0.0848856046795845,0.21776516735553741,0.9213638959675182,0.21878182969663337,-0.1460241533841663,0.005878427720014706,2.2814886529945,1.1028850290209502,1.347712066414426,0.8197755326226253,8731,7178,3,Box 4,org_3aer-org
2017-07-15 12:56:00,-50.507408142089844,-0.7918058633804321,-49.5836296081543,-51.46832275390625,-8.932364463806152,10.918615341186523,-0.10156091302633286,-54.5534553527832,0.14340777695178986,1.3554648160934448,1.0380103238602922,0.1801474453713798,-0.2202060442077193,0.0020482749760472596,2.330066852683432,1.0761641606180141,1.3121152233840787,0.8206315114789604,7393,7084,0,Box 1,org_3aer-org
2017-07-15 12:56:00,-52.449462890625,-1.0988003015518188,-51.385009765625,-39.36711502075195,-19.960716247558594,7.879745006561279,0.06307487934827805,-58.99983596801758,0.366716593503952,3.61643648147583,0.7661205831913984,0.3884540830687518,-0.15334717043699517,-0.0012274958231550392,2.6830095535632017,1.2842938107806092,1.536350550644364,0.8354974969262664,10022,9533,1,Box 2,org_3aer-org
2017-07-15 12:56:00,-36.638160705566406,-1.3385010957717896,-35.2589111328125,-27.928701400756836,-15.488680839538574,8.354543685913086,-0.19607415795326233,-40.649940490722656,0.3341270387172699,3.595160484313965,0.79210332059111,0.43928413293472574,-0.2369484348773763,0.005560981351540567,3.2873674588838857,1.3909665299953509,1.650062336604873,0.8453291473224893,8785,6931,2,Box 3,org_3aer-org
2017-07-15 12:56:00,-38.450775146484375,0.7603004574775696,-39.1781120300293,-36.61777114868164,-8.269296646118164,5.523320198059082,0.18564169108867645,-41.498680114746094,0.09905592352151871,0.4026632308959961,0.9346488339503572,0.21106931421893363,-0.14097974452407927,-0.0047384036452116085,2.392755957161016,1.1035266368246883,1.364992916901214,0.8072575591462023,8620,7027,3,Box 4,org_3aer-org
2017-07-15 12:58:00,-50.41371536254883,-0.3688666522502899,-49.876102447509766,-50.17076873779297,-8.76347541809082,9.065571784973145,-0.007432685699313879,-54.38108444213867,0.13486430048942566,1.2616089582443237,1.005907889790096,0.1757049113093407,-0.1817618240721253,0.0001490229726886505,2.3008551573555915,1.075489404959558,1.3180178084809646,0.8160236188476668,7370,7087,0,Box 1,org_3aer-org
2017-07-15 12:58:00,-53.20195770263672,-0.9584347009658813,-52.26029968261719,-40.50796890258789,-20.21537208557129,8.567780494689941,-0.1047402024269104,-59.81780242919922,0.3621733486652374,3.547734260559082,0.775119314470612,0.38682081045731836,-0.16394432680913687,0.0020042018812065077,2.7874595613430193,1.2914867551644313,1.554025295275184,0.8317936366694679,10020,9602,1,Box 2,org_3aer-org
2017-07-15 12:58:00,-36.61246109008789,-1.4198973178863525,-35.14077377319336,-26.918230056762695,-15.853071212768555,7.720775604248047,-0.09025144577026367,-40.64173126220703,0.3422951400279999,3.659116744995117,0.76601120936952,0.4511304024399408,-0.21970989415101705,0.002568282341556205,3.0060511378838024,1.3827837485694756,1.614367242691754,0.8576026984022715,8770,6856,2,Box 3,org_3aer-org
2017-07-15 12:58:00,-41.93578338623047,0.5887502431869507,-42.479774475097656,-38.53427505493164,-10.269156455993652,6.097959041595459,0.22569262981414795,-45.46977233886719,0.1291942149400711,0.7398473024368286,0.9071203832385816,0.24174226742695804,-0.14354970741344306,-0.0053129432520965525,2.709594821538946,1.142045053124864,1.4423690901570714,0.7902448352120452,8534,6979,3,Box 4,org_3aer-org
2017-07-15 13:00:00,-50.5983772277832,-0.1457420140504837,-50.250831604003906,-50.63649368286133,-9.483905792236328,9.8128662109375,0.05669965595006943,-54.55356979370117,0.13460184633731842,1.2624632120132446,1.0076746730632589,0.18873131734804055,-0.19527765775000697,-0.0011283326612924471,2.3955619257959566,1.0852513771172922,1.335075779349199,0.812611222982981,7433,7161,0,Box 1,org_3aer-org
2017-07-15 13:00:00,-53.330299377441406,-0.785263180732727,-52.46961212158203,-40.68636703491211,-20.175920486450195,8.338387489318848,0.054288145154714584,-59.93160629272461,0.35508668422698975,3.453401803970337,0.775427297251109,0.3845257765465996,-0.15891841495328454,-0.00103465884442408,2.772087123304358,1.2876312361190423,1.550063966586194,0.8303189237141521,10031,9641,1,Box 2,org_3aer-org
2017-07-15 13:00:00,-37.0190544128418,-1.7483065128326416,-35.26473617553711,-26.4581241607666,-15.601079940795898,6.763763904571533,0.03070332109928131,-41.09389877319336,0.3529519736766815,3.7686188220977783,0.7502714062071097,0.4423988842036488,-0.1917996382232182,-0.0008706521875403717,2.8084579755552386,1.3558759601440005,1.582147529282528,0.8566422861356424,8725,6803,2,Box 3,org_3aer-org
2017-07-15 13:00:00,-47.028656005859375,0.29014113545417786,-47.285213470458984,-42.16120147705078,-11.942556381225586,6.749497413635254,0.06904488801956177,-51.17281723022461,0.15167371928691864,1.019995927810669,0.891636042443613,0.252564266764894,-0.1427401299224125,-0.0014601792860945706,2.870232546243716,1.1610599731144953,1.4831662568924555,0.7823747918355928,8415,6837,3,Box 4,org_3aer-org
